group1,group2,p_value,reject,test_used,effect_type,effect_value,effect_interpretation
fastml + editednn,gaussiancopula + condensednn,0.0,True,Kruskal-Wallis + Dunn,Cliff's delta,-0.378,medium
fastml + clustercentroid,fastml + condensednn,0.0,True,Kruskal-Wallis + Dunn,Cliff's delta,-0.6783,large
fastml + clustercentroid,gaussiancopula + condensednn,0.0,True,Kruskal-Wallis + Dunn,Cliff's delta,-0.6648,large
adasyn + random,fastml + condensednn,0.0,True,Kruskal-Wallis + Dunn,Cliff's delta,-0.7008,large
fastml + clustercentroid,random + condensednn,0.0,True,Kruskal-Wallis + Dunn,Cliff's delta,-0.6815,large
fastml + clustercentroid,smote + condensednn,0.0,True,Kruskal-Wallis + Dunn,Cliff's delta,-0.6731,large
fastml + clustercentroid,tvae + condensednn,0.0,True,Kruskal-Wallis + Dunn,Cliff's delta,-0.7522,large
fastml + clustercentroid,tvae + onesidedselection,0.0,True,Kruskal-Wallis + Dunn,Cliff's delta,-0.3706,medium
adasyn + random,ctgan + editednn,0.0,True,Kruskal-Wallis + Dunn,Cliff's delta,-0.9361,large
adasyn + random,ctgan + condensednn,0.0,True,Kruskal-Wallis + Dunn,Cliff's delta,-0.884,large
fastml + condensednn,fastml + editednn,0.0,True,Kruskal-Wallis + Dunn,Cliff's delta,0.3897,medium
fastml + condensednn,fastml + instancehardness,0.0,True,Kruskal-Wallis + Dunn,Cliff's delta,0.6875,large
fastml + condensednn,fastml + nearmiss,0.0,True,Kruskal-Wallis + Dunn,Cliff's delta,0.6864,large
fastml + condensednn,fastml + onesidedselection,0.0,True,Kruskal-Wallis + Dunn,Cliff's delta,0.3963,medium
fastml + condensednn,fastml + random,0.0,True,Kruskal-Wallis + Dunn,Cliff's delta,0.7203,large
fastml + condensednn,fastml + tomeklinks,0.0,True,Kruskal-Wallis + Dunn,Cliff's delta,0.7113,large
adasyn + random,copulagan + editednn,0.0,True,Kruskal-Wallis + Dunn,Cliff's delta,-0.9328,large
adasyn + random,copulagan + condensednn,0.0,True,Kruskal-Wallis + Dunn,Cliff's delta,-0.9176,large
fastml + condensednn,gaussiancopula + clustercentroid,0.0,True,Kruskal-Wallis + Dunn,Cliff's delta,0.6769,large
fastml + condensednn,gaussiancopula + editednn,0.0,True,Kruskal-Wallis + Dunn,Cliff's delta,0.3959,medium
fastml + condensednn,gaussiancopula + instancehardness,0.0,True,Kruskal-Wallis + Dunn,Cliff's delta,0.6853,large
fastml + condensednn,gaussiancopula + nearmiss,0.0,True,Kruskal-Wallis + Dunn,Cliff's delta,0.6872,large
fastml + condensednn,gaussiancopula + onesidedselection,0.0,True,Kruskal-Wallis + Dunn,Cliff's delta,0.4131,medium
fastml + condensednn,gaussiancopula + random,0.0,True,Kruskal-Wallis + Dunn,Cliff's delta,0.7199,large
adasyn + random,gaussiancopula + condensednn,0.0,True,Kruskal-Wallis + Dunn,Cliff's delta,-0.7103,large
adasyn + random,random + condensednn,0.0,True,Kruskal-Wallis + Dunn,Cliff's delta,-0.7319,large
ctgan + onesidedselection,smote + tomeklinks,0.0,True,Kruskal-Wallis + Dunn,Cliff's delta,0.7407,large
ctgan + onesidedselection,smote + random,0.0,True,Kruskal-Wallis + Dunn,Cliff's delta,0.7923,large
adasyn + tomeklinks,fastml + condensednn,0.0,True,Kruskal-Wallis + Dunn,Cliff's delta,-0.7082,large
ctgan + editednn,random + instancehardness,0.0,True,Kruskal-Wallis + Dunn,Cliff's delta,0.9248,large
ctgan + editednn,random + nearmiss,0.0,True,Kruskal-Wallis + Dunn,Cliff's delta,0.9247,large
ctgan + editednn,random + onesidedselection,0.0,True,Kruskal-Wallis + Dunn,Cliff's delta,0.8356,large
ctgan + editednn,random + random,0.0,True,Kruskal-Wallis + Dunn,Cliff's delta,0.935,large
ctgan + editednn,random + tomeklinks,0.0,True,Kruskal-Wallis + Dunn,Cliff's delta,0.9252,large
ctgan + editednn,smote + clustercentroid,0.0,True,Kruskal-Wallis + Dunn,Cliff's delta,0.9494,large
adasyn + tomeklinks,ctgan + editednn,0.0,True,Kruskal-Wallis + Dunn,Cliff's delta,-0.9286,large
adasyn + tomeklinks,ctgan + condensednn,0.0,True,Kruskal-Wallis + Dunn,Cliff's delta,-0.8889,large
ctgan + editednn,smote + editednn,0.0,True,Kruskal-Wallis + Dunn,Cliff's delta,0.881,large
ctgan + editednn,smote + onesidedselection,0.0,True,Kruskal-Wallis + Dunn,Cliff's delta,0.8442,large
fastml + condensednn,gaussiancopula + tomeklinks,0.0,True,Kruskal-Wallis + Dunn,Cliff's delta,0.7173,large
ctgan + editednn,smote + random,0.0,True,Kruskal-Wallis + Dunn,Cliff's delta,0.9582,large
adasyn + tomeklinks,copulagan + editednn,0.0,True,Kruskal-Wallis + Dunn,Cliff's delta,-0.9206,large
adasyn + tomeklinks,copulagan + condensednn,0.0,True,Kruskal-Wallis + Dunn,Cliff's delta,-0.9127,large
ctgan + editednn,tvae + clustercentroid,0.0,True,Kruskal-Wallis + Dunn,Cliff's delta,0.9172,large
ctgan + editednn,tvae + editednn,0.0,True,Kruskal-Wallis + Dunn,Cliff's delta,0.6408,large
ctgan + editednn,tvae + instancehardness,0.0,True,Kruskal-Wallis + Dunn,Cliff's delta,0.9143,large
ctgan + editednn,tvae + nearmiss,0.0,True,Kruskal-Wallis + Dunn,Cliff's delta,0.8986,large
ctgan + editednn,tvae + onesidedselection,0.0,True,Kruskal-Wallis + Dunn,Cliff's delta,0.8213,large
ctgan + editednn,tvae + random,0.0,True,Kruskal-Wallis + Dunn,Cliff's delta,0.9223,large
ctgan + editednn,tvae + tomeklinks,0.0,True,Kruskal-Wallis + Dunn,Cliff's delta,0.9067,large
adasyn + random,tvae + condensednn,0.0,True,Kruskal-Wallis + Dunn,Cliff's delta,-0.788,large
tvae + onesidedselection,tvae + tomeklinks,0.0,True,Kruskal-Wallis + Dunn,Cliff's delta,0.4184,medium
ctgan + editednn,smote + tomeklinks,0.0,True,Kruskal-Wallis + Dunn,Cliff's delta,0.9524,large
ctgan + editednn,random + editednn,0.0,True,Kruskal-Wallis + Dunn,Cliff's delta,0.6829,large
fastml + condensednn,random + clustercentroid,0.0,True,Kruskal-Wallis + Dunn,Cliff's delta,0.6723,large
fastml + condensednn,random + instancehardness,0.0,True,Kruskal-Wallis + Dunn,Cliff's delta,0.6895,large
fastml + nearmiss,gaussiancopula + condensednn,0.0,True,Kruskal-Wallis + Dunn,Cliff's delta,-0.6794,large
fastml + nearmiss,random + condensednn,0.0,True,Kruskal-Wallis + Dunn,Cliff's delta,-0.6961,large
fastml + nearmiss,smote + condensednn,0.0,True,Kruskal-Wallis + Dunn,Cliff's delta,-0.6717,large
fastml + nearmiss,tvae + condensednn,0.0,True,Kruskal-Wallis + Dunn,Cliff's delta,-0.7608,large
fastml + onesidedselection,fastml + random,0.0,True,Kruskal-Wallis + Dunn,Cliff's delta,0.3757,medium
fastml + onesidedselection,fastml + tomeklinks,0.0,True,Kruskal-Wallis + Dunn,Cliff's delta,0.3577,medium
fastml + onesidedselection,gaussiancopula + condensednn,0.0,True,Kruskal-Wallis + Dunn,Cliff's delta,-0.3769,medium
fastml + onesidedselection,gaussiancopula + random,0.0,True,Kruskal-Wallis + Dunn,Cliff's delta,0.3715,medium
fastml + onesidedselection,gaussiancopula + tomeklinks,0.0,True,Kruskal-Wallis + Dunn,Cliff's delta,0.373,medium
fastml + onesidedselection,random + condensednn,0.0,True,Kruskal-Wallis + Dunn,Cliff's delta,-0.3784,medium
fastml + onesidedselection,random + random,0.0,True,Kruskal-Wallis + Dunn,Cliff's delta,0.3557,medium
fastml + onesidedselection,random + tomeklinks,0.0,True,Kruskal-Wallis + Dunn,Cliff's delta,0.3802,medium
fastml + onesidedselection,smote + random,0.0,True,Kruskal-Wallis + Dunn,Cliff's delta,0.5016,large
fastml + onesidedselection,smote + tomeklinks,0.0,True,Kruskal-Wallis + Dunn,Cliff's delta,0.5316,large
fastml + onesidedselection,tvae + condensednn,0.0,True,Kruskal-Wallis + Dunn,Cliff's delta,-0.4502,medium
fastml + onesidedselection,tvae + tomeklinks,0.0,True,Kruskal-Wallis + Dunn,Cliff's delta,0.3553,medium
fastml + random,gaussiancopula + condensednn,0.0,True,Kruskal-Wallis + Dunn,Cliff's delta,-0.7187,large
fastml + random,gaussiancopula + editednn,0.0,True,Kruskal-Wallis + Dunn,Cliff's delta,-0.2987,small
fastml + random,gaussiancopula + onesidedselection,0.0,True,Kruskal-Wallis + Dunn,Cliff's delta,-0.3959,medium
fastml + random,random + condensednn,0.0,True,Kruskal-Wallis + Dunn,Cliff's delta,-0.7323,large
fastml + random,random + onesidedselection,0.0,True,Kruskal-Wallis + Dunn,Cliff's delta,-0.3872,medium
fastml + random,smote + condensednn,0.0,True,Kruskal-Wallis + Dunn,Cliff's delta,-0.7301,large
fastml + random,tvae + condensednn,0.0,True,Kruskal-Wallis + Dunn,Cliff's delta,-0.7958,large
fastml + instancehardness,tvae + condensednn,0.0,True,Kruskal-Wallis + Dunn,Cliff's delta,-0.7875,large
fastml + instancehardness,random + condensednn,0.0,True,Kruskal-Wallis + Dunn,Cliff's delta,-0.6827,large
fastml + instancehardness,gaussiancopula + condensednn,0.0,True,Kruskal-Wallis + Dunn,Cliff's delta,-0.6777,large
fastml + editednn,tvae + condensednn,0.0,True,Kruskal-Wallis + Dunn,Cliff's delta,-0.4392,medium
fastml + condensednn,random + nearmiss,0.0,True,Kruskal-Wallis + Dunn,Cliff's delta,0.6984,large
fastml + condensednn,random + onesidedselection,0.0,True,Kruskal-Wallis + Dunn,Cliff's delta,0.4444,medium
fastml + condensednn,random + random,0.0,True,Kruskal-Wallis + Dunn,Cliff's delta,0.7082,large
fastml + condensednn,random + tomeklinks,0.0,True,Kruskal-Wallis + Dunn,Cliff's delta,0.7198,large
fastml + condensednn,smote + clustercentroid,0.0,True,Kruskal-Wallis + Dunn,Cliff's delta,0.7792,large
fastml + condensednn,smote + editednn,0.0,True,Kruskal-Wallis + Dunn,Cliff's delta,0.5633,large
fastml + condensednn,smote + random,0.0,True,Kruskal-Wallis + Dunn,Cliff's delta,0.786,large
fastml + condensednn,smote + tomeklinks,0.0,True,Kruskal-Wallis + Dunn,Cliff's delta,0.7913,large
fastml + condensednn,tvae + clustercentroid,0.0,True,Kruskal-Wallis + Dunn,Cliff's delta,0.6816,large
fastml + condensednn,tvae + editednn,0.0,True,Kruskal-Wallis + Dunn,Cliff's delta,0.3462,medium
fastml + condensednn,tvae + instancehardness,0.0,True,Kruskal-Wallis + Dunn,Cliff's delta,0.6835,large
fastml + condensednn,random + editednn,0.0,True,Kruskal-Wallis + Dunn,Cliff's delta,0.3944,medium
fastml + condensednn,tvae + nearmiss,0.0,True,Kruskal-Wallis + Dunn,Cliff's delta,0.6756,large
fastml + condensednn,tvae + tomeklinks,0.0,True,Kruskal-Wallis + Dunn,Cliff's delta,0.71,large
fastml + editednn,fastml + random,0.0,True,Kruskal-Wallis + Dunn,Cliff's delta,0.3175,small
fastml + editednn,fastml + tomeklinks,0.0,True,Kruskal-Wallis + Dunn,Cliff's delta,0.3198,small
copulagan + editednn,fastml + editednn,0.0,True,Kruskal-Wallis + Dunn,Cliff's delta,0.7121,large
fastml + editednn,gaussiancopula + random,0.0,True,Kruskal-Wallis + Dunn,Cliff's delta,0.3124,small
fastml + editednn,gaussiancopula + tomeklinks,0.0,True,Kruskal-Wallis + Dunn,Cliff's delta,0.3241,small
fastml + editednn,random + condensednn,0.0,True,Kruskal-Wallis + Dunn,Cliff's delta,-0.388,medium
fastml + editednn,random + random,0.0,True,Kruskal-Wallis + Dunn,Cliff's delta,0.2983,small
fastml + editednn,random + tomeklinks,0.0,True,Kruskal-Wallis + Dunn,Cliff's delta,0.3355,medium
fastml + editednn,smote + random,0.0,True,Kruskal-Wallis + Dunn,Cliff's delta,0.5118,large
fastml + editednn,smote + tomeklinks,0.0,True,Kruskal-Wallis + Dunn,Cliff's delta,0.5556,large
fastml + condensednn,tvae + random,0.0,True,Kruskal-Wallis + Dunn,Cliff's delta,0.7026,large
ctgan + editednn,random + clustercentroid,0.0,True,Kruskal-Wallis + Dunn,Cliff's delta,0.9108,large
ctgan + editednn,gaussiancopula + tomeklinks,0.0,True,Kruskal-Wallis + Dunn,Cliff's delta,0.9268,large
ctgan + editednn,gaussiancopula + random,0.0,True,Kruskal-Wallis + Dunn,Cliff's delta,0.9385,large
copulagan + condensednn,random + clustercentroid,0.0,True,Kruskal-Wallis + Dunn,Cliff's delta,0.8775,large
copulagan + condensednn,gaussiancopula + tomeklinks,0.0,True,Kruskal-Wallis + Dunn,Cliff's delta,0.9082,large
copulagan + condensednn,gaussiancopula + random,0.0,True,Kruskal-Wallis + Dunn,Cliff's delta,0.9193,large
copulagan + condensednn,gaussiancopula + nearmiss,0.0,True,Kruskal-Wallis + Dunn,Cliff's delta,0.8864,large
copulagan + condensednn,gaussiancopula + instancehardness,0.0,True,Kruskal-Wallis + Dunn,Cliff's delta,0.9219,large
copulagan + condensednn,gaussiancopula + editednn,0.0,True,Kruskal-Wallis + Dunn,Cliff's delta,0.5469,large
copulagan + editednn,random + clustercentroid,0.0,True,Kruskal-Wallis + Dunn,Cliff's delta,0.9029,large
copulagan + condensednn,gaussiancopula + clustercentroid,0.0,True,Kruskal-Wallis + Dunn,Cliff's delta,0.8848,large
copulagan + condensednn,fastml + tomeklinks,0.0,True,Kruskal-Wallis + Dunn,Cliff's delta,0.9001,large
copulagan + condensednn,fastml + random,0.0,True,Kruskal-Wallis + Dunn,Cliff's delta,0.9185,large
copulagan + condensednn,fastml + nearmiss,0.0,True,Kruskal-Wallis + Dunn,Cliff's delta,0.8851,large
copulagan + condensednn,fastml + instancehardness,0.0,True,Kruskal-Wallis + Dunn,Cliff's delta,0.9162,large
copulagan + condensednn,fastml + editednn,0.0,True,Kruskal-Wallis + Dunn,Cliff's delta,0.54,large
copulagan + editednn,random + editednn,0.0,True,Kruskal-Wallis + Dunn,Cliff's delta,0.653,large
copulagan + condensednn,fastml + clustercentroid,0.0,True,Kruskal-Wallis + Dunn,Cliff's delta,0.8775,large
copulagan + editednn,random + instancehardness,0.0,True,Kruskal-Wallis + Dunn,Cliff's delta,0.92,large
copulagan + editednn,random + nearmiss,0.0,True,Kruskal-Wallis + Dunn,Cliff's delta,0.9208,large
copulagan + editednn,random + onesidedselection,0.0,True,Kruskal-Wallis + Dunn,Cliff's delta,0.799,large
copulagan + editednn,random + random,0.0,True,Kruskal-Wallis + Dunn,Cliff's delta,0.9319,large
copulagan + editednn,random + tomeklinks,0.0,True,Kruskal-Wallis + Dunn,Cliff's delta,0.92,large
copulagan + editednn,smote + clustercentroid,0.0,True,Kruskal-Wallis + Dunn,Cliff's delta,0.9429,large
copulagan + editednn,smote + editednn,0.0,True,Kruskal-Wallis + Dunn,Cliff's delta,0.828,large
copulagan + editednn,smote + onesidedselection,0.0,True,Kruskal-Wallis + Dunn,Cliff's delta,0.8052,large
copulagan + editednn,gaussiancopula + tomeklinks,0.0,True,Kruskal-Wallis + Dunn,Cliff's delta,0.9179,large
copulagan + condensednn,random + editednn,0.0,True,Kruskal-Wallis + Dunn,Cliff's delta,0.54,large
copulagan + condensednn,random + instancehardness,0.0,True,Kruskal-Wallis + Dunn,Cliff's delta,0.9152,large
copulagan + condensednn,random + nearmiss,0.0,True,Kruskal-Wallis + Dunn,Cliff's delta,0.8987,large
copulagan + editednn,fastml + nearmiss,0.0,True,Kruskal-Wallis + Dunn,Cliff's delta,0.9143,large
copulagan + editednn,fastml + clustercentroid,0.0,True,Kruskal-Wallis + Dunn,Cliff's delta,0.8994,large
copulagan + editednn,fastml + onesidedselection,0.0,True,Kruskal-Wallis + Dunn,Cliff's delta,0.794,large
copulagan + editednn,fastml + random,0.0,True,Kruskal-Wallis + Dunn,Cliff's delta,0.9316,large
copulagan + editednn,fastml + tomeklinks,0.0,True,Kruskal-Wallis + Dunn,Cliff's delta,0.9096,large
copulagan + editednn,ctgan + instancehardness,0.0,True,Kruskal-Wallis + Dunn,Cliff's delta,0.92,large
copulagan + editednn,gaussiancopula + clustercentroid,0.0,True,Kruskal-Wallis + Dunn,Cliff's delta,0.9035,large
copulagan + editednn,gaussiancopula + editednn,0.0,True,Kruskal-Wallis + Dunn,Cliff's delta,0.6719,large
copulagan + editednn,gaussiancopula + instancehardness,0.0,True,Kruskal-Wallis + Dunn,Cliff's delta,0.9267,large
copulagan + editednn,gaussiancopula + nearmiss,0.0,True,Kruskal-Wallis + Dunn,Cliff's delta,0.9143,large
copulagan + editednn,copulagan + instancehardness,0.0,True,Kruskal-Wallis + Dunn,Cliff's delta,0.8718,large
copulagan + editednn,smote + random,0.0,True,Kruskal-Wallis + Dunn,Cliff's delta,0.956,large
copulagan + condensednn,tvae + tomeklinks,0.0,True,Kruskal-Wallis + Dunn,Cliff's delta,0.8834,large
copulagan + condensednn,tvae + nearmiss,0.0,True,Kruskal-Wallis + Dunn,Cliff's delta,0.87,large
copulagan + condensednn,tvae + instancehardness,0.0,True,Kruskal-Wallis + Dunn,Cliff's delta,0.8963,large
copulagan + editednn,gaussiancopula + onesidedselection,0.0,True,Kruskal-Wallis + Dunn,Cliff's delta,0.8044,large
copulagan + condensednn,tvae + clustercentroid,0.0,True,Kruskal-Wallis + Dunn,Cliff's delta,0.8831,large
copulagan + condensednn,smote + tomeklinks,0.0,True,Kruskal-Wallis + Dunn,Cliff's delta,0.9418,large
copulagan + condensednn,smote + random,0.0,True,Kruskal-Wallis + Dunn,Cliff's delta,0.9462,large
copulagan + condensednn,smote + editednn,0.0,True,Kruskal-Wallis + Dunn,Cliff's delta,0.7143,large
copulagan + editednn,gaussiancopula + random,0.0,True,Kruskal-Wallis + Dunn,Cliff's delta,0.9342,large
copulagan + condensednn,smote + clustercentroid,0.0,True,Kruskal-Wallis + Dunn,Cliff's delta,0.9312,large
copulagan + condensednn,random + tomeklinks,0.0,True,Kruskal-Wallis + Dunn,Cliff's delta,0.9105,large
copulagan + condensednn,random + random,0.0,True,Kruskal-Wallis + Dunn,Cliff's delta,0.9154,large
copulagan + condensednn,tvae + random,0.0,True,Kruskal-Wallis + Dunn,Cliff's delta,0.898,large
copulagan + editednn,smote + tomeklinks,0.0,True,Kruskal-Wallis + Dunn,Cliff's delta,0.9471,large
copulagan + editednn,tvae + clustercentroid,0.0,True,Kruskal-Wallis + Dunn,Cliff's delta,0.9067,large
copulagan + editednn,tvae + editednn,0.0,True,Kruskal-Wallis + Dunn,Cliff's delta,0.6236,large
ctgan + condensednn,smote + random,0.0,True,Kruskal-Wallis + Dunn,Cliff's delta,0.9242,large
ctgan + condensednn,smote + tomeklinks,0.0,True,Kruskal-Wallis + Dunn,Cliff's delta,0.9259,large
ctgan + condensednn,tvae + clustercentroid,0.0,True,Kruskal-Wallis + Dunn,Cliff's delta,0.8493,large
ctgan + condensednn,tvae + instancehardness,0.0,True,Kruskal-Wallis + Dunn,Cliff's delta,0.8794,large
adasyn + tomeklinks,smote + condensednn,0.0,True,Kruskal-Wallis + Dunn,Cliff's delta,-0.7052,large
ctgan + condensednn,tvae + nearmiss,0.0,True,Kruskal-Wallis + Dunn,Cliff's delta,0.8357,large
ctgan + condensednn,tvae + random,0.0,True,Kruskal-Wallis + Dunn,Cliff's delta,0.8558,large
ctgan + condensednn,tvae + tomeklinks,0.0,True,Kruskal-Wallis + Dunn,Cliff's delta,0.8407,large
ctgan + editednn,ctgan + instancehardness,0.0,True,Kruskal-Wallis + Dunn,Cliff's delta,0.9273,large
ctgan + editednn,ctgan + random,0.0,True,Kruskal-Wallis + Dunn,Cliff's delta,0.8751,large
ctgan + editednn,fastml + clustercentroid,0.0,True,Kruskal-Wallis + Dunn,Cliff's delta,0.9117,large
adasyn + tomeklinks,tvae + condensednn,0.0,True,Kruskal-Wallis + Dunn,Cliff's delta,-0.7953,large
ctgan + editednn,fastml + editednn,0.0,True,Kruskal-Wallis + Dunn,Cliff's delta,0.7499,large
ctgan + editednn,fastml + instancehardness,0.0,True,Kruskal-Wallis + Dunn,Cliff's delta,0.9229,large
ctgan + editednn,fastml + nearmiss,0.0,True,Kruskal-Wallis + Dunn,Cliff's delta,0.9188,large
ctgan + editednn,fastml + onesidedselection,0.0,True,Kruskal-Wallis + Dunn,Cliff's delta,0.8448,large
ctgan + editednn,fastml + random,0.0,True,Kruskal-Wallis + Dunn,Cliff's delta,0.936,large
ctgan + editednn,fastml + tomeklinks,0.0,True,Kruskal-Wallis + Dunn,Cliff's delta,0.9179,large
ctgan + editednn,gaussiancopula + clustercentroid,0.0,True,Kruskal-Wallis + Dunn,Cliff's delta,0.9137,large
ctgan + editednn,gaussiancopula + editednn,0.0,True,Kruskal-Wallis + Dunn,Cliff's delta,0.701,large
adasyn + tomeklinks,gaussiancopula + condensednn,0.0,True,Kruskal-Wallis + Dunn,Cliff's delta,-0.7134,large
ctgan + editednn,gaussiancopula + instancehardness,0.0,True,Kruskal-Wallis + Dunn,Cliff's delta,0.9276,large
ctgan + editednn,gaussiancopula + nearmiss,0.0,True,Kruskal-Wallis + Dunn,Cliff's delta,0.9227,large
ctgan + editednn,gaussiancopula + onesidedselection,0.0,True,Kruskal-Wallis + Dunn,Cliff's delta,0.8371,large
adasyn + tomeklinks,random + condensednn,0.0,True,Kruskal-Wallis + Dunn,Cliff's delta,-0.7218,large
fastml + random,tvae + editednn,0.0,True,Kruskal-Wallis + Dunn,Cliff's delta,-0.3445,medium
ctgan + condensednn,smote + editednn,0.0,True,Kruskal-Wallis + Dunn,Cliff's delta,0.709,large
ctgan + condensednn,random + tomeklinks,0.0,True,Kruskal-Wallis + Dunn,Cliff's delta,0.877,large
copulagan + editednn,tvae + instancehardness,0.0,True,Kruskal-Wallis + Dunn,Cliff's delta,0.9005,large
copulagan + editednn,tvae + nearmiss,0.0,True,Kruskal-Wallis + Dunn,Cliff's delta,0.88,large
copulagan + editednn,tvae + onesidedselection,0.0,True,Kruskal-Wallis + Dunn,Cliff's delta,0.7836,large
copulagan + editednn,tvae + random,0.0,True,Kruskal-Wallis + Dunn,Cliff's delta,0.9169,large
copulagan + editednn,tvae + tomeklinks,0.0,True,Kruskal-Wallis + Dunn,Cliff's delta,0.8962,large
copulagan + instancehardness,ctgan + editednn,0.0,True,Kruskal-Wallis + Dunn,Cliff's delta,-0.8971,large
copulagan + onesidedselection,gaussiancopula + tomeklinks,0.0,True,Kruskal-Wallis + Dunn,Cliff's delta,0.6266,large
copulagan + onesidedselection,random + tomeklinks,0.0,True,Kruskal-Wallis + Dunn,Cliff's delta,0.6343,large
copulagan + onesidedselection,smote + random,0.0,True,Kruskal-Wallis + Dunn,Cliff's delta,0.7912,large
copulagan + onesidedselection,smote + tomeklinks,0.0,True,Kruskal-Wallis + Dunn,Cliff's delta,0.7884,large
ctgan + condensednn,fastml + clustercentroid,0.0,True,Kruskal-Wallis + Dunn,Cliff's delta,0.8416,large
ctgan + condensednn,smote + clustercentroid,0.0,True,Kruskal-Wallis + Dunn,Cliff's delta,0.9078,large
ctgan + condensednn,fastml + instancehardness,0.0,True,Kruskal-Wallis + Dunn,Cliff's delta,0.8962,large
ctgan + condensednn,fastml + random,0.0,True,Kruskal-Wallis + Dunn,Cliff's delta,0.8901,large
ctgan + condensednn,fastml + tomeklinks,0.0,True,Kruskal-Wallis + Dunn,Cliff's delta,0.8607,large
ctgan + condensednn,gaussiancopula + clustercentroid,0.0,True,Kruskal-Wallis + Dunn,Cliff's delta,0.8457,large
ctgan + condensednn,gaussiancopula + instancehardness,0.0,True,Kruskal-Wallis + Dunn,Cliff's delta,0.8933,large
ctgan + condensednn,gaussiancopula + nearmiss,0.0,True,Kruskal-Wallis + Dunn,Cliff's delta,0.8617,large
ctgan + condensednn,gaussiancopula + random,0.0,True,Kruskal-Wallis + Dunn,Cliff's delta,0.8901,large
ctgan + condensednn,gaussiancopula + tomeklinks,0.0,True,Kruskal-Wallis + Dunn,Cliff's delta,0.8752,large
ctgan + condensednn,random + clustercentroid,0.0,True,Kruskal-Wallis + Dunn,Cliff's delta,0.8365,large
ctgan + condensednn,random + instancehardness,0.0,True,Kruskal-Wallis + Dunn,Cliff's delta,0.8962,large
ctgan + condensednn,random + nearmiss,0.0,True,Kruskal-Wallis + Dunn,Cliff's delta,0.863,large
ctgan + condensednn,random + random,0.0,True,Kruskal-Wallis + Dunn,Cliff's delta,0.8787,large
ctgan + condensednn,fastml + nearmiss,0.0,True,Kruskal-Wallis + Dunn,Cliff's delta,0.8494,large
fastml + random,tvae + onesidedselection,0.0,True,Kruskal-Wallis + Dunn,Cliff's delta,-0.4536,medium
copulagan + editednn,fastml + instancehardness,0.0,True,Kruskal-Wallis + Dunn,Cliff's delta,0.921,large
fastml + tomeklinks,gaussiancopula + editednn,0.0,True,Kruskal-Wallis + Dunn,Cliff's delta,-0.2945,small
random + condensednn,random + tomeklinks,0.0,True,Kruskal-Wallis + Dunn,Cliff's delta,0.732,large
adasyn + condensednn,random + nearmiss,0.0,True,Kruskal-Wallis + Dunn,Cliff's delta,0.8676,large
adasyn + condensednn,random + instancehardness,0.0,True,Kruskal-Wallis + Dunn,Cliff's delta,0.8699,large
random + condensednn,smote + clustercentroid,0.0,True,Kruskal-Wallis + Dunn,Cliff's delta,0.7794,large
adasyn + condensednn,random + clustercentroid,0.0,True,Kruskal-Wallis + Dunn,Cliff's delta,0.8323,large
adasyn + condensednn,gaussiancopula + tomeklinks,0.0,True,Kruskal-Wallis + Dunn,Cliff's delta,0.8661,large
adasyn + condensednn,gaussiancopula + random,0.0,True,Kruskal-Wallis + Dunn,Cliff's delta,0.8878,large
random + condensednn,smote + editednn,0.0,True,Kruskal-Wallis + Dunn,Cliff's delta,0.5736,large
adasyn + condensednn,gaussiancopula + nearmiss,0.0,True,Kruskal-Wallis + Dunn,Cliff's delta,0.8501,large
adasyn + condensednn,gaussiancopula + instancehardness,0.0,True,Kruskal-Wallis + Dunn,Cliff's delta,0.8968,large
adasyn + condensednn,gaussiancopula + clustercentroid,0.0,True,Kruskal-Wallis + Dunn,Cliff's delta,0.8391,large
adasyn + condensednn,fastml + tomeklinks,0.0,True,Kruskal-Wallis + Dunn,Cliff's delta,0.8523,large
adasyn + condensednn,fastml + random,0.0,True,Kruskal-Wallis + Dunn,Cliff's delta,0.8813,large
random + condensednn,smote + random,0.0,True,Kruskal-Wallis + Dunn,Cliff's delta,0.8022,large
adasyn + condensednn,fastml + nearmiss,0.0,True,Kruskal-Wallis + Dunn,Cliff's delta,0.8457,large
adasyn + condensednn,fastml + instancehardness,0.0,True,Kruskal-Wallis + Dunn,Cliff's delta,0.8712,large
random + condensednn,smote + tomeklinks,0.0,True,Kruskal-Wallis + Dunn,Cliff's delta,0.7974,large
adasyn + condensednn,fastml + clustercentroid,0.0,True,Kruskal-Wallis + Dunn,Cliff's delta,0.8434,large
random + condensednn,tvae + clustercentroid,0.0,True,Kruskal-Wallis + Dunn,Cliff's delta,0.6883,large
random + condensednn,tvae + editednn,0.0,True,Kruskal-Wallis + Dunn,Cliff's delta,0.3412,medium
random + condensednn,tvae + instancehardness,0.0,True,Kruskal-Wallis + Dunn,Cliff's delta,0.67,large
random + condensednn,tvae + nearmiss,0.0,True,Kruskal-Wallis + Dunn,Cliff's delta,0.6603,large
random + condensednn,tvae + random,0.0,True,Kruskal-Wallis + Dunn,Cliff's delta,0.7046,large
adasyn + condensednn,random + random,0.0,True,Kruskal-Wallis + Dunn,Cliff's delta,0.8818,large
random + condensednn,tvae + tomeklinks,0.0,True,Kruskal-Wallis + Dunn,Cliff's delta,0.7072,large
adasyn + condensednn,random + tomeklinks,0.0,True,Kruskal-Wallis + Dunn,Cliff's delta,0.8584,large
random + condensednn,random + random,0.0,True,Kruskal-Wallis + Dunn,Cliff's delta,0.7256,large
gaussiancopula + random,tvae + onesidedselection,0.0,True,Kruskal-Wallis + Dunn,Cliff's delta,-0.4528,medium
gaussiancopula + tomeklinks,random + condensednn,0.0,True,Kruskal-Wallis + Dunn,Cliff's delta,-0.7305,large
gaussiancopula + tomeklinks,random + editednn,0.0,True,Kruskal-Wallis + Dunn,Cliff's delta,-0.2881,small
gaussiancopula + tomeklinks,random + onesidedselection,0.0,True,Kruskal-Wallis + Dunn,Cliff's delta,-0.3854,medium
gaussiancopula + tomeklinks,smote + condensednn,0.0,True,Kruskal-Wallis + Dunn,Cliff's delta,-0.7049,large
gaussiancopula + tomeklinks,tvae + condensednn,0.0,True,Kruskal-Wallis + Dunn,Cliff's delta,-0.7901,large
gaussiancopula + tomeklinks,tvae + editednn,0.0,True,Kruskal-Wallis + Dunn,Cliff's delta,-0.3434,medium
adasyn + editednn,copulagan + editednn,0.0,True,Kruskal-Wallis + Dunn,Cliff's delta,-0.7421,large
gaussiancopula + tomeklinks,tvae + onesidedselection,0.0,True,Kruskal-Wallis + Dunn,Cliff's delta,-0.4468,medium
random + clustercentroid,random + condensednn,0.0,True,Kruskal-Wallis + Dunn,Cliff's delta,-0.6778,large
random + clustercentroid,smote + condensednn,0.0,True,Kruskal-Wallis + Dunn,Cliff's delta,-0.6622,large
random + clustercentroid,tvae + condensednn,0.0,True,Kruskal-Wallis + Dunn,Cliff's delta,-0.7486,large
adasyn + condensednn,tvae + tomeklinks,0.0,True,Kruskal-Wallis + Dunn,Cliff's delta,0.8347,large
adasyn + condensednn,tvae + random,0.0,True,Kruskal-Wallis + Dunn,Cliff's delta,0.856,large
random + clustercentroid,tvae + onesidedselection,0.0,True,Kruskal-Wallis + Dunn,Cliff's delta,-0.3735,medium
random + condensednn,random + editednn,0.0,True,Kruskal-Wallis + Dunn,Cliff's delta,0.3875,medium
adasyn + condensednn,tvae + clustercentroid,0.0,True,Kruskal-Wallis + Dunn,Cliff's delta,0.8431,large
adasyn + condensednn,smote + tomeklinks,0.0,True,Kruskal-Wallis + Dunn,Cliff's delta,0.9067,large
adasyn + condensednn,smote + random,0.0,True,Kruskal-Wallis + Dunn,Cliff's delta,0.9253,large
random + condensednn,random + instancehardness,0.0,True,Kruskal-Wallis + Dunn,Cliff's delta,0.6835,large
random + condensednn,random + nearmiss,0.0,True,Kruskal-Wallis + Dunn,Cliff's delta,0.7096,large
random + condensednn,random + onesidedselection,0.0,True,Kruskal-Wallis + Dunn,Cliff's delta,0.4119,medium
adasyn + condensednn,smote + editednn,0.0,True,Kruskal-Wallis + Dunn,Cliff's delta,0.6873,large
fastml + tomeklinks,gaussiancopula + condensednn,0.0,True,Kruskal-Wallis + Dunn,Cliff's delta,-0.705,large
adasyn + editednn,ctgan + editednn,0.0,True,Kruskal-Wallis + Dunn,Cliff's delta,-0.8214,large
random + editednn,random + tomeklinks,0.0,True,Kruskal-Wallis + Dunn,Cliff's delta,0.2966,small
random + editednn,tvae + condensednn,0.0,True,Kruskal-Wallis + Dunn,Cliff's delta,-0.4528,medium
smote + condensednn,tvae + random,0.0,True,Kruskal-Wallis + Dunn,Cliff's delta,0.6927,large
smote + condensednn,tvae + tomeklinks,0.0,True,Kruskal-Wallis + Dunn,Cliff's delta,0.6669,large
smote + editednn,tvae + condensednn,0.0,True,Kruskal-Wallis + Dunn,Cliff's delta,-0.6222,large
smote + onesidedselection,tvae + condensednn,0.0,True,Kruskal-Wallis + Dunn,Cliff's delta,-0.4161,medium
smote + random,tvae + condensednn,0.0,True,Kruskal-Wallis + Dunn,Cliff's delta,-0.8384,large
smote + random,tvae + editednn,0.0,True,Kruskal-Wallis + Dunn,Cliff's delta,-0.4987,large
smote + random,tvae + onesidedselection,0.0,True,Kruskal-Wallis + Dunn,Cliff's delta,-0.5718,large
smote + tomeklinks,tvae + condensednn,0.0,True,Kruskal-Wallis + Dunn,Cliff's delta,-0.8431,large
smote + tomeklinks,tvae + editednn,0.0,True,Kruskal-Wallis + Dunn,Cliff's delta,-0.5279,large
smote + tomeklinks,tvae + onesidedselection,0.0,True,Kruskal-Wallis + Dunn,Cliff's delta,-0.5885,large
adasyn + clustercentroid,ctgan + editednn,0.0,True,Kruskal-Wallis + Dunn,Cliff's delta,-0.9143,large
tvae + clustercentroid,tvae + condensednn,0.0,True,Kruskal-Wallis + Dunn,Cliff's delta,-0.758,large
tvae + clustercentroid,tvae + onesidedselection,0.0,True,Kruskal-Wallis + Dunn,Cliff's delta,-0.3851,medium
tvae + condensednn,tvae + editednn,0.0,True,Kruskal-Wallis + Dunn,Cliff's delta,0.3938,medium
tvae + condensednn,tvae + instancehardness,0.0,True,Kruskal-Wallis + Dunn,Cliff's delta,0.7774,large
tvae + condensednn,tvae + nearmiss,0.0,True,Kruskal-Wallis + Dunn,Cliff's delta,0.7563,large
adasyn + clustercentroid,copulagan + editednn,0.0,True,Kruskal-Wallis + Dunn,Cliff's delta,-0.9033,large
adasyn + clustercentroid,copulagan + condensednn,0.0,True,Kruskal-Wallis + Dunn,Cliff's delta,-0.8835,large
tvae + condensednn,tvae + onesidedselection,0.0,True,Kruskal-Wallis + Dunn,Cliff's delta,0.4344,medium
tvae + condensednn,tvae + random,0.0,True,Kruskal-Wallis + Dunn,Cliff's delta,0.7717,large
tvae + condensednn,tvae + tomeklinks,0.0,True,Kruskal-Wallis + Dunn,Cliff's delta,0.7707,large
tvae + editednn,tvae + tomeklinks,0.0,True,Kruskal-Wallis + Dunn,Cliff's delta,0.3502,medium
tvae + onesidedselection,tvae + random,0.0,True,Kruskal-Wallis + Dunn,Cliff's delta,0.4175,medium
smote + condensednn,tvae + clustercentroid,0.0,True,Kruskal-Wallis + Dunn,Cliff's delta,0.6803,large
random + editednn,smote + tomeklinks,0.0,True,Kruskal-Wallis + Dunn,Cliff's delta,0.5064,large
smote + condensednn,smote + tomeklinks,0.0,True,Kruskal-Wallis + Dunn,Cliff's delta,0.7778,large
smote + clustercentroid,tvae + onesidedselection,0.0,True,Kruskal-Wallis + Dunn,Cliff's delta,-0.5499,large
adasyn + condensednn,adasyn + tomeklinks,0.0,True,Kruskal-Wallis + Dunn,Cliff's delta,0.86,large
adasyn + condensednn,adasyn + random,0.0,True,Kruskal-Wallis + Dunn,Cliff's delta,0.8857,large
random + instancehardness,tvae + condensednn,0.0,True,Kruskal-Wallis + Dunn,Cliff's delta,-0.791,large
random + nearmiss,smote + condensednn,0.0,True,Kruskal-Wallis + Dunn,Cliff's delta,-0.7053,large
random + nearmiss,tvae + condensednn,0.0,True,Kruskal-Wallis + Dunn,Cliff's delta,-0.7757,large
random + onesidedselection,random + random,0.0,True,Kruskal-Wallis + Dunn,Cliff's delta,0.3711,medium
random + onesidedselection,random + tomeklinks,0.0,True,Kruskal-Wallis + Dunn,Cliff's delta,0.3918,medium
adasyn + clustercentroid,tvae + condensednn,0.0,True,Kruskal-Wallis + Dunn,Cliff's delta,-0.7546,large
random + onesidedselection,smote + random,0.0,True,Kruskal-Wallis + Dunn,Cliff's delta,0.5119,large
random + onesidedselection,smote + tomeklinks,0.0,True,Kruskal-Wallis + Dunn,Cliff's delta,0.5398,large
random + onesidedselection,tvae + condensednn,0.0,True,Kruskal-Wallis + Dunn,Cliff's delta,-0.489,large
random + onesidedselection,tvae + random,0.0,True,Kruskal-Wallis + Dunn,Cliff's delta,0.3537,medium
random + onesidedselection,tvae + tomeklinks,0.0,True,Kruskal-Wallis + Dunn,Cliff's delta,0.37,medium
random + random,smote + condensednn,0.0,True,Kruskal-Wallis + Dunn,Cliff's delta,-0.72,large
random + random,tvae + condensednn,0.0,True,Kruskal-Wallis + Dunn,Cliff's delta,-0.7868,large
random + random,tvae + editednn,0.0,True,Kruskal-Wallis + Dunn,Cliff's delta,-0.3182,small
random + random,tvae + onesidedselection,0.0,True,Kruskal-Wallis + Dunn,Cliff's delta,-0.4344,medium
random + tomeklinks,smote + condensednn,0.0,True,Kruskal-Wallis + Dunn,Cliff's delta,-0.7005,large
random + tomeklinks,tvae + condensednn,0.0,True,Kruskal-Wallis + Dunn,Cliff's delta,-0.7927,large
random + tomeklinks,tvae + editednn,0.0,True,Kruskal-Wallis + Dunn,Cliff's delta,-0.3474,medium
random + tomeklinks,tvae + onesidedselection,0.0,True,Kruskal-Wallis + Dunn,Cliff's delta,-0.4479,medium
smote + clustercentroid,smote + condensednn,0.0,True,Kruskal-Wallis + Dunn,Cliff's delta,-0.7686,large
smote + clustercentroid,tvae + condensednn,0.0,True,Kruskal-Wallis + Dunn,Cliff's delta,-0.8263,large
smote + condensednn,smote + random,0.0,True,Kruskal-Wallis + Dunn,Cliff's delta,0.7911,large
gaussiancopula + random,tvae + editednn,0.0,True,Kruskal-Wallis + Dunn,Cliff's delta,-0.3426,medium
adasyn + condensednn,smote + clustercentroid,0.0,True,Kruskal-Wallis + Dunn,Cliff's delta,0.9082,large
gaussiancopula + condensednn,random + random,0.0,True,Kruskal-Wallis + Dunn,Cliff's delta,0.7054,large
fastml + tomeklinks,smote + condensednn,0.0,True,Kruskal-Wallis + Dunn,Cliff's delta,-0.6835,large
gaussiancopula + nearmiss,random + condensednn,0.0,True,Kruskal-Wallis + Dunn,Cliff's delta,-0.7012,large
gaussiancopula + nearmiss,smote + condensednn,0.0,True,Kruskal-Wallis + Dunn,Cliff's delta,-0.6924,large
gaussiancopula + nearmiss,tvae + condensednn,0.0,True,Kruskal-Wallis + Dunn,Cliff's delta,-0.7591,large
gaussiancopula + onesidedselection,gaussiancopula + random,0.0,True,Kruskal-Wallis + Dunn,Cliff's delta,0.3966,medium
gaussiancopula + onesidedselection,gaussiancopula + tomeklinks,0.0,True,Kruskal-Wallis + Dunn,Cliff's delta,0.3877,medium
gaussiancopula + condensednn,gaussiancopula + nearmiss,0.0,True,Kruskal-Wallis + Dunn,Cliff's delta,0.6815,large
gaussiancopula + condensednn,gaussiancopula + instancehardness,0.0,True,Kruskal-Wallis + Dunn,Cliff's delta,0.6815,large
gaussiancopula + condensednn,tvae + tomeklinks,0.0,True,Kruskal-Wallis + Dunn,Cliff's delta,0.6974,large
gaussiancopula + onesidedselection,random + random,0.0,True,Kruskal-Wallis + Dunn,Cliff's delta,0.3747,medium
gaussiancopula + onesidedselection,random + tomeklinks,0.0,True,Kruskal-Wallis + Dunn,Cliff's delta,0.3904,medium
gaussiancopula + onesidedselection,smote + random,0.0,True,Kruskal-Wallis + Dunn,Cliff's delta,0.5272,large
gaussiancopula + onesidedselection,smote + tomeklinks,0.0,True,Kruskal-Wallis + Dunn,Cliff's delta,0.5507,large
gaussiancopula + condensednn,gaussiancopula + tomeklinks,0.0,True,Kruskal-Wallis + Dunn,Cliff's delta,0.7149,large
gaussiancopula + onesidedselection,random + condensednn,0.0,True,Kruskal-Wallis + Dunn,Cliff's delta,-0.3773,medium
gaussiancopula + condensednn,gaussiancopula + editednn,0.0,True,Kruskal-Wallis + Dunn,Cliff's delta,0.3841,medium
gaussiancopula + instancehardness,tvae + condensednn,0.0,True,Kruskal-Wallis + Dunn,Cliff's delta,-0.79,large
gaussiancopula + instancehardness,random + condensednn,0.0,True,Kruskal-Wallis + Dunn,Cliff's delta,-0.6879,large
gaussiancopula + editednn,random + tomeklinks,0.0,True,Kruskal-Wallis + Dunn,Cliff's delta,0.3109,small
gaussiancopula + condensednn,gaussiancopula + random,0.0,True,Kruskal-Wallis + Dunn,Cliff's delta,0.7175,large
fastml + tomeklinks,tvae + condensednn,0.0,True,Kruskal-Wallis + Dunn,Cliff's delta,-0.7833,large
gaussiancopula + condensednn,random + editednn,0.0,True,Kruskal-Wallis + Dunn,Cliff's delta,0.3867,medium
gaussiancopula + editednn,random + condensednn,0.0,True,Kruskal-Wallis + Dunn,Cliff's delta,-0.3881,medium
gaussiancopula + editednn,smote + random,0.0,True,Kruskal-Wallis + Dunn,Cliff's delta,0.4897,large
gaussiancopula + condensednn,random + onesidedselection,0.0,True,Kruskal-Wallis + Dunn,Cliff's delta,0.4142,medium
gaussiancopula + editednn,smote + tomeklinks,0.0,True,Kruskal-Wallis + Dunn,Cliff's delta,0.5431,large
gaussiancopula + editednn,gaussiancopula + tomeklinks,0.0,True,Kruskal-Wallis + Dunn,Cliff's delta,0.3032,small
gaussiancopula + condensednn,gaussiancopula + onesidedselection,0.0,True,Kruskal-Wallis + Dunn,Cliff's delta,0.3905,medium
gaussiancopula + condensednn,random + instancehardness,0.0,True,Kruskal-Wallis + Dunn,Cliff's delta,0.6821,large
gaussiancopula + condensednn,random + nearmiss,0.0,True,Kruskal-Wallis + Dunn,Cliff's delta,0.6953,large
gaussiancopula + condensednn,tvae + clustercentroid,0.0,True,Kruskal-Wallis + Dunn,Cliff's delta,0.6681,large
gaussiancopula + editednn,gaussiancopula + random,0.0,True,Kruskal-Wallis + Dunn,Cliff's delta,0.2909,small
gaussiancopula + editednn,tvae + condensednn,0.0,True,Kruskal-Wallis + Dunn,Cliff's delta,-0.4527,medium
gaussiancopula + onesidedselection,tvae + condensednn,0.0,True,Kruskal-Wallis + Dunn,Cliff's delta,-0.4595,medium
gaussiancopula + condensednn,random + clustercentroid,0.0,True,Kruskal-Wallis + Dunn,Cliff's delta,0.6613,large
gaussiancopula + condensednn,smote + clustercentroid,0.0,True,Kruskal-Wallis + Dunn,Cliff's delta,0.7739,large
gaussiancopula + condensednn,smote + tomeklinks,0.0,True,Kruskal-Wallis + Dunn,Cliff's delta,0.7978,large
gaussiancopula + clustercentroid,gaussiancopula + condensednn,0.0,True,Kruskal-Wallis + Dunn,Cliff's delta,-0.6634,large
gaussiancopula + condensednn,tvae + random,0.0,True,Kruskal-Wallis + Dunn,Cliff's delta,0.6912,large
gaussiancopula + condensednn,smote + random,0.0,True,Kruskal-Wallis + Dunn,Cliff's delta,0.7926,large
gaussiancopula + random,tvae + condensednn,0.0,True,Kruskal-Wallis + Dunn,Cliff's delta,-0.7946,large
gaussiancopula + condensednn,smote + editednn,0.0,True,Kruskal-Wallis + Dunn,Cliff's delta,0.5697,large
gaussiancopula + random,smote + condensednn,0.0,True,Kruskal-Wallis + Dunn,Cliff's delta,-0.7343,large
gaussiancopula + clustercentroid,smote + condensednn,0.0,True,Kruskal-Wallis + Dunn,Cliff's delta,-0.6678,large
gaussiancopula + condensednn,tvae + editednn,0.0,True,Kruskal-Wallis + Dunn,Cliff's delta,0.329,small
gaussiancopula + random,random + onesidedselection,0.0,True,Kruskal-Wallis + Dunn,Cliff's delta,-0.3872,medium
gaussiancopula + clustercentroid,tvae + condensednn,0.0,True,Kruskal-Wallis + Dunn,Cliff's delta,-0.7544,large
gaussiancopula + condensednn,tvae + nearmiss,0.0,True,Kruskal-Wallis + Dunn,Cliff's delta,0.6578,large
fastml + tomeklinks,random + onesidedselection,0.0,True,Kruskal-Wallis + Dunn,Cliff's delta,-0.3735,medium
gaussiancopula + random,random + condensednn,0.0,True,Kruskal-Wallis + Dunn,Cliff's delta,-0.7329,large
fastml + tomeklinks,tvae + editednn,0.0,True,Kruskal-Wallis + Dunn,Cliff's delta,-0.3333,medium
gaussiancopula + clustercentroid,random + condensednn,0.0,True,Kruskal-Wallis + Dunn,Cliff's delta,-0.6823,large
gaussiancopula + clustercentroid,tvae + onesidedselection,0.0,True,Kruskal-Wallis + Dunn,Cliff's delta,-0.3768,medium
gaussiancopula + onesidedselection,tvae + tomeklinks,0.0,True,Kruskal-Wallis + Dunn,Cliff's delta,0.3635,medium
fastml + tomeklinks,random + condensednn,0.0,True,Kruskal-Wallis + Dunn,Cliff's delta,-0.7196,large
fastml + tomeklinks,gaussiancopula + onesidedselection,0.0,True,Kruskal-Wallis + Dunn,Cliff's delta,-0.37,medium
gaussiancopula + onesidedselection,tvae + random,0.0,True,Kruskal-Wallis + Dunn,Cliff's delta,0.3607,medium
gaussiancopula + condensednn,random + tomeklinks,0.0,True,Kruskal-Wallis + Dunn,Cliff's delta,0.7188,large
gaussiancopula + condensednn,tvae + instancehardness,0.0,True,Kruskal-Wallis + Dunn,Cliff's delta,0.6726,large
fastml + tomeklinks,tvae + onesidedselection,0.0,True,Kruskal-Wallis + Dunn,Cliff's delta,-0.4312,medium
copulagan + editednn,smote + instancehardness,0.0001,True,Kruskal-Wallis + Dunn,Cliff's delta,0.9873,large
gaussiancopula + editednn,random + random,0.0001,True,Kruskal-Wallis + Dunn,Cliff's delta,0.2762,small
copulagan + onesidedselection,random + random,0.0001,True,Kruskal-Wallis + Dunn,Cliff's delta,0.6294,large
copulagan + onesidedselection,fastml + tomeklinks,0.0001,True,Kruskal-Wallis + Dunn,Cliff's delta,0.5753,large
random + nearmiss,tvae + onesidedselection,0.0001,True,Kruskal-Wallis + Dunn,Cliff's delta,-0.4221,medium
copulagan + onesidedselection,fastml + random,0.0001,True,Kruskal-Wallis + Dunn,Cliff's delta,0.6881,large
copulagan + random,ctgan + editednn,0.0001,True,Kruskal-Wallis + Dunn,Cliff's delta,-0.8824,large
random + onesidedselection,smote + clustercentroid,0.0001,True,Kruskal-Wallis + Dunn,Cliff's delta,0.487,large
ctgan + condensednn,random + editednn,0.0001,True,Kruskal-Wallis + Dunn,Cliff's delta,0.4942,large
random + instancehardness,smote + condensednn,0.0001,True,Kruskal-Wallis + Dunn,Cliff's delta,-0.7436,large
fastml + onesidedselection,tvae + random,0.0001,True,Kruskal-Wallis + Dunn,Cliff's delta,0.3409,medium
random + editednn,random + random,0.0001,True,Kruskal-Wallis + Dunn,Cliff's delta,0.2669,small
fastml + editednn,tvae + tomeklinks,0.0001,True,Kruskal-Wallis + Dunn,Cliff's delta,0.308,small
random + editednn,smote + random,0.0001,True,Kruskal-Wallis + Dunn,Cliff's delta,0.4764,large
copulagan + onesidedselection,smote + clustercentroid,0.0001,True,Kruskal-Wallis + Dunn,Cliff's delta,0.7481,large
adasyn + onesidedselection,smote + tomeklinks,0.0001,True,Kruskal-Wallis + Dunn,Cliff's delta,0.6432,large
copulagan + onesidedselection,gaussiancopula + random,0.0001,True,Kruskal-Wallis + Dunn,Cliff's delta,0.6733,large
gaussiancopula + random,random + editednn,0.0001,True,Kruskal-Wallis + Dunn,Cliff's delta,-0.2831,small
adasyn + clustercentroid,fastml + condensednn,0.0001,True,Kruskal-Wallis + Dunn,Cliff's delta,-0.6737,large
fastml + tomeklinks,random + editednn,0.0001,True,Kruskal-Wallis + Dunn,Cliff's delta,-0.2818,small
ctgan + editednn,smote + instancehardness,0.0001,True,Kruskal-Wallis + Dunn,Cliff's delta,0.9683,large
ctgan + tomeklinks,smote + tomeklinks,0.0001,True,Kruskal-Wallis + Dunn,Cliff's delta,0.7011,large
copulagan + editednn,ctgan + random,0.0001,True,Kruskal-Wallis + Dunn,Cliff's delta,0.8661,large
adasyn + condensednn,tvae + instancehardness,0.0001,True,Kruskal-Wallis + Dunn,Cliff's delta,0.8732,large
adasyn + clustercentroid,gaussiancopula + condensednn,0.0001,True,Kruskal-Wallis + Dunn,Cliff's delta,-0.6652,large
fastml + random,random + editednn,0.0001,True,Kruskal-Wallis + Dunn,Cliff's delta,-0.288,small
gaussiancopula + onesidedselection,smote + clustercentroid,0.0001,True,Kruskal-Wallis + Dunn,Cliff's delta,0.5011,large
adasyn + random,smote + condensednn,0.0001,True,Kruskal-Wallis + Dunn,Cliff's delta,-0.7293,large
ctgan + onesidedselection,gaussiancopula + tomeklinks,0.0001,True,Kruskal-Wallis + Dunn,Cliff's delta,0.6202,large
tvae + editednn,tvae + random,0.0001,True,Kruskal-Wallis + Dunn,Cliff's delta,0.328,small
ctgan + onesidedselection,random + tomeklinks,0.0001,True,Kruskal-Wallis + Dunn,Cliff's delta,0.6242,large
ctgan + onesidedselection,smote + clustercentroid,0.0001,True,Kruskal-Wallis + Dunn,Cliff's delta,0.7286,large
smote + condensednn,smote + editednn,0.0001,True,Kruskal-Wallis + Dunn,Cliff's delta,0.5354,large
adasyn + clustercentroid,random + condensednn,0.0001,True,Kruskal-Wallis + Dunn,Cliff's delta,-0.6784,large
copulagan + onesidedselection,tvae + tomeklinks,0.0002,True,Kruskal-Wallis + Dunn,Cliff's delta,0.512,large
ctgan + onesidedselection,fastml + random,0.0002,True,Kruskal-Wallis + Dunn,Cliff's delta,0.6827,large
fastml + onesidedselection,smote + clustercentroid,0.0002,True,Kruskal-Wallis + Dunn,Cliff's delta,0.4883,large
copulagan + editednn,copulagan + random,0.0002,True,Kruskal-Wallis + Dunn,Cliff's delta,0.8563,large
ctgan + onesidedselection,gaussiancopula + random,0.0002,True,Kruskal-Wallis + Dunn,Cliff's delta,0.6755,large
copulagan + condensednn,fastml + onesidedselection,0.0002,True,Kruskal-Wallis + Dunn,Cliff's delta,0.567,large
smote + clustercentroid,tvae + editednn,0.0002,True,Kruskal-Wallis + Dunn,Cliff's delta,-0.4932,large
gaussiancopula + instancehardness,smote + condensednn,0.0002,True,Kruskal-Wallis + Dunn,Cliff's delta,-0.7595,large
gaussiancopula + nearmiss,tvae + onesidedselection,0.0002,True,Kruskal-Wallis + Dunn,Cliff's delta,-0.4023,medium
adasyn + condensednn,tvae + nearmiss,0.0002,True,Kruskal-Wallis + Dunn,Cliff's delta,0.8173,large
fastml + instancehardness,smote + condensednn,0.0002,True,Kruskal-Wallis + Dunn,Cliff's delta,-0.7375,large
ctgan + condensednn,gaussiancopula + editednn,0.0002,True,Kruskal-Wallis + Dunn,Cliff's delta,0.4829,large
fastml + nearmiss,tvae + onesidedselection,0.0002,True,Kruskal-Wallis + Dunn,Cliff's delta,-0.4038,medium
ctgan + tomeklinks,smote + random,0.0003,True,Kruskal-Wallis + Dunn,Cliff's delta,0.7714,large
ctgan + instancehardness,tvae + condensednn,0.0003,True,Kruskal-Wallis + Dunn,Cliff's delta,-0.7813,large
ctgan + onesidedselection,random + random,0.0003,True,Kruskal-Wallis + Dunn,Cliff's delta,0.6319,large
ctgan + onesidedselection,fastml + tomeklinks,0.0003,True,Kruskal-Wallis + Dunn,Cliff's delta,0.5609,large
copulagan + condensednn,random + onesidedselection,0.0003,True,Kruskal-Wallis + Dunn,Cliff's delta,0.6022,large
adasyn + clustercentroid,ctgan + condensednn,0.0003,True,Kruskal-Wallis + Dunn,Cliff's delta,-0.844,large
copulagan + condensednn,tvae + editednn,0.0003,True,Kruskal-Wallis + Dunn,Cliff's delta,0.4811,large
copulagan + condensednn,gaussiancopula + onesidedselection,0.0004,True,Kruskal-Wallis + Dunn,Cliff's delta,0.579,large
ctgan + editednn,smote + nearmiss,0.0004,True,Kruskal-Wallis + Dunn,Cliff's delta,1.0,large
gaussiancopula + editednn,tvae + tomeklinks,0.0004,True,Kruskal-Wallis + Dunn,Cliff's delta,0.2844,small
ctgan + condensednn,fastml + editednn,0.0005,True,Kruskal-Wallis + Dunn,Cliff's delta,0.474,large
adasyn + onesidedselection,smote + random,0.0005,True,Kruskal-Wallis + Dunn,Cliff's delta,0.6368,large
fastml + condensednn,tvae + onesidedselection,0.0005,True,Kruskal-Wallis + Dunn,Cliff's delta,0.3968,medium
fastml + editednn,tvae + random,0.0006,True,Kruskal-Wallis + Dunn,Cliff's delta,0.2795,small
copulagan + editednn,smote + nearmiss,0.0006,True,Kruskal-Wallis + Dunn,Cliff's delta,1.0,large
copulagan + clustercentroid,ctgan + editednn,0.0006,True,Kruskal-Wallis + Dunn,Cliff's delta,-0.8482,large
ctgan + onesidedselection,tvae + tomeklinks,0.0006,True,Kruskal-Wallis + Dunn,Cliff's delta,0.4897,large
copulagan + onesidedselection,tvae + random,0.0006,True,Kruskal-Wallis + Dunn,Cliff's delta,0.5947,large
copulagan + tomeklinks,smote + tomeklinks,0.0006,True,Kruskal-Wallis + Dunn,Cliff's delta,0.6693,large
copulagan + condensednn,smote + onesidedselection,0.0008,True,Kruskal-Wallis + Dunn,Cliff's delta,0.513,large
ctgan + clustercentroid,ctgan + editednn,0.0008,True,Kruskal-Wallis + Dunn,Cliff's delta,-0.8392,large
random + editednn,tvae + tomeklinks,0.0008,True,Kruskal-Wallis + Dunn,Cliff's delta,0.2717,small
adasyn + clustercentroid,adasyn + condensednn,0.0009,True,Kruskal-Wallis + Dunn,Cliff's delta,-0.8476,large
fastml + editednn,smote + clustercentroid,0.0009,True,Kruskal-Wallis + Dunn,Cliff's delta,0.4688,medium
smote + condensednn,tvae + instancehardness,0.0009,True,Kruskal-Wallis + Dunn,Cliff's delta,0.7458,large
random + condensednn,tvae + onesidedselection,0.001,True,Kruskal-Wallis + Dunn,Cliff's delta,0.3501,medium
fastml + condensednn,smote + onesidedselection,0.0011,True,Kruskal-Wallis + Dunn,Cliff's delta,0.3779,medium
gaussiancopula + onesidedselection,tvae + clustercentroid,0.0012,True,Kruskal-Wallis + Dunn,Cliff's delta,0.3234,small
gaussiancopula + condensednn,tvae + onesidedselection,0.0012,True,Kruskal-Wallis + Dunn,Cliff's delta,0.3703,medium
adasyn + editednn,tvae + condensednn,0.0013,True,Kruskal-Wallis + Dunn,Cliff's delta,-0.486,large
copulagan + clustercentroid,copulagan + editednn,0.0014,True,Kruskal-Wallis + Dunn,Cliff's delta,-0.7984,large
ctgan + clustercentroid,smote + tomeklinks,0.0015,True,Kruskal-Wallis + Dunn,Cliff's delta,0.6455,large
ctgan + onesidedselection,tvae + random,0.0016,True,Kruskal-Wallis + Dunn,Cliff's delta,0.5867,large
adasyn + condensednn,random + editednn,0.0017,True,Kruskal-Wallis + Dunn,Cliff's delta,0.5084,large
random + condensednn,smote + onesidedselection,0.0017,True,Kruskal-Wallis + Dunn,Cliff's delta,0.3607,medium
copulagan + tomeklinks,ctgan + editednn,0.0017,True,Kruskal-Wallis + Dunn,Cliff's delta,-0.8269,large
random + onesidedselection,tvae + clustercentroid,0.0018,True,Kruskal-Wallis + Dunn,Cliff's delta,0.3165,small
copulagan + condensednn,ctgan + instancehardness,0.0018,True,Kruskal-Wallis + Dunn,Cliff's delta,0.92,large
copulagan + editednn,ctgan + clustercentroid,0.0018,True,Kruskal-Wallis + Dunn,Cliff's delta,0.7992,large
gaussiancopula + condensednn,smote + onesidedselection,0.0019,True,Kruskal-Wallis + Dunn,Cliff's delta,0.386,medium
copulagan + clustercentroid,smote + tomeklinks,0.0019,True,Kruskal-Wallis + Dunn,Cliff's delta,0.6455,large
copulagan + instancehardness,tvae + condensednn,0.0019,True,Kruskal-Wallis + Dunn,Cliff's delta,-0.757,large
gaussiancopula + editednn,smote + clustercentroid,0.0021,True,Kruskal-Wallis + Dunn,Cliff's delta,0.4519,medium
adasyn + condensednn,gaussiancopula + editednn,0.0023,True,Kruskal-Wallis + Dunn,Cliff's delta,0.5148,large
tvae + clustercentroid,tvae + editednn,0.0024,True,Kruskal-Wallis + Dunn,Cliff's delta,-0.287,small
smote + condensednn,tvae + nearmiss,0.0026,True,Kruskal-Wallis + Dunn,Cliff's delta,0.6591,large
copulagan + tomeklinks,smote + random,0.0026,True,Kruskal-Wallis + Dunn,Cliff's delta,0.7473,large
gaussiancopula + editednn,tvae + random,0.0026,True,Kruskal-Wallis + Dunn,Cliff's delta,0.259,small
gaussiancopula + onesidedselection,random + clustercentroid,0.0027,True,Kruskal-Wallis + Dunn,Cliff's delta,0.3068,small
ctgan + condensednn,fastml + onesidedselection,0.0027,True,Kruskal-Wallis + Dunn,Cliff's delta,0.4917,large
copulagan + condensednn,smote + instancehardness,0.0027,True,Kruskal-Wallis + Dunn,Cliff's delta,0.9873,large
gaussiancopula + clustercentroid,gaussiancopula + onesidedselection,0.0029,True,Kruskal-Wallis + Dunn,Cliff's delta,-0.3104,small
ctgan + tomeklinks,smote + clustercentroid,0.003,True,Kruskal-Wallis + Dunn,Cliff's delta,0.7026,large
copulagan + onesidedselection,random + nearmiss,0.003,True,Kruskal-Wallis + Dunn,Cliff's delta,0.6091,large
random + editednn,smote + clustercentroid,0.003,True,Kruskal-Wallis + Dunn,Cliff's delta,0.447,medium
ctgan + tomeklinks,random + tomeklinks,0.0031,True,Kruskal-Wallis + Dunn,Cliff's delta,0.5612,large
fastml + onesidedselection,tvae + clustercentroid,0.0031,True,Kruskal-Wallis + Dunn,Cliff's delta,0.3094,small
fastml + clustercentroid,gaussiancopula + onesidedselection,0.0035,True,Kruskal-Wallis + Dunn,Cliff's delta,-0.305,small
ctgan + condensednn,random + onesidedselection,0.0036,True,Kruskal-Wallis + Dunn,Cliff's delta,0.521,large
copulagan + editednn,copulagan + tomeklinks,0.0037,True,Kruskal-Wallis + Dunn,Cliff's delta,0.8,large
gaussiancopula + onesidedselection,random + nearmiss,0.0037,True,Kruskal-Wallis + Dunn,Cliff's delta,0.3612,medium
ctgan + condensednn,tvae + editednn,0.0038,True,Kruskal-Wallis + Dunn,Cliff's delta,0.4117,medium
random + clustercentroid,random + onesidedselection,0.0039,True,Kruskal-Wallis + Dunn,Cliff's delta,-0.3035,small
gaussiancopula + clustercentroid,random + onesidedselection,0.0042,True,Kruskal-Wallis + Dunn,Cliff's delta,-0.3058,small
adasyn + onesidedselection,smote + clustercentroid,0.0043,True,Kruskal-Wallis + Dunn,Cliff's delta,0.6198,large
adasyn + condensednn,fastml + editednn,0.0045,True,Kruskal-Wallis + Dunn,Cliff's delta,0.5094,large
ctgan + condensednn,gaussiancopula + onesidedselection,0.0045,True,Kruskal-Wallis + Dunn,Cliff's delta,0.5067,large
random + editednn,tvae + random,0.0046,True,Kruskal-Wallis + Dunn,Cliff's delta,0.2533,small
smote + instancehardness,tvae + condensednn,0.0047,True,Kruskal-Wallis + Dunn,Cliff's delta,-0.8697,large
copulagan + onesidedselection,tvae + clustercentroid,0.0048,True,Kruskal-Wallis + Dunn,Cliff's delta,0.5718,large
random + nearmiss,random + onesidedselection,0.005,True,Kruskal-Wallis + Dunn,Cliff's delta,-0.358,medium
fastml + clustercentroid,random + onesidedselection,0.0051,True,Kruskal-Wallis + Dunn,Cliff's delta,-0.3015,small
random + clustercentroid,tvae + editednn,0.0051,True,Kruskal-Wallis + Dunn,Cliff's delta,-0.2731,small
copulagan + onesidedselection,gaussiancopula + nearmiss,0.0051,True,Kruskal-Wallis + Dunn,Cliff's delta,0.6026,large
copulagan + condensednn,smote + nearmiss,0.0053,True,Kruskal-Wallis + Dunn,Cliff's delta,1.0,large
gaussiancopula + clustercentroid,tvae + editednn,0.0054,True,Kruskal-Wallis + Dunn,Cliff's delta,-0.281,small
ctgan + tomeklinks,gaussiancopula + tomeklinks,0.0054,True,Kruskal-Wallis + Dunn,Cliff's delta,0.5585,large
copulagan + onesidedselection,fastml + nearmiss,0.0055,True,Kruskal-Wallis + Dunn,Cliff's delta,0.5448,large
ctgan + condensednn,smote + onesidedselection,0.0055,True,Kruskal-Wallis + Dunn,Cliff's delta,0.3896,medium
ctgan + instancehardness,fastml + condensednn,0.0056,True,Kruskal-Wallis + Dunn,Cliff's delta,-0.6511,large
ctgan + clustercentroid,smote + random,0.0058,True,Kruskal-Wallis + Dunn,Cliff's delta,0.7319,large
random + nearmiss,tvae + editednn,0.0059,True,Kruskal-Wallis + Dunn,Cliff's delta,-0.2935,small
ctgan + random,tvae + condensednn,0.0061,True,Kruskal-Wallis + Dunn,Cliff's delta,-0.7435,large
adasyn + editednn,copulagan + condensednn,0.0061,True,Kruskal-Wallis + Dunn,Cliff's delta,-0.5714,large
fastml + clustercentroid,tvae + editednn,0.0065,True,Kruskal-Wallis + Dunn,Cliff's delta,-0.2797,small
fastml + onesidedselection,random + clustercentroid,0.0066,True,Kruskal-Wallis + Dunn,Cliff's delta,0.2995,small
copulagan + condensednn,tvae + onesidedselection,0.0067,True,Kruskal-Wallis + Dunn,Cliff's delta,0.5366,large
ctgan + tomeklinks,fastml + random,0.0067,True,Kruskal-Wallis + Dunn,Cliff's delta,0.6409,large
ctgan + tomeklinks,gaussiancopula + random,0.0068,True,Kruskal-Wallis + Dunn,Cliff's delta,0.6435,large
ctgan + onesidedselection,random + nearmiss,0.007,True,Kruskal-Wallis + Dunn,Cliff's delta,0.6032,large
fastml + onesidedselection,gaussiancopula + clustercentroid,0.0071,True,Kruskal-Wallis + Dunn,Cliff's delta,0.2956,small
copulagan + clustercentroid,smote + random,0.0073,True,Kruskal-Wallis + Dunn,Cliff's delta,0.7319,large
copulagan + condensednn,copulagan + instancehardness,0.0075,True,Kruskal-Wallis + Dunn,Cliff's delta,0.8718,large
fastml + onesidedselection,random + nearmiss,0.0076,True,Kruskal-Wallis + Dunn,Cliff's delta,0.3446,medium
adasyn + onesidedselection,random + tomeklinks,0.0076,True,Kruskal-Wallis + Dunn,Cliff's delta,0.5049,large
ctgan + instancehardness,random + condensednn,0.0077,True,Kruskal-Wallis + Dunn,Cliff's delta,-0.6305,large
copulagan + onesidedselection,random + clustercentroid,0.0077,True,Kruskal-Wallis + Dunn,Cliff's delta,0.5537,large
copulagan + onesidedselection,gaussiancopula + clustercentroid,0.008,True,Kruskal-Wallis + Dunn,Cliff's delta,0.567,large
copulagan + random,tvae + condensednn,0.0082,True,Kruskal-Wallis + Dunn,Cliff's delta,-0.7376,large
gaussiancopula + nearmiss,gaussiancopula + onesidedselection,0.0084,True,Kruskal-Wallis + Dunn,Cliff's delta,-0.3426,medium
fastml + clustercentroid,fastml + onesidedselection,0.0085,True,Kruskal-Wallis + Dunn,Cliff's delta,-0.2952,small
ctgan + condensednn,smote + instancehardness,0.0086,True,Kruskal-Wallis + Dunn,Cliff's delta,0.9683,large
ctgan + instancehardness,gaussiancopula + condensednn,0.0086,True,Kruskal-Wallis + Dunn,Cliff's delta,-0.6416,large
copulagan + onesidedselection,fastml + clustercentroid,0.0088,True,Kruskal-Wallis + Dunn,Cliff's delta,0.566,large
ctgan + tomeklinks,fastml + tomeklinks,0.0094,True,Kruskal-Wallis + Dunn,Cliff's delta,0.49,large
fastml + nearmiss,gaussiancopula + onesidedselection,0.0095,True,Kruskal-Wallis + Dunn,Cliff's delta,-0.3355,medium
ctgan + condensednn,ctgan + instancehardness,0.0111,True,Kruskal-Wallis + Dunn,Cliff's delta,0.9184,large
gaussiancopula + nearmiss,random + onesidedselection,0.0113,True,Kruskal-Wallis + Dunn,Cliff's delta,-0.3357,medium
adasyn + condensednn,smote + instancehardness,0.0115,True,Kruskal-Wallis + Dunn,Cliff's delta,0.953,large
ctgan + tomeklinks,random + random,0.0115,True,Kruskal-Wallis + Dunn,Cliff's delta,0.6045,large
ctgan + condensednn,smote + nearmiss,0.0117,True,Kruskal-Wallis + Dunn,Cliff's delta,1.0,large
smote + nearmiss,tvae + condensednn,0.0118,True,Kruskal-Wallis + Dunn,Cliff's delta,-0.9282,large
ctgan + editednn,ctgan + tomeklinks,0.0119,True,Kruskal-Wallis + Dunn,Cliff's delta,0.7918,large
ctgan + onesidedselection,gaussiancopula + nearmiss,0.0119,True,Kruskal-Wallis + Dunn,Cliff's delta,0.6,large
ctgan + onesidedselection,tvae + clustercentroid,0.012,True,Kruskal-Wallis + Dunn,Cliff's delta,0.5652,large
adasyn + onesidedselection,gaussiancopula + tomeklinks,0.012,True,Kruskal-Wallis + Dunn,Cliff's delta,0.5189,large
adasyn + condensednn,smote + nearmiss,0.0123,True,Kruskal-Wallis + Dunn,Cliff's delta,0.9904,large
fastml + nearmiss,random + onesidedselection,0.0127,True,Kruskal-Wallis + Dunn,Cliff's delta,-0.3344,medium
ctgan + onesidedselection,fastml + nearmiss,0.0128,True,Kruskal-Wallis + Dunn,Cliff's delta,0.55,large
gaussiancopula + nearmiss,tvae + editednn,0.0132,True,Kruskal-Wallis + Dunn,Cliff's delta,-0.2978,small
adasyn + clustercentroid,smote + condensednn,0.0133,True,Kruskal-Wallis + Dunn,Cliff's delta,-0.6757,large
adasyn + onesidedselection,fastml + random,0.0142,True,Kruskal-Wallis + Dunn,Cliff's delta,0.5387,large
adasyn + onesidedselection,gaussiancopula + random,0.0143,True,Kruskal-Wallis + Dunn,Cliff's delta,0.5282,large
fastml + nearmiss,tvae + editednn,0.0149,True,Kruskal-Wallis + Dunn,Cliff's delta,-0.2901,small
copulagan + random,smote + tomeklinks,0.0164,True,Kruskal-Wallis + Dunn,Cliff's delta,0.6561,large
fastml + onesidedselection,gaussiancopula + nearmiss,0.0169,True,Kruskal-Wallis + Dunn,Cliff's delta,0.3275,small
adasyn + condensednn,smote + onesidedselection,0.0172,True,Kruskal-Wallis + Dunn,Cliff's delta,0.4397,medium
copulagan + condensednn,ctgan + random,0.0176,True,Kruskal-Wallis + Dunn,Cliff's delta,0.8661,large
adasyn + condensednn,fastml + onesidedselection,0.0176,True,Kruskal-Wallis + Dunn,Cliff's delta,0.5425,large
ctgan + tomeklinks,tvae + tomeklinks,0.0187,True,Kruskal-Wallis + Dunn,Cliff's delta,0.4232,medium
adasyn + tomeklinks,tvae + onesidedselection,0.0188,True,Kruskal-Wallis + Dunn,Cliff's delta,-0.4345,medium
ctgan + onesidedselection,random + clustercentroid,0.0188,True,Kruskal-Wallis + Dunn,Cliff's delta,0.5413,large
fastml + nearmiss,fastml + onesidedselection,0.019,True,Kruskal-Wallis + Dunn,Cliff's delta,-0.3254,small
adasyn + onesidedselection,fastml + tomeklinks,0.0194,True,Kruskal-Wallis + Dunn,Cliff's delta,0.477,large
random + editednn,smote + condensednn,0.0195,True,Kruskal-Wallis + Dunn,Cliff's delta,-0.342,medium
ctgan + onesidedselection,gaussiancopula + clustercentroid,0.0195,True,Kruskal-Wallis + Dunn,Cliff's delta,0.5476,large
adasyn + tomeklinks,copulagan + onesidedselection,0.0196,True,Kruskal-Wallis + Dunn,Cliff's delta,-0.6825,large
ctgan + random,smote + tomeklinks,0.0208,True,Kruskal-Wallis + Dunn,Cliff's delta,0.6508,large
ctgan + onesidedselection,fastml + clustercentroid,0.0215,True,Kruskal-Wallis + Dunn,Cliff's delta,0.5581,large
fastml + condensednn,smote + instancehardness,0.0215,True,Kruskal-Wallis + Dunn,Cliff's delta,0.7735,large
copulagan + condensednn,copulagan + random,0.0218,True,Kruskal-Wallis + Dunn,Cliff's delta,0.8547,large
fastml + editednn,tvae + clustercentroid,0.0218,True,Kruskal-Wallis + Dunn,Cliff's delta,0.2355,small
copulagan + tomeklinks,smote + clustercentroid,0.022,True,Kruskal-Wallis + Dunn,Cliff's delta,0.6636,large
adasyn + condensednn,random + onesidedselection,0.0224,True,Kruskal-Wallis + Dunn,Cliff's delta,0.5806,large
adasyn + onesidedselection,random + random,0.0229,True,Kruskal-Wallis + Dunn,Cliff's delta,0.5028,large
adasyn + editednn,fastml + condensednn,0.0232,True,Kruskal-Wallis + Dunn,Cliff's delta,-0.416,medium
adasyn + condensednn,tvae + editednn,0.0232,True,Kruskal-Wallis + Dunn,Cliff's delta,0.4562,medium
copulagan + editednn,ctgan + tomeklinks,0.0246,True,Kruskal-Wallis + Dunn,Cliff's delta,0.7567,large
random + condensednn,smote + instancehardness,0.0253,True,Kruskal-Wallis + Dunn,Cliff's delta,0.7698,large
adasyn + condensednn,gaussiancopula + onesidedselection,0.0267,True,Kruskal-Wallis + Dunn,Cliff's delta,0.5404,large
gaussiancopula + condensednn,smote + instancehardness,0.0268,True,Kruskal-Wallis + Dunn,Cliff's delta,0.7784,large
gaussiancopula + editednn,smote + condensednn,0.0273,True,Kruskal-Wallis + Dunn,Cliff's delta,-0.3367,medium
adasyn + condensednn,ctgan + instancehardness,0.0282,True,Kruskal-Wallis + Dunn,Cliff's delta,0.8791,large
copulagan + instancehardness,fastml + condensednn,0.0315,True,Kruskal-Wallis + Dunn,Cliff's delta,-0.6451,large
adasyn + editednn,random + condensednn,0.0316,True,Kruskal-Wallis + Dunn,Cliff's delta,-0.4207,medium
fastml + condensednn,smote + nearmiss,0.032,True,Kruskal-Wallis + Dunn,Cliff's delta,0.9069,large
adasyn + onesidedselection,tvae + tomeklinks,0.0337,True,Kruskal-Wallis + Dunn,Cliff's delta,0.4589,medium
adasyn + editednn,ctgan + condensednn,0.034,True,Kruskal-Wallis + Dunn,Cliff's delta,-0.5635,large
adasyn + editednn,gaussiancopula + condensednn,0.0352,True,Kruskal-Wallis + Dunn,Cliff's delta,-0.4176,medium
random + condensednn,smote + nearmiss,0.0357,True,Kruskal-Wallis + Dunn,Cliff's delta,0.9125,large
copulagan + tomeklinks,random + tomeklinks,0.0365,True,Kruskal-Wallis + Dunn,Cliff's delta,0.5302,large
gaussiancopula + condensednn,smote + nearmiss,0.0371,True,Kruskal-Wallis + Dunn,Cliff's delta,0.9236,large
fastml + editednn,random + nearmiss,0.038,True,Kruskal-Wallis + Dunn,Cliff's delta,0.2718,small
adasyn + tomeklinks,ctgan + onesidedselection,0.0384,True,Kruskal-Wallis + Dunn,Cliff's delta,-0.6111,large
copulagan + instancehardness,ctgan + condensednn,0.0411,True,Kruskal-Wallis + Dunn,Cliff's delta,-0.8857,large
copulagan + instancehardness,random + condensednn,0.0425,True,Kruskal-Wallis + Dunn,Cliff's delta,-0.613,large
smote + onesidedselection,smote + tomeklinks,0.0435,True,Kruskal-Wallis + Dunn,Cliff's delta,0.3737,medium
ctgan + clustercentroid,smote + clustercentroid,0.0438,True,Kruskal-Wallis + Dunn,Cliff's delta,0.6539,large
fastml + editednn,random + clustercentroid,0.0442,True,Kruskal-Wallis + Dunn,Cliff's delta,0.2259,small
ctgan + tomeklinks,tvae + random,0.0442,True,Kruskal-Wallis + Dunn,Cliff's delta,0.5402,large
adasyn + editednn,smote + tomeklinks,0.0469,True,Kruskal-Wallis + Dunn,Cliff's delta,0.5802,large
copulagan + instancehardness,gaussiancopula + condensednn,0.0471,True,Kruskal-Wallis + Dunn,Cliff's delta,-0.6305,large
fastml + editednn,gaussiancopula + clustercentroid,0.0472,True,Kruskal-Wallis + Dunn,Cliff's delta,0.2308,small
copulagan + instancehardness,smote + tomeklinks,0.0508,False,Kruskal-Wallis + Dunn,Cliff's delta,0.6296,large
copulagan + clustercentroid,smote + clustercentroid,0.0536,False,Kruskal-Wallis + Dunn,Cliff's delta,0.6552,large
copulagan + random,smote + random,0.0554,False,Kruskal-Wallis + Dunn,Cliff's delta,0.6929,large
fastml + clustercentroid,fastml + editednn,0.0562,False,Kruskal-Wallis + Dunn,Cliff's delta,-0.2319,small
fastml + editednn,smote + condensednn,0.0583,False,Kruskal-Wallis + Dunn,Cliff's delta,-0.3244,small
ctgan + condensednn,tvae + onesidedselection,0.0586,False,Kruskal-Wallis + Dunn,Cliff's delta,0.4841,large
copulagan + tomeklinks,gaussiancopula + tomeklinks,0.059,False,Kruskal-Wallis + Dunn,Cliff's delta,0.5288,large
adasyn + random,copulagan + onesidedselection,0.0635,False,Kruskal-Wallis + Dunn,Cliff's delta,-0.6807,large
ctgan + random,smote + random,0.0695,False,Kruskal-Wallis + Dunn,Cliff's delta,0.6896,large
adasyn + onesidedselection,tvae + random,0.0707,False,Kruskal-Wallis + Dunn,Cliff's delta,0.4996,large
copulagan + tomeklinks,fastml + random,0.071,False,Kruskal-Wallis + Dunn,Cliff's delta,0.5959,large
copulagan + tomeklinks,gaussiancopula + random,0.0716,False,Kruskal-Wallis + Dunn,Cliff's delta,0.5957,large
gaussiancopula + editednn,tvae + clustercentroid,0.0736,False,Kruskal-Wallis + Dunn,Cliff's delta,0.2153,small
adasyn + condensednn,adasyn + editednn,0.0771,False,Kruskal-Wallis + Dunn,Cliff's delta,0.5342,large
smote + condensednn,smote + nearmiss,0.0798,False,Kruskal-Wallis + Dunn,Cliff's delta,0.9091,large
fastml + editednn,gaussiancopula + nearmiss,0.0812,False,Kruskal-Wallis + Dunn,Cliff's delta,0.2828,small
ctgan + clustercentroid,random + tomeklinks,0.0837,False,Kruskal-Wallis + Dunn,Cliff's delta,0.4955,large
copulagan + clustercentroid,tvae + condensednn,0.0869,False,Kruskal-Wallis + Dunn,Cliff's delta,-0.7064,large
ctgan + random,fastml + condensednn,0.0876,False,Kruskal-Wallis + Dunn,Cliff's delta,-0.6267,large
adasyn + condensednn,copulagan + instancehardness,0.09,False,Kruskal-Wallis + Dunn,Cliff's delta,0.8571,large
ctgan + condensednn,ctgan + random,0.0901,False,Kruskal-Wallis + Dunn,Cliff's delta,0.8645,large
fastml + editednn,fastml + nearmiss,0.0905,False,Kruskal-Wallis + Dunn,Cliff's delta,0.2737,small
adasyn + random,tvae + onesidedselection,0.092,False,Kruskal-Wallis + Dunn,Cliff's delta,-0.4298,medium
copulagan + tomeklinks,fastml + tomeklinks,0.0976,False,Kruskal-Wallis + Dunn,Cliff's delta,0.4567,medium
gaussiancopula + editednn,random + nearmiss,0.0997,False,Kruskal-Wallis + Dunn,Cliff's delta,0.2551,small
copulagan + clustercentroid,random + tomeklinks,0.1066,False,Kruskal-Wallis + Dunn,Cliff's delta,0.4879,large
ctgan + clustercentroid,tvae + condensednn,0.1102,False,Kruskal-Wallis + Dunn,Cliff's delta,-0.7064,large
copulagan + random,ctgan + condensednn,0.1102,False,Kruskal-Wallis + Dunn,Cliff's delta,-0.8482,large
copulagan + random,fastml + condensednn,0.1134,False,Kruskal-Wallis + Dunn,Cliff's delta,-0.6225,large
ctgan + random,random + condensednn,0.1163,False,Kruskal-Wallis + Dunn,Cliff's delta,-0.5832,large
copulagan + tomeklinks,random + random,0.1167,False,Kruskal-Wallis + Dunn,Cliff's delta,0.5692,large
smote + condensednn,smote + instancehardness,0.1171,False,Kruskal-Wallis + Dunn,Cliff's delta,0.8586,large
random + editednn,tvae + clustercentroid,0.1181,False,Kruskal-Wallis + Dunn,Cliff's delta,0.2122,small
adasyn + random,ctgan + onesidedselection,0.1182,False,Kruskal-Wallis + Dunn,Cliff's delta,-0.6824,large
ctgan + tomeklinks,random + nearmiss,0.1248,False,Kruskal-Wallis + Dunn,Cliff's delta,0.5708,large
ctgan + editednn,ctgan + onesidedselection,0.128,False,Kruskal-Wallis + Dunn,Cliff's delta,0.7527,large
ctgan + random,gaussiancopula + condensednn,0.1281,False,Kruskal-Wallis + Dunn,Cliff's delta,-0.607,large
copulagan + clustercentroid,copulagan + condensednn,0.1282,False,Kruskal-Wallis + Dunn,Cliff's delta,-0.7984,large
ctgan + clustercentroid,gaussiancopula + tomeklinks,0.1318,False,Kruskal-Wallis + Dunn,Cliff's delta,0.4938,large
ctgan + editednn,ctgan + nearmiss,0.1412,False,Kruskal-Wallis + Dunn,Cliff's delta,0.8381,large
gaussiancopula + editednn,random + clustercentroid,0.1443,False,Kruskal-Wallis + Dunn,Cliff's delta,0.2084,small
random + editednn,random + nearmiss,0.1458,False,Kruskal-Wallis + Dunn,Cliff's delta,0.2424,small
smote + editednn,tvae + onesidedselection,0.1472,False,Kruskal-Wallis + Dunn,Cliff's delta,-0.2805,small
adasyn + editednn,smote + random,0.1492,False,Kruskal-Wallis + Dunn,Cliff's delta,0.5342,large
copulagan + random,random + condensednn,0.1494,False,Kruskal-Wallis + Dunn,Cliff's delta,-0.5844,large
smote + onesidedselection,smote + random,0.1494,False,Kruskal-Wallis + Dunn,Cliff's delta,0.3497,medium
adasyn + onesidedselection,random + nearmiss,0.1509,False,Kruskal-Wallis + Dunn,Cliff's delta,0.5057,large
gaussiancopula + clustercentroid,gaussiancopula + editednn,0.1527,False,Kruskal-Wallis + Dunn,Cliff's delta,-0.2125,small
copulagan + condensednn,ctgan + clustercentroid,0.153,False,Kruskal-Wallis + Dunn,Cliff's delta,0.7992,large
copulagan + onesidedselection,smote + editednn,0.154,False,Kruskal-Wallis + Dunn,Cliff's delta,0.6032,large
ctgan + clustercentroid,fastml + random,0.1553,False,Kruskal-Wallis + Dunn,Cliff's delta,0.5866,large
ctgan + clustercentroid,gaussiancopula + random,0.1566,False,Kruskal-Wallis + Dunn,Cliff's delta,0.6034,large
copulagan + instancehardness,smote + random,0.1581,False,Kruskal-Wallis + Dunn,Cliff's delta,0.6824,large
copulagan + random,gaussiancopula + condensednn,0.1641,False,Kruskal-Wallis + Dunn,Cliff's delta,-0.6044,large
copulagan + clustercentroid,gaussiancopula + tomeklinks,0.1658,False,Kruskal-Wallis + Dunn,Cliff's delta,0.4871,large
copulagan + tomeklinks,tvae + tomeklinks,0.1739,False,Kruskal-Wallis + Dunn,Cliff's delta,0.388,medium
adasyn + condensednn,ctgan + random,0.1789,False,Kruskal-Wallis + Dunn,Cliff's delta,0.7912,large
fastml + clustercentroid,gaussiancopula + editednn,0.1791,False,Kruskal-Wallis + Dunn,Cliff's delta,-0.2123,small
copulagan + nearmiss,ctgan + editednn,0.1803,False,Kruskal-Wallis + Dunn,Cliff's delta,-0.8286,large
adasyn + onesidedselection,ctgan + editednn,0.1854,False,Kruskal-Wallis + Dunn,Cliff's delta,-0.7912,large
adasyn + tomeklinks,gaussiancopula + onesidedselection,0.1896,False,Kruskal-Wallis + Dunn,Cliff's delta,-0.3736,medium
ctgan + instancehardness,smote + tomeklinks,0.1909,False,Kruskal-Wallis + Dunn,Cliff's delta,0.6349,large
copulagan + clustercentroid,fastml + random,0.1951,False,Kruskal-Wallis + Dunn,Cliff's delta,0.5856,large
ctgan + tomeklinks,gaussiancopula + nearmiss,0.1953,False,Kruskal-Wallis + Dunn,Cliff's delta,0.5429,large
copulagan + clustercentroid,gaussiancopula + random,0.1966,False,Kruskal-Wallis + Dunn,Cliff's delta,0.605,large
gaussiancopula + editednn,gaussiancopula + nearmiss,0.2022,False,Kruskal-Wallis + Dunn,Cliff's delta,0.2615,small
ctgan + tomeklinks,fastml + nearmiss,0.2088,False,Kruskal-Wallis + Dunn,Cliff's delta,0.4968,large
ctgan + clustercentroid,fastml + tomeklinks,0.2112,False,Kruskal-Wallis + Dunn,Cliff's delta,0.4344,medium
adasyn + condensednn,copulagan + random,0.2127,False,Kruskal-Wallis + Dunn,Cliff's delta,0.8022,large
adasyn + condensednn,tvae + onesidedselection,0.2129,False,Kruskal-Wallis + Dunn,Cliff's delta,0.5207,large
fastml + nearmiss,gaussiancopula + editednn,0.2243,False,Kruskal-Wallis + Dunn,Cliff's delta,-0.2545,small
adasyn + onesidedselection,gaussiancopula + nearmiss,0.2246,False,Kruskal-Wallis + Dunn,Cliff's delta,0.4786,large
adasyn + tomeklinks,random + onesidedselection,0.2252,False,Kruskal-Wallis + Dunn,Cliff's delta,-0.377,medium
random + clustercentroid,random + editednn,0.226,False,Kruskal-Wallis + Dunn,Cliff's delta,-0.2023,small
copulagan + editednn,ctgan + nearmiss,0.2297,False,Kruskal-Wallis + Dunn,Cliff's delta,0.821,large
copulagan + onesidedselection,ctgan + editednn,0.2309,False,Kruskal-Wallis + Dunn,Cliff's delta,-0.7371,large
copulagan + tomeklinks,tvae + condensednn,0.2335,False,Kruskal-Wallis + Dunn,Cliff's delta,-0.7011,large
random + instancehardness,tvae + onesidedselection,0.2373,False,Kruskal-Wallis + Dunn,Cliff's delta,-0.415,medium
adasyn + onesidedselection,fastml + nearmiss,0.2375,False,Kruskal-Wallis + Dunn,Cliff's delta,0.4742,large
gaussiancopula + clustercentroid,random + editednn,0.239,False,Kruskal-Wallis + Dunn,Cliff's delta,-0.2079,small
ctgan + tomeklinks,tvae + clustercentroid,0.2392,False,Kruskal-Wallis + Dunn,Cliff's delta,0.5067,large
adasyn + tomeklinks,tvae + editednn,0.2392,False,Kruskal-Wallis + Dunn,Cliff's delta,-0.3317,medium
copulagan + editednn,ctgan + onesidedselection,0.2396,False,Kruskal-Wallis + Dunn,Cliff's delta,0.7339,large
copulagan + onesidedselection,random + instancehardness,0.2431,False,Kruskal-Wallis + Dunn,Cliff's delta,0.7771,large
copulagan + nearmiss,smote + tomeklinks,0.248,False,Kruskal-Wallis + Dunn,Cliff's delta,0.6568,large
ctgan + clustercentroid,random + random,0.248,False,Kruskal-Wallis + Dunn,Cliff's delta,0.572,large
gaussiancopula + instancehardness,tvae + onesidedselection,0.2544,False,Kruskal-Wallis + Dunn,Cliff's delta,-0.4119,medium
copulagan + onesidedselection,gaussiancopula + instancehardness,0.2557,False,Kruskal-Wallis + Dunn,Cliff's delta,0.7562,large
fastml + onesidedselection,smote + condensednn,0.2571,False,Kruskal-Wallis + Dunn,Cliff's delta,-0.3494,medium
copulagan + clustercentroid,fastml + tomeklinks,0.2626,False,Kruskal-Wallis + Dunn,Cliff's delta,0.4358,medium
smote + condensednn,smote + onesidedselection,0.2661,False,Kruskal-Wallis + Dunn,Cliff's delta,0.2944,small
copulagan + condensednn,copulagan + tomeklinks,0.2704,False,Kruskal-Wallis + Dunn,Cliff's delta,0.8,large
copulagan + onesidedselection,fastml + instancehardness,0.273,False,Kruskal-Wallis + Dunn,Cliff's delta,0.7781,large
fastml + clustercentroid,random + editednn,0.2781,False,Kruskal-Wallis + Dunn,Cliff's delta,-0.2072,small
fastml + instancehardness,tvae + onesidedselection,0.279,False,Kruskal-Wallis + Dunn,Cliff's delta,-0.4193,medium
adasyn + tomeklinks,fastml + onesidedselection,0.2854,False,Kruskal-Wallis + Dunn,Cliff's delta,-0.3588,medium
gaussiancopula + nearmiss,random + editednn,0.2877,False,Kruskal-Wallis + Dunn,Cliff's delta,-0.2513,small
copulagan + editednn,copulagan + nearmiss,0.2899,False,Kruskal-Wallis + Dunn,Cliff's delta,0.8,large
ctgan + onesidedselection,smote + editednn,0.2911,False,Kruskal-Wallis + Dunn,Cliff's delta,0.5238,large
adasyn + onesidedselection,tvae + clustercentroid,0.3004,False,Kruskal-Wallis + Dunn,Cliff's delta,0.4828,large
copulagan + clustercentroid,random + random,0.3091,False,Kruskal-Wallis + Dunn,Cliff's delta,0.5723,large
copulagan + random,smote + clustercentroid,0.3091,False,Kruskal-Wallis + Dunn,Cliff's delta,0.6234,large
adasyn + instancehardness,ctgan + editednn,0.3096,False,Kruskal-Wallis + Dunn,Cliff's delta,-0.9524,large
ctgan + nearmiss,smote + tomeklinks,0.3176,False,Kruskal-Wallis + Dunn,Cliff's delta,0.6667,large
fastml + nearmiss,random + editednn,0.3176,False,Kruskal-Wallis + Dunn,Cliff's delta,-0.2432,small
adasyn + onesidedselection,adasyn + tomeklinks,0.3176,False,Kruskal-Wallis + Dunn,Cliff's delta,0.4754,large
adasyn + onesidedselection,copulagan + editednn,0.3254,False,Kruskal-Wallis + Dunn,Cliff's delta,-0.7253,large
random + onesidedselection,smote + condensednn,0.3332,False,Kruskal-Wallis + Dunn,Cliff's delta,-0.3729,medium
smote + condensednn,tvae + editednn,0.3457,False,Kruskal-Wallis + Dunn,Cliff's delta,0.2688,small
ctgan + tomeklinks,random + clustercentroid,0.3491,False,Kruskal-Wallis + Dunn,Cliff's delta,0.4727,medium
adasyn + tomeklinks,ctgan + tomeklinks,0.3559,False,Kruskal-Wallis + Dunn,Cliff's delta,-0.5516,large
ctgan + clustercentroid,tvae + tomeklinks,0.3586,False,Kruskal-Wallis + Dunn,Cliff's delta,0.355,medium
ctgan + tomeklinks,gaussiancopula + clustercentroid,0.3599,False,Kruskal-Wallis + Dunn,Cliff's delta,0.4835,large
copulagan + tomeklinks,tvae + random,0.364,False,Kruskal-Wallis + Dunn,Cliff's delta,0.4967,large
ctgan + random,smote + clustercentroid,0.3741,False,Kruskal-Wallis + Dunn,Cliff's delta,0.613,large
ctgan + tomeklinks,fastml + clustercentroid,0.3921,False,Kruskal-Wallis + Dunn,Cliff's delta,0.4832,large
gaussiancopula + onesidedselection,smote + condensednn,0.3998,False,Kruskal-Wallis + Dunn,Cliff's delta,-0.3539,medium
ctgan + instancehardness,smote + condensednn,0.4212,False,Kruskal-Wallis + Dunn,Cliff's delta,-0.7727,large
adasyn + onesidedselection,random + clustercentroid,0.4212,False,Kruskal-Wallis + Dunn,Cliff's delta,0.466,medium
copulagan + editednn,copulagan + onesidedselection,0.4228,False,Kruskal-Wallis + Dunn,Cliff's delta,0.7347,large
adasyn + instancehardness,copulagan + editednn,0.4299,False,Kruskal-Wallis + Dunn,Cliff's delta,-0.981,large
adasyn + onesidedselection,gaussiancopula + clustercentroid,0.4323,False,Kruskal-Wallis + Dunn,Cliff's delta,0.463,medium
copulagan + clustercentroid,tvae + tomeklinks,0.4446,False,Kruskal-Wallis + Dunn,Cliff's delta,0.3547,medium
ctgan + onesidedselection,random + instancehardness,0.4597,False,Kruskal-Wallis + Dunn,Cliff's delta,0.781,large
adasyn + onesidedselection,fastml + clustercentroid,0.4656,False,Kruskal-Wallis + Dunn,Cliff's delta,0.4643,medium
ctgan + onesidedselection,gaussiancopula + instancehardness,0.4833,False,Kruskal-Wallis + Dunn,Cliff's delta,0.7648,large
ctgan + onesidedselection,fastml + instancehardness,0.5161,False,Kruskal-Wallis + Dunn,Cliff's delta,0.7752,large
copulagan + nearmiss,smote + random,0.5209,False,Kruskal-Wallis + Dunn,Cliff's delta,0.741,large
ctgan + instancehardness,smote + random,0.5324,False,Kruskal-Wallis + Dunn,Cliff's delta,0.6527,large
copulagan + clustercentroid,ctgan + condensednn,0.539,False,Kruskal-Wallis + Dunn,Cliff's delta,-0.822,large
ctgan + clustercentroid,ctgan + condensednn,0.6378,False,Kruskal-Wallis + Dunn,Cliff's delta,-0.809,large
copulagan + onesidedselection,smote + nearmiss,0.6439,False,Kruskal-Wallis + Dunn,Cliff's delta,1.0,large
ctgan + nearmiss,smote + random,0.6662,False,Kruskal-Wallis + Dunn,Cliff's delta,0.7231,large
copulagan + onesidedselection,tvae + instancehardness,0.6771,False,Kruskal-Wallis + Dunn,Cliff's delta,0.7735,large
adasyn + random,gaussiancopula + onesidedselection,0.7211,False,Kruskal-Wallis + Dunn,Cliff's delta,-0.3655,medium
fastml + clustercentroid,smote + tomeklinks,0.7261,False,Kruskal-Wallis + Dunn,Cliff's delta,0.3729,medium
ctgan + clustercentroid,tvae + random,0.7421,False,Kruskal-Wallis + Dunn,Cliff's delta,0.4874,large
adasyn + editednn,smote + clustercentroid,0.7432,False,Kruskal-Wallis + Dunn,Cliff's delta,0.4634,medium
adasyn + onesidedselection,adasyn + random,0.7639,False,Kruskal-Wallis + Dunn,Cliff's delta,0.5124,large
copulagan + instancehardness,smote + clustercentroid,0.7721,False,Kruskal-Wallis + Dunn,Cliff's delta,0.6013,large
copulagan + tomeklinks,random + nearmiss,0.7919,False,Kruskal-Wallis + Dunn,Cliff's delta,0.5149,large
adasyn + tomeklinks,fastml + editednn,0.7937,False,Kruskal-Wallis + Dunn,Cliff's delta,-0.3482,medium
gaussiancopula + clustercentroid,smote + tomeklinks,0.7978,False,Kruskal-Wallis + Dunn,Cliff's delta,0.3775,medium
ctgan + onesidedselection,smote + nearmiss,0.8234,False,Kruskal-Wallis + Dunn,Cliff's delta,1.0,large
random + clustercentroid,smote + tomeklinks,0.8264,False,Kruskal-Wallis + Dunn,Cliff's delta,0.3606,medium
smote + clustercentroid,smote + onesidedselection,0.8305,False,Kruskal-Wallis + Dunn,Cliff's delta,-0.3709,medium
copulagan + random,random + tomeklinks,0.8352,False,Kruskal-Wallis + Dunn,Cliff's delta,0.4498,medium
adasyn + random,random + onesidedselection,0.8386,False,Kruskal-Wallis + Dunn,Cliff's delta,-0.3596,medium
copulagan + clustercentroid,fastml + condensednn,0.8616,False,Kruskal-Wallis + Dunn,Cliff's delta,-0.6121,large
adasyn + condensednn,copulagan + clustercentroid,0.8788,False,Kruskal-Wallis + Dunn,Cliff's delta,0.7582,large
adasyn + random,tvae + editednn,0.8837,False,Kruskal-Wallis + Dunn,Cliff's delta,-0.2968,small
copulagan + clustercentroid,tvae + random,0.9068,False,Kruskal-Wallis + Dunn,Cliff's delta,0.4847,large
adasyn + random,ctgan + tomeklinks,0.9191,False,Kruskal-Wallis + Dunn,Cliff's delta,-0.6504,large
copulagan + onesidedselection,tvae + nearmiss,0.9363,False,Kruskal-Wallis + Dunn,Cliff's delta,0.5657,large
adasyn + instancehardness,copulagan + random,1.0,False,Kruskal-Wallis + Dunn,Cliff's delta,-0.5619,large
adasyn + editednn,tvae + tomeklinks,1.0,False,Kruskal-Wallis + Dunn,Cliff's delta,0.2947,small
adasyn + instancehardness,copulagan + onesidedselection,1.0,False,Kruskal-Wallis + Dunn,Cliff's delta,-0.981,large
adasyn + instancehardness,copulagan + nearmiss,1.0,False,Kruskal-Wallis + Dunn,Cliff's delta,-0.9556,large
gaussiancopula + condensednn,tvae + condensednn,1.0,False,Kruskal-Wallis + Dunn,Cliff's delta,-0.0536,negligible
adasyn + instancehardness,copulagan + instancehardness,1.0,False,Kruskal-Wallis + Dunn,Cliff's delta,-0.681,large
adasyn + instancehardness,adasyn + onesidedselection,1.0,False,Kruskal-Wallis + Dunn,Cliff's delta,-0.5449,large
adasyn + instancehardness,copulagan + clustercentroid,1.0,False,Kruskal-Wallis + Dunn,Cliff's delta,-0.9524,large
adasyn + instancehardness,copulagan + condensednn,1.0,False,Kruskal-Wallis + Dunn,Cliff's delta,-0.981,large
gaussiancopula + condensednn,smote + condensednn,1.0,False,Kruskal-Wallis + Dunn,Cliff's delta,0.0163,negligible
adasyn + instancehardness,adasyn + tomeklinks,1.0,False,Kruskal-Wallis + Dunn,Cliff's delta,0.3935,medium
adasyn + instancehardness,adasyn + random,1.0,False,Kruskal-Wallis + Dunn,Cliff's delta,0.3578,medium
copulagan + instancehardness,ctgan + random,1.0,False,Kruskal-Wallis + Dunn,Cliff's delta,-0.0694,negligible
adasyn + editednn,tvae + onesidedselection,1.0,False,Kruskal-Wallis + Dunn,Cliff's delta,-0.1069,negligible
gaussiancopula + nearmiss,gaussiancopula + random,1.0,False,Kruskal-Wallis + Dunn,Cliff's delta,0.0521,negligible
adasyn + editednn,random + instancehardness,1.0,False,Kruskal-Wallis + Dunn,Cliff's delta,0.0759,negligible
gaussiancopula + instancehardness,tvae + tomeklinks,1.0,False,Kruskal-Wallis + Dunn,Cliff's delta,0.1238,negligible
gaussiancopula + instancehardness,tvae + random,1.0,False,Kruskal-Wallis + Dunn,Cliff's delta,0.139,negligible
gaussiancopula + instancehardness,tvae + nearmiss,1.0,False,Kruskal-Wallis + Dunn,Cliff's delta,-0.0483,negligible
gaussiancopula + instancehardness,tvae + instancehardness,1.0,False,Kruskal-Wallis + Dunn,Cliff's delta,-0.0929,negligible
gaussiancopula + nearmiss,gaussiancopula + tomeklinks,1.0,False,Kruskal-Wallis + Dunn,Cliff's delta,0.0691,negligible
gaussiancopula + instancehardness,tvae + editednn,1.0,False,Kruskal-Wallis + Dunn,Cliff's delta,-0.2276,small
gaussiancopula + instancehardness,tvae + clustercentroid,1.0,False,Kruskal-Wallis + Dunn,Cliff's delta,0.0789,negligible
gaussiancopula + instancehardness,smote + tomeklinks,1.0,False,Kruskal-Wallis + Dunn,Cliff's delta,0.4552,medium
gaussiancopula + instancehardness,smote + random,1.0,False,Kruskal-Wallis + Dunn,Cliff's delta,0.424,medium
gaussiancopula + instancehardness,smote + onesidedselection,1.0,False,Kruskal-Wallis + Dunn,Cliff's delta,-0.1648,small
gaussiancopula + instancehardness,smote + nearmiss,1.0,False,Kruskal-Wallis + Dunn,Cliff's delta,0.8125,large
gaussiancopula + instancehardness,smote + instancehardness,1.0,False,Kruskal-Wallis + Dunn,Cliff's delta,0.3296,small
adasyn + editednn,random + nearmiss,1.0,False,Kruskal-Wallis + Dunn,Cliff's delta,0.2532,small
gaussiancopula + nearmiss,random + clustercentroid,1.0,False,Kruskal-Wallis + Dunn,Cliff's delta,-0.0632,negligible
adasyn + editednn,random + editednn,1.0,False,Kruskal-Wallis + Dunn,Cliff's delta,0.0166,negligible
gaussiancopula + nearmiss,random + instancehardness,1.0,False,Kruskal-Wallis + Dunn,Cliff's delta,-0.1263,negligible
gaussiancopula + nearmiss,tvae + instancehardness,1.0,False,Kruskal-Wallis + Dunn,Cliff's delta,-0.1566,small
copulagan + condensednn,gaussiancopula + condensednn,1.0,False,Kruskal-Wallis + Dunn,Cliff's delta,0.1703,small
adasyn + editednn,random + clustercentroid,1.0,False,Kruskal-Wallis + Dunn,Cliff's delta,0.1867,small
gaussiancopula + nearmiss,tvae + clustercentroid,1.0,False,Kruskal-Wallis + Dunn,Cliff's delta,-0.0524,negligible
gaussiancopula + nearmiss,smote + tomeklinks,1.0,False,Kruskal-Wallis + Dunn,Cliff's delta,0.3365,medium
gaussiancopula + nearmiss,smote + random,1.0,False,Kruskal-Wallis + Dunn,Cliff's delta,0.2747,small
gaussiancopula + nearmiss,smote + onesidedselection,1.0,False,Kruskal-Wallis + Dunn,Cliff's delta,-0.1785,small
gaussiancopula + nearmiss,smote + nearmiss,1.0,False,Kruskal-Wallis + Dunn,Cliff's delta,0.6506,large
gaussiancopula + nearmiss,smote + instancehardness,1.0,False,Kruskal-Wallis + Dunn,Cliff's delta,0.1326,negligible
gaussiancopula + nearmiss,smote + editednn,1.0,False,Kruskal-Wallis + Dunn,Cliff's delta,-0.0372,negligible
gaussiancopula + nearmiss,smote + clustercentroid,1.0,False,Kruskal-Wallis + Dunn,Cliff's delta,0.2239,small
gaussiancopula + nearmiss,random + tomeklinks,1.0,False,Kruskal-Wallis + Dunn,Cliff's delta,0.0821,negligible
gaussiancopula + nearmiss,random + random,1.0,False,Kruskal-Wallis + Dunn,Cliff's delta,0.0338,negligible
copulagan + editednn,random + condensednn,1.0,False,Kruskal-Wallis + Dunn,Cliff's delta,0.634,large
gaussiancopula + nearmiss,random + nearmiss,1.0,False,Kruskal-Wallis + Dunn,Cliff's delta,0.0136,negligible
gaussiancopula + instancehardness,smote + editednn,1.0,False,Kruskal-Wallis + Dunn,Cliff's delta,0.1719,small
adasyn + editednn,random + onesidedselection,1.0,False,Kruskal-Wallis + Dunn,Cliff's delta,-0.0512,negligible
gaussiancopula + instancehardness,smote + clustercentroid,1.0,False,Kruskal-Wallis + Dunn,Cliff's delta,0.3686,medium
gaussiancopula + instancehardness,random + tomeklinks,1.0,False,Kruskal-Wallis + Dunn,Cliff's delta,0.1993,small
gaussiancopula + editednn,smote + onesidedselection,1.0,False,Kruskal-Wallis + Dunn,Cliff's delta,0.1335,negligible
gaussiancopula + editednn,smote + nearmiss,1.0,False,Kruskal-Wallis + Dunn,Cliff's delta,0.7712,large
gaussiancopula + editednn,smote + instancehardness,1.0,False,Kruskal-Wallis + Dunn,Cliff's delta,0.3406,medium
gaussiancopula + editednn,smote + editednn,1.0,False,Kruskal-Wallis + Dunn,Cliff's delta,0.1894,small
adasyn + editednn,smote + nearmiss,1.0,False,Kruskal-Wallis + Dunn,Cliff's delta,0.8194,large
adasyn + editednn,smote + onesidedselection,1.0,False,Kruskal-Wallis + Dunn,Cliff's delta,0.1048,negligible
gaussiancopula + editednn,random + onesidedselection,1.0,False,Kruskal-Wallis + Dunn,Cliff's delta,-0.0239,negligible
gaussiancopula + editednn,random + instancehardness,1.0,False,Kruskal-Wallis + Dunn,Cliff's delta,0.1391,negligible
gaussiancopula + editednn,random + editednn,1.0,False,Kruskal-Wallis + Dunn,Cliff's delta,-0.0045,negligible
adasyn + editednn,tvae + clustercentroid,1.0,False,Kruskal-Wallis + Dunn,Cliff's delta,0.2005,small
adasyn + editednn,tvae + editednn,1.0,False,Kruskal-Wallis + Dunn,Cliff's delta,-0.013,negligible
gaussiancopula + editednn,gaussiancopula + onesidedselection,1.0,False,Kruskal-Wallis + Dunn,Cliff's delta,-0.0192,negligible
gaussiancopula + editednn,gaussiancopula + instancehardness,1.0,False,Kruskal-Wallis + Dunn,Cliff's delta,0.1403,negligible
adasyn + editednn,tvae + instancehardness,1.0,False,Kruskal-Wallis + Dunn,Cliff's delta,0.0442,negligible
adasyn + editednn,tvae + nearmiss,1.0,False,Kruskal-Wallis + Dunn,Cliff's delta,0.1111,negligible
adasyn + editednn,smote + instancehardness,1.0,False,Kruskal-Wallis + Dunn,Cliff's delta,0.2716,small
adasyn + editednn,tvae + random,1.0,False,Kruskal-Wallis + Dunn,Cliff's delta,0.2448,small
adasyn + editednn,smote + editednn,1.0,False,Kruskal-Wallis + Dunn,Cliff's delta,0.25,small
gaussiancopula + editednn,tvae + editednn,1.0,False,Kruskal-Wallis + Dunn,Cliff's delta,-0.0337,negligible
gaussiancopula + instancehardness,random + random,1.0,False,Kruskal-Wallis + Dunn,Cliff's delta,0.2117,small
gaussiancopula + instancehardness,random + onesidedselection,1.0,False,Kruskal-Wallis + Dunn,Cliff's delta,-0.3297,small
gaussiancopula + instancehardness,random + nearmiss,1.0,False,Kruskal-Wallis + Dunn,Cliff's delta,0.154,small
gaussiancopula + instancehardness,random + instancehardness,1.0,False,Kruskal-Wallis + Dunn,Cliff's delta,-0.0222,negligible
gaussiancopula + instancehardness,random + editednn,1.0,False,Kruskal-Wallis + Dunn,Cliff's delta,-0.1313,negligible
adasyn + editednn,random + random,1.0,False,Kruskal-Wallis + Dunn,Cliff's delta,0.2802,small
gaussiancopula + instancehardness,random + clustercentroid,1.0,False,Kruskal-Wallis + Dunn,Cliff's delta,0.0658,negligible
gaussiancopula + instancehardness,gaussiancopula + tomeklinks,1.0,False,Kruskal-Wallis + Dunn,Cliff's delta,0.1967,small
gaussiancopula + instancehardness,gaussiancopula + random,1.0,False,Kruskal-Wallis + Dunn,Cliff's delta,0.2201,small
gaussiancopula + instancehardness,gaussiancopula + onesidedselection,1.0,False,Kruskal-Wallis + Dunn,Cliff's delta,-0.3338,medium
gaussiancopula + instancehardness,gaussiancopula + nearmiss,1.0,False,Kruskal-Wallis + Dunn,Cliff's delta,0.1288,negligible
adasyn + editednn,random + tomeklinks,1.0,False,Kruskal-Wallis + Dunn,Cliff's delta,0.3325,medium
gaussiancopula + editednn,tvae + onesidedselection,1.0,False,Kruskal-Wallis + Dunn,Cliff's delta,-0.085,negligible
gaussiancopula + editednn,tvae + nearmiss,1.0,False,Kruskal-Wallis + Dunn,Cliff's delta,0.1635,small
gaussiancopula + editednn,tvae + instancehardness,1.0,False,Kruskal-Wallis + Dunn,Cliff's delta,0.1324,negligible
adasyn + editednn,smote + condensednn,1.0,False,Kruskal-Wallis + Dunn,Cliff's delta,-0.3674,medium
adasyn + instancehardness,copulagan + tomeklinks,1.0,False,Kruskal-Wallis + Dunn,Cliff's delta,-0.8381,large
gaussiancopula + clustercentroid,random + tomeklinks,1.0,False,Kruskal-Wallis + Dunn,Cliff's delta,0.148,small
adasyn + instancehardness,ctgan + condensednn,1.0,False,Kruskal-Wallis + Dunn,Cliff's delta,-0.9524,large
fastml + random,fastml + tomeklinks,1.0,False,Kruskal-Wallis + Dunn,Cliff's delta,0.0098,negligible
adasyn + instancehardness,smote + onesidedselection,1.0,False,Kruskal-Wallis + Dunn,Cliff's delta,-0.1402,negligible
adasyn + instancehardness,smote + random,1.0,False,Kruskal-Wallis + Dunn,Cliff's delta,0.5801,large
fastml + onesidedselection,tvae + onesidedselection,1.0,False,Kruskal-Wallis + Dunn,Cliff's delta,-0.0671,negligible
fastml + onesidedselection,tvae + nearmiss,1.0,False,Kruskal-Wallis + Dunn,Cliff's delta,0.2811,small
fastml + onesidedselection,tvae + instancehardness,1.0,False,Kruskal-Wallis + Dunn,Cliff's delta,0.2842,small
fastml + onesidedselection,tvae + editednn,1.0,False,Kruskal-Wallis + Dunn,Cliff's delta,-0.058,negligible
adasyn + instancehardness,smote + tomeklinks,1.0,False,Kruskal-Wallis + Dunn,Cliff's delta,0.5957,large
adasyn + instancehardness,tvae + clustercentroid,1.0,False,Kruskal-Wallis + Dunn,Cliff's delta,0.1571,small
adasyn + instancehardness,tvae + condensednn,1.0,False,Kruskal-Wallis + Dunn,Cliff's delta,-0.8333,large
adasyn + instancehardness,tvae + editednn,1.0,False,Kruskal-Wallis + Dunn,Cliff's delta,-0.1349,negligible
fastml + onesidedselection,smote + onesidedselection,1.0,False,Kruskal-Wallis + Dunn,Cliff's delta,0.0785,negligible
fastml + onesidedselection,smote + nearmiss,1.0,False,Kruskal-Wallis + Dunn,Cliff's delta,0.7542,large
fastml + onesidedselection,smote + instancehardness,1.0,False,Kruskal-Wallis + Dunn,Cliff's delta,0.4537,medium
fastml + onesidedselection,smote + editednn,1.0,False,Kruskal-Wallis + Dunn,Cliff's delta,0.2009,small
fastml + random,gaussiancopula + clustercentroid,1.0,False,Kruskal-Wallis + Dunn,Cliff's delta,-0.1237,negligible
adasyn + instancehardness,smote + nearmiss,1.0,False,Kruskal-Wallis + Dunn,Cliff's delta,0.9583,large
adasyn + instancehardness,smote + instancehardness,1.0,False,Kruskal-Wallis + Dunn,Cliff's delta,0.3333,medium
fastml + random,gaussiancopula + instancehardness,1.0,False,Kruskal-Wallis + Dunn,Cliff's delta,-0.2117,small
fastml + random,smote + instancehardness,1.0,False,Kruskal-Wallis + Dunn,Cliff's delta,0.0704,negligible
fastml + random,smote + editednn,1.0,False,Kruskal-Wallis + Dunn,Cliff's delta,-0.0576,negligible
adasyn + instancehardness,random + random,1.0,False,Kruskal-Wallis + Dunn,Cliff's delta,0.3489,medium
fastml + random,smote + clustercentroid,1.0,False,Kruskal-Wallis + Dunn,Cliff's delta,0.1886,small
fastml + random,random + tomeklinks,1.0,False,Kruskal-Wallis + Dunn,Cliff's delta,0.0314,negligible
fastml + random,random + random,1.0,False,Kruskal-Wallis + Dunn,Cliff's delta,-0.0152,negligible
adasyn + instancehardness,random + tomeklinks,1.0,False,Kruskal-Wallis + Dunn,Cliff's delta,0.2802,small
adasyn + instancehardness,tvae + instancehardness,1.0,False,Kruskal-Wallis + Dunn,Cliff's delta,-0.2006,small
fastml + random,random + nearmiss,1.0,False,Kruskal-Wallis + Dunn,Cliff's delta,-0.0368,negligible
adasyn + instancehardness,smote + clustercentroid,1.0,False,Kruskal-Wallis + Dunn,Cliff's delta,0.4886,large
adasyn + instancehardness,smote + condensednn,1.0,False,Kruskal-Wallis + Dunn,Cliff's delta,-0.822,large
fastml + random,random + clustercentroid,1.0,False,Kruskal-Wallis + Dunn,Cliff's delta,-0.1167,negligible
fastml + random,gaussiancopula + tomeklinks,1.0,False,Kruskal-Wallis + Dunn,Cliff's delta,0.0156,negligible
fastml + random,gaussiancopula + random,1.0,False,Kruskal-Wallis + Dunn,Cliff's delta,0.0016,negligible
adasyn + instancehardness,smote + editednn,1.0,False,Kruskal-Wallis + Dunn,Cliff's delta,0.3858,medium
fastml + random,gaussiancopula + nearmiss,1.0,False,Kruskal-Wallis + Dunn,Cliff's delta,-0.0547,negligible
fastml + random,random + instancehardness,1.0,False,Kruskal-Wallis + Dunn,Cliff's delta,-0.2057,small
adasyn + instancehardness,tvae + nearmiss,1.0,False,Kruskal-Wallis + Dunn,Cliff's delta,-0.0667,negligible
adasyn + instancehardness,tvae + onesidedselection,1.0,False,Kruskal-Wallis + Dunn,Cliff's delta,-0.4374,medium
fastml + onesidedselection,random + onesidedselection,1.0,False,Kruskal-Wallis + Dunn,Cliff's delta,0.0094,negligible
fastml + nearmiss,smote + tomeklinks,1.0,False,Kruskal-Wallis + Dunn,Cliff's delta,0.3293,small
fastml + nearmiss,smote + random,1.0,False,Kruskal-Wallis + Dunn,Cliff's delta,0.2795,small
fastml + nearmiss,smote + onesidedselection,1.0,False,Kruskal-Wallis + Dunn,Cliff's delta,-0.1836,small
fastml + nearmiss,smote + nearmiss,1.0,False,Kruskal-Wallis + Dunn,Cliff's delta,0.6506,large
fastml + nearmiss,smote + instancehardness,1.0,False,Kruskal-Wallis + Dunn,Cliff's delta,0.1098,negligible
fastml + nearmiss,smote + editednn,1.0,False,Kruskal-Wallis + Dunn,Cliff's delta,-0.0225,negligible
adasyn + onesidedselection,copulagan + tomeklinks,1.0,False,Kruskal-Wallis + Dunn,Cliff's delta,0.3187,small
fastml + nearmiss,tvae + clustercentroid,1.0,False,Kruskal-Wallis + Dunn,Cliff's delta,-0.0525,negligible
fastml + nearmiss,smote + clustercentroid,1.0,False,Kruskal-Wallis + Dunn,Cliff's delta,0.228,small
fastml + nearmiss,random + random,1.0,False,Kruskal-Wallis + Dunn,Cliff's delta,0.0316,negligible
copulagan + condensednn,ctgan + onesidedselection,1.0,False,Kruskal-Wallis + Dunn,Cliff's delta,0.7257,large
fastml + nearmiss,random + nearmiss,1.0,False,Kruskal-Wallis + Dunn,Cliff's delta,0.0107,negligible
fastml + nearmiss,random + instancehardness,1.0,False,Kruskal-Wallis + Dunn,Cliff's delta,-0.1419,negligible
adasyn + onesidedselection,ctgan + clustercentroid,1.0,False,Kruskal-Wallis + Dunn,Cliff's delta,0.4066,medium
fastml + nearmiss,random + clustercentroid,1.0,False,Kruskal-Wallis + Dunn,Cliff's delta,-0.0613,negligible
fastml + nearmiss,gaussiancopula + tomeklinks,1.0,False,Kruskal-Wallis + Dunn,Cliff's delta,0.0613,negligible
fastml + nearmiss,random + tomeklinks,1.0,False,Kruskal-Wallis + Dunn,Cliff's delta,0.0805,negligible
fastml + random,smote + nearmiss,1.0,False,Kruskal-Wallis + Dunn,Cliff's delta,0.6434,large
adasyn + onesidedselection,copulagan + random,1.0,False,Kruskal-Wallis + Dunn,Cliff's delta,0.4396,medium
fastml + nearmiss,tvae + instancehardness,1.0,False,Kruskal-Wallis + Dunn,Cliff's delta,-0.165,small
adasyn + instancehardness,tvae + random,1.0,False,Kruskal-Wallis + Dunn,Cliff's delta,0.219,small
fastml + onesidedselection,random + instancehardness,1.0,False,Kruskal-Wallis + Dunn,Cliff's delta,0.2897,small
fastml + onesidedselection,random + editednn,1.0,False,Kruskal-Wallis + Dunn,Cliff's delta,0.0127,negligible
adasyn + instancehardness,tvae + tomeklinks,1.0,False,Kruskal-Wallis + Dunn,Cliff's delta,0.1456,negligible
adasyn + onesidedselection,copulagan + clustercentroid,1.0,False,Kruskal-Wallis + Dunn,Cliff's delta,0.4505,medium
fastml + onesidedselection,gaussiancopula + onesidedselection,1.0,False,Kruskal-Wallis + Dunn,Cliff's delta,0.0004,negligible
copulagan + condensednn,fastml + condensednn,1.0,False,Kruskal-Wallis + Dunn,Cliff's delta,0.1535,small
copulagan + condensednn,ctgan + tomeklinks,1.0,False,Kruskal-Wallis + Dunn,Cliff's delta,0.7567,large
fastml + onesidedselection,gaussiancopula + instancehardness,1.0,False,Kruskal-Wallis + Dunn,Cliff's delta,0.2825,small
adasyn + onesidedselection,copulagan + condensednn,1.0,False,Kruskal-Wallis + Dunn,Cliff's delta,-0.4505,medium
adasyn + onesidedselection,copulagan + instancehardness,1.0,False,Kruskal-Wallis + Dunn,Cliff's delta,0.5275,large
adasyn + onesidedselection,copulagan + nearmiss,1.0,False,Kruskal-Wallis + Dunn,Cliff's delta,0.4359,medium
fastml + nearmiss,tvae + tomeklinks,1.0,False,Kruskal-Wallis + Dunn,Cliff's delta,0.0483,negligible
fastml + nearmiss,tvae + random,1.0,False,Kruskal-Wallis + Dunn,Cliff's delta,0.0067,negligible
adasyn + onesidedselection,copulagan + onesidedselection,1.0,False,Kruskal-Wallis + Dunn,Cliff's delta,0.0714,negligible
fastml + nearmiss,tvae + nearmiss,1.0,False,Kruskal-Wallis + Dunn,Cliff's delta,-0.1085,negligible
fastml + onesidedselection,gaussiancopula + editednn,1.0,False,Kruskal-Wallis + Dunn,Cliff's delta,-0.0003,negligible
adasyn + instancehardness,ctgan + clustercentroid,1.0,False,Kruskal-Wallis + Dunn,Cliff's delta,-0.9238,large
fastml + random,smote + onesidedselection,1.0,False,Kruskal-Wallis + Dunn,Cliff's delta,-0.2247,small
fastml + random,smote + tomeklinks,1.0,False,Kruskal-Wallis + Dunn,Cliff's delta,0.2921,small
adasyn + instancehardness,fastml + nearmiss,1.0,False,Kruskal-Wallis + Dunn,Cliff's delta,0.2595,small
gaussiancopula + clustercentroid,smote + clustercentroid,1.0,False,Kruskal-Wallis + Dunn,Cliff's delta,0.2962,small
gaussiancopula + nearmiss,tvae + nearmiss,1.0,False,Kruskal-Wallis + Dunn,Cliff's delta,-0.1068,negligible
gaussiancopula + clustercentroid,random + random,1.0,False,Kruskal-Wallis + Dunn,Cliff's delta,0.1032,negligible
adasyn + instancehardness,fastml + onesidedselection,1.0,False,Kruskal-Wallis + Dunn,Cliff's delta,-0.2528,small
gaussiancopula + clustercentroid,random + nearmiss,1.0,False,Kruskal-Wallis + Dunn,Cliff's delta,0.082,negligible
gaussiancopula + clustercentroid,random + instancehardness,1.0,False,Kruskal-Wallis + Dunn,Cliff's delta,-0.0608,negligible
adasyn + instancehardness,fastml + random,1.0,False,Kruskal-Wallis + Dunn,Cliff's delta,0.3124,small
gaussiancopula + clustercentroid,random + clustercentroid,1.0,False,Kruskal-Wallis + Dunn,Cliff's delta,0.0067,negligible
gaussiancopula + clustercentroid,gaussiancopula + tomeklinks,1.0,False,Kruskal-Wallis + Dunn,Cliff's delta,0.1369,negligible
gaussiancopula + clustercentroid,gaussiancopula + random,1.0,False,Kruskal-Wallis + Dunn,Cliff's delta,0.1232,negligible
adasyn + instancehardness,fastml + tomeklinks,1.0,False,Kruskal-Wallis + Dunn,Cliff's delta,0.2629,small
gaussiancopula + clustercentroid,gaussiancopula + nearmiss,1.0,False,Kruskal-Wallis + Dunn,Cliff's delta,0.0668,negligible
gaussiancopula + clustercentroid,gaussiancopula + instancehardness,1.0,False,Kruskal-Wallis + Dunn,Cliff's delta,-0.0681,negligible
adasyn + instancehardness,gaussiancopula + clustercentroid,1.0,False,Kruskal-Wallis + Dunn,Cliff's delta,0.1528,small
gaussiancopula + clustercentroid,smote + editednn,1.0,False,Kruskal-Wallis + Dunn,Cliff's delta,0.0458,negligible
gaussiancopula + clustercentroid,smote + instancehardness,1.0,False,Kruskal-Wallis + Dunn,Cliff's delta,0.187,small
gaussiancopula + clustercentroid,smote + nearmiss,1.0,False,Kruskal-Wallis + Dunn,Cliff's delta,0.7097,large
gaussiancopula + clustercentroid,smote + onesidedselection,1.0,False,Kruskal-Wallis + Dunn,Cliff's delta,-0.1741,small
gaussiancopula + condensednn,random + condensednn,1.0,False,Kruskal-Wallis + Dunn,Cliff's delta,0.009,negligible
adasyn + instancehardness,ctgan + instancehardness,1.0,False,Kruskal-Wallis + Dunn,Cliff's delta,-0.3095,small
adasyn + instancehardness,ctgan + nearmiss,1.0,False,Kruskal-Wallis + Dunn,Cliff's delta,-0.7333,large
adasyn + instancehardness,ctgan + onesidedselection,1.0,False,Kruskal-Wallis + Dunn,Cliff's delta,-0.9524,large
adasyn + instancehardness,ctgan + random,1.0,False,Kruskal-Wallis + Dunn,Cliff's delta,-0.6476,large
adasyn + instancehardness,ctgan + tomeklinks,1.0,False,Kruskal-Wallis + Dunn,Cliff's delta,-0.9524,large
adasyn + instancehardness,fastml + clustercentroid,1.0,False,Kruskal-Wallis + Dunn,Cliff's delta,0.1176,negligible
fastml + tomeklinks,tvae + tomeklinks,1.0,False,Kruskal-Wallis + Dunn,Cliff's delta,0.0016,negligible
gaussiancopula + clustercentroid,tvae + tomeklinks,1.0,False,Kruskal-Wallis + Dunn,Cliff's delta,0.1246,negligible
adasyn + instancehardness,fastml + condensednn,1.0,False,Kruskal-Wallis + Dunn,Cliff's delta,-0.6769,large
gaussiancopula + clustercentroid,tvae + nearmiss,1.0,False,Kruskal-Wallis + Dunn,Cliff's delta,-0.0425,negligible
gaussiancopula + clustercentroid,tvae + instancehardness,1.0,False,Kruskal-Wallis + Dunn,Cliff's delta,-0.0961,negligible
adasyn + instancehardness,fastml + editednn,1.0,False,Kruskal-Wallis + Dunn,Cliff's delta,-0.0425,negligible
adasyn + instancehardness,fastml + instancehardness,1.0,False,Kruskal-Wallis + Dunn,Cliff's delta,-0.0778,negligible
gaussiancopula + clustercentroid,tvae + clustercentroid,1.0,False,Kruskal-Wallis + Dunn,Cliff's delta,0.0173,negligible
gaussiancopula + clustercentroid,smote + random,1.0,False,Kruskal-Wallis + Dunn,Cliff's delta,0.3381,medium
gaussiancopula + clustercentroid,tvae + random,1.0,False,Kruskal-Wallis + Dunn,Cliff's delta,0.0807,negligible
fastml + tomeklinks,tvae + random,1.0,False,Kruskal-Wallis + Dunn,Cliff's delta,-0.0568,negligible
adasyn + instancehardness,gaussiancopula + condensednn,1.0,False,Kruskal-Wallis + Dunn,Cliff's delta,-0.6824,large
fastml + tomeklinks,tvae + nearmiss,1.0,False,Kruskal-Wallis + Dunn,Cliff's delta,-0.1417,negligible
fastml + tomeklinks,gaussiancopula + tomeklinks,1.0,False,Kruskal-Wallis + Dunn,Cliff's delta,0.0077,negligible
fastml + tomeklinks,gaussiancopula + random,1.0,False,Kruskal-Wallis + Dunn,Cliff's delta,-0.0127,negligible
adasyn + instancehardness,random + clustercentroid,1.0,False,Kruskal-Wallis + Dunn,Cliff's delta,0.1435,negligible
fastml + tomeklinks,gaussiancopula + nearmiss,1.0,False,Kruskal-Wallis + Dunn,Cliff's delta,-0.0555,negligible
fastml + tomeklinks,gaussiancopula + instancehardness,1.0,False,Kruskal-Wallis + Dunn,Cliff's delta,-0.169,small
adasyn + instancehardness,random + condensednn,1.0,False,Kruskal-Wallis + Dunn,Cliff's delta,-0.6787,large
adasyn + instancehardness,random + editednn,1.0,False,Kruskal-Wallis + Dunn,Cliff's delta,-0.0274,negligible
fastml + tomeklinks,random + clustercentroid,1.0,False,Kruskal-Wallis + Dunn,Cliff's delta,-0.1174,negligible
fastml + tomeklinks,gaussiancopula + clustercentroid,1.0,False,Kruskal-Wallis + Dunn,Cliff's delta,-0.1249,negligible
fastml + random,tvae + random,1.0,False,Kruskal-Wallis + Dunn,Cliff's delta,-0.0422,negligible
adasyn + instancehardness,random + instancehardness,1.0,False,Kruskal-Wallis + Dunn,Cliff's delta,-0.0944,negligible
fastml + random,tvae + nearmiss,1.0,False,Kruskal-Wallis + Dunn,Cliff's delta,-0.1669,small
fastml + random,tvae + instancehardness,1.0,False,Kruskal-Wallis + Dunn,Cliff's delta,-0.2392,small
adasyn + instancehardness,random + nearmiss,1.0,False,Kruskal-Wallis + Dunn,Cliff's delta,0.2367,small
adasyn + instancehardness,random + onesidedselection,1.0,False,Kruskal-Wallis + Dunn,Cliff's delta,-0.3454,medium
fastml + random,tvae + clustercentroid,1.0,False,Kruskal-Wallis + Dunn,Cliff's delta,-0.1041,negligible
fastml + random,tvae + tomeklinks,1.0,False,Kruskal-Wallis + Dunn,Cliff's delta,0.007,negligible
fastml + random,smote + random,1.0,False,Kruskal-Wallis + Dunn,Cliff's delta,0.2348,small
adasyn + instancehardness,gaussiancopula + tomeklinks,1.0,False,Kruskal-Wallis + Dunn,Cliff's delta,0.3018,small
fastml + tomeklinks,random + instancehardness,1.0,False,Kruskal-Wallis + Dunn,Cliff's delta,-0.1533,small
fastml + tomeklinks,tvae + instancehardness,1.0,False,Kruskal-Wallis + Dunn,Cliff's delta,-0.1821,small
adasyn + instancehardness,gaussiancopula + editednn,1.0,False,Kruskal-Wallis + Dunn,Cliff's delta,-0.0408,negligible
adasyn + instancehardness,gaussiancopula + instancehardness,1.0,False,Kruskal-Wallis + Dunn,Cliff's delta,-0.0389,negligible
fastml + tomeklinks,tvae + clustercentroid,1.0,False,Kruskal-Wallis + Dunn,Cliff's delta,-0.1104,negligible
fastml + tomeklinks,smote + tomeklinks,1.0,False,Kruskal-Wallis + Dunn,Cliff's delta,0.2537,small
fastml + tomeklinks,smote + random,1.0,False,Kruskal-Wallis + Dunn,Cliff's delta,0.1973,small
fastml + tomeklinks,smote + onesidedselection,1.0,False,Kruskal-Wallis + Dunn,Cliff's delta,-0.1936,small
adasyn + instancehardness,gaussiancopula + random,1.0,False,Kruskal-Wallis + Dunn,Cliff's delta,0.3288,small
fastml + tomeklinks,smote + nearmiss,1.0,False,Kruskal-Wallis + Dunn,Cliff's delta,0.5765,large
fastml + tomeklinks,smote + editednn,1.0,False,Kruskal-Wallis + Dunn,Cliff's delta,-0.0848,negligible
adasyn + instancehardness,gaussiancopula + nearmiss,1.0,False,Kruskal-Wallis + Dunn,Cliff's delta,0.2254,small
fastml + tomeklinks,smote + clustercentroid,1.0,False,Kruskal-Wallis + Dunn,Cliff's delta,0.1515,small
fastml + tomeklinks,random + tomeklinks,1.0,False,Kruskal-Wallis + Dunn,Cliff's delta,0.0352,negligible
fastml + tomeklinks,random + random,1.0,False,Kruskal-Wallis + Dunn,Cliff's delta,-0.0317,negligible
adasyn + instancehardness,gaussiancopula + onesidedselection,1.0,False,Kruskal-Wallis + Dunn,Cliff's delta,-0.3491,medium
fastml + tomeklinks,random + nearmiss,1.0,False,Kruskal-Wallis + Dunn,Cliff's delta,-0.0468,negligible
fastml + tomeklinks,smote + instancehardness,1.0,False,Kruskal-Wallis + Dunn,Cliff's delta,0.0782,negligible
adasyn + editednn,gaussiancopula + tomeklinks,1.0,False,Kruskal-Wallis + Dunn,Cliff's delta,0.3204,small
adasyn + editednn,ctgan + nearmiss,1.0,False,Kruskal-Wallis + Dunn,Cliff's delta,-0.2037,small
gaussiancopula + nearmiss,tvae + tomeklinks,1.0,False,Kruskal-Wallis + Dunn,Cliff's delta,0.0549,negligible
adasyn + clustercentroid,random + clustercentroid,1.0,False,Kruskal-Wallis + Dunn,Cliff's delta,-0.0015,negligible
smote + clustercentroid,tvae + clustercentroid,1.0,False,Kruskal-Wallis + Dunn,Cliff's delta,-0.274,small
smote + clustercentroid,smote + tomeklinks,1.0,False,Kruskal-Wallis + Dunn,Cliff's delta,0.1162,negligible
smote + clustercentroid,smote + random,1.0,False,Kruskal-Wallis + Dunn,Cliff's delta,0.0358,negligible
smote + clustercentroid,smote + nearmiss,1.0,False,Kruskal-Wallis + Dunn,Cliff's delta,0.4659,medium
smote + clustercentroid,smote + instancehardness,1.0,False,Kruskal-Wallis + Dunn,Cliff's delta,-0.096,negligible
smote + clustercentroid,smote + editednn,1.0,False,Kruskal-Wallis + Dunn,Cliff's delta,-0.2551,small
adasyn + clustercentroid,gaussiancopula + tomeklinks,1.0,False,Kruskal-Wallis + Dunn,Cliff's delta,0.1458,negligible
adasyn + clustercentroid,random + editednn,1.0,False,Kruskal-Wallis + Dunn,Cliff's delta,-0.1927,small
random + tomeklinks,tvae + random,1.0,False,Kruskal-Wallis + Dunn,Cliff's delta,-0.0798,negligible
adasyn + clustercentroid,random + instancehardness,1.0,False,Kruskal-Wallis + Dunn,Cliff's delta,-0.0545,negligible
random + tomeklinks,tvae + nearmiss,1.0,False,Kruskal-Wallis + Dunn,Cliff's delta,-0.1729,small
random + tomeklinks,tvae + instancehardness,1.0,False,Kruskal-Wallis + Dunn,Cliff's delta,-0.2115,small
adasyn + clustercentroid,random + nearmiss,1.0,False,Kruskal-Wallis + Dunn,Cliff's delta,0.0948,negligible
adasyn + clustercentroid,random + onesidedselection,1.0,False,Kruskal-Wallis + Dunn,Cliff's delta,-0.2985,small
random + tomeklinks,tvae + clustercentroid,1.0,False,Kruskal-Wallis + Dunn,Cliff's delta,-0.1316,negligible
random + tomeklinks,tvae + tomeklinks,1.0,False,Kruskal-Wallis + Dunn,Cliff's delta,-0.0336,negligible
random + tomeklinks,smote + tomeklinks,1.0,False,Kruskal-Wallis + Dunn,Cliff's delta,0.2243,small
smote + clustercentroid,tvae + instancehardness,1.0,False,Kruskal-Wallis + Dunn,Cliff's delta,-0.3721,medium
adasyn + clustercentroid,gaussiancopula + random,1.0,False,Kruskal-Wallis + Dunn,Cliff's delta,0.1319,negligible
smote + editednn,smote + random,1.0,False,Kruskal-Wallis + Dunn,Cliff's delta,0.3234,small
smote + editednn,smote + onesidedselection,1.0,False,Kruskal-Wallis + Dunn,Cliff's delta,-0.0185,negligible
smote + editednn,smote + nearmiss,1.0,False,Kruskal-Wallis + Dunn,Cliff's delta,0.6852,large
smote + editednn,smote + instancehardness,1.0,False,Kruskal-Wallis + Dunn,Cliff's delta,0.0576,negligible
adasyn + clustercentroid,fastml + onesidedselection,1.0,False,Kruskal-Wallis + Dunn,Cliff's delta,-0.2951,small
adasyn + clustercentroid,fastml + random,1.0,False,Kruskal-Wallis + Dunn,Cliff's delta,0.1314,negligible
smote + condensednn,tvae + onesidedselection,1.0,False,Kruskal-Wallis + Dunn,Cliff's delta,0.3163,small
smote + clustercentroid,tvae + nearmiss,1.0,False,Kruskal-Wallis + Dunn,Cliff's delta,-0.3045,small
adasyn + clustercentroid,fastml + tomeklinks,1.0,False,Kruskal-Wallis + Dunn,Cliff's delta,0.1383,negligible
smote + condensednn,tvae + condensednn,1.0,False,Kruskal-Wallis + Dunn,Cliff's delta,-0.0825,negligible
adasyn + clustercentroid,gaussiancopula + editednn,1.0,False,Kruskal-Wallis + Dunn,Cliff's delta,-0.1937,small
adasyn + clustercentroid,gaussiancopula + instancehardness,1.0,False,Kruskal-Wallis + Dunn,Cliff's delta,-0.066,negligible
adasyn + clustercentroid,gaussiancopula + nearmiss,1.0,False,Kruskal-Wallis + Dunn,Cliff's delta,0.0826,negligible
adasyn + clustercentroid,gaussiancopula + onesidedselection,1.0,False,Kruskal-Wallis + Dunn,Cliff's delta,-0.3019,small
smote + clustercentroid,tvae + tomeklinks,1.0,False,Kruskal-Wallis + Dunn,Cliff's delta,-0.1251,negligible
smote + clustercentroid,tvae + random,1.0,False,Kruskal-Wallis + Dunn,Cliff's delta,-0.2035,small
adasyn + clustercentroid,gaussiancopula + clustercentroid,1.0,False,Kruskal-Wallis + Dunn,Cliff's delta,-0.0051,negligible
smote + editednn,smote + tomeklinks,1.0,False,Kruskal-Wallis + Dunn,Cliff's delta,0.4033,medium
random + tomeklinks,smote + random,1.0,False,Kruskal-Wallis + Dunn,Cliff's delta,0.1799,small
random + tomeklinks,smote + nearmiss,1.0,False,Kruskal-Wallis + Dunn,Cliff's delta,0.544,large
adasyn + clustercentroid,smote + instancehardness,1.0,False,Kruskal-Wallis + Dunn,Cliff's delta,0.2009,small
adasyn + clustercentroid,smote + nearmiss,1.0,False,Kruskal-Wallis + Dunn,Cliff's delta,0.7404,large
random + onesidedselection,tvae + onesidedselection,1.0,False,Kruskal-Wallis + Dunn,Cliff's delta,-0.0816,negligible
random + onesidedselection,tvae + nearmiss,1.0,False,Kruskal-Wallis + Dunn,Cliff's delta,0.2953,small
random + onesidedselection,tvae + instancehardness,1.0,False,Kruskal-Wallis + Dunn,Cliff's delta,0.3146,small
random + onesidedselection,tvae + editednn,1.0,False,Kruskal-Wallis + Dunn,Cliff's delta,-0.0367,negligible
adasyn + clustercentroid,smote + onesidedselection,1.0,False,Kruskal-Wallis + Dunn,Cliff's delta,-0.16,small
random + random,random + tomeklinks,1.0,False,Kruskal-Wallis + Dunn,Cliff's delta,0.0529,negligible
adasyn + clustercentroid,smote + random,1.0,False,Kruskal-Wallis + Dunn,Cliff's delta,0.3528,medium
adasyn + clustercentroid,tvae + clustercentroid,1.0,False,Kruskal-Wallis + Dunn,Cliff's delta,0.0124,negligible
random + onesidedselection,smote + onesidedselection,1.0,False,Kruskal-Wallis + Dunn,Cliff's delta,0.0304,negligible
random + onesidedselection,smote + nearmiss,1.0,False,Kruskal-Wallis + Dunn,Cliff's delta,0.7597,large
random + onesidedselection,smote + instancehardness,1.0,False,Kruskal-Wallis + Dunn,Cliff's delta,0.5167,large
random + onesidedselection,smote + editednn,1.0,False,Kruskal-Wallis + Dunn,Cliff's delta,0.2347,small
adasyn + clustercentroid,tvae + editednn,1.0,False,Kruskal-Wallis + Dunn,Cliff's delta,-0.265,small
adasyn + clustercentroid,tvae + instancehardness,1.0,False,Kruskal-Wallis + Dunn,Cliff's delta,-0.0969,negligible
adasyn + clustercentroid,smote + tomeklinks,1.0,False,Kruskal-Wallis + Dunn,Cliff's delta,0.3967,medium
random + tomeklinks,smote + onesidedselection,1.0,False,Kruskal-Wallis + Dunn,Cliff's delta,-0.2114,small
random + random,smote + clustercentroid,1.0,False,Kruskal-Wallis + Dunn,Cliff's delta,0.1993,small
random + random,smote + editednn,1.0,False,Kruskal-Wallis + Dunn,Cliff's delta,-0.0433,negligible
random + tomeklinks,smote + instancehardness,1.0,False,Kruskal-Wallis + Dunn,Cliff's delta,0.0534,negligible
random + tomeklinks,smote + editednn,1.0,False,Kruskal-Wallis + Dunn,Cliff's delta,-0.1124,negligible
adasyn + clustercentroid,random + random,1.0,False,Kruskal-Wallis + Dunn,Cliff's delta,0.1126,negligible
random + tomeklinks,smote + clustercentroid,1.0,False,Kruskal-Wallis + Dunn,Cliff's delta,0.1306,negligible
random + random,tvae + tomeklinks,1.0,False,Kruskal-Wallis + Dunn,Cliff's delta,0.0309,negligible
random + random,tvae + random,1.0,False,Kruskal-Wallis + Dunn,Cliff's delta,-0.0285,negligible
adasyn + clustercentroid,random + tomeklinks,1.0,False,Kruskal-Wallis + Dunn,Cliff's delta,0.1694,small
adasyn + clustercentroid,smote + editednn,1.0,False,Kruskal-Wallis + Dunn,Cliff's delta,0.0705,negligible
random + random,tvae + nearmiss,1.0,False,Kruskal-Wallis + Dunn,Cliff's delta,-0.1507,small
adasyn + clustercentroid,smote + clustercentroid,1.0,False,Kruskal-Wallis + Dunn,Cliff's delta,0.2928,small
random + random,tvae + clustercentroid,1.0,False,Kruskal-Wallis + Dunn,Cliff's delta,-0.0878,negligible
random + random,smote + tomeklinks,1.0,False,Kruskal-Wallis + Dunn,Cliff's delta,0.3109,small
random + random,smote + random,1.0,False,Kruskal-Wallis + Dunn,Cliff's delta,0.2501,small
random + random,smote + onesidedselection,1.0,False,Kruskal-Wallis + Dunn,Cliff's delta,-0.1998,small
random + random,smote + nearmiss,1.0,False,Kruskal-Wallis + Dunn,Cliff's delta,0.6458,large
random + random,smote + instancehardness,1.0,False,Kruskal-Wallis + Dunn,Cliff's delta,0.0474,negligible
random + random,tvae + instancehardness,1.0,False,Kruskal-Wallis + Dunn,Cliff's delta,-0.242,small
smote + editednn,tvae + clustercentroid,1.0,False,Kruskal-Wallis + Dunn,Cliff's delta,-0.033,negligible
adasyn + clustercentroid,fastml + nearmiss,1.0,False,Kruskal-Wallis + Dunn,Cliff's delta,0.0782,negligible
smote + editednn,tvae + editednn,1.0,False,Kruskal-Wallis + Dunn,Cliff's delta,-0.2041,small
tvae + clustercentroid,tvae + random,1.0,False,Kruskal-Wallis + Dunn,Cliff's delta,0.0584,negligible
adasyn + clustercentroid,copulagan + random,1.0,False,Kruskal-Wallis + Dunn,Cliff's delta,-0.3626,medium
tvae + clustercentroid,tvae + nearmiss,1.0,False,Kruskal-Wallis + Dunn,Cliff's delta,-0.0562,negligible
tvae + clustercentroid,tvae + instancehardness,1.0,False,Kruskal-Wallis + Dunn,Cliff's delta,-0.1087,negligible
adasyn + clustercentroid,copulagan + tomeklinks,1.0,False,Kruskal-Wallis + Dunn,Cliff's delta,-0.4308,medium
adasyn + clustercentroid,ctgan + clustercentroid,1.0,False,Kruskal-Wallis + Dunn,Cliff's delta,-0.4143,medium
smote + tomeklinks,tvae + tomeklinks,1.0,False,Kruskal-Wallis + Dunn,Cliff's delta,-0.2449,small
tvae + clustercentroid,tvae + tomeklinks,1.0,False,Kruskal-Wallis + Dunn,Cliff's delta,0.1063,negligible
smote + tomeklinks,tvae + random,1.0,False,Kruskal-Wallis + Dunn,Cliff's delta,-0.3086,small
smote + tomeklinks,tvae + nearmiss,1.0,False,Kruskal-Wallis + Dunn,Cliff's delta,-0.3648,medium
smote + tomeklinks,tvae + instancehardness,1.0,False,Kruskal-Wallis + Dunn,Cliff's delta,-0.4273,medium
adasyn + clustercentroid,ctgan + nearmiss,1.0,False,Kruskal-Wallis + Dunn,Cliff's delta,-0.4154,medium
adasyn + clustercentroid,ctgan + onesidedselection,1.0,False,Kruskal-Wallis + Dunn,Cliff's delta,-0.5407,large
smote + tomeklinks,tvae + clustercentroid,1.0,False,Kruskal-Wallis + Dunn,Cliff's delta,-0.3595,medium
smote + random,tvae + tomeklinks,1.0,False,Kruskal-Wallis + Dunn,Cliff's delta,-0.174,small
smote + random,tvae + random,1.0,False,Kruskal-Wallis + Dunn,Cliff's delta,-0.2528,small
adasyn + clustercentroid,ctgan + instancehardness,1.0,False,Kruskal-Wallis + Dunn,Cliff's delta,-0.2967,small
adasyn + clustercentroid,ctgan + random,1.0,False,Kruskal-Wallis + Dunn,Cliff's delta,-0.3451,medium
adasyn + clustercentroid,copulagan + onesidedselection,1.0,False,Kruskal-Wallis + Dunn,Cliff's delta,-0.5736,large
adasyn + clustercentroid,copulagan + instancehardness,1.0,False,Kruskal-Wallis + Dunn,Cliff's delta,-0.3253,small
adasyn + clustercentroid,adasyn + editednn,1.0,False,Kruskal-Wallis + Dunn,Cliff's delta,-0.1795,small
tvae + nearmiss,tvae + tomeklinks,1.0,False,Kruskal-Wallis + Dunn,Cliff's delta,0.1006,negligible
tvae + nearmiss,tvae + random,1.0,False,Kruskal-Wallis + Dunn,Cliff's delta,0.0977,negligible
tvae + nearmiss,tvae + onesidedselection,1.0,False,Kruskal-Wallis + Dunn,Cliff's delta,-0.3653,medium
tvae + instancehardness,tvae + tomeklinks,1.0,False,Kruskal-Wallis + Dunn,Cliff's delta,0.1232,negligible
tvae + instancehardness,tvae + random,1.0,False,Kruskal-Wallis + Dunn,Cliff's delta,0.1661,small
tvae + instancehardness,tvae + onesidedselection,1.0,False,Kruskal-Wallis + Dunn,Cliff's delta,-0.4002,medium
adasyn + clustercentroid,copulagan + nearmiss,1.0,False,Kruskal-Wallis + Dunn,Cliff's delta,-0.4154,medium
tvae + instancehardness,tvae + nearmiss,1.0,False,Kruskal-Wallis + Dunn,Cliff's delta,-0.0088,negligible
adasyn + clustercentroid,adasyn + onesidedselection,1.0,False,Kruskal-Wallis + Dunn,Cliff's delta,-0.4482,medium
tvae + editednn,tvae + onesidedselection,1.0,False,Kruskal-Wallis + Dunn,Cliff's delta,-0.011,negligible
tvae + editednn,tvae + nearmiss,1.0,False,Kruskal-Wallis + Dunn,Cliff's delta,0.2481,small
tvae + editednn,tvae + instancehardness,1.0,False,Kruskal-Wallis + Dunn,Cliff's delta,0.2308,small
adasyn + clustercentroid,adasyn + random,1.0,False,Kruskal-Wallis + Dunn,Cliff's delta,0.1075,negligible
adasyn + clustercentroid,adasyn + tomeklinks,1.0,False,Kruskal-Wallis + Dunn,Cliff's delta,0.1506,small
adasyn + clustercentroid,copulagan + clustercentroid,1.0,False,Kruskal-Wallis + Dunn,Cliff's delta,-0.4165,medium
adasyn + clustercentroid,adasyn + instancehardness,1.0,False,Kruskal-Wallis + Dunn,Cliff's delta,-0.1474,small
smote + random,tvae + nearmiss,1.0,False,Kruskal-Wallis + Dunn,Cliff's delta,-0.3548,medium
smote + random,tvae + instancehardness,1.0,False,Kruskal-Wallis + Dunn,Cliff's delta,-0.4316,medium
adasyn + clustercentroid,ctgan + tomeklinks,1.0,False,Kruskal-Wallis + Dunn,Cliff's delta,-0.4967,large
smote + instancehardness,tvae + tomeklinks,1.0,False,Kruskal-Wallis + Dunn,Cliff's delta,-0.1264,negligible
smote + instancehardness,tvae + random,1.0,False,Kruskal-Wallis + Dunn,Cliff's delta,-0.1227,negligible
smote + instancehardness,tvae + onesidedselection,1.0,False,Kruskal-Wallis + Dunn,Cliff's delta,-0.5864,large
smote + instancehardness,tvae + nearmiss,1.0,False,Kruskal-Wallis + Dunn,Cliff's delta,-0.2944,small
smote + instancehardness,tvae + instancehardness,1.0,False,Kruskal-Wallis + Dunn,Cliff's delta,-0.4095,medium
smote + instancehardness,tvae + editednn,1.0,False,Kruskal-Wallis + Dunn,Cliff's delta,-0.3988,medium
adasyn + clustercentroid,fastml + instancehardness,1.0,False,Kruskal-Wallis + Dunn,Cliff's delta,-0.0686,negligible
smote + nearmiss,smote + onesidedselection,1.0,False,Kruskal-Wallis + Dunn,Cliff's delta,-0.5682,large
smote + instancehardness,tvae + clustercentroid,1.0,False,Kruskal-Wallis + Dunn,Cliff's delta,-0.1737,small
smote + instancehardness,smote + random,1.0,False,Kruskal-Wallis + Dunn,Cliff's delta,0.1496,small
smote + instancehardness,smote + onesidedselection,1.0,False,Kruskal-Wallis + Dunn,Cliff's delta,-0.3283,small
smote + instancehardness,smote + nearmiss,1.0,False,Kruskal-Wallis + Dunn,Cliff's delta,0.5556,large
smote + editednn,tvae + tomeklinks,1.0,False,Kruskal-Wallis + Dunn,Cliff's delta,0.0996,negligible
smote + editednn,tvae + random,1.0,False,Kruskal-Wallis + Dunn,Cliff's delta,0.0248,negligible
smote + editednn,tvae + nearmiss,1.0,False,Kruskal-Wallis + Dunn,Cliff's delta,-0.1065,negligible
smote + editednn,tvae + instancehardness,1.0,False,Kruskal-Wallis + Dunn,Cliff's delta,-0.1914,small
smote + instancehardness,smote + tomeklinks,1.0,False,Kruskal-Wallis + Dunn,Cliff's delta,0.2222,small
smote + nearmiss,smote + random,1.0,False,Kruskal-Wallis + Dunn,Cliff's delta,-0.4327,medium
smote + nearmiss,smote + tomeklinks,1.0,False,Kruskal-Wallis + Dunn,Cliff's delta,-0.287,small
smote + nearmiss,tvae + clustercentroid,1.0,False,Kruskal-Wallis + Dunn,Cliff's delta,-0.6925,large
adasyn + clustercentroid,fastml + clustercentroid,1.0,False,Kruskal-Wallis + Dunn,Cliff's delta,-0.003,negligible
smote + random,tvae + clustercentroid,1.0,False,Kruskal-Wallis + Dunn,Cliff's delta,-0.3179,small
smote + random,smote + tomeklinks,1.0,False,Kruskal-Wallis + Dunn,Cliff's delta,0.0997,negligible
smote + onesidedselection,tvae + tomeklinks,1.0,False,Kruskal-Wallis + Dunn,Cliff's delta,0.2045,small
smote + onesidedselection,tvae + random,1.0,False,Kruskal-Wallis + Dunn,Cliff's delta,0.2154,small
smote + onesidedselection,tvae + onesidedselection,1.0,False,Kruskal-Wallis + Dunn,Cliff's delta,-0.1159,negligible
smote + onesidedselection,tvae + nearmiss,1.0,False,Kruskal-Wallis + Dunn,Cliff's delta,0.1705,small
smote + onesidedselection,tvae + instancehardness,1.0,False,Kruskal-Wallis + Dunn,Cliff's delta,0.1944,small
smote + onesidedselection,tvae + editednn,1.0,False,Kruskal-Wallis + Dunn,Cliff's delta,-0.1608,small
adasyn + clustercentroid,fastml + editednn,1.0,False,Kruskal-Wallis + Dunn,Cliff's delta,-0.2163,small
smote + onesidedselection,tvae + clustercentroid,1.0,False,Kruskal-Wallis + Dunn,Cliff's delta,0.1852,small
smote + nearmiss,tvae + tomeklinks,1.0,False,Kruskal-Wallis + Dunn,Cliff's delta,-0.5517,large
smote + nearmiss,tvae + random,1.0,False,Kruskal-Wallis + Dunn,Cliff's delta,-0.6512,large
smote + nearmiss,tvae + onesidedselection,1.0,False,Kruskal-Wallis + Dunn,Cliff's delta,-0.7977,large
smote + nearmiss,tvae + nearmiss,1.0,False,Kruskal-Wallis + Dunn,Cliff's delta,-0.6875,large
smote + nearmiss,tvae + instancehardness,1.0,False,Kruskal-Wallis + Dunn,Cliff's delta,-0.7778,large
smote + nearmiss,tvae + editednn,1.0,False,Kruskal-Wallis + Dunn,Cliff's delta,-0.7428,large
adasyn + clustercentroid,tvae + nearmiss,1.0,False,Kruskal-Wallis + Dunn,Cliff's delta,-0.0481,negligible
gaussiancopula + nearmiss,tvae + random,1.0,False,Kruskal-Wallis + Dunn,Cliff's delta,0.0122,negligible
random + nearmiss,tvae + tomeklinks,1.0,False,Kruskal-Wallis + Dunn,Cliff's delta,0.0313,negligible
adasyn + clustercentroid,tvae + onesidedselection,1.0,False,Kruskal-Wallis + Dunn,Cliff's delta,-0.3651,medium
gaussiancopula + tomeklinks,random + tomeklinks,1.0,False,Kruskal-Wallis + Dunn,Cliff's delta,0.0283,negligible
gaussiancopula + tomeklinks,random + random,1.0,False,Kruskal-Wallis + Dunn,Cliff's delta,-0.0364,negligible
adasyn + editednn,copulagan + random,1.0,False,Kruskal-Wallis + Dunn,Cliff's delta,-0.1905,small
gaussiancopula + tomeklinks,random + nearmiss,1.0,False,Kruskal-Wallis + Dunn,Cliff's delta,-0.0514,negligible
gaussiancopula + tomeklinks,random + instancehardness,1.0,False,Kruskal-Wallis + Dunn,Cliff's delta,-0.1873,small
adasyn + editednn,copulagan + tomeklinks,1.0,False,Kruskal-Wallis + Dunn,Cliff's delta,-0.2063,small
adasyn + editednn,ctgan + clustercentroid,1.0,False,Kruskal-Wallis + Dunn,Cliff's delta,-0.1825,small
gaussiancopula + tomeklinks,smote + clustercentroid,1.0,False,Kruskal-Wallis + Dunn,Cliff's delta,0.1583,small
gaussiancopula + tomeklinks,random + clustercentroid,1.0,False,Kruskal-Wallis + Dunn,Cliff's delta,-0.1296,negligible
gaussiancopula + random,tvae + random,1.0,False,Kruskal-Wallis + Dunn,Cliff's delta,-0.0428,negligible
gaussiancopula + random,tvae + nearmiss,1.0,False,Kruskal-Wallis + Dunn,Cliff's delta,-0.1696,small
gaussiancopula + random,tvae + instancehardness,1.0,False,Kruskal-Wallis + Dunn,Cliff's delta,-0.2502,small
adasyn + editednn,ctgan + instancehardness,1.0,False,Kruskal-Wallis + Dunn,Cliff's delta,-0.1667,small
fastml + nearmiss,gaussiancopula + random,1.0,False,Kruskal-Wallis + Dunn,Cliff's delta,0.0466,negligible
gaussiancopula + random,tvae + clustercentroid,1.0,False,Kruskal-Wallis + Dunn,Cliff's delta,-0.107,negligible
gaussiancopula + random,smote + tomeklinks,1.0,False,Kruskal-Wallis + Dunn,Cliff's delta,0.3034,small
gaussiancopula + random,tvae + tomeklinks,1.0,False,Kruskal-Wallis + Dunn,Cliff's delta,0.0124,negligible
gaussiancopula + random,smote + random,1.0,False,Kruskal-Wallis + Dunn,Cliff's delta,0.2391,small
adasyn + editednn,copulagan + onesidedselection,1.0,False,Kruskal-Wallis + Dunn,Cliff's delta,-0.4048,medium
gaussiancopula + tomeklinks,smote + instancehardness,1.0,False,Kruskal-Wallis + Dunn,Cliff's delta,0.0631,negligible
adasyn + editednn,adasyn + random,1.0,False,Kruskal-Wallis + Dunn,Cliff's delta,0.3039,small
random + clustercentroid,random + nearmiss,1.0,False,Kruskal-Wallis + Dunn,Cliff's delta,0.0803,negligible
random + clustercentroid,random + instancehardness,1.0,False,Kruskal-Wallis + Dunn,Cliff's delta,-0.0594,negligible
adasyn + editednn,adasyn + tomeklinks,1.0,False,Kruskal-Wallis + Dunn,Cliff's delta,0.3704,medium
gaussiancopula + tomeklinks,tvae + tomeklinks,1.0,False,Kruskal-Wallis + Dunn,Cliff's delta,-0.0018,negligible
gaussiancopula + tomeklinks,tvae + random,1.0,False,Kruskal-Wallis + Dunn,Cliff's delta,-0.0663,negligible
adasyn + editednn,copulagan + clustercentroid,1.0,False,Kruskal-Wallis + Dunn,Cliff's delta,-0.1746,small
gaussiancopula + tomeklinks,smote + editednn,1.0,False,Kruskal-Wallis + Dunn,Cliff's delta,-0.0961,negligible
gaussiancopula + tomeklinks,tvae + nearmiss,1.0,False,Kruskal-Wallis + Dunn,Cliff's delta,-0.1568,small
adasyn + editednn,copulagan + instancehardness,1.0,False,Kruskal-Wallis + Dunn,Cliff's delta,-0.1667,small
adasyn + editednn,copulagan + nearmiss,1.0,False,Kruskal-Wallis + Dunn,Cliff's delta,-0.1852,small
gaussiancopula + tomeklinks,tvae + clustercentroid,1.0,False,Kruskal-Wallis + Dunn,Cliff's delta,-0.1175,negligible
gaussiancopula + tomeklinks,smote + tomeklinks,1.0,False,Kruskal-Wallis + Dunn,Cliff's delta,0.2623,small
gaussiancopula + tomeklinks,smote + random,1.0,False,Kruskal-Wallis + Dunn,Cliff's delta,0.2029,small
gaussiancopula + tomeklinks,smote + onesidedselection,1.0,False,Kruskal-Wallis + Dunn,Cliff's delta,-0.2161,small
gaussiancopula + tomeklinks,smote + nearmiss,1.0,False,Kruskal-Wallis + Dunn,Cliff's delta,0.608,large
gaussiancopula + tomeklinks,tvae + instancehardness,1.0,False,Kruskal-Wallis + Dunn,Cliff's delta,-0.2077,small
random + clustercentroid,random + random,1.0,False,Kruskal-Wallis + Dunn,Cliff's delta,0.0973,negligible
gaussiancopula + random,smote + onesidedselection,1.0,False,Kruskal-Wallis + Dunn,Cliff's delta,-0.2143,small
gaussiancopula + random,smote + instancehardness,1.0,False,Kruskal-Wallis + Dunn,Cliff's delta,0.0658,negligible
adasyn + editednn,fastml + onesidedselection,1.0,False,Kruskal-Wallis + Dunn,Cliff's delta,-0.0222,negligible
adasyn + editednn,fastml + random,1.0,False,Kruskal-Wallis + Dunn,Cliff's delta,0.2945,small
gaussiancopula + onesidedselection,smote + onesidedselection,1.0,False,Kruskal-Wallis + Dunn,Cliff's delta,0.0518,negligible
gaussiancopula + onesidedselection,smote + nearmiss,1.0,False,Kruskal-Wallis + Dunn,Cliff's delta,0.7736,large
gaussiancopula + onesidedselection,smote + instancehardness,1.0,False,Kruskal-Wallis + Dunn,Cliff's delta,0.5265,large
gaussiancopula + onesidedselection,smote + editednn,1.0,False,Kruskal-Wallis + Dunn,Cliff's delta,0.2363,small
adasyn + editednn,fastml + tomeklinks,1.0,False,Kruskal-Wallis + Dunn,Cliff's delta,0.3034,small
adasyn + editednn,fastml + nearmiss,1.0,False,Kruskal-Wallis + Dunn,Cliff's delta,0.2532,small
adasyn + editednn,gaussiancopula + clustercentroid,1.0,False,Kruskal-Wallis + Dunn,Cliff's delta,0.1883,small
adasyn + editednn,gaussiancopula + editednn,1.0,False,Kruskal-Wallis + Dunn,Cliff's delta,0.0131,negligible
gaussiancopula + onesidedselection,random + instancehardness,1.0,False,Kruskal-Wallis + Dunn,Cliff's delta,0.3323,medium
gaussiancopula + onesidedselection,random + editednn,1.0,False,Kruskal-Wallis + Dunn,Cliff's delta,0.034,negligible
adasyn + editednn,gaussiancopula + instancehardness,1.0,False,Kruskal-Wallis + Dunn,Cliff's delta,0.0759,negligible
adasyn + editednn,gaussiancopula + nearmiss,1.0,False,Kruskal-Wallis + Dunn,Cliff's delta,0.2715,small
adasyn + editednn,gaussiancopula + onesidedselection,1.0,False,Kruskal-Wallis + Dunn,Cliff's delta,-0.0549,negligible
adasyn + editednn,gaussiancopula + random,1.0,False,Kruskal-Wallis + Dunn,Cliff's delta,0.2959,small
gaussiancopula + onesidedselection,random + onesidedselection,1.0,False,Kruskal-Wallis + Dunn,Cliff's delta,0.0098,negligible
gaussiancopula + random,smote + nearmiss,1.0,False,Kruskal-Wallis + Dunn,Cliff's delta,0.659,large
adasyn + editednn,fastml + instancehardness,1.0,False,Kruskal-Wallis + Dunn,Cliff's delta,0.0713,negligible
gaussiancopula + onesidedselection,tvae + instancehardness,1.0,False,Kruskal-Wallis + Dunn,Cliff's delta,0.3167,small
gaussiancopula + random,smote + editednn,1.0,False,Kruskal-Wallis + Dunn,Cliff's delta,-0.0609,negligible
adasyn + editednn,ctgan + onesidedselection,1.0,False,Kruskal-Wallis + Dunn,Cliff's delta,-0.2857,small
gaussiancopula + random,smote + clustercentroid,1.0,False,Kruskal-Wallis + Dunn,Cliff's delta,0.1879,small
gaussiancopula + random,random + tomeklinks,1.0,False,Kruskal-Wallis + Dunn,Cliff's delta,0.0338,negligible
gaussiancopula + random,random + random,1.0,False,Kruskal-Wallis + Dunn,Cliff's delta,-0.0135,negligible
adasyn + editednn,ctgan + random,1.0,False,Kruskal-Wallis + Dunn,Cliff's delta,-0.1746,small
gaussiancopula + random,random + nearmiss,1.0,False,Kruskal-Wallis + Dunn,Cliff's delta,-0.039,negligible
gaussiancopula + onesidedselection,tvae + editednn,1.0,False,Kruskal-Wallis + Dunn,Cliff's delta,-0.0395,negligible
gaussiancopula + random,random + instancehardness,1.0,False,Kruskal-Wallis + Dunn,Cliff's delta,-0.2175,small
adasyn + editednn,fastml + clustercentroid,1.0,False,Kruskal-Wallis + Dunn,Cliff's delta,0.1914,small
gaussiancopula + random,random + clustercentroid,1.0,False,Kruskal-Wallis + Dunn,Cliff's delta,-0.1174,negligible
gaussiancopula + random,gaussiancopula + tomeklinks,1.0,False,Kruskal-Wallis + Dunn,Cliff's delta,0.0184,negligible
copulagan + condensednn,random + condensednn,1.0,False,Kruskal-Wallis + Dunn,Cliff's delta,0.1713,small
adasyn + editednn,fastml + editednn,1.0,False,Kruskal-Wallis + Dunn,Cliff's delta,-0.0119,negligible
gaussiancopula + onesidedselection,tvae + onesidedselection,1.0,False,Kruskal-Wallis + Dunn,Cliff's delta,-0.0638,negligible
gaussiancopula + onesidedselection,tvae + nearmiss,1.0,False,Kruskal-Wallis + Dunn,Cliff's delta,0.2894,small
adasyn + editednn,ctgan + tomeklinks,1.0,False,Kruskal-Wallis + Dunn,Cliff's delta,-0.246,small
random + clustercentroid,random + tomeklinks,1.0,False,Kruskal-Wallis + Dunn,Cliff's delta,0.1448,negligible
random + clustercentroid,smote + clustercentroid,1.0,False,Kruskal-Wallis + Dunn,Cliff's delta,0.2819,small
adasyn + editednn,adasyn + onesidedselection,1.0,False,Kruskal-Wallis + Dunn,Cliff's delta,-0.1752,small
adasyn + condensednn,adasyn + onesidedselection,1.0,False,Kruskal-Wallis + Dunn,Cliff's delta,0.3476,medium
random + instancehardness,tvae + clustercentroid,1.0,False,Kruskal-Wallis + Dunn,Cliff's delta,0.0745,negligible
random + instancehardness,smote + tomeklinks,1.0,False,Kruskal-Wallis + Dunn,Cliff's delta,0.4269,medium
random + instancehardness,smote + random,1.0,False,Kruskal-Wallis + Dunn,Cliff's delta,0.4202,medium
random + instancehardness,smote + onesidedselection,1.0,False,Kruskal-Wallis + Dunn,Cliff's delta,-0.1792,small
random + instancehardness,smote + nearmiss,1.0,False,Kruskal-Wallis + Dunn,Cliff's delta,0.7792,large
random + instancehardness,smote + instancehardness,1.0,False,Kruskal-Wallis + Dunn,Cliff's delta,0.3481,medium
random + instancehardness,tvae + editednn,1.0,False,Kruskal-Wallis + Dunn,Cliff's delta,-0.2258,small
random + instancehardness,smote + editednn,1.0,False,Kruskal-Wallis + Dunn,Cliff's delta,0.1775,small
random + instancehardness,random + tomeklinks,1.0,False,Kruskal-Wallis + Dunn,Cliff's delta,0.1874,small
random + instancehardness,random + random,1.0,False,Kruskal-Wallis + Dunn,Cliff's delta,0.21,small
random + instancehardness,random + onesidedselection,1.0,False,Kruskal-Wallis + Dunn,Cliff's delta,-0.3306,medium
random + instancehardness,random + nearmiss,1.0,False,Kruskal-Wallis + Dunn,Cliff's delta,0.1545,small
adasyn + condensednn,copulagan + condensednn,1.0,False,Kruskal-Wallis + Dunn,Cliff's delta,0.0604,negligible
adasyn + condensednn,copulagan + editednn,1.0,False,Kruskal-Wallis + Dunn,Cliff's delta,-0.6813,large
random + editednn,tvae + onesidedselection,1.0,False,Kruskal-Wallis + Dunn,Cliff's delta,-0.0907,negligible
random + instancehardness,smote + clustercentroid,1.0,False,Kruskal-Wallis + Dunn,Cliff's delta,0.3519,medium
random + editednn,tvae + nearmiss,1.0,False,Kruskal-Wallis + Dunn,Cliff's delta,0.1505,small
random + instancehardness,tvae + instancehardness,1.0,False,Kruskal-Wallis + Dunn,Cliff's delta,-0.0781,negligible
random + instancehardness,tvae + random,1.0,False,Kruskal-Wallis + Dunn,Cliff's delta,0.1293,negligible
random + nearmiss,tvae + nearmiss,1.0,False,Kruskal-Wallis + Dunn,Cliff's delta,-0.1392,negligible
random + nearmiss,tvae + instancehardness,1.0,False,Kruskal-Wallis + Dunn,Cliff's delta,-0.1944,small
adasyn + clustercentroid,tvae + random,1.0,False,Kruskal-Wallis + Dunn,Cliff's delta,0.0787,negligible
adasyn + clustercentroid,tvae + tomeklinks,1.0,False,Kruskal-Wallis + Dunn,Cliff's delta,0.1379,negligible
random + nearmiss,tvae + clustercentroid,1.0,False,Kruskal-Wallis + Dunn,Cliff's delta,-0.0716,negligible
random + nearmiss,smote + tomeklinks,1.0,False,Kruskal-Wallis + Dunn,Cliff's delta,0.3083,small
random + nearmiss,smote + random,1.0,False,Kruskal-Wallis + Dunn,Cliff's delta,0.2646,small
random + instancehardness,tvae + nearmiss,1.0,False,Kruskal-Wallis + Dunn,Cliff's delta,-0.0558,negligible
random + nearmiss,smote + onesidedselection,1.0,False,Kruskal-Wallis + Dunn,Cliff's delta,-0.2058,small
random + nearmiss,smote + instancehardness,1.0,False,Kruskal-Wallis + Dunn,Cliff's delta,0.1124,negligible
random + nearmiss,smote + editednn,1.0,False,Kruskal-Wallis + Dunn,Cliff's delta,-0.0196,negligible
random + nearmiss,smote + clustercentroid,1.0,False,Kruskal-Wallis + Dunn,Cliff's delta,0.211,small
random + nearmiss,random + tomeklinks,1.0,False,Kruskal-Wallis + Dunn,Cliff's delta,0.0695,negligible
random + nearmiss,random + random,1.0,False,Kruskal-Wallis + Dunn,Cliff's delta,0.0247,negligible
adasyn + condensednn,adasyn + instancehardness,1.0,False,Kruskal-Wallis + Dunn,Cliff's delta,0.9295,large
random + instancehardness,tvae + tomeklinks,1.0,False,Kruskal-Wallis + Dunn,Cliff's delta,0.1023,negligible
random + nearmiss,smote + nearmiss,1.0,False,Kruskal-Wallis + Dunn,Cliff's delta,0.6222,large
random + editednn,tvae + instancehardness,1.0,False,Kruskal-Wallis + Dunn,Cliff's delta,0.1196,negligible
random + editednn,tvae + editednn,1.0,False,Kruskal-Wallis + Dunn,Cliff's delta,-0.0305,negligible
adasyn + condensednn,copulagan + nearmiss,1.0,False,Kruskal-Wallis + Dunn,Cliff's delta,0.7179,large
copulagan + editednn,ctgan + condensednn,1.0,False,Kruskal-Wallis + Dunn,Cliff's delta,0.7339,large
adasyn + condensednn,smote + condensednn,1.0,False,Kruskal-Wallis + Dunn,Cliff's delta,0.1294,negligible
copulagan + condensednn,tvae + condensednn,1.0,False,Kruskal-Wallis + Dunn,Cliff's delta,0.0915,negligible
adasyn + condensednn,tvae + condensednn,1.0,False,Kruskal-Wallis + Dunn,Cliff's delta,0.1061,negligible
random + clustercentroid,tvae + tomeklinks,1.0,False,Kruskal-Wallis + Dunn,Cliff's delta,0.1155,negligible
random + clustercentroid,tvae + random,1.0,False,Kruskal-Wallis + Dunn,Cliff's delta,0.0722,negligible
copulagan + condensednn,smote + condensednn,1.0,False,Kruskal-Wallis + Dunn,Cliff's delta,0.1526,small
adasyn + condensednn,random + condensednn,1.0,False,Kruskal-Wallis + Dunn,Cliff's delta,0.1643,small
random + clustercentroid,tvae + nearmiss,1.0,False,Kruskal-Wallis + Dunn,Cliff's delta,-0.0461,negligible
adasyn + editednn,adasyn + instancehardness,1.0,False,Kruskal-Wallis + Dunn,Cliff's delta,-0.0926,negligible
random + clustercentroid,tvae + clustercentroid,1.0,False,Kruskal-Wallis + Dunn,Cliff's delta,0.0147,negligible
random + clustercentroid,smote + random,1.0,False,Kruskal-Wallis + Dunn,Cliff's delta,0.33,medium
random + clustercentroid,smote + onesidedselection,1.0,False,Kruskal-Wallis + Dunn,Cliff's delta,-0.1822,small
random + clustercentroid,smote + nearmiss,1.0,False,Kruskal-Wallis + Dunn,Cliff's delta,0.6875,large
random + clustercentroid,smote + instancehardness,1.0,False,Kruskal-Wallis + Dunn,Cliff's delta,0.1821,small
random + clustercentroid,smote + editednn,1.0,False,Kruskal-Wallis + Dunn,Cliff's delta,0.0499,negligible
random + clustercentroid,tvae + instancehardness,1.0,False,Kruskal-Wallis + Dunn,Cliff's delta,-0.0957,negligible
random + condensednn,smote + condensednn,1.0,False,Kruskal-Wallis + Dunn,Cliff's delta,0.0006,negligible
adasyn + condensednn,gaussiancopula + condensednn,1.0,False,Kruskal-Wallis + Dunn,Cliff's delta,0.1571,small
copulagan + editednn,gaussiancopula + condensednn,1.0,False,Kruskal-Wallis + Dunn,Cliff's delta,0.6679,large
adasyn + condensednn,copulagan + onesidedselection,1.0,False,Kruskal-Wallis + Dunn,Cliff's delta,0.5824,large
random + editednn,smote + onesidedselection,1.0,False,Kruskal-Wallis + Dunn,Cliff's delta,0.1096,negligible
random + editednn,smote + nearmiss,1.0,False,Kruskal-Wallis + Dunn,Cliff's delta,0.74,large
random + editednn,smote + instancehardness,1.0,False,Kruskal-Wallis + Dunn,Cliff's delta,0.3206,small
random + editednn,smote + editednn,1.0,False,Kruskal-Wallis + Dunn,Cliff's delta,0.1855,small
copulagan + editednn,ctgan + editednn,1.0,False,Kruskal-Wallis + Dunn,Cliff's delta,-0.1861,small
adasyn + condensednn,copulagan + tomeklinks,1.0,False,Kruskal-Wallis + Dunn,Cliff's delta,0.6923,large
adasyn + condensednn,ctgan + clustercentroid,1.0,False,Kruskal-Wallis + Dunn,Cliff's delta,0.7363,large
random + editednn,random + onesidedselection,1.0,False,Kruskal-Wallis + Dunn,Cliff's delta,-0.0302,negligible
random + editednn,random + instancehardness,1.0,False,Kruskal-Wallis + Dunn,Cliff's delta,0.1248,negligible
adasyn + condensednn,ctgan + condensednn,1.0,False,Kruskal-Wallis + Dunn,Cliff's delta,0.1703,small
adasyn + condensednn,ctgan + editednn,1.0,False,Kruskal-Wallis + Dunn,Cliff's delta,-0.7582,large
adasyn + condensednn,ctgan + nearmiss,1.0,False,Kruskal-Wallis + Dunn,Cliff's delta,0.6923,large
adasyn + condensednn,ctgan + onesidedselection,1.0,False,Kruskal-Wallis + Dunn,Cliff's delta,0.5604,large
random + condensednn,tvae + condensednn,1.0,False,Kruskal-Wallis + Dunn,Cliff's delta,-0.0782,negligible
adasyn + condensednn,ctgan + tomeklinks,1.0,False,Kruskal-Wallis + Dunn,Cliff's delta,0.6154,large
adasyn + condensednn,fastml + condensednn,1.0,False,Kruskal-Wallis + Dunn,Cliff's delta,0.1803,small
random + nearmiss,tvae + random,1.0,False,Kruskal-Wallis + Dunn,Cliff's delta,-0.0104,negligible
copulagan + condensednn,ctgan + nearmiss,1.0,False,Kruskal-Wallis + Dunn,Cliff's delta,0.821,large
fastml + editednn,random + onesidedselection,1.0,False,Kruskal-Wallis + Dunn,Cliff's delta,-0.0059,negligible
fastml + nearmiss,gaussiancopula + instancehardness,1.0,False,Kruskal-Wallis + Dunn,Cliff's delta,-0.143,negligible
ctgan + clustercentroid,fastml + onesidedselection,1.0,False,Kruskal-Wallis + Dunn,Cliff's delta,-0.0892,negligible
ctgan + clustercentroid,fastml + nearmiss,1.0,False,Kruskal-Wallis + Dunn,Cliff's delta,0.4539,medium
ctgan + clustercentroid,fastml + instancehardness,1.0,False,Kruskal-Wallis + Dunn,Cliff's delta,0.5876,large
ctgan + clustercentroid,fastml + editednn,1.0,False,Kruskal-Wallis + Dunn,Cliff's delta,0.0297,negligible
ctgan + clustercentroid,fastml + condensednn,1.0,False,Kruskal-Wallis + Dunn,Cliff's delta,-0.6076,large
ctgan + clustercentroid,fastml + clustercentroid,1.0,False,Kruskal-Wallis + Dunn,Cliff's delta,0.4008,medium
ctgan + clustercentroid,ctgan + tomeklinks,1.0,False,Kruskal-Wallis + Dunn,Cliff's delta,-0.3494,medium
ctgan + clustercentroid,ctgan + random,1.0,False,Kruskal-Wallis + Dunn,Cliff's delta,0.3331,medium
ctgan + clustercentroid,ctgan + onesidedselection,1.0,False,Kruskal-Wallis + Dunn,Cliff's delta,-0.7037,large
ctgan + clustercentroid,ctgan + nearmiss,1.0,False,Kruskal-Wallis + Dunn,Cliff's delta,0.0076,negligible
ctgan + clustercentroid,ctgan + instancehardness,1.0,False,Kruskal-Wallis + Dunn,Cliff's delta,0.64,large
copulagan + tomeklinks,tvae + onesidedselection,1.0,False,Kruskal-Wallis + Dunn,Cliff's delta,-0.1808,small
copulagan + tomeklinks,tvae + nearmiss,1.0,False,Kruskal-Wallis + Dunn,Cliff's delta,0.33,medium
copulagan + tomeklinks,tvae + instancehardness,1.0,False,Kruskal-Wallis + Dunn,Cliff's delta,0.5037,large
copulagan + tomeklinks,tvae + editednn,1.0,False,Kruskal-Wallis + Dunn,Cliff's delta,-0.0791,negligible
ctgan + clustercentroid,gaussiancopula + clustercentroid,1.0,False,Kruskal-Wallis + Dunn,Cliff's delta,0.4078,medium
copulagan + tomeklinks,tvae + clustercentroid,1.0,False,Kruskal-Wallis + Dunn,Cliff's delta,0.4519,medium
ctgan + clustercentroid,gaussiancopula + condensednn,1.0,False,Kruskal-Wallis + Dunn,Cliff's delta,-0.581,large
ctgan + clustercentroid,gaussiancopula + instancehardness,1.0,False,Kruskal-Wallis + Dunn,Cliff's delta,0.6114,large
copulagan + clustercentroid,fastml + nearmiss,1.0,False,Kruskal-Wallis + Dunn,Cliff's delta,0.4487,medium
copulagan + clustercentroid,fastml + onesidedselection,1.0,False,Kruskal-Wallis + Dunn,Cliff's delta,-0.094,negligible
ctgan + clustercentroid,smote + onesidedselection,1.0,False,Kruskal-Wallis + Dunn,Cliff's delta,-0.0584,negligible
ctgan + clustercentroid,smote + nearmiss,1.0,False,Kruskal-Wallis + Dunn,Cliff's delta,1.0,large
ctgan + clustercentroid,smote + instancehardness,1.0,False,Kruskal-Wallis + Dunn,Cliff's delta,0.9492,large
ctgan + clustercentroid,smote + editednn,1.0,False,Kruskal-Wallis + Dunn,Cliff's delta,0.455,medium
ctgan + clustercentroid,smote + condensednn,1.0,False,Kruskal-Wallis + Dunn,Cliff's delta,-0.5909,large
ctgan + clustercentroid,random + onesidedselection,1.0,False,Kruskal-Wallis + Dunn,Cliff's delta,-0.1317,negligible
ctgan + clustercentroid,random + nearmiss,1.0,False,Kruskal-Wallis + Dunn,Cliff's delta,0.5162,large
ctgan + clustercentroid,random + instancehardness,1.0,False,Kruskal-Wallis + Dunn,Cliff's delta,0.5933,large
ctgan + clustercentroid,random + editednn,1.0,False,Kruskal-Wallis + Dunn,Cliff's delta,0.059,negligible
ctgan + clustercentroid,random + condensednn,1.0,False,Kruskal-Wallis + Dunn,Cliff's delta,-0.5492,large
ctgan + clustercentroid,random + clustercentroid,1.0,False,Kruskal-Wallis + Dunn,Cliff's delta,0.4021,medium
ctgan + clustercentroid,gaussiancopula + onesidedselection,1.0,False,Kruskal-Wallis + Dunn,Cliff's delta,-0.0965,negligible
ctgan + clustercentroid,gaussiancopula + nearmiss,1.0,False,Kruskal-Wallis + Dunn,Cliff's delta,0.4825,large
ctgan + clustercentroid,gaussiancopula + editednn,1.0,False,Kruskal-Wallis + Dunn,Cliff's delta,0.0471,negligible
copulagan + clustercentroid,gaussiancopula + clustercentroid,1.0,False,Kruskal-Wallis + Dunn,Cliff's delta,0.4024,medium
copulagan + tomeklinks,smote + onesidedselection,1.0,False,Kruskal-Wallis + Dunn,Cliff's delta,-0.0065,negligible
copulagan + tomeklinks,smote + nearmiss,1.0,False,Kruskal-Wallis + Dunn,Cliff's delta,1.0,large
copulagan + tomeklinks,fastml + clustercentroid,1.0,False,Kruskal-Wallis + Dunn,Cliff's delta,0.4279,medium
copulagan + tomeklinks,ctgan + tomeklinks,1.0,False,Kruskal-Wallis + Dunn,Cliff's delta,-0.2514,small
copulagan + tomeklinks,ctgan + random,1.0,False,Kruskal-Wallis + Dunn,Cliff's delta,0.3518,medium
copulagan + tomeklinks,ctgan + onesidedselection,1.0,False,Kruskal-Wallis + Dunn,Cliff's delta,-0.5314,large
copulagan + tomeklinks,ctgan + nearmiss,1.0,False,Kruskal-Wallis + Dunn,Cliff's delta,0.1352,negligible
copulagan + tomeklinks,ctgan + instancehardness,1.0,False,Kruskal-Wallis + Dunn,Cliff's delta,0.6098,large
copulagan + clustercentroid,gaussiancopula + condensednn,1.0,False,Kruskal-Wallis + Dunn,Cliff's delta,-0.5854,large
copulagan + tomeklinks,ctgan + condensednn,1.0,False,Kruskal-Wallis + Dunn,Cliff's delta,-0.7845,large
copulagan + tomeklinks,ctgan + clustercentroid,1.0,False,Kruskal-Wallis + Dunn,Cliff's delta,0.1135,negligible
copulagan + random,tvae + tomeklinks,1.0,False,Kruskal-Wallis + Dunn,Cliff's delta,0.3176,small
copulagan + random,tvae + random,1.0,False,Kruskal-Wallis + Dunn,Cliff's delta,0.4115,medium
copulagan + random,tvae + onesidedselection,1.0,False,Kruskal-Wallis + Dunn,Cliff's delta,-0.2803,small
copulagan + random,tvae + nearmiss,1.0,False,Kruskal-Wallis + Dunn,Cliff's delta,0.2043,small
copulagan + random,tvae + instancehardness,1.0,False,Kruskal-Wallis + Dunn,Cliff's delta,0.2603,small
copulagan + random,tvae + editednn,1.0,False,Kruskal-Wallis + Dunn,Cliff's delta,-0.0893,negligible
copulagan + tomeklinks,fastml + condensednn,1.0,False,Kruskal-Wallis + Dunn,Cliff's delta,-0.5917,large
copulagan + tomeklinks,fastml + editednn,1.0,False,Kruskal-Wallis + Dunn,Cliff's delta,0.0371,negligible
copulagan + tomeklinks,fastml + instancehardness,1.0,False,Kruskal-Wallis + Dunn,Cliff's delta,0.5924,large
copulagan + tomeklinks,fastml + nearmiss,1.0,False,Kruskal-Wallis + Dunn,Cliff's delta,0.4695,medium
copulagan + tomeklinks,smote + instancehardness,1.0,False,Kruskal-Wallis + Dunn,Cliff's delta,0.8921,large
copulagan + tomeklinks,smote + editednn,1.0,False,Kruskal-Wallis + Dunn,Cliff's delta,0.4709,medium
copulagan + tomeklinks,smote + condensednn,1.0,False,Kruskal-Wallis + Dunn,Cliff's delta,-0.513,large
copulagan + clustercentroid,tvae + clustercentroid,1.0,False,Kruskal-Wallis + Dunn,Cliff's delta,0.4238,medium
copulagan + tomeklinks,random + onesidedselection,1.0,False,Kruskal-Wallis + Dunn,Cliff's delta,-0.1248,negligible
copulagan + tomeklinks,random + instancehardness,1.0,False,Kruskal-Wallis + Dunn,Cliff's delta,0.5771,large
copulagan + tomeklinks,random + editednn,1.0,False,Kruskal-Wallis + Dunn,Cliff's delta,0.0638,negligible
ctgan + clustercentroid,tvae + clustercentroid,1.0,False,Kruskal-Wallis + Dunn,Cliff's delta,0.43,medium
copulagan + tomeklinks,random + condensednn,1.0,False,Kruskal-Wallis + Dunn,Cliff's delta,-0.5105,large
copulagan + tomeklinks,gaussiancopula + onesidedselection,1.0,False,Kruskal-Wallis + Dunn,Cliff's delta,-0.0654,negligible
copulagan + tomeklinks,gaussiancopula + nearmiss,1.0,False,Kruskal-Wallis + Dunn,Cliff's delta,0.4955,large
copulagan + tomeklinks,gaussiancopula + instancehardness,1.0,False,Kruskal-Wallis + Dunn,Cliff's delta,0.579,large
copulagan + tomeklinks,gaussiancopula + editednn,1.0,False,Kruskal-Wallis + Dunn,Cliff's delta,0.0497,negligible
copulagan + tomeklinks,gaussiancopula + condensednn,1.0,False,Kruskal-Wallis + Dunn,Cliff's delta,-0.5622,large
copulagan + tomeklinks,gaussiancopula + clustercentroid,1.0,False,Kruskal-Wallis + Dunn,Cliff's delta,0.4273,medium
copulagan + tomeklinks,fastml + onesidedselection,1.0,False,Kruskal-Wallis + Dunn,Cliff's delta,-0.0378,negligible
copulagan + tomeklinks,random + clustercentroid,1.0,False,Kruskal-Wallis + Dunn,Cliff's delta,0.4314,medium
ctgan + clustercentroid,tvae + editednn,1.0,False,Kruskal-Wallis + Dunn,Cliff's delta,-0.0874,negligible
ctgan + clustercentroid,tvae + instancehardness,1.0,False,Kruskal-Wallis + Dunn,Cliff's delta,0.5026,large
ctgan + clustercentroid,tvae + nearmiss,1.0,False,Kruskal-Wallis + Dunn,Cliff's delta,0.2886,small
adasyn + tomeklinks,fastml + tomeklinks,1.0,False,Kruskal-Wallis + Dunn,Cliff's delta,-0.029,negligible
adasyn + tomeklinks,gaussiancopula + clustercentroid,1.0,False,Kruskal-Wallis + Dunn,Cliff's delta,-0.14,negligible
adasyn + tomeklinks,gaussiancopula + editednn,1.0,False,Kruskal-Wallis + Dunn,Cliff's delta,-0.339,medium
ctgan + editednn,gaussiancopula + condensednn,1.0,False,Kruskal-Wallis + Dunn,Cliff's delta,0.7098,large
adasyn + tomeklinks,gaussiancopula + instancehardness,1.0,False,Kruskal-Wallis + Dunn,Cliff's delta,-0.2319,small
adasyn + tomeklinks,gaussiancopula + nearmiss,1.0,False,Kruskal-Wallis + Dunn,Cliff's delta,-0.078,negligible
adasyn + tomeklinks,gaussiancopula + random,1.0,False,Kruskal-Wallis + Dunn,Cliff's delta,-0.0436,negligible
adasyn + tomeklinks,gaussiancopula + tomeklinks,1.0,False,Kruskal-Wallis + Dunn,Cliff's delta,-0.0104,negligible
adasyn + tomeklinks,random + clustercentroid,1.0,False,Kruskal-Wallis + Dunn,Cliff's delta,-0.1292,negligible
adasyn + tomeklinks,random + editednn,1.0,False,Kruskal-Wallis + Dunn,Cliff's delta,-0.3075,small
ctgan + editednn,fastml + condensednn,1.0,False,Kruskal-Wallis + Dunn,Cliff's delta,0.6356,large
adasyn + tomeklinks,random + instancehardness,1.0,False,Kruskal-Wallis + Dunn,Cliff's delta,-0.2199,small
copulagan + instancehardness,copulagan + random,1.0,False,Kruskal-Wallis + Dunn,Cliff's delta,-0.0612,negligible
adasyn + tomeklinks,random + nearmiss,1.0,False,Kruskal-Wallis + Dunn,Cliff's delta,-0.0691,negligible
adasyn + tomeklinks,random + random,1.0,False,Kruskal-Wallis + Dunn,Cliff's delta,-0.0527,negligible
adasyn + tomeklinks,fastml + random,1.0,False,Kruskal-Wallis + Dunn,Cliff's delta,-0.0272,negligible
adasyn + tomeklinks,fastml + nearmiss,1.0,False,Kruskal-Wallis + Dunn,Cliff's delta,-0.0761,negligible
adasyn + tomeklinks,fastml + instancehardness,1.0,False,Kruskal-Wallis + Dunn,Cliff's delta,-0.2218,small
ctgan + editednn,random + condensednn,1.0,False,Kruskal-Wallis + Dunn,Cliff's delta,0.6673,large
adasyn + random,tvae + nearmiss,1.0,False,Kruskal-Wallis + Dunn,Cliff's delta,-0.1662,small
adasyn + random,tvae + random,1.0,False,Kruskal-Wallis + Dunn,Cliff's delta,-0.0152,negligible
adasyn + random,tvae + tomeklinks,1.0,False,Kruskal-Wallis + Dunn,Cliff's delta,0.0284,negligible
ctgan + editednn,tvae + condensednn,1.0,False,Kruskal-Wallis + Dunn,Cliff's delta,0.7057,large
adasyn + tomeklinks,copulagan + clustercentroid,1.0,False,Kruskal-Wallis + Dunn,Cliff's delta,-0.4683,medium
adasyn + tomeklinks,copulagan + instancehardness,1.0,False,Kruskal-Wallis + Dunn,Cliff's delta,-0.4444,medium
adasyn + tomeklinks,copulagan + nearmiss,1.0,False,Kruskal-Wallis + Dunn,Cliff's delta,-0.4852,large
adasyn + tomeklinks,random + tomeklinks,1.0,False,Kruskal-Wallis + Dunn,Cliff's delta,0.0214,negligible
copulagan + instancehardness,copulagan + onesidedselection,1.0,False,Kruskal-Wallis + Dunn,Cliff's delta,-0.8718,large
adasyn + tomeklinks,copulagan + tomeklinks,1.0,False,Kruskal-Wallis + Dunn,Cliff's delta,-0.504,large
adasyn + tomeklinks,ctgan + clustercentroid,1.0,False,Kruskal-Wallis + Dunn,Cliff's delta,-0.4683,medium
ctgan + editednn,smote + condensednn,1.0,False,Kruskal-Wallis + Dunn,Cliff's delta,0.7727,large
adasyn + tomeklinks,ctgan + instancehardness,1.0,False,Kruskal-Wallis + Dunn,Cliff's delta,-0.4524,medium
adasyn + tomeklinks,ctgan + nearmiss,1.0,False,Kruskal-Wallis + Dunn,Cliff's delta,-0.5,large
adasyn + tomeklinks,ctgan + random,1.0,False,Kruskal-Wallis + Dunn,Cliff's delta,-0.4762,large
adasyn + tomeklinks,fastml + clustercentroid,1.0,False,Kruskal-Wallis + Dunn,Cliff's delta,-0.1301,negligible
adasyn + tomeklinks,copulagan + random,1.0,False,Kruskal-Wallis + Dunn,Cliff's delta,-0.4841,large
copulagan + clustercentroid,gaussiancopula + editednn,1.0,False,Kruskal-Wallis + Dunn,Cliff's delta,0.0431,negligible
adasyn + tomeklinks,smote + clustercentroid,1.0,False,Kruskal-Wallis + Dunn,Cliff's delta,0.1547,small
adasyn + tomeklinks,smote + instancehardness,1.0,False,Kruskal-Wallis + Dunn,Cliff's delta,-0.0216,negligible
copulagan + clustercentroid,ctgan + instancehardness,1.0,False,Kruskal-Wallis + Dunn,Cliff's delta,0.6408,large
ctgan + condensednn,gaussiancopula + condensednn,1.0,False,Kruskal-Wallis + Dunn,Cliff's delta,0.0373,negligible
copulagan + clustercentroid,ctgan + nearmiss,1.0,False,Kruskal-Wallis + Dunn,Cliff's delta,-0.059,negligible
copulagan + clustercentroid,ctgan + onesidedselection,1.0,False,Kruskal-Wallis + Dunn,Cliff's delta,-0.7127,large
copulagan + clustercentroid,ctgan + random,1.0,False,Kruskal-Wallis + Dunn,Cliff's delta,0.329,small
copulagan + clustercentroid,ctgan + tomeklinks,1.0,False,Kruskal-Wallis + Dunn,Cliff's delta,-0.4237,medium
copulagan + clustercentroid,fastml + clustercentroid,1.0,False,Kruskal-Wallis + Dunn,Cliff's delta,0.3922,medium
copulagan + clustercentroid,fastml + editednn,1.0,False,Kruskal-Wallis + Dunn,Cliff's delta,0.024,negligible
ctgan + condensednn,fastml + condensednn,1.0,False,Kruskal-Wallis + Dunn,Cliff's delta,0.0786,negligible
copulagan + clustercentroid,fastml + instancehardness,1.0,False,Kruskal-Wallis + Dunn,Cliff's delta,0.5914,large
ctgan + condensednn,ctgan + tomeklinks,1.0,False,Kruskal-Wallis + Dunn,Cliff's delta,0.7094,large
ctgan + condensednn,ctgan + onesidedselection,1.0,False,Kruskal-Wallis + Dunn,Cliff's delta,0.6294,large
ctgan + condensednn,ctgan + nearmiss,1.0,False,Kruskal-Wallis + Dunn,Cliff's delta,0.7943,large
ctgan + condensednn,ctgan + editednn,1.0,False,Kruskal-Wallis + Dunn,Cliff's delta,-0.7355,large
ctgan + clustercentroid,tvae + onesidedselection,1.0,False,Kruskal-Wallis + Dunn,Cliff's delta,-0.2132,small
copulagan + clustercentroid,ctgan + clustercentroid,1.0,False,Kruskal-Wallis + Dunn,Cliff's delta,-0.0294,negligible
copulagan + clustercentroid,copulagan + tomeklinks,1.0,False,Kruskal-Wallis + Dunn,Cliff's delta,-0.1371,negligible
copulagan + clustercentroid,copulagan + random,1.0,False,Kruskal-Wallis + Dunn,Cliff's delta,0.2882,small
copulagan + clustercentroid,copulagan + onesidedselection,1.0,False,Kruskal-Wallis + Dunn,Cliff's delta,-0.7984,large
ctgan + condensednn,tvae + condensednn,1.0,False,Kruskal-Wallis + Dunn,Cliff's delta,-0.0409,negligible
adasyn + tomeklinks,smote + nearmiss,1.0,False,Kruskal-Wallis + Dunn,Cliff's delta,0.5069,large
adasyn + tomeklinks,smote + onesidedselection,1.0,False,Kruskal-Wallis + Dunn,Cliff's delta,-0.1812,small
adasyn + tomeklinks,smote + random,1.0,False,Kruskal-Wallis + Dunn,Cliff's delta,0.1822,small
adasyn + tomeklinks,smote + tomeklinks,1.0,False,Kruskal-Wallis + Dunn,Cliff's delta,0.2469,small
copulagan + instancehardness,copulagan + tomeklinks,1.0,False,Kruskal-Wallis + Dunn,Cliff's delta,-0.4473,medium
adasyn + tomeklinks,tvae + clustercentroid,1.0,False,Kruskal-Wallis + Dunn,Cliff's delta,-0.1236,negligible
adasyn + tomeklinks,smote + editednn,1.0,False,Kruskal-Wallis + Dunn,Cliff's delta,-0.1363,negligible
ctgan + condensednn,smote + condensednn,1.0,False,Kruskal-Wallis + Dunn,Cliff's delta,0.0292,negligible
adasyn + tomeklinks,tvae + nearmiss,1.0,False,Kruskal-Wallis + Dunn,Cliff's delta,-0.1806,small
copulagan + instancehardness,ctgan + clustercentroid,1.0,False,Kruskal-Wallis + Dunn,Cliff's delta,-0.4743,large
adasyn + tomeklinks,tvae + random,1.0,False,Kruskal-Wallis + Dunn,Cliff's delta,-0.0795,negligible
adasyn + tomeklinks,tvae + tomeklinks,1.0,False,Kruskal-Wallis + Dunn,Cliff's delta,-0.0326,negligible
copulagan + clustercentroid,copulagan + instancehardness,1.0,False,Kruskal-Wallis + Dunn,Cliff's delta,0.4604,medium
ctgan + condensednn,random + condensednn,1.0,False,Kruskal-Wallis + Dunn,Cliff's delta,0.0852,negligible
copulagan + clustercentroid,copulagan + nearmiss,1.0,False,Kruskal-Wallis + Dunn,Cliff's delta,-0.0571,negligible
adasyn + tomeklinks,tvae + instancehardness,1.0,False,Kruskal-Wallis + Dunn,Cliff's delta,-0.2377,small
copulagan + random,tvae + clustercentroid,1.0,False,Kruskal-Wallis + Dunn,Cliff's delta,0.3632,medium
copulagan + instancehardness,ctgan + instancehardness,1.0,False,Kruskal-Wallis + Dunn,Cliff's delta,0.2939,small
copulagan + random,smote + onesidedselection,1.0,False,Kruskal-Wallis + Dunn,Cliff's delta,-0.0779,negligible
copulagan + nearmiss,gaussiancopula + clustercentroid,1.0,False,Kruskal-Wallis + Dunn,Cliff's delta,0.4207,medium
copulagan + nearmiss,fastml + tomeklinks,1.0,False,Kruskal-Wallis + Dunn,Cliff's delta,0.4466,medium
copulagan + nearmiss,fastml + random,1.0,False,Kruskal-Wallis + Dunn,Cliff's delta,0.6022,large
copulagan + nearmiss,fastml + onesidedselection,1.0,False,Kruskal-Wallis + Dunn,Cliff's delta,-0.0785,negligible
copulagan + nearmiss,fastml + nearmiss,1.0,False,Kruskal-Wallis + Dunn,Cliff's delta,0.4712,medium
copulagan + nearmiss,fastml + instancehardness,1.0,False,Kruskal-Wallis + Dunn,Cliff's delta,0.6022,large
copulagan + nearmiss,fastml + editednn,1.0,False,Kruskal-Wallis + Dunn,Cliff's delta,0.0447,negligible
copulagan + nearmiss,fastml + condensednn,1.0,False,Kruskal-Wallis + Dunn,Cliff's delta,-0.5867,large
copulagan + nearmiss,fastml + clustercentroid,1.0,False,Kruskal-Wallis + Dunn,Cliff's delta,0.4089,medium
copulagan + nearmiss,ctgan + tomeklinks,1.0,False,Kruskal-Wallis + Dunn,Cliff's delta,-0.3333,medium
copulagan + nearmiss,ctgan + random,1.0,False,Kruskal-Wallis + Dunn,Cliff's delta,0.3524,medium
copulagan + nearmiss,ctgan + onesidedselection,1.0,False,Kruskal-Wallis + Dunn,Cliff's delta,-0.6381,large
copulagan + nearmiss,ctgan + nearmiss,1.0,False,Kruskal-Wallis + Dunn,Cliff's delta,0.0756,negligible
copulagan + nearmiss,ctgan + instancehardness,1.0,False,Kruskal-Wallis + Dunn,Cliff's delta,0.6724,large
copulagan + nearmiss,ctgan + condensednn,1.0,False,Kruskal-Wallis + Dunn,Cliff's delta,-0.8019,large
copulagan + nearmiss,gaussiancopula + condensednn,1.0,False,Kruskal-Wallis + Dunn,Cliff's delta,-0.5667,large
copulagan + nearmiss,gaussiancopula + editednn,1.0,False,Kruskal-Wallis + Dunn,Cliff's delta,0.0647,negligible
copulagan + nearmiss,gaussiancopula + instancehardness,1.0,False,Kruskal-Wallis + Dunn,Cliff's delta,0.6489,large
copulagan + nearmiss,gaussiancopula + nearmiss,1.0,False,Kruskal-Wallis + Dunn,Cliff's delta,0.4939,large
copulagan + nearmiss,smote + nearmiss,1.0,False,Kruskal-Wallis + Dunn,Cliff's delta,1.0,large
copulagan + nearmiss,smote + instancehardness,1.0,False,Kruskal-Wallis + Dunn,Cliff's delta,0.9704,large
copulagan + nearmiss,smote + editednn,1.0,False,Kruskal-Wallis + Dunn,Cliff's delta,0.4568,medium
copulagan + nearmiss,smote + condensednn,1.0,False,Kruskal-Wallis + Dunn,Cliff's delta,-0.5606,large
copulagan + nearmiss,smote + clustercentroid,1.0,False,Kruskal-Wallis + Dunn,Cliff's delta,0.6576,large
copulagan + nearmiss,random + tomeklinks,1.0,False,Kruskal-Wallis + Dunn,Cliff's delta,0.5219,large
copulagan + nearmiss,random + random,1.0,False,Kruskal-Wallis + Dunn,Cliff's delta,0.5843,large
copulagan + nearmiss,ctgan + clustercentroid,1.0,False,Kruskal-Wallis + Dunn,Cliff's delta,-0.0057,negligible
copulagan + nearmiss,random + onesidedselection,1.0,False,Kruskal-Wallis + Dunn,Cliff's delta,-0.1148,negligible
copulagan + nearmiss,random + instancehardness,1.0,False,Kruskal-Wallis + Dunn,Cliff's delta,0.6156,large
copulagan + nearmiss,random + editednn,1.0,False,Kruskal-Wallis + Dunn,Cliff's delta,0.0746,negligible
copulagan + nearmiss,random + condensednn,1.0,False,Kruskal-Wallis + Dunn,Cliff's delta,-0.5437,large
copulagan + nearmiss,random + clustercentroid,1.0,False,Kruskal-Wallis + Dunn,Cliff's delta,0.4104,medium
copulagan + nearmiss,gaussiancopula + tomeklinks,1.0,False,Kruskal-Wallis + Dunn,Cliff's delta,0.5133,large
copulagan + nearmiss,gaussiancopula + random,1.0,False,Kruskal-Wallis + Dunn,Cliff's delta,0.6152,large
copulagan + nearmiss,gaussiancopula + onesidedselection,1.0,False,Kruskal-Wallis + Dunn,Cliff's delta,-0.0956,negligible
copulagan + nearmiss,random + nearmiss,1.0,False,Kruskal-Wallis + Dunn,Cliff's delta,0.5394,large
copulagan + nearmiss,smote + onesidedselection,1.0,False,Kruskal-Wallis + Dunn,Cliff's delta,-0.0758,negligible
copulagan + nearmiss,copulagan + tomeklinks,1.0,False,Kruskal-Wallis + Dunn,Cliff's delta,-0.1524,small
copulagan + nearmiss,copulagan + onesidedselection,1.0,False,Kruskal-Wallis + Dunn,Cliff's delta,-0.6857,large
copulagan + instancehardness,gaussiancopula + tomeklinks,1.0,False,Kruskal-Wallis + Dunn,Cliff's delta,0.4227,medium
copulagan + instancehardness,gaussiancopula + random,1.0,False,Kruskal-Wallis + Dunn,Cliff's delta,0.5183,large
copulagan + instancehardness,gaussiancopula + onesidedselection,1.0,False,Kruskal-Wallis + Dunn,Cliff's delta,-0.221,small
copulagan + instancehardness,gaussiancopula + nearmiss,1.0,False,Kruskal-Wallis + Dunn,Cliff's delta,0.3818,medium
copulagan + instancehardness,gaussiancopula + instancehardness,1.0,False,Kruskal-Wallis + Dunn,Cliff's delta,0.3938,medium
copulagan + instancehardness,gaussiancopula + editednn,1.0,False,Kruskal-Wallis + Dunn,Cliff's delta,0.024,negligible
copulagan + instancehardness,gaussiancopula + clustercentroid,1.0,False,Kruskal-Wallis + Dunn,Cliff's delta,0.3152,small
copulagan + instancehardness,fastml + tomeklinks,1.0,False,Kruskal-Wallis + Dunn,Cliff's delta,0.3653,medium
copulagan + instancehardness,fastml + random,1.0,False,Kruskal-Wallis + Dunn,Cliff's delta,0.497,large
copulagan + instancehardness,fastml + onesidedselection,1.0,False,Kruskal-Wallis + Dunn,Cliff's delta,-0.1698,small
copulagan + instancehardness,fastml + nearmiss,1.0,False,Kruskal-Wallis + Dunn,Cliff's delta,0.3838,medium
copulagan + instancehardness,fastml + instancehardness,1.0,False,Kruskal-Wallis + Dunn,Cliff's delta,0.3462,medium
copulagan + instancehardness,fastml + editednn,1.0,False,Kruskal-Wallis + Dunn,Cliff's delta,0.0094,negligible
copulagan + instancehardness,fastml + clustercentroid,1.0,False,Kruskal-Wallis + Dunn,Cliff's delta,0.2863,small
copulagan + instancehardness,ctgan + tomeklinks,1.0,False,Kruskal-Wallis + Dunn,Cliff's delta,-0.7012,large
copulagan + instancehardness,random + clustercentroid,1.0,False,Kruskal-Wallis + Dunn,Cliff's delta,0.3092,small
copulagan + instancehardness,random + editednn,1.0,False,Kruskal-Wallis + Dunn,Cliff's delta,0.036,negligible
copulagan + instancehardness,random + instancehardness,1.0,False,Kruskal-Wallis + Dunn,Cliff's delta,0.3567,medium
copulagan + instancehardness,random + nearmiss,1.0,False,Kruskal-Wallis + Dunn,Cliff's delta,0.4253,medium
copulagan + instancehardness,tvae + tomeklinks,1.0,False,Kruskal-Wallis + Dunn,Cliff's delta,0.2759,small
copulagan + instancehardness,tvae + random,1.0,False,Kruskal-Wallis + Dunn,Cliff's delta,0.3997,medium
copulagan + instancehardness,tvae + onesidedselection,1.0,False,Kruskal-Wallis + Dunn,Cliff's delta,-0.3344,medium
copulagan + instancehardness,tvae + nearmiss,1.0,False,Kruskal-Wallis + Dunn,Cliff's delta,0.1386,negligible
copulagan + instancehardness,tvae + instancehardness,1.0,False,Kruskal-Wallis + Dunn,Cliff's delta,0.2323,small
copulagan + instancehardness,tvae + editednn,1.0,False,Kruskal-Wallis + Dunn,Cliff's delta,-0.1078,negligible
copulagan + clustercentroid,smote + onesidedselection,1.0,False,Kruskal-Wallis + Dunn,Cliff's delta,-0.0844,negligible
copulagan + nearmiss,copulagan + random,1.0,False,Kruskal-Wallis + Dunn,Cliff's delta,0.299,small
copulagan + instancehardness,tvae + clustercentroid,1.0,False,Kruskal-Wallis + Dunn,Cliff's delta,0.3304,medium
copulagan + instancehardness,smote + nearmiss,1.0,False,Kruskal-Wallis + Dunn,Cliff's delta,1.0,large
copulagan + instancehardness,smote + instancehardness,1.0,False,Kruskal-Wallis + Dunn,Cliff's delta,0.7873,large
copulagan + instancehardness,smote + editednn,1.0,False,Kruskal-Wallis + Dunn,Cliff's delta,0.4444,medium
copulagan + instancehardness,smote + condensednn,1.0,False,Kruskal-Wallis + Dunn,Cliff's delta,-0.7403,large
copulagan + instancehardness,random + tomeklinks,1.0,False,Kruskal-Wallis + Dunn,Cliff's delta,0.4095,medium
copulagan + instancehardness,random + random,1.0,False,Kruskal-Wallis + Dunn,Cliff's delta,0.5104,large
copulagan + instancehardness,random + onesidedselection,1.0,False,Kruskal-Wallis + Dunn,Cliff's delta,-0.2241,small
copulagan + instancehardness,smote + onesidedselection,1.0,False,Kruskal-Wallis + Dunn,Cliff's delta,-0.1299,negligible
adasyn + random,tvae + instancehardness,1.0,False,Kruskal-Wallis + Dunn,Cliff's delta,-0.2418,small
copulagan + nearmiss,tvae + clustercentroid,1.0,False,Kruskal-Wallis + Dunn,Cliff's delta,0.4529,medium
copulagan + nearmiss,tvae + editednn,1.0,False,Kruskal-Wallis + Dunn,Cliff's delta,-0.0644,negligible
copulagan + random,fastml + nearmiss,1.0,False,Kruskal-Wallis + Dunn,Cliff's delta,0.4091,medium
copulagan + random,fastml + instancehardness,1.0,False,Kruskal-Wallis + Dunn,Cliff's delta,0.3543,medium
copulagan + random,fastml + editednn,1.0,False,Kruskal-Wallis + Dunn,Cliff's delta,0.0294,negligible
copulagan + random,fastml + clustercentroid,1.0,False,Kruskal-Wallis + Dunn,Cliff's delta,0.3324,medium
copulagan + random,ctgan + tomeklinks,1.0,False,Kruskal-Wallis + Dunn,Cliff's delta,-0.5314,large
copulagan + random,ctgan + random,1.0,False,Kruskal-Wallis + Dunn,Cliff's delta,-0.0163,negligible
copulagan + random,ctgan + onesidedselection,1.0,False,Kruskal-Wallis + Dunn,Cliff's delta,-0.7371,large
copulagan + random,ctgan + nearmiss,1.0,False,Kruskal-Wallis + Dunn,Cliff's delta,-0.261,small
copulagan + random,ctgan + instancehardness,1.0,False,Kruskal-Wallis + Dunn,Cliff's delta,0.2539,small
copulagan + clustercentroid,gaussiancopula + instancehardness,1.0,False,Kruskal-Wallis + Dunn,Cliff's delta,0.6238,large
copulagan + random,ctgan + clustercentroid,1.0,False,Kruskal-Wallis + Dunn,Cliff's delta,-0.2898,small
copulagan + random,copulagan + tomeklinks,1.0,False,Kruskal-Wallis + Dunn,Cliff's delta,-0.3176,small
copulagan + clustercentroid,gaussiancopula + nearmiss,1.0,False,Kruskal-Wallis + Dunn,Cliff's delta,0.476,large
copulagan + clustercentroid,gaussiancopula + onesidedselection,1.0,False,Kruskal-Wallis + Dunn,Cliff's delta,-0.1137,negligible
copulagan + onesidedselection,tvae + onesidedselection,1.0,False,Kruskal-Wallis + Dunn,Cliff's delta,-0.0264,negligible
copulagan + random,fastml + onesidedselection,1.0,False,Kruskal-Wallis + Dunn,Cliff's delta,-0.1244,negligible
copulagan + random,fastml + random,1.0,False,Kruskal-Wallis + Dunn,Cliff's delta,0.513,large
copulagan + random,fastml + tomeklinks,1.0,False,Kruskal-Wallis + Dunn,Cliff's delta,0.4067,medium
copulagan + random,gaussiancopula + clustercentroid,1.0,False,Kruskal-Wallis + Dunn,Cliff's delta,0.3489,medium
copulagan + random,smote + nearmiss,1.0,False,Kruskal-Wallis + Dunn,Cliff's delta,1.0,large
copulagan + random,smote + instancehardness,1.0,False,Kruskal-Wallis + Dunn,Cliff's delta,0.7079,large
copulagan + random,smote + editednn,1.0,False,Kruskal-Wallis + Dunn,Cliff's delta,0.4603,medium
copulagan + random,smote + condensednn,1.0,False,Kruskal-Wallis + Dunn,Cliff's delta,-0.6688,large
copulagan + random,random + random,1.0,False,Kruskal-Wallis + Dunn,Cliff's delta,0.5091,large
copulagan + random,random + onesidedselection,1.0,False,Kruskal-Wallis + Dunn,Cliff's delta,-0.1924,small
copulagan + random,random + nearmiss,1.0,False,Kruskal-Wallis + Dunn,Cliff's delta,0.4403,medium
copulagan + onesidedselection,tvae + editednn,1.0,False,Kruskal-Wallis + Dunn,Cliff's delta,0.0382,negligible
copulagan + random,random + instancehardness,1.0,False,Kruskal-Wallis + Dunn,Cliff's delta,0.3476,medium
copulagan + random,random + clustercentroid,1.0,False,Kruskal-Wallis + Dunn,Cliff's delta,0.3435,medium
copulagan + random,gaussiancopula + tomeklinks,1.0,False,Kruskal-Wallis + Dunn,Cliff's delta,0.451,medium
copulagan + random,gaussiancopula + random,1.0,False,Kruskal-Wallis + Dunn,Cliff's delta,0.5238,large
copulagan + random,gaussiancopula + onesidedselection,1.0,False,Kruskal-Wallis + Dunn,Cliff's delta,-0.1679,small
copulagan + random,gaussiancopula + nearmiss,1.0,False,Kruskal-Wallis + Dunn,Cliff's delta,0.4084,medium
copulagan + random,gaussiancopula + instancehardness,1.0,False,Kruskal-Wallis + Dunn,Cliff's delta,0.3857,medium
copulagan + random,gaussiancopula + editednn,1.0,False,Kruskal-Wallis + Dunn,Cliff's delta,0.0431,negligible
copulagan + random,random + editednn,1.0,False,Kruskal-Wallis + Dunn,Cliff's delta,0.053,negligible
copulagan + nearmiss,tvae + condensednn,1.0,False,Kruskal-Wallis + Dunn,Cliff's delta,-0.6904,large
copulagan + onesidedselection,tvae + condensednn,1.0,False,Kruskal-Wallis + Dunn,Cliff's delta,-0.578,large
copulagan + onesidedselection,smote + onesidedselection,1.0,False,Kruskal-Wallis + Dunn,Cliff's delta,0.1396,negligible
copulagan + instancehardness,ctgan + nearmiss,1.0,False,Kruskal-Wallis + Dunn,Cliff's delta,-0.4057,medium
copulagan + onesidedselection,ctgan + tomeklinks,1.0,False,Kruskal-Wallis + Dunn,Cliff's delta,0.5935,large
copulagan + onesidedselection,ctgan + random,1.0,False,Kruskal-Wallis + Dunn,Cliff's delta,0.8661,large
copulagan + onesidedselection,ctgan + onesidedselection,1.0,False,Kruskal-Wallis + Dunn,Cliff's delta,0.1094,negligible
copulagan + onesidedselection,ctgan + nearmiss,1.0,False,Kruskal-Wallis + Dunn,Cliff's delta,0.6343,large
copulagan + onesidedselection,ctgan + instancehardness,1.0,False,Kruskal-Wallis + Dunn,Cliff's delta,0.92,large
copulagan + onesidedselection,ctgan + condensednn,1.0,False,Kruskal-Wallis + Dunn,Cliff's delta,-0.4906,large
copulagan + onesidedselection,ctgan + clustercentroid,1.0,False,Kruskal-Wallis + Dunn,Cliff's delta,0.7518,large
copulagan + onesidedselection,copulagan + tomeklinks,1.0,False,Kruskal-Wallis + Dunn,Cliff's delta,0.8,large
copulagan + onesidedselection,copulagan + random,1.0,False,Kruskal-Wallis + Dunn,Cliff's delta,0.76,large
copulagan + nearmiss,tvae + tomeklinks,1.0,False,Kruskal-Wallis + Dunn,Cliff's delta,0.3739,medium
copulagan + nearmiss,tvae + random,1.0,False,Kruskal-Wallis + Dunn,Cliff's delta,0.4984,large
copulagan + nearmiss,tvae + onesidedselection,1.0,False,Kruskal-Wallis + Dunn,Cliff's delta,-0.227,small
copulagan + nearmiss,tvae + nearmiss,1.0,False,Kruskal-Wallis + Dunn,Cliff's delta,0.33,medium
copulagan + nearmiss,tvae + instancehardness,1.0,False,Kruskal-Wallis + Dunn,Cliff's delta,0.5284,large
copulagan + onesidedselection,fastml + condensednn,1.0,False,Kruskal-Wallis + Dunn,Cliff's delta,-0.5187,large
copulagan + onesidedselection,fastml + editednn,1.0,False,Kruskal-Wallis + Dunn,Cliff's delta,0.1457,negligible
copulagan + clustercentroid,smote + nearmiss,1.0,False,Kruskal-Wallis + Dunn,Cliff's delta,1.0,large
copulagan + onesidedselection,fastml + onesidedselection,1.0,False,Kruskal-Wallis + Dunn,Cliff's delta,0.13,negligible
copulagan + onesidedselection,smote + instancehardness,1.0,False,Kruskal-Wallis + Dunn,Cliff's delta,0.9873,large
copulagan + onesidedselection,smote + condensednn,1.0,False,Kruskal-Wallis + Dunn,Cliff's delta,-0.2208,small
copulagan + clustercentroid,random + condensednn,1.0,False,Kruskal-Wallis + Dunn,Cliff's delta,-0.5559,large
copulagan + clustercentroid,random + editednn,1.0,False,Kruskal-Wallis + Dunn,Cliff's delta,0.0559,negligible
copulagan + clustercentroid,random + instancehardness,1.0,False,Kruskal-Wallis + Dunn,Cliff's delta,0.5952,large
copulagan + onesidedselection,random + onesidedselection,1.0,False,Kruskal-Wallis + Dunn,Cliff's delta,0.049,negligible
copulagan + clustercentroid,random + nearmiss,1.0,False,Kruskal-Wallis + Dunn,Cliff's delta,0.5169,large
copulagan + clustercentroid,random + clustercentroid,1.0,False,Kruskal-Wallis + Dunn,Cliff's delta,0.3963,medium
copulagan + onesidedselection,random + editednn,1.0,False,Kruskal-Wallis + Dunn,Cliff's delta,0.2088,small
copulagan + clustercentroid,random + onesidedselection,1.0,False,Kruskal-Wallis + Dunn,Cliff's delta,-0.1384,negligible
copulagan + onesidedselection,gaussiancopula + onesidedselection,1.0,False,Kruskal-Wallis + Dunn,Cliff's delta,0.1656,small
copulagan + onesidedselection,gaussiancopula + editednn,1.0,False,Kruskal-Wallis + Dunn,Cliff's delta,0.1754,small
copulagan + onesidedselection,gaussiancopula + condensednn,1.0,False,Kruskal-Wallis + Dunn,Cliff's delta,-0.4702,medium
copulagan + clustercentroid,smote + condensednn,1.0,False,Kruskal-Wallis + Dunn,Cliff's delta,-0.6364,large
copulagan + clustercentroid,smote + editednn,1.0,False,Kruskal-Wallis + Dunn,Cliff's delta,0.4497,medium
copulagan + clustercentroid,smote + instancehardness,1.0,False,Kruskal-Wallis + Dunn,Cliff's delta,0.9683,large
copulagan + onesidedselection,random + condensednn,1.0,False,Kruskal-Wallis + Dunn,Cliff's delta,-0.42,medium
fastml + nearmiss,gaussiancopula + nearmiss,1.0,False,Kruskal-Wallis + Dunn,Cliff's delta,0.0022,negligible
ctgan + instancehardness,ctgan + nearmiss,1.0,False,Kruskal-Wallis + Dunn,Cliff's delta,-0.579,large
ctgan + instancehardness,ctgan + random,1.0,False,Kruskal-Wallis + Dunn,Cliff's delta,-0.3167,small
adasyn + random,ctgan + instancehardness,1.0,False,Kruskal-Wallis + Dunn,Cliff's delta,-0.4689,medium
fastml + clustercentroid,tvae + nearmiss,1.0,False,Kruskal-Wallis + Dunn,Cliff's delta,-0.0383,negligible
fastml + clustercentroid,tvae + instancehardness,1.0,False,Kruskal-Wallis + Dunn,Cliff's delta,-0.0759,negligible
adasyn + random,ctgan + nearmiss,1.0,False,Kruskal-Wallis + Dunn,Cliff's delta,-0.5765,large
fastml + clustercentroid,tvae + clustercentroid,1.0,False,Kruskal-Wallis + Dunn,Cliff's delta,0.0206,negligible
fastml + clustercentroid,smote + random,1.0,False,Kruskal-Wallis + Dunn,Cliff's delta,0.3388,medium
fastml + clustercentroid,smote + onesidedselection,1.0,False,Kruskal-Wallis + Dunn,Cliff's delta,-0.1693,small
fastml + clustercentroid,smote + nearmiss,1.0,False,Kruskal-Wallis + Dunn,Cliff's delta,0.7069,large
fastml + clustercentroid,smote + instancehardness,1.0,False,Kruskal-Wallis + Dunn,Cliff's delta,0.2093,small
fastml + clustercentroid,smote + editednn,1.0,False,Kruskal-Wallis + Dunn,Cliff's delta,0.0435,negligible
adasyn + random,ctgan + random,1.0,False,Kruskal-Wallis + Dunn,Cliff's delta,-0.5252,large
fastml + clustercentroid,smote + clustercentroid,1.0,False,Kruskal-Wallis + Dunn,Cliff's delta,0.2934,small
fastml + clustercentroid,random + tomeklinks,1.0,False,Kruskal-Wallis + Dunn,Cliff's delta,0.1492,small
fastml + clustercentroid,random + random,1.0,False,Kruskal-Wallis + Dunn,Cliff's delta,0.1068,negligible
fastml + clustercentroid,random + nearmiss,1.0,False,Kruskal-Wallis + Dunn,Cliff's delta,0.0867,negligible
fastml + clustercentroid,tvae + random,1.0,False,Kruskal-Wallis + Dunn,Cliff's delta,0.0826,negligible
fastml + clustercentroid,random + instancehardness,1.0,False,Kruskal-Wallis + Dunn,Cliff's delta,-0.0431,negligible
fastml + clustercentroid,tvae + tomeklinks,1.0,False,Kruskal-Wallis + Dunn,Cliff's delta,0.1233,negligible
adasyn + random,copulagan + tomeklinks,1.0,False,Kruskal-Wallis + Dunn,Cliff's delta,-0.6134,large
adasyn + onesidedselection,smote + instancehardness,1.0,False,Kruskal-Wallis + Dunn,Cliff's delta,0.6538,large
adasyn + onesidedselection,smote + nearmiss,1.0,False,Kruskal-Wallis + Dunn,Cliff's delta,0.7981,large
adasyn + onesidedselection,smote + onesidedselection,1.0,False,Kruskal-Wallis + Dunn,Cliff's delta,0.2124,small
adasyn + onesidedselection,tvae + condensednn,1.0,False,Kruskal-Wallis + Dunn,Cliff's delta,-0.3347,medium
fastml + condensednn,random + condensednn,1.0,False,Kruskal-Wallis + Dunn,Cliff's delta,0.0224,negligible
adasyn + onesidedselection,tvae + editednn,1.0,False,Kruskal-Wallis + Dunn,Cliff's delta,0.0671,negligible
adasyn + onesidedselection,tvae + instancehardness,1.0,False,Kruskal-Wallis + Dunn,Cliff's delta,0.5385,large
adasyn + onesidedselection,tvae + nearmiss,1.0,False,Kruskal-Wallis + Dunn,Cliff's delta,0.4615,medium
adasyn + onesidedselection,tvae + onesidedselection,1.0,False,Kruskal-Wallis + Dunn,Cliff's delta,0.0685,negligible
adasyn + random,adasyn + tomeklinks,1.0,False,Kruskal-Wallis + Dunn,Cliff's delta,0.0629,negligible
fastml + condensednn,gaussiancopula + condensednn,1.0,False,Kruskal-Wallis + Dunn,Cliff's delta,0.0002,negligible
adasyn + random,copulagan + clustercentroid,1.0,False,Kruskal-Wallis + Dunn,Cliff's delta,-0.5899,large
adasyn + random,copulagan + instancehardness,1.0,False,Kruskal-Wallis + Dunn,Cliff's delta,-0.5143,large
adasyn + random,copulagan + nearmiss,1.0,False,Kruskal-Wallis + Dunn,Cliff's delta,-0.6039,large
adasyn + random,copulagan + random,1.0,False,Kruskal-Wallis + Dunn,Cliff's delta,-0.5303,large
adasyn + random,ctgan + clustercentroid,1.0,False,Kruskal-Wallis + Dunn,Cliff's delta,-0.5899,large
adasyn + random,fastml + clustercentroid,1.0,False,Kruskal-Wallis + Dunn,Cliff's delta,-0.0969,negligible
fastml + clustercentroid,random + clustercentroid,1.0,False,Kruskal-Wallis + Dunn,Cliff's delta,0.0046,negligible
fastml + clustercentroid,gaussiancopula + tomeklinks,1.0,False,Kruskal-Wallis + Dunn,Cliff's delta,0.1348,negligible
ctgan + tomeklinks,smote + onesidedselection,1.0,False,Kruskal-Wallis + Dunn,Cliff's delta,0.0,negligible
ctgan + tomeklinks,smote + nearmiss,1.0,False,Kruskal-Wallis + Dunn,Cliff's delta,1.0,large
ctgan + tomeklinks,smote + instancehardness,1.0,False,Kruskal-Wallis + Dunn,Cliff's delta,0.9683,large
ctgan + tomeklinks,smote + editednn,1.0,False,Kruskal-Wallis + Dunn,Cliff's delta,0.4974,large
ctgan + tomeklinks,smote + condensednn,1.0,False,Kruskal-Wallis + Dunn,Cliff's delta,-0.3961,medium
adasyn + random,gaussiancopula + clustercentroid,1.0,False,Kruskal-Wallis + Dunn,Cliff's delta,-0.0979,negligible
adasyn + random,gaussiancopula + editednn,1.0,False,Kruskal-Wallis + Dunn,Cliff's delta,-0.281,small
ctgan + tomeklinks,random + onesidedselection,1.0,False,Kruskal-Wallis + Dunn,Cliff's delta,-0.047,negligible
ctgan + tomeklinks,random + instancehardness,1.0,False,Kruskal-Wallis + Dunn,Cliff's delta,0.7057,large
ctgan + tomeklinks,random + editednn,1.0,False,Kruskal-Wallis + Dunn,Cliff's delta,0.1093,negligible
ctgan + tomeklinks,random + condensednn,1.0,False,Kruskal-Wallis + Dunn,Cliff's delta,-0.4771,large
adasyn + random,gaussiancopula + instancehardness,1.0,False,Kruskal-Wallis + Dunn,Cliff's delta,-0.2015,small
adasyn + random,gaussiancopula + nearmiss,1.0,False,Kruskal-Wallis + Dunn,Cliff's delta,-0.0197,negligible
ctgan + tomeklinks,gaussiancopula + onesidedselection,1.0,False,Kruskal-Wallis + Dunn,Cliff's delta,-0.001,negligible
ctgan + tomeklinks,gaussiancopula + instancehardness,1.0,False,Kruskal-Wallis + Dunn,Cliff's delta,0.699,large
adasyn + random,fastml + tomeklinks,1.0,False,Kruskal-Wallis + Dunn,Cliff's delta,0.0341,negligible
adasyn + random,fastml + random,1.0,False,Kruskal-Wallis + Dunn,Cliff's delta,0.0309,negligible
ctgan + tomeklinks,tvae + condensednn,1.0,False,Kruskal-Wallis + Dunn,Cliff's delta,-0.6571,large
ctgan + tomeklinks,tvae + editednn,1.0,False,Kruskal-Wallis + Dunn,Cliff's delta,-0.0454,negligible
fastml + clustercentroid,gaussiancopula + random,1.0,False,Kruskal-Wallis + Dunn,Cliff's delta,0.1281,negligible
adasyn + random,fastml + editednn,1.0,False,Kruskal-Wallis + Dunn,Cliff's delta,-0.306,small
fastml + clustercentroid,gaussiancopula + nearmiss,1.0,False,Kruskal-Wallis + Dunn,Cliff's delta,0.0696,negligible
fastml + clustercentroid,gaussiancopula + instancehardness,1.0,False,Kruskal-Wallis + Dunn,Cliff's delta,-0.049,negligible
adasyn + random,fastml + instancehardness,1.0,False,Kruskal-Wallis + Dunn,Cliff's delta,-0.2103,small
fastml + clustercentroid,gaussiancopula + clustercentroid,1.0,False,Kruskal-Wallis + Dunn,Cliff's delta,-0.0014,negligible
fastml + clustercentroid,fastml + tomeklinks,1.0,False,Kruskal-Wallis + Dunn,Cliff's delta,0.1249,negligible
adasyn + onesidedselection,smote + editednn,1.0,False,Kruskal-Wallis + Dunn,Cliff's delta,0.334,medium
fastml + clustercentroid,fastml + random,1.0,False,Kruskal-Wallis + Dunn,Cliff's delta,0.1281,negligible
fastml + clustercentroid,fastml + nearmiss,1.0,False,Kruskal-Wallis + Dunn,Cliff's delta,0.0677,negligible
fastml + clustercentroid,fastml + instancehardness,1.0,False,Kruskal-Wallis + Dunn,Cliff's delta,-0.0528,negligible
adasyn + random,fastml + onesidedselection,1.0,False,Kruskal-Wallis + Dunn,Cliff's delta,-0.342,medium
copulagan + condensednn,copulagan + editednn,1.0,False,Kruskal-Wallis + Dunn,Cliff's delta,-0.6531,large
ctgan + tomeklinks,tvae + onesidedselection,1.0,False,Kruskal-Wallis + Dunn,Cliff's delta,-0.1432,negligible
ctgan + tomeklinks,tvae + nearmiss,1.0,False,Kruskal-Wallis + Dunn,Cliff's delta,0.4343,medium
ctgan + tomeklinks,tvae + instancehardness,1.0,False,Kruskal-Wallis + Dunn,Cliff's delta,0.6603,large
adasyn + random,fastml + nearmiss,1.0,False,Kruskal-Wallis + Dunn,Cliff's delta,-0.0251,negligible
adasyn + onesidedselection,smote + condensednn,1.0,False,Kruskal-Wallis + Dunn,Cliff's delta,-0.1372,negligible
fastml + condensednn,smote + condensednn,1.0,False,Kruskal-Wallis + Dunn,Cliff's delta,0.0098,negligible
copulagan + condensednn,copulagan + nearmiss,1.0,False,Kruskal-Wallis + Dunn,Cliff's delta,0.7962,large
fastml + instancehardness,random + random,1.0,False,Kruskal-Wallis + Dunn,Cliff's delta,0.2184,small
fastml + instancehardness,random + onesidedselection,1.0,False,Kruskal-Wallis + Dunn,Cliff's delta,-0.3282,small
fastml + instancehardness,random + nearmiss,1.0,False,Kruskal-Wallis + Dunn,Cliff's delta,0.1616,small
fastml + instancehardness,random + instancehardness,1.0,False,Kruskal-Wallis + Dunn,Cliff's delta,0.0072,negligible
fastml + instancehardness,random + editednn,1.0,False,Kruskal-Wallis + Dunn,Cliff's delta,-0.1369,negligible
adasyn + onesidedselection,ctgan + nearmiss,1.0,False,Kruskal-Wallis + Dunn,Cliff's delta,0.4103,medium
fastml + instancehardness,random + clustercentroid,1.0,False,Kruskal-Wallis + Dunn,Cliff's delta,0.0705,negligible
fastml + instancehardness,gaussiancopula + tomeklinks,1.0,False,Kruskal-Wallis + Dunn,Cliff's delta,0.1947,small
fastml + instancehardness,gaussiancopula + random,1.0,False,Kruskal-Wallis + Dunn,Cliff's delta,0.2226,small
fastml + instancehardness,gaussiancopula + onesidedselection,1.0,False,Kruskal-Wallis + Dunn,Cliff's delta,-0.3342,medium
fastml + instancehardness,gaussiancopula + nearmiss,1.0,False,Kruskal-Wallis + Dunn,Cliff's delta,0.132,negligible
fastml + instancehardness,gaussiancopula + instancehardness,1.0,False,Kruskal-Wallis + Dunn,Cliff's delta,0.0233,negligible
fastml + instancehardness,gaussiancopula + editednn,1.0,False,Kruskal-Wallis + Dunn,Cliff's delta,-0.1504,small
adasyn + onesidedselection,ctgan + onesidedselection,1.0,False,Kruskal-Wallis + Dunn,Cliff's delta,0.0714,negligible
fastml + instancehardness,gaussiancopula + clustercentroid,1.0,False,Kruskal-Wallis + Dunn,Cliff's delta,0.0701,negligible
fastml + instancehardness,random + tomeklinks,1.0,False,Kruskal-Wallis + Dunn,Cliff's delta,0.2004,small
fastml + instancehardness,smote + clustercentroid,1.0,False,Kruskal-Wallis + Dunn,Cliff's delta,0.3693,medium
adasyn + onesidedselection,ctgan + instancehardness,1.0,False,Kruskal-Wallis + Dunn,Cliff's delta,0.5275,large
fastml + instancehardness,smote + editednn,1.0,False,Kruskal-Wallis + Dunn,Cliff's delta,0.1744,small
adasyn + onesidedselection,ctgan + condensednn,1.0,False,Kruskal-Wallis + Dunn,Cliff's delta,-0.2967,small
fastml + nearmiss,gaussiancopula + clustercentroid,1.0,False,Kruskal-Wallis + Dunn,Cliff's delta,-0.0641,negligible
fastml + nearmiss,fastml + tomeklinks,1.0,False,Kruskal-Wallis + Dunn,Cliff's delta,0.0576,negligible
fastml + nearmiss,fastml + random,1.0,False,Kruskal-Wallis + Dunn,Cliff's delta,0.0471,negligible
copulagan + condensednn,ctgan + editednn,1.0,False,Kruskal-Wallis + Dunn,Cliff's delta,-0.7371,large
fastml + instancehardness,tvae + tomeklinks,1.0,False,Kruskal-Wallis + Dunn,Cliff's delta,0.1132,negligible
fastml + instancehardness,tvae + random,1.0,False,Kruskal-Wallis + Dunn,Cliff's delta,0.1455,negligible
fastml + instancehardness,fastml + tomeklinks,1.0,False,Kruskal-Wallis + Dunn,Cliff's delta,0.163,small
fastml + instancehardness,tvae + nearmiss,1.0,False,Kruskal-Wallis + Dunn,Cliff's delta,-0.0383,negligible
fastml + instancehardness,tvae + editednn,1.0,False,Kruskal-Wallis + Dunn,Cliff's delta,-0.2306,small
fastml + instancehardness,tvae + clustercentroid,1.0,False,Kruskal-Wallis + Dunn,Cliff's delta,0.086,negligible
fastml + instancehardness,smote + tomeklinks,1.0,False,Kruskal-Wallis + Dunn,Cliff's delta,0.4386,medium
fastml + instancehardness,smote + random,1.0,False,Kruskal-Wallis + Dunn,Cliff's delta,0.4285,medium
fastml + instancehardness,smote + onesidedselection,1.0,False,Kruskal-Wallis + Dunn,Cliff's delta,-0.1845,small
fastml + instancehardness,smote + nearmiss,1.0,False,Kruskal-Wallis + Dunn,Cliff's delta,0.8042,large
fastml + instancehardness,smote + instancehardness,1.0,False,Kruskal-Wallis + Dunn,Cliff's delta,0.3519,medium
fastml + instancehardness,tvae + instancehardness,1.0,False,Kruskal-Wallis + Dunn,Cliff's delta,-0.0701,negligible
ctgan + tomeklinks,gaussiancopula + editednn,1.0,False,Kruskal-Wallis + Dunn,Cliff's delta,0.086,negligible
fastml + instancehardness,fastml + random,1.0,False,Kruskal-Wallis + Dunn,Cliff's delta,0.2139,small
fastml + instancehardness,fastml + nearmiss,1.0,False,Kruskal-Wallis + Dunn,Cliff's delta,0.1477,small
fastml + editednn,gaussiancopula + instancehardness,1.0,False,Kruskal-Wallis + Dunn,Cliff's delta,0.1593,small
fastml + editednn,gaussiancopula + editednn,1.0,False,Kruskal-Wallis + Dunn,Cliff's delta,0.0232,negligible
adasyn + onesidedselection,gaussiancopula + condensednn,1.0,False,Kruskal-Wallis + Dunn,Cliff's delta,-0.2746,small
adasyn + onesidedselection,gaussiancopula + editednn,1.0,False,Kruskal-Wallis + Dunn,Cliff's delta,0.1117,negligible
adasyn + onesidedselection,gaussiancopula + instancehardness,1.0,False,Kruskal-Wallis + Dunn,Cliff's delta,0.5122,large
fastml + editednn,fastml + onesidedselection,1.0,False,Kruskal-Wallis + Dunn,Cliff's delta,0.0091,negligible
fastml + editednn,fastml + instancehardness,1.0,False,Kruskal-Wallis + Dunn,Cliff's delta,0.1654,small
adasyn + onesidedselection,gaussiancopula + onesidedselection,1.0,False,Kruskal-Wallis + Dunn,Cliff's delta,0.1701,small
copulagan + editednn,fastml + condensednn,1.0,False,Kruskal-Wallis + Dunn,Cliff's delta,0.6146,large
adasyn + onesidedselection,random + condensednn,1.0,False,Kruskal-Wallis + Dunn,Cliff's delta,-0.2421,small
fastml + condensednn,tvae + condensednn,1.0,False,Kruskal-Wallis + Dunn,Cliff's delta,-0.0579,negligible
adasyn + onesidedselection,random + editednn,1.0,False,Kruskal-Wallis + Dunn,Cliff's delta,0.1456,negligible
adasyn + onesidedselection,random + instancehardness,1.0,False,Kruskal-Wallis + Dunn,Cliff's delta,0.5301,large
adasyn + onesidedselection,random + onesidedselection,1.0,False,Kruskal-Wallis + Dunn,Cliff's delta,0.1545,small
copulagan + condensednn,copulagan + onesidedselection,1.0,False,Kruskal-Wallis + Dunn,Cliff's delta,0.7347,large
fastml + editednn,gaussiancopula + onesidedselection,1.0,False,Kruskal-Wallis + Dunn,Cliff's delta,-0.005,negligible
copulagan + editednn,smote + condensednn,1.0,False,Kruskal-Wallis + Dunn,Cliff's delta,0.7208,large
fastml + editednn,random + editednn,1.0,False,Kruskal-Wallis + Dunn,Cliff's delta,0.0205,negligible
fastml + editednn,random + instancehardness,1.0,False,Kruskal-Wallis + Dunn,Cliff's delta,0.1569,small
adasyn + onesidedselection,ctgan + random,1.0,False,Kruskal-Wallis + Dunn,Cliff's delta,0.4835,large
adasyn + onesidedselection,ctgan + tomeklinks,1.0,False,Kruskal-Wallis + Dunn,Cliff's delta,0.3077,small
fastml + editednn,tvae + onesidedselection,1.0,False,Kruskal-Wallis + Dunn,Cliff's delta,-0.0706,negligible
fastml + editednn,tvae + nearmiss,1.0,False,Kruskal-Wallis + Dunn,Cliff's delta,0.1835,small
fastml + editednn,tvae + instancehardness,1.0,False,Kruskal-Wallis + Dunn,Cliff's delta,0.1506,small
fastml + editednn,tvae + editednn,1.0,False,Kruskal-Wallis + Dunn,Cliff's delta,-0.0056,negligible
copulagan + condensednn,ctgan + condensednn,1.0,False,Kruskal-Wallis + Dunn,Cliff's delta,0.1012,negligible
fastml + instancehardness,fastml + onesidedselection,1.0,False,Kruskal-Wallis + Dunn,Cliff's delta,-0.2919,small
adasyn + onesidedselection,fastml + condensednn,1.0,False,Kruskal-Wallis + Dunn,Cliff's delta,-0.2823,small
fastml + editednn,smote + onesidedselection,1.0,False,Kruskal-Wallis + Dunn,Cliff's delta,0.1294,negligible
fastml + editednn,smote + nearmiss,1.0,False,Kruskal-Wallis + Dunn,Cliff's delta,0.7812,large
fastml + editednn,smote + instancehardness,1.0,False,Kruskal-Wallis + Dunn,Cliff's delta,0.3472,medium
fastml + editednn,smote + editednn,1.0,False,Kruskal-Wallis + Dunn,Cliff's delta,0.2221,small
adasyn + onesidedselection,fastml + instancehardness,1.0,False,Kruskal-Wallis + Dunn,Cliff's delta,0.5442,large
adasyn + onesidedselection,fastml + onesidedselection,1.0,False,Kruskal-Wallis + Dunn,Cliff's delta,0.1444,negligible
copulagan + instancehardness,ctgan + onesidedselection,1.0,False,Kruskal-Wallis + Dunn,Cliff's delta,-0.8939,large
adasyn + onesidedselection,fastml + editednn,1.0,False,Kruskal-Wallis + Dunn,Cliff's delta,0.1163,negligible
ctgan + tomeklinks,gaussiancopula + condensednn,1.0,False,Kruskal-Wallis + Dunn,Cliff's delta,-0.533,large
copulagan + editednn,tvae + condensednn,1.0,False,Kruskal-Wallis + Dunn,Cliff's delta,0.6585,large
ctgan + tomeklinks,fastml + onesidedselection,1.0,False,Kruskal-Wallis + Dunn,Cliff's delta,0.0083,negligible
ctgan + nearmiss,gaussiancopula + nearmiss,1.0,False,Kruskal-Wallis + Dunn,Cliff's delta,0.4803,large
ctgan + nearmiss,gaussiancopula + instancehardness,1.0,False,Kruskal-Wallis + Dunn,Cliff's delta,0.5511,large
ctgan + nearmiss,gaussiancopula + editednn,1.0,False,Kruskal-Wallis + Dunn,Cliff's delta,0.0653,negligible
ctgan + nearmiss,gaussiancopula + condensednn,1.0,False,Kruskal-Wallis + Dunn,Cliff's delta,-0.5756,large
ctgan + nearmiss,gaussiancopula + clustercentroid,1.0,False,Kruskal-Wallis + Dunn,Cliff's delta,0.4163,medium
ctgan + nearmiss,fastml + tomeklinks,1.0,False,Kruskal-Wallis + Dunn,Cliff's delta,0.4421,medium
ctgan + nearmiss,fastml + random,1.0,False,Kruskal-Wallis + Dunn,Cliff's delta,0.5723,large
ctgan + nearmiss,fastml + onesidedselection,1.0,False,Kruskal-Wallis + Dunn,Cliff's delta,-0.0622,negligible
ctgan + nearmiss,fastml + nearmiss,1.0,False,Kruskal-Wallis + Dunn,Cliff's delta,0.4485,medium
ctgan + nearmiss,fastml + instancehardness,1.0,False,Kruskal-Wallis + Dunn,Cliff's delta,0.52,large
ctgan + nearmiss,fastml + editednn,1.0,False,Kruskal-Wallis + Dunn,Cliff's delta,0.0507,negligible
ctgan + nearmiss,fastml + condensednn,1.0,False,Kruskal-Wallis + Dunn,Cliff's delta,-0.5919,large
ctgan + nearmiss,fastml + clustercentroid,1.0,False,Kruskal-Wallis + Dunn,Cliff's delta,0.4059,medium
ctgan + nearmiss,ctgan + tomeklinks,1.0,False,Kruskal-Wallis + Dunn,Cliff's delta,-0.3048,small
ctgan + nearmiss,ctgan + random,1.0,False,Kruskal-Wallis + Dunn,Cliff's delta,0.2438,small
ctgan + nearmiss,gaussiancopula + onesidedselection,1.0,False,Kruskal-Wallis + Dunn,Cliff's delta,-0.0933,negligible
ctgan + nearmiss,gaussiancopula + random,1.0,False,Kruskal-Wallis + Dunn,Cliff's delta,0.5891,large
ctgan + nearmiss,gaussiancopula + tomeklinks,1.0,False,Kruskal-Wallis + Dunn,Cliff's delta,0.5036,large
ctgan + nearmiss,random + clustercentroid,1.0,False,Kruskal-Wallis + Dunn,Cliff's delta,0.3978,medium
ctgan + nearmiss,tvae + editednn,1.0,False,Kruskal-Wallis + Dunn,Cliff's delta,-0.0682,negligible
ctgan + nearmiss,tvae + condensednn,1.0,False,Kruskal-Wallis + Dunn,Cliff's delta,-0.7004,large
ctgan + nearmiss,tvae + clustercentroid,1.0,False,Kruskal-Wallis + Dunn,Cliff's delta,0.4429,medium
ctgan + nearmiss,smote + onesidedselection,1.0,False,Kruskal-Wallis + Dunn,Cliff's delta,-0.0606,negligible
ctgan + nearmiss,smote + nearmiss,1.0,False,Kruskal-Wallis + Dunn,Cliff's delta,1.0,large
ctgan + nearmiss,smote + instancehardness,1.0,False,Kruskal-Wallis + Dunn,Cliff's delta,0.8222,large
ctgan + nearmiss,smote + editednn,1.0,False,Kruskal-Wallis + Dunn,Cliff's delta,0.4691,medium
ctgan + nearmiss,ctgan + onesidedselection,1.0,False,Kruskal-Wallis + Dunn,Cliff's delta,-0.6133,large
ctgan + nearmiss,smote + condensednn,1.0,False,Kruskal-Wallis + Dunn,Cliff's delta,-0.5303,large
ctgan + nearmiss,random + tomeklinks,1.0,False,Kruskal-Wallis + Dunn,Cliff's delta,0.5003,large
ctgan + nearmiss,random + random,1.0,False,Kruskal-Wallis + Dunn,Cliff's delta,0.5614,large
ctgan + nearmiss,random + onesidedselection,1.0,False,Kruskal-Wallis + Dunn,Cliff's delta,-0.1111,negligible
ctgan + nearmiss,random + nearmiss,1.0,False,Kruskal-Wallis + Dunn,Cliff's delta,0.5,large
ctgan + nearmiss,random + instancehardness,1.0,False,Kruskal-Wallis + Dunn,Cliff's delta,0.5289,large
ctgan + nearmiss,random + editednn,1.0,False,Kruskal-Wallis + Dunn,Cliff's delta,0.0779,negligible
ctgan + nearmiss,random + condensednn,1.0,False,Kruskal-Wallis + Dunn,Cliff's delta,-0.5407,large
ctgan + nearmiss,smote + clustercentroid,1.0,False,Kruskal-Wallis + Dunn,Cliff's delta,0.6545,large
ctgan + nearmiss,tvae + instancehardness,1.0,False,Kruskal-Wallis + Dunn,Cliff's delta,0.4691,medium
ctgan + instancehardness,tvae + tomeklinks,1.0,False,Kruskal-Wallis + Dunn,Cliff's delta,0.2598,small
ctgan + instancehardness,tvae + onesidedselection,1.0,False,Kruskal-Wallis + Dunn,Cliff's delta,-0.3605,medium
ctgan + instancehardness,gaussiancopula + onesidedselection,1.0,False,Kruskal-Wallis + Dunn,Cliff's delta,-0.2619,small
ctgan + instancehardness,gaussiancopula + nearmiss,1.0,False,Kruskal-Wallis + Dunn,Cliff's delta,0.3429,medium
ctgan + instancehardness,gaussiancopula + instancehardness,1.0,False,Kruskal-Wallis + Dunn,Cliff's delta,0.209,small
ctgan + instancehardness,gaussiancopula + editednn,1.0,False,Kruskal-Wallis + Dunn,Cliff's delta,0.0154,negligible
adasyn + random,smote + tomeklinks,1.0,False,Kruskal-Wallis + Dunn,Cliff's delta,0.3448,medium
ctgan + instancehardness,gaussiancopula + clustercentroid,1.0,False,Kruskal-Wallis + Dunn,Cliff's delta,0.2832,small
ctgan + instancehardness,fastml + tomeklinks,1.0,False,Kruskal-Wallis + Dunn,Cliff's delta,0.3581,medium
ctgan + instancehardness,fastml + random,1.0,False,Kruskal-Wallis + Dunn,Cliff's delta,0.4467,medium
ctgan + instancehardness,fastml + onesidedselection,1.0,False,Kruskal-Wallis + Dunn,Cliff's delta,-0.181,small
ctgan + instancehardness,fastml + nearmiss,1.0,False,Kruskal-Wallis + Dunn,Cliff's delta,0.3604,medium
ctgan + instancehardness,fastml + instancehardness,1.0,False,Kruskal-Wallis + Dunn,Cliff's delta,0.1662,small
ctgan + instancehardness,fastml + editednn,1.0,False,Kruskal-Wallis + Dunn,Cliff's delta,0.0071,negligible
adasyn + random,tvae + clustercentroid,1.0,False,Kruskal-Wallis + Dunn,Cliff's delta,-0.0811,negligible
ctgan + instancehardness,fastml + clustercentroid,1.0,False,Kruskal-Wallis + Dunn,Cliff's delta,0.2556,small
ctgan + instancehardness,ctgan + tomeklinks,1.0,False,Kruskal-Wallis + Dunn,Cliff's delta,-0.8049,large
ctgan + instancehardness,gaussiancopula + random,1.0,False,Kruskal-Wallis + Dunn,Cliff's delta,0.4634,medium
ctgan + instancehardness,gaussiancopula + tomeklinks,1.0,False,Kruskal-Wallis + Dunn,Cliff's delta,0.4047,medium
ctgan + instancehardness,random + clustercentroid,1.0,False,Kruskal-Wallis + Dunn,Cliff's delta,0.2752,small
adasyn + random,smote + random,1.0,False,Kruskal-Wallis + Dunn,Cliff's delta,0.289,small
ctgan + instancehardness,tvae + nearmiss,1.0,False,Kruskal-Wallis + Dunn,Cliff's delta,0.1,negligible
ctgan + instancehardness,tvae + instancehardness,1.0,False,Kruskal-Wallis + Dunn,Cliff's delta,0.0608,negligible
ctgan + instancehardness,tvae + editednn,1.0,False,Kruskal-Wallis + Dunn,Cliff's delta,-0.1151,negligible
adasyn + random,smote + onesidedselection,1.0,False,Kruskal-Wallis + Dunn,Cliff's delta,-0.1745,small
ctgan + instancehardness,tvae + clustercentroid,1.0,False,Kruskal-Wallis + Dunn,Cliff's delta,0.2956,small
ctgan + instancehardness,smote + onesidedselection,1.0,False,Kruskal-Wallis + Dunn,Cliff's delta,-0.1299,negligible
ctgan + instancehardness,smote + nearmiss,1.0,False,Kruskal-Wallis + Dunn,Cliff's delta,1.0,large
ctgan + instancehardness,tvae + random,1.0,False,Kruskal-Wallis + Dunn,Cliff's delta,0.3482,medium
ctgan + instancehardness,smote + instancehardness,1.0,False,Kruskal-Wallis + Dunn,Cliff's delta,0.5397,large
ctgan + instancehardness,smote + clustercentroid,1.0,False,Kruskal-Wallis + Dunn,Cliff's delta,0.5844,large
ctgan + instancehardness,random + tomeklinks,1.0,False,Kruskal-Wallis + Dunn,Cliff's delta,0.385,medium
ctgan + instancehardness,random + random,1.0,False,Kruskal-Wallis + Dunn,Cliff's delta,0.4675,medium
ctgan + instancehardness,random + onesidedselection,1.0,False,Kruskal-Wallis + Dunn,Cliff's delta,-0.2638,small
ctgan + instancehardness,random + nearmiss,1.0,False,Kruskal-Wallis + Dunn,Cliff's delta,0.3662,medium
ctgan + instancehardness,random + instancehardness,1.0,False,Kruskal-Wallis + Dunn,Cliff's delta,0.1624,small
ctgan + instancehardness,random + editednn,1.0,False,Kruskal-Wallis + Dunn,Cliff's delta,0.026,negligible
ctgan + instancehardness,smote + editednn,1.0,False,Kruskal-Wallis + Dunn,Cliff's delta,0.4444,medium
ctgan + instancehardness,ctgan + onesidedselection,1.0,False,Kruskal-Wallis + Dunn,Cliff's delta,-0.9094,large
ctgan + nearmiss,tvae + nearmiss,1.0,False,Kruskal-Wallis + Dunn,Cliff's delta,0.32,small
ctgan + nearmiss,tvae + random,1.0,False,Kruskal-Wallis + Dunn,Cliff's delta,0.4767,large
ctgan + random,random + instancehardness,1.0,False,Kruskal-Wallis + Dunn,Cliff's delta,0.3867,medium
ctgan + random,random + editednn,1.0,False,Kruskal-Wallis + Dunn,Cliff's delta,0.0442,negligible
ctgan + random,random + clustercentroid,1.0,False,Kruskal-Wallis + Dunn,Cliff's delta,0.334,medium
ctgan + random,gaussiancopula + tomeklinks,1.0,False,Kruskal-Wallis + Dunn,Cliff's delta,0.4488,medium
ctgan + random,gaussiancopula + random,1.0,False,Kruskal-Wallis + Dunn,Cliff's delta,0.5293,large
ctgan + random,gaussiancopula + onesidedselection,1.0,False,Kruskal-Wallis + Dunn,Cliff's delta,-0.194,small
ctgan + random,gaussiancopula + nearmiss,1.0,False,Kruskal-Wallis + Dunn,Cliff's delta,0.4091,medium
ctgan + random,gaussiancopula + instancehardness,1.0,False,Kruskal-Wallis + Dunn,Cliff's delta,0.421,medium
ctgan + random,gaussiancopula + editednn,1.0,False,Kruskal-Wallis + Dunn,Cliff's delta,0.0309,negligible
ctgan + random,gaussiancopula + clustercentroid,1.0,False,Kruskal-Wallis + Dunn,Cliff's delta,0.3463,medium
ctgan + random,fastml + tomeklinks,1.0,False,Kruskal-Wallis + Dunn,Cliff's delta,0.3933,medium
ctgan + random,fastml + random,1.0,False,Kruskal-Wallis + Dunn,Cliff's delta,0.5115,large
ctgan + random,fastml + onesidedselection,1.0,False,Kruskal-Wallis + Dunn,Cliff's delta,-0.1346,negligible
ctgan + random,fastml + nearmiss,1.0,False,Kruskal-Wallis + Dunn,Cliff's delta,0.4039,medium
ctgan + random,fastml + instancehardness,1.0,False,Kruskal-Wallis + Dunn,Cliff's delta,0.3695,medium
ctgan + random,random + nearmiss,1.0,False,Kruskal-Wallis + Dunn,Cliff's delta,0.439,medium
ctgan + random,random + onesidedselection,1.0,False,Kruskal-Wallis + Dunn,Cliff's delta,-0.2022,small
ctgan + random,random + random,1.0,False,Kruskal-Wallis + Dunn,Cliff's delta,0.5172,large
ctgan + random,random + tomeklinks,1.0,False,Kruskal-Wallis + Dunn,Cliff's delta,0.44,medium
ctgan + tomeklinks,fastml + instancehardness,1.0,False,Kruskal-Wallis + Dunn,Cliff's delta,0.6943,large
ctgan + tomeklinks,fastml + editednn,1.0,False,Kruskal-Wallis + Dunn,Cliff's delta,0.0649,negligible
ctgan + tomeklinks,fastml + condensednn,1.0,False,Kruskal-Wallis + Dunn,Cliff's delta,-0.566,large
ctgan + random,tvae + tomeklinks,1.0,False,Kruskal-Wallis + Dunn,Cliff's delta,0.3025,small
ctgan + random,tvae + random,1.0,False,Kruskal-Wallis + Dunn,Cliff's delta,0.4145,medium
ctgan + random,tvae + onesidedselection,1.0,False,Kruskal-Wallis + Dunn,Cliff's delta,-0.2994,small
ctgan + random,tvae + nearmiss,1.0,False,Kruskal-Wallis + Dunn,Cliff's delta,0.2029,small
ctgan + random,fastml + editednn,1.0,False,Kruskal-Wallis + Dunn,Cliff's delta,0.016,negligible
ctgan + random,tvae + instancehardness,1.0,False,Kruskal-Wallis + Dunn,Cliff's delta,0.2688,small
adasyn + random,gaussiancopula + random,1.0,False,Kruskal-Wallis + Dunn,Cliff's delta,0.0278,negligible
ctgan + random,tvae + clustercentroid,1.0,False,Kruskal-Wallis + Dunn,Cliff's delta,0.3606,medium
ctgan + random,smote + onesidedselection,1.0,False,Kruskal-Wallis + Dunn,Cliff's delta,-0.1039,negligible
ctgan + random,smote + nearmiss,1.0,False,Kruskal-Wallis + Dunn,Cliff's delta,1.0,large
ctgan + random,smote + instancehardness,1.0,False,Kruskal-Wallis + Dunn,Cliff's delta,0.7651,large
ctgan + random,smote + editednn,1.0,False,Kruskal-Wallis + Dunn,Cliff's delta,0.4497,medium
ctgan + random,smote + condensednn,1.0,False,Kruskal-Wallis + Dunn,Cliff's delta,-0.6688,large
ctgan + random,tvae + editednn,1.0,False,Kruskal-Wallis + Dunn,Cliff's delta,-0.0996,negligible
ctgan + nearmiss,tvae + onesidedselection,1.0,False,Kruskal-Wallis + Dunn,Cliff's delta,-0.2285,small
ctgan + random,fastml + clustercentroid,1.0,False,Kruskal-Wallis + Dunn,Cliff's delta,0.3165,small
adasyn + random,gaussiancopula + tomeklinks,1.0,False,Kruskal-Wallis + Dunn,Cliff's delta,0.0407,negligible
adasyn + random,smote + editednn,1.0,False,Kruskal-Wallis + Dunn,Cliff's delta,-0.043,negligible
ctgan + onesidedselection,gaussiancopula + onesidedselection,1.0,False,Kruskal-Wallis + Dunn,Cliff's delta,0.1173,negligible
copulagan + clustercentroid,tvae + instancehardness,1.0,False,Kruskal-Wallis + Dunn,Cliff's delta,0.509,large
ctgan + onesidedselection,gaussiancopula + editednn,1.0,False,Kruskal-Wallis + Dunn,Cliff's delta,0.1403,negligible
ctgan + onesidedselection,gaussiancopula + condensednn,1.0,False,Kruskal-Wallis + Dunn,Cliff's delta,-0.4743,large
copulagan + clustercentroid,tvae + editednn,1.0,False,Kruskal-Wallis + Dunn,Cliff's delta,-0.089,negligible
adasyn + random,smote + instancehardness,1.0,False,Kruskal-Wallis + Dunn,Cliff's delta,0.0621,negligible
adasyn + random,smote + nearmiss,1.0,False,Kruskal-Wallis + Dunn,Cliff's delta,0.6544,large
ctgan + onesidedselection,fastml + onesidedselection,1.0,False,Kruskal-Wallis + Dunn,Cliff's delta,0.0913,negligible
ctgan + onesidedselection,fastml + editednn,1.0,False,Kruskal-Wallis + Dunn,Cliff's delta,0.1314,negligible
ctgan + onesidedselection,fastml + condensednn,1.0,False,Kruskal-Wallis + Dunn,Cliff's delta,-0.5238,large
copulagan + instancehardness,copulagan + nearmiss,1.0,False,Kruskal-Wallis + Dunn,Cliff's delta,-0.48,large
ctgan + onesidedselection,ctgan + tomeklinks,1.0,False,Kruskal-Wallis + Dunn,Cliff's delta,0.3984,medium
ctgan + onesidedselection,ctgan + random,1.0,False,Kruskal-Wallis + Dunn,Cliff's delta,0.7869,large
ctgan + nearmiss,tvae + tomeklinks,1.0,False,Kruskal-Wallis + Dunn,Cliff's delta,0.3625,medium
adasyn + random,smote + clustercentroid,1.0,False,Kruskal-Wallis + Dunn,Cliff's delta,0.236,small
copulagan + clustercentroid,tvae + nearmiss,1.0,False,Kruskal-Wallis + Dunn,Cliff's delta,0.2814,small
ctgan + onesidedselection,random + condensednn,1.0,False,Kruskal-Wallis + Dunn,Cliff's delta,-0.4295,medium
ctgan + onesidedselection,random + editednn,1.0,False,Kruskal-Wallis + Dunn,Cliff's delta,0.1605,small
adasyn + random,random + clustercentroid,1.0,False,Kruskal-Wallis + Dunn,Cliff's delta,-0.0949,negligible
ctgan + onesidedselection,tvae + onesidedselection,1.0,False,Kruskal-Wallis + Dunn,Cliff's delta,-0.0152,negligible
ctgan + onesidedselection,tvae + nearmiss,1.0,False,Kruskal-Wallis + Dunn,Cliff's delta,0.54,large
ctgan + onesidedselection,tvae + instancehardness,1.0,False,Kruskal-Wallis + Dunn,Cliff's delta,0.7587,large
ctgan + onesidedselection,tvae + editednn,1.0,False,Kruskal-Wallis + Dunn,Cliff's delta,0.0091,negligible
ctgan + onesidedselection,tvae + condensednn,1.0,False,Kruskal-Wallis + Dunn,Cliff's delta,-0.6095,large
copulagan + clustercentroid,tvae + onesidedselection,1.0,False,Kruskal-Wallis + Dunn,Cliff's delta,-0.2334,small
ctgan + random,ctgan + tomeklinks,1.0,False,Kruskal-Wallis + Dunn,Cliff's delta,-0.5812,large
adasyn + random,random + editednn,1.0,False,Kruskal-Wallis + Dunn,Cliff's delta,-0.2694,small
ctgan + onesidedselection,smote + onesidedselection,1.0,False,Kruskal-Wallis + Dunn,Cliff's delta,0.1396,negligible
ctgan + onesidedselection,smote + instancehardness,1.0,False,Kruskal-Wallis + Dunn,Cliff's delta,0.9683,large
ctgan + onesidedselection,smote + condensednn,1.0,False,Kruskal-Wallis + Dunn,Cliff's delta,-0.2987,small
adasyn + random,random + nearmiss,1.0,False,Kruskal-Wallis + Dunn,Cliff's delta,-0.017,negligible
adasyn + random,random + random,1.0,False,Kruskal-Wallis + Dunn,Cliff's delta,0.0097,negligible
ctgan + onesidedselection,random + onesidedselection,1.0,False,Kruskal-Wallis + Dunn,Cliff's delta,0.0379,negligible
adasyn + random,random + tomeklinks,1.0,False,Kruskal-Wallis + Dunn,Cliff's delta,0.0601,negligible
adasyn + random,random + instancehardness,1.0,False,Kruskal-Wallis + Dunn,Cliff's delta,-0.2113,small
tvae + random,tvae + tomeklinks,1.0,False,Kruskal-Wallis + Dunn,Cliff's delta,0.062,negligible
