group1,group2,p_value,reject,test_used,effect_type,effect_value,effect_interpretation
copulagan + random,tvae + editednn,0.0,True,Kruskal-Wallis + Dunn,Cliff's delta,-0.3817,medium
copulagan + nearmiss,random + editednn,0.0,True,Kruskal-Wallis + Dunn,Cliff's delta,-0.3199,small
random + random,smote + condensednn,0.0,True,Kruskal-Wallis + Dunn,Cliff's delta,-0.3885,medium
random + random,smote + editednn,0.0,True,Kruskal-Wallis + Dunn,Cliff's delta,-0.326,small
copulagan + nearmiss,smote + condensednn,0.0,True,Kruskal-Wallis + Dunn,Cliff's delta,-0.4163,medium
copulagan + nearmiss,smote + editednn,0.0,True,Kruskal-Wallis + Dunn,Cliff's delta,-0.356,medium
copulagan + nearmiss,tvae + condensednn,0.0,True,Kruskal-Wallis + Dunn,Cliff's delta,-0.4733,medium
copulagan + nearmiss,tvae + editednn,0.0,True,Kruskal-Wallis + Dunn,Cliff's delta,-0.3333,medium
gaussiancopula + clustercentroid,smote + condensednn,0.0,True,Kruskal-Wallis + Dunn,Cliff's delta,-0.3607,medium
gaussiancopula + clustercentroid,gaussiancopula + editednn,0.0,True,Kruskal-Wallis + Dunn,Cliff's delta,-0.3171,small
copulagan + onesidedselection,ctgan + condensednn,0.0,True,Kruskal-Wallis + Dunn,Cliff's delta,-0.4642,medium
random + random,tvae + condensednn,0.0,True,Kruskal-Wallis + Dunn,Cliff's delta,-0.4298,medium
random + random,tvae + editednn,0.0,True,Kruskal-Wallis + Dunn,Cliff's delta,-0.2893,small
fastml + tomeklinks,tvae + condensednn,0.0,True,Kruskal-Wallis + Dunn,Cliff's delta,-0.3305,medium
copulagan + onesidedselection,fastml + condensednn,0.0,True,Kruskal-Wallis + Dunn,Cliff's delta,-0.4652,medium
copulagan + onesidedselection,fastml + editednn,0.0,True,Kruskal-Wallis + Dunn,Cliff's delta,-0.3693,medium
copulagan + onesidedselection,gaussiancopula + condensednn,0.0,True,Kruskal-Wallis + Dunn,Cliff's delta,-0.449,medium
gaussiancopula + clustercentroid,gaussiancopula + condensednn,0.0,True,Kruskal-Wallis + Dunn,Cliff's delta,-0.4185,medium
copulagan + onesidedselection,gaussiancopula + editednn,0.0,True,Kruskal-Wallis + Dunn,Cliff's delta,-0.3644,medium
gaussiancopula + clustercentroid,smote + editednn,0.0,True,Kruskal-Wallis + Dunn,Cliff's delta,-0.312,small
copulagan + nearmiss,gaussiancopula + condensednn,0.0,True,Kruskal-Wallis + Dunn,Cliff's delta,-0.4598,medium
gaussiancopula + condensednn,smote + random,0.0,True,Kruskal-Wallis + Dunn,Cliff's delta,0.293,small
gaussiancopula + condensednn,smote + clustercentroid,0.0,True,Kruskal-Wallis + Dunn,Cliff's delta,0.4205,medium
adasyn + nearmiss,ctgan + condensednn,0.0,True,Kruskal-Wallis + Dunn,Cliff's delta,-0.4436,medium
gaussiancopula + condensednn,random + tomeklinks,0.0,True,Kruskal-Wallis + Dunn,Cliff's delta,0.2983,small
gaussiancopula + condensednn,random + random,0.0,True,Kruskal-Wallis + Dunn,Cliff's delta,0.4531,medium
gaussiancopula + condensednn,random + onesidedselection,0.0,True,Kruskal-Wallis + Dunn,Cliff's delta,0.2981,small
gaussiancopula + condensednn,random + nearmiss,0.0,True,Kruskal-Wallis + Dunn,Cliff's delta,0.4247,medium
copulagan + nearmiss,gaussiancopula + editednn,0.0,True,Kruskal-Wallis + Dunn,Cliff's delta,-0.3831,medium
gaussiancopula + condensednn,random + clustercentroid,0.0,True,Kruskal-Wallis + Dunn,Cliff's delta,0.435,medium
gaussiancopula + condensednn,gaussiancopula + random,0.0,True,Kruskal-Wallis + Dunn,Cliff's delta,0.3863,medium
gaussiancopula + condensednn,gaussiancopula + nearmiss,0.0,True,Kruskal-Wallis + Dunn,Cliff's delta,0.3648,medium
random + onesidedselection,tvae + condensednn,0.0,True,Kruskal-Wallis + Dunn,Cliff's delta,-0.3117,small
copulagan + nearmiss,ctgan + condensednn,0.0,True,Kruskal-Wallis + Dunn,Cliff's delta,-0.4689,medium
gaussiancopula + clustercentroid,tvae + condensednn,0.0,True,Kruskal-Wallis + Dunn,Cliff's delta,-0.3931,medium
copulagan + nearmiss,fastml + condensednn,0.0,True,Kruskal-Wallis + Dunn,Cliff's delta,-0.4679,medium
copulagan + nearmiss,fastml + editednn,0.0,True,Kruskal-Wallis + Dunn,Cliff's delta,-0.339,medium
gaussiancopula + condensednn,gaussiancopula + tomeklinks,0.0,True,Kruskal-Wallis + Dunn,Cliff's delta,0.2851,small
gaussiancopula + condensednn,tvae + clustercentroid,0.0,True,Kruskal-Wallis + Dunn,Cliff's delta,0.2956,small
copulagan + onesidedselection,smote + condensednn,0.0,True,Kruskal-Wallis + Dunn,Cliff's delta,-0.388,medium
copulagan + onesidedselection,tvae + condensednn,0.0,True,Kruskal-Wallis + Dunn,Cliff's delta,-0.4699,medium
adasyn + editednn,tvae + random,0.0,True,Kruskal-Wallis + Dunn,Cliff's delta,0.2904,small
adasyn + random,ctgan + condensednn,0.0,True,Kruskal-Wallis + Dunn,Cliff's delta,-0.4864,large
copulagan + tomeklinks,ctgan + condensednn,0.0,True,Kruskal-Wallis + Dunn,Cliff's delta,-0.4762,large
copulagan + tomeklinks,fastml + condensednn,0.0,True,Kruskal-Wallis + Dunn,Cliff's delta,-0.4873,large
copulagan + tomeklinks,fastml + editednn,0.0,True,Kruskal-Wallis + Dunn,Cliff's delta,-0.3972,medium
fastml + random,gaussiancopula + editednn,0.0,True,Kruskal-Wallis + Dunn,Cliff's delta,-0.3402,medium
fastml + random,gaussiancopula + condensednn,0.0,True,Kruskal-Wallis + Dunn,Cliff's delta,-0.3632,medium
smote + clustercentroid,tvae + condensednn,0.0,True,Kruskal-Wallis + Dunn,Cliff's delta,-0.3761,medium
copulagan + tomeklinks,gaussiancopula + condensednn,0.0,True,Kruskal-Wallis + Dunn,Cliff's delta,-0.4655,medium
copulagan + tomeklinks,random + editednn,0.0,True,Kruskal-Wallis + Dunn,Cliff's delta,-0.348,medium
copulagan + tomeklinks,smote + condensednn,0.0,True,Kruskal-Wallis + Dunn,Cliff's delta,-0.4492,medium
copulagan + tomeklinks,smote + editednn,0.0,True,Kruskal-Wallis + Dunn,Cliff's delta,-0.4016,medium
copulagan + tomeklinks,tvae + condensednn,0.0,True,Kruskal-Wallis + Dunn,Cliff's delta,-0.4747,large
copulagan + tomeklinks,tvae + editednn,0.0,True,Kruskal-Wallis + Dunn,Cliff's delta,-0.3668,medium
ctgan + clustercentroid,ctgan + condensednn,0.0,True,Kruskal-Wallis + Dunn,Cliff's delta,-0.4846,large
ctgan + clustercentroid,fastml + condensednn,0.0,True,Kruskal-Wallis + Dunn,Cliff's delta,-0.4881,large
copulagan + tomeklinks,gaussiancopula + editednn,0.0,True,Kruskal-Wallis + Dunn,Cliff's delta,-0.4216,medium
copulagan + onesidedselection,smote + editednn,0.0,True,Kruskal-Wallis + Dunn,Cliff's delta,-0.3503,medium
copulagan + random,tvae + condensednn,0.0,True,Kruskal-Wallis + Dunn,Cliff's delta,-0.5076,large
copulagan + random,smote + editednn,0.0,True,Kruskal-Wallis + Dunn,Cliff's delta,-0.4335,medium
copulagan + onesidedselection,tvae + editednn,0.0,True,Kruskal-Wallis + Dunn,Cliff's delta,-0.3033,small
fastml + tomeklinks,gaussiancopula + condensednn,0.0,True,Kruskal-Wallis + Dunn,Cliff's delta,-0.38,medium
copulagan + random,ctgan + condensednn,0.0,True,Kruskal-Wallis + Dunn,Cliff's delta,-0.4888,large
random + tomeklinks,tvae + condensednn,0.0,True,Kruskal-Wallis + Dunn,Cliff's delta,-0.3158,small
copulagan + random,fastml + condensednn,0.0,True,Kruskal-Wallis + Dunn,Cliff's delta,-0.51,large
copulagan + random,fastml + editednn,0.0,True,Kruskal-Wallis + Dunn,Cliff's delta,-0.4134,medium
fastml + random,tvae + condensednn,0.0,True,Kruskal-Wallis + Dunn,Cliff's delta,-0.3537,medium
copulagan + random,smote + tomeklinks,0.0,True,Kruskal-Wallis + Dunn,Cliff's delta,-0.3056,small
copulagan + random,gaussiancopula + condensednn,0.0,True,Kruskal-Wallis + Dunn,Cliff's delta,-0.5067,large
copulagan + random,random + condensednn,0.0,True,Kruskal-Wallis + Dunn,Cliff's delta,-0.3319,medium
copulagan + random,random + editednn,0.0,True,Kruskal-Wallis + Dunn,Cliff's delta,-0.3883,medium
fastml + random,smote + editednn,0.0,True,Kruskal-Wallis + Dunn,Cliff's delta,-0.3244,small
smote + clustercentroid,smote + condensednn,0.0,True,Kruskal-Wallis + Dunn,Cliff's delta,-0.3695,medium
smote + clustercentroid,smote + editednn,0.0,True,Kruskal-Wallis + Dunn,Cliff's delta,-0.302,small
fastml + random,smote + condensednn,0.0,True,Kruskal-Wallis + Dunn,Cliff's delta,-0.3063,small
copulagan + random,smote + condensednn,0.0,True,Kruskal-Wallis + Dunn,Cliff's delta,-0.4672,medium
copulagan + random,gaussiancopula + editednn,0.0,True,Kruskal-Wallis + Dunn,Cliff's delta,-0.4353,medium
smote + condensednn,tvae + random,0.0,True,Kruskal-Wallis + Dunn,Cliff's delta,0.4398,medium
gaussiancopula + condensednn,tvae + nearmiss,0.0,True,Kruskal-Wallis + Dunn,Cliff's delta,0.3822,medium
gaussiancopula + condensednn,tvae + onesidedselection,0.0,True,Kruskal-Wallis + Dunn,Cliff's delta,0.3949,medium
adasyn + tomeklinks,gaussiancopula + editednn,0.0,True,Kruskal-Wallis + Dunn,Cliff's delta,-0.3641,medium
gaussiancopula + random,tvae + editednn,0.0,True,Kruskal-Wallis + Dunn,Cliff's delta,-0.2963,small
adasyn + onesidedselection,gaussiancopula + editednn,0.0,True,Kruskal-Wallis + Dunn,Cliff's delta,-0.3211,small
adasyn + onesidedselection,gaussiancopula + condensednn,0.0,True,Kruskal-Wallis + Dunn,Cliff's delta,-0.4409,medium
gaussiancopula + random,tvae + condensednn,0.0,True,Kruskal-Wallis + Dunn,Cliff's delta,-0.3843,medium
adasyn + tomeklinks,smote + condensednn,0.0,True,Kruskal-Wallis + Dunn,Cliff's delta,-0.4185,medium
adasyn + tomeklinks,smote + editednn,0.0,True,Kruskal-Wallis + Dunn,Cliff's delta,-0.3405,medium
adasyn + tomeklinks,gaussiancopula + condensednn,0.0,True,Kruskal-Wallis + Dunn,Cliff's delta,-0.4487,medium
adasyn + tomeklinks,tvae + condensednn,0.0,True,Kruskal-Wallis + Dunn,Cliff's delta,-0.4821,large
gaussiancopula + random,smote + editednn,0.0,True,Kruskal-Wallis + Dunn,Cliff's delta,-0.3447,medium
adasyn + onesidedselection,fastml + condensednn,0.0,True,Kruskal-Wallis + Dunn,Cliff's delta,-0.4536,medium
gaussiancopula + random,smote + condensednn,0.0,True,Kruskal-Wallis + Dunn,Cliff's delta,-0.3347,medium
random + editednn,tvae + random,0.0,True,Kruskal-Wallis + Dunn,Cliff's delta,0.3658,medium
copulagan + clustercentroid,ctgan + condensednn,0.0,True,Kruskal-Wallis + Dunn,Cliff's delta,-0.4666,medium
copulagan + clustercentroid,fastml + condensednn,0.0,True,Kruskal-Wallis + Dunn,Cliff's delta,-0.4758,large
copulagan + clustercentroid,fastml + editednn,0.0,True,Kruskal-Wallis + Dunn,Cliff's delta,-0.3605,medium
adasyn + tomeklinks,tvae + editednn,0.0,True,Kruskal-Wallis + Dunn,Cliff's delta,-0.3373,medium
adasyn + onesidedselection,ctgan + condensednn,0.0,True,Kruskal-Wallis + Dunn,Cliff's delta,-0.4543,medium
adasyn + tomeklinks,fastml + editednn,0.0,True,Kruskal-Wallis + Dunn,Cliff's delta,-0.3089,small
adasyn + tomeklinks,ctgan + condensednn,0.0,True,Kruskal-Wallis + Dunn,Cliff's delta,-0.45,medium
adasyn + random,fastml + condensednn,0.0,True,Kruskal-Wallis + Dunn,Cliff's delta,-0.4936,large
adasyn + random,fastml + editednn,0.0,True,Kruskal-Wallis + Dunn,Cliff's delta,-0.3744,medium
random + clustercentroid,tvae + condensednn,0.0,True,Kruskal-Wallis + Dunn,Cliff's delta,-0.4115,medium
adasyn + random,gaussiancopula + condensednn,0.0,True,Kruskal-Wallis + Dunn,Cliff's delta,-0.4911,large
adasyn + random,gaussiancopula + editednn,0.0,True,Kruskal-Wallis + Dunn,Cliff's delta,-0.3858,medium
adasyn + onesidedselection,tvae + condensednn,0.0,True,Kruskal-Wallis + Dunn,Cliff's delta,-0.4584,medium
random + clustercentroid,smote + editednn,0.0,True,Kruskal-Wallis + Dunn,Cliff's delta,-0.3061,small
adasyn + tomeklinks,fastml + condensednn,0.0,True,Kruskal-Wallis + Dunn,Cliff's delta,-0.4717,medium
adasyn + random,random + editednn,0.0,True,Kruskal-Wallis + Dunn,Cliff's delta,-0.3298,small
adasyn + random,smote + condensednn,0.0,True,Kruskal-Wallis + Dunn,Cliff's delta,-0.4285,medium
adasyn + random,smote + editednn,0.0,True,Kruskal-Wallis + Dunn,Cliff's delta,-0.3716,medium
adasyn + random,tvae + condensednn,0.0,True,Kruskal-Wallis + Dunn,Cliff's delta,-0.4945,large
adasyn + onesidedselection,smote + condensednn,0.0,True,Kruskal-Wallis + Dunn,Cliff's delta,-0.3503,medium
random + condensednn,tvae + random,0.0,True,Kruskal-Wallis + Dunn,Cliff's delta,0.2942,small
adasyn + random,tvae + editednn,0.0,True,Kruskal-Wallis + Dunn,Cliff's delta,-0.3713,medium
random + editednn,random + random,0.0,True,Kruskal-Wallis + Dunn,Cliff's delta,0.282,small
random + clustercentroid,smote + condensednn,0.0,True,Kruskal-Wallis + Dunn,Cliff's delta,-0.356,medium
copulagan + instancehardness,gaussiancopula + condensednn,0.0,True,Kruskal-Wallis + Dunn,Cliff's delta,-0.3764,medium
copulagan + clustercentroid,gaussiancopula + condensednn,0.0,True,Kruskal-Wallis + Dunn,Cliff's delta,-0.4572,medium
copulagan + clustercentroid,random + editednn,0.0,True,Kruskal-Wallis + Dunn,Cliff's delta,-0.3119,small
adasyn + nearmiss,random + editednn,0.0,True,Kruskal-Wallis + Dunn,Cliff's delta,-0.355,medium
gaussiancopula + editednn,random + random,0.0,True,Kruskal-Wallis + Dunn,Cliff's delta,0.3363,medium
random + nearmiss,smote + condensednn,0.0,True,Kruskal-Wallis + Dunn,Cliff's delta,-0.3715,medium
random + nearmiss,smote + editednn,0.0,True,Kruskal-Wallis + Dunn,Cliff's delta,-0.3244,small
gaussiancopula + editednn,random + nearmiss,0.0,True,Kruskal-Wallis + Dunn,Cliff's delta,0.3272,small
gaussiancopula + editednn,random + clustercentroid,0.0,True,Kruskal-Wallis + Dunn,Cliff's delta,0.3144,small
gaussiancopula + editednn,gaussiancopula + random,0.0,True,Kruskal-Wallis + Dunn,Cliff's delta,0.3466,medium
gaussiancopula + editednn,smote + clustercentroid,0.0,True,Kruskal-Wallis + Dunn,Cliff's delta,0.3168,small
adasyn + nearmiss,gaussiancopula + editednn,0.0,True,Kruskal-Wallis + Dunn,Cliff's delta,-0.415,medium
copulagan + instancehardness,fastml + condensednn,0.0,True,Kruskal-Wallis + Dunn,Cliff's delta,-0.3414,medium
gaussiancopula + editednn,gaussiancopula + nearmiss,0.0,True,Kruskal-Wallis + Dunn,Cliff's delta,0.295,small
gaussiancopula + condensednn,tvae + tomeklinks,0.0,True,Kruskal-Wallis + Dunn,Cliff's delta,0.3336,medium
gaussiancopula + condensednn,tvae + random,0.0,True,Kruskal-Wallis + Dunn,Cliff's delta,0.4892,large
random + nearmiss,tvae + condensednn,0.0,True,Kruskal-Wallis + Dunn,Cliff's delta,-0.3786,medium
adasyn + nearmiss,fastml + editednn,0.0,True,Kruskal-Wallis + Dunn,Cliff's delta,-0.3903,medium
adasyn + nearmiss,fastml + condensednn,0.0,True,Kruskal-Wallis + Dunn,Cliff's delta,-0.4822,large
adasyn + nearmiss,gaussiancopula + condensednn,0.0,True,Kruskal-Wallis + Dunn,Cliff's delta,-0.4603,medium
copulagan + clustercentroid,gaussiancopula + editednn,0.0,True,Kruskal-Wallis + Dunn,Cliff's delta,-0.3847,medium
fastml + clustercentroid,gaussiancopula + condensednn,0.0,True,Kruskal-Wallis + Dunn,Cliff's delta,-0.358,medium
adasyn + nearmiss,smote + condensednn,0.0,True,Kruskal-Wallis + Dunn,Cliff's delta,-0.409,medium
copulagan + clustercentroid,smote + condensednn,0.0,True,Kruskal-Wallis + Dunn,Cliff's delta,-0.4001,medium
copulagan + clustercentroid,smote + editednn,0.0,True,Kruskal-Wallis + Dunn,Cliff's delta,-0.357,medium
copulagan + clustercentroid,tvae + condensednn,0.0,True,Kruskal-Wallis + Dunn,Cliff's delta,-0.4761,large
copulagan + clustercentroid,tvae + editednn,0.0,True,Kruskal-Wallis + Dunn,Cliff's delta,-0.3495,medium
copulagan + condensednn,copulagan + random,0.0,True,Kruskal-Wallis + Dunn,Cliff's delta,0.3685,medium
copulagan + condensednn,copulagan + tomeklinks,0.0,True,Kruskal-Wallis + Dunn,Cliff's delta,0.3614,medium
copulagan + condensednn,ctgan + clustercentroid,0.0,True,Kruskal-Wallis + Dunn,Cliff's delta,0.3685,medium
gaussiancopula + editednn,tvae + random,0.0,True,Kruskal-Wallis + Dunn,Cliff's delta,0.4008,medium
copulagan + condensednn,ctgan + nearmiss,0.0,True,Kruskal-Wallis + Dunn,Cliff's delta,0.3611,medium
adasyn + nearmiss,tvae + editednn,0.0,True,Kruskal-Wallis + Dunn,Cliff's delta,-0.3534,medium
adasyn + nearmiss,tvae + condensednn,0.0,True,Kruskal-Wallis + Dunn,Cliff's delta,-0.4701,medium
gaussiancopula + nearmiss,tvae + condensednn,0.0,True,Kruskal-Wallis + Dunn,Cliff's delta,-0.3752,medium
gaussiancopula + nearmiss,smote + editednn,0.0,True,Kruskal-Wallis + Dunn,Cliff's delta,-0.288,small
gaussiancopula + nearmiss,smote + condensednn,0.0,True,Kruskal-Wallis + Dunn,Cliff's delta,-0.341,medium
copulagan + condensednn,tvae + random,0.0,True,Kruskal-Wallis + Dunn,Cliff's delta,0.318,small
adasyn + nearmiss,smote + editednn,0.0,True,Kruskal-Wallis + Dunn,Cliff's delta,-0.4073,medium
copulagan + condensednn,ctgan + random,0.0,True,Kruskal-Wallis + Dunn,Cliff's delta,0.4049,medium
ctgan + clustercentroid,fastml + editednn,0.0,True,Kruskal-Wallis + Dunn,Cliff's delta,-0.3637,medium
adasyn + random,copulagan + condensednn,0.0,True,Kruskal-Wallis + Dunn,Cliff's delta,-0.3744,medium
ctgan + clustercentroid,gaussiancopula + condensednn,0.0,True,Kruskal-Wallis + Dunn,Cliff's delta,-0.4718,medium
fastml + condensednn,random + onesidedselection,0.0,True,Kruskal-Wallis + Dunn,Cliff's delta,0.3101,small
fastml + condensednn,random + nearmiss,0.0,True,Kruskal-Wallis + Dunn,Cliff's delta,0.3781,medium
ctgan + onesidedselection,smote + condensednn,0.0,True,Kruskal-Wallis + Dunn,Cliff's delta,-0.3985,medium
ctgan + onesidedselection,smote + editednn,0.0,True,Kruskal-Wallis + Dunn,Cliff's delta,-0.3895,medium
ctgan + onesidedselection,tvae + condensednn,0.0,True,Kruskal-Wallis + Dunn,Cliff's delta,-0.4799,large
ctgan + onesidedselection,tvae + editednn,0.0,True,Kruskal-Wallis + Dunn,Cliff's delta,-0.3654,medium
fastml + condensednn,random + clustercentroid,0.0,True,Kruskal-Wallis + Dunn,Cliff's delta,0.4154,medium
fastml + condensednn,gaussiancopula + random,0.0,True,Kruskal-Wallis + Dunn,Cliff's delta,0.3877,medium
fastml + condensednn,gaussiancopula + nearmiss,0.0,True,Kruskal-Wallis + Dunn,Cliff's delta,0.378,medium
ctgan + random,fastml + condensednn,0.0,True,Kruskal-Wallis + Dunn,Cliff's delta,-0.5301,large
ctgan + random,fastml + editednn,0.0,True,Kruskal-Wallis + Dunn,Cliff's delta,-0.451,medium
adasyn + clustercentroid,tvae + editednn,0.0,True,Kruskal-Wallis + Dunn,Cliff's delta,-0.3606,medium
adasyn + clustercentroid,tvae + condensednn,0.0,True,Kruskal-Wallis + Dunn,Cliff's delta,-0.4959,large
ctgan + random,gaussiancopula + condensednn,0.0,True,Kruskal-Wallis + Dunn,Cliff's delta,-0.5183,large
ctgan + random,gaussiancopula + editednn,0.0,True,Kruskal-Wallis + Dunn,Cliff's delta,-0.472,medium
smote + random,tvae + condensednn,0.0,True,Kruskal-Wallis + Dunn,Cliff's delta,-0.303,small
fastml + condensednn,random + random,0.0,True,Kruskal-Wallis + Dunn,Cliff's delta,0.4286,medium
fastml + condensednn,random + tomeklinks,0.0,True,Kruskal-Wallis + Dunn,Cliff's delta,0.3103,small
fastml + condensednn,smote + clustercentroid,0.0,True,Kruskal-Wallis + Dunn,Cliff's delta,0.4029,medium
ctgan + nearmiss,smote + condensednn,0.0,True,Kruskal-Wallis + Dunn,Cliff's delta,-0.433,medium
ctgan + nearmiss,smote + editednn,0.0,True,Kruskal-Wallis + Dunn,Cliff's delta,-0.4237,medium
fastml + editednn,fastml + random,0.0,True,Kruskal-Wallis + Dunn,Cliff's delta,0.321,small
ctgan + nearmiss,tvae + condensednn,0.0,True,Kruskal-Wallis + Dunn,Cliff's delta,-0.4795,large
ctgan + nearmiss,tvae + editednn,0.0,True,Kruskal-Wallis + Dunn,Cliff's delta,-0.3726,medium
fastml + condensednn,tvae + tomeklinks,0.0,True,Kruskal-Wallis + Dunn,Cliff's delta,0.3512,medium
fastml + condensednn,tvae + random,0.0,True,Kruskal-Wallis + Dunn,Cliff's delta,0.4623,medium
ctgan + random,gaussiancopula + instancehardness,0.0,True,Kruskal-Wallis + Dunn,Cliff's delta,-0.3245,small
fastml + condensednn,tvae + onesidedselection,0.0,True,Kruskal-Wallis + Dunn,Cliff's delta,0.3478,medium
ctgan + onesidedselection,fastml + condensednn,0.0,True,Kruskal-Wallis + Dunn,Cliff's delta,-0.4821,large
adasyn + condensednn,ctgan + random,0.0,True,Kruskal-Wallis + Dunn,Cliff's delta,0.382,medium
ctgan + onesidedselection,fastml + editednn,0.0,True,Kruskal-Wallis + Dunn,Cliff's delta,-0.3963,medium
fastml + condensednn,tvae + clustercentroid,0.0,True,Kruskal-Wallis + Dunn,Cliff's delta,0.302,small
ctgan + onesidedselection,gaussiancopula + condensednn,0.0,True,Kruskal-Wallis + Dunn,Cliff's delta,-0.4577,medium
ctgan + onesidedselection,gaussiancopula + editednn,0.0,True,Kruskal-Wallis + Dunn,Cliff's delta,-0.4143,medium
ctgan + onesidedselection,random + editednn,0.0,True,Kruskal-Wallis + Dunn,Cliff's delta,-0.3481,medium
fastml + condensednn,tvae + nearmiss,0.0,True,Kruskal-Wallis + Dunn,Cliff's delta,0.3639,medium
fastml + condensednn,gaussiancopula + clustercentroid,0.0,True,Kruskal-Wallis + Dunn,Cliff's delta,0.3981,medium
fastml + condensednn,fastml + tomeklinks,0.0,True,Kruskal-Wallis + Dunn,Cliff's delta,0.3857,medium
adasyn + clustercentroid,smote + editednn,0.0,True,Kruskal-Wallis + Dunn,Cliff's delta,-0.4092,medium
tvae + condensednn,tvae + onesidedselection,0.0,True,Kruskal-Wallis + Dunn,Cliff's delta,0.3569,medium
tvae + condensednn,tvae + random,0.0,True,Kruskal-Wallis + Dunn,Cliff's delta,0.4747,large
tvae + condensednn,tvae + tomeklinks,0.0,True,Kruskal-Wallis + Dunn,Cliff's delta,0.3587,medium
ctgan + tomeklinks,fastml + editednn,0.0,True,Kruskal-Wallis + Dunn,Cliff's delta,-0.3169,small
fastml + clustercentroid,tvae + condensednn,0.0,True,Kruskal-Wallis + Dunn,Cliff's delta,-0.3622,medium
ctgan + tomeklinks,gaussiancopula + condensednn,0.0,True,Kruskal-Wallis + Dunn,Cliff's delta,-0.4397,medium
adasyn + clustercentroid,ctgan + condensednn,0.0,True,Kruskal-Wallis + Dunn,Cliff's delta,-0.4875,large
tvae + condensednn,tvae + nearmiss,0.0,True,Kruskal-Wallis + Dunn,Cliff's delta,0.3596,medium
ctgan + tomeklinks,gaussiancopula + editednn,0.0,True,Kruskal-Wallis + Dunn,Cliff's delta,-0.3666,medium
fastml + clustercentroid,smote + condensednn,0.0,True,Kruskal-Wallis + Dunn,Cliff's delta,-0.3248,small
ctgan + tomeklinks,smote + condensednn,0.0,True,Kruskal-Wallis + Dunn,Cliff's delta,-0.3877,medium
adasyn + clustercentroid,copulagan + condensednn,0.0,True,Kruskal-Wallis + Dunn,Cliff's delta,-0.3781,medium
ctgan + tomeklinks,smote + editednn,0.0,True,Kruskal-Wallis + Dunn,Cliff's delta,-0.3575,medium
ctgan + tomeklinks,tvae + condensednn,0.0,True,Kruskal-Wallis + Dunn,Cliff's delta,-0.4662,medium
fastml + clustercentroid,fastml + condensednn,0.0,True,Kruskal-Wallis + Dunn,Cliff's delta,-0.3769,medium
fastml + clustercentroid,gaussiancopula + editednn,0.0,True,Kruskal-Wallis + Dunn,Cliff's delta,-0.3022,small
tvae + editednn,tvae + random,0.0,True,Kruskal-Wallis + Dunn,Cliff's delta,0.341,medium
fastml + editednn,gaussiancopula + clustercentroid,0.0,True,Kruskal-Wallis + Dunn,Cliff's delta,0.299,small
adasyn + clustercentroid,fastml + condensednn,0.0,True,Kruskal-Wallis + Dunn,Cliff's delta,-0.5057,large
ctgan + tomeklinks,fastml + condensednn,0.0,True,Kruskal-Wallis + Dunn,Cliff's delta,-0.466,medium
adasyn + clustercentroid,smote + condensednn,0.0,True,Kruskal-Wallis + Dunn,Cliff's delta,-0.4679,medium
fastml + condensednn,fastml + random,0.0,True,Kruskal-Wallis + Dunn,Cliff's delta,0.3728,medium
ctgan + random,random + condensednn,0.0,True,Kruskal-Wallis + Dunn,Cliff's delta,-0.3387,medium
tvae + clustercentroid,tvae + condensednn,0.0,True,Kruskal-Wallis + Dunn,Cliff's delta,-0.3026,small
ctgan + random,random + editednn,0.0,True,Kruskal-Wallis + Dunn,Cliff's delta,-0.412,medium
adasyn + clustercentroid,random + editednn,0.0,True,Kruskal-Wallis + Dunn,Cliff's delta,-0.3607,medium
fastml + condensednn,fastml + nearmiss,0.0,True,Kruskal-Wallis + Dunn,Cliff's delta,0.383,medium
adasyn + clustercentroid,fastml + editednn,0.0,True,Kruskal-Wallis + Dunn,Cliff's delta,-0.3969,medium
fastml + condensednn,fastml + instancehardness,0.0,True,Kruskal-Wallis + Dunn,Cliff's delta,0.332,medium
ctgan + random,smote + editednn,0.0,True,Kruskal-Wallis + Dunn,Cliff's delta,-0.4561,medium
adasyn + clustercentroid,gaussiancopula + editednn,0.0,True,Kruskal-Wallis + Dunn,Cliff's delta,-0.4179,medium
adasyn + clustercentroid,gaussiancopula + condensednn,0.0,True,Kruskal-Wallis + Dunn,Cliff's delta,-0.4976,large
ctgan + random,smote + tomeklinks,0.0,True,Kruskal-Wallis + Dunn,Cliff's delta,-0.3261,small
ctgan + random,tvae + condensednn,0.0,True,Kruskal-Wallis + Dunn,Cliff's delta,-0.5223,large
ctgan + random,tvae + editednn,0.0,True,Kruskal-Wallis + Dunn,Cliff's delta,-0.4118,medium
ctgan + random,tvae + instancehardness,0.0,True,Kruskal-Wallis + Dunn,Cliff's delta,-0.2999,small
ctgan + random,smote + condensednn,0.0,True,Kruskal-Wallis + Dunn,Cliff's delta,-0.4643,medium
ctgan + nearmiss,random + editednn,0.0,True,Kruskal-Wallis + Dunn,Cliff's delta,-0.3686,medium
fastml + condensednn,smote + random,0.0,True,Kruskal-Wallis + Dunn,Cliff's delta,0.2958,small
ctgan + condensednn,random + nearmiss,0.0,True,Kruskal-Wallis + Dunn,Cliff's delta,0.37,medium
fastml + nearmiss,gaussiancopula + condensednn,0.0,True,Kruskal-Wallis + Dunn,Cliff's delta,-0.3834,medium
ctgan + condensednn,ctgan + nearmiss,0.0,True,Kruskal-Wallis + Dunn,Cliff's delta,0.4741,large
ctgan + condensednn,smote + clustercentroid,0.0,True,Kruskal-Wallis + Dunn,Cliff's delta,0.368,medium
ctgan + condensednn,ctgan + random,0.0,True,Kruskal-Wallis + Dunn,Cliff's delta,0.5163,large
ctgan + condensednn,ctgan + tomeklinks,0.0,True,Kruskal-Wallis + Dunn,Cliff's delta,0.4478,medium
ctgan + condensednn,fastml + clustercentroid,0.0,True,Kruskal-Wallis + Dunn,Cliff's delta,0.3632,medium
adasyn + editednn,ctgan + random,0.0,True,Kruskal-Wallis + Dunn,Cliff's delta,0.3945,medium
ctgan + condensednn,fastml + random,0.0,True,Kruskal-Wallis + Dunn,Cliff's delta,0.3156,small
ctgan + clustercentroid,tvae + editednn,0.0,True,Kruskal-Wallis + Dunn,Cliff's delta,-0.3697,medium
ctgan + condensednn,tvae + random,0.0,True,Kruskal-Wallis + Dunn,Cliff's delta,0.4305,medium
smote + editednn,tvae + random,0.0,True,Kruskal-Wallis + Dunn,Cliff's delta,0.4027,medium
adasyn + editednn,copulagan + random,0.0,True,Kruskal-Wallis + Dunn,Cliff's delta,0.3505,medium
ctgan + condensednn,gaussiancopula + clustercentroid,0.0,True,Kruskal-Wallis + Dunn,Cliff's delta,0.393,medium
fastml + nearmiss,tvae + condensednn,0.0,True,Kruskal-Wallis + Dunn,Cliff's delta,-0.3451,medium
ctgan + condensednn,gaussiancopula + nearmiss,0.0,True,Kruskal-Wallis + Dunn,Cliff's delta,0.3694,medium
ctgan + condensednn,gaussiancopula + random,0.0,True,Kruskal-Wallis + Dunn,Cliff's delta,0.3397,medium
ctgan + condensednn,random + clustercentroid,0.0,True,Kruskal-Wallis + Dunn,Cliff's delta,0.3857,medium
fastml + editednn,gaussiancopula + random,0.0,True,Kruskal-Wallis + Dunn,Cliff's delta,0.3228,small
ctgan + condensednn,fastml + tomeklinks,0.0,True,Kruskal-Wallis + Dunn,Cliff's delta,0.3305,medium
ctgan + clustercentroid,tvae + condensednn,0.0,True,Kruskal-Wallis + Dunn,Cliff's delta,-0.4909,large
ctgan + condensednn,ctgan + onesidedselection,0.0,True,Kruskal-Wallis + Dunn,Cliff's delta,0.4685,medium
ctgan + instancehardness,fastml + condensednn,0.0,True,Kruskal-Wallis + Dunn,Cliff's delta,-0.3489,medium
ctgan + nearmiss,gaussiancopula + editednn,0.0,True,Kruskal-Wallis + Dunn,Cliff's delta,-0.4241,medium
ctgan + nearmiss,gaussiancopula + condensednn,0.0,True,Kruskal-Wallis + Dunn,Cliff's delta,-0.4684,medium
fastml + editednn,random + clustercentroid,0.0,True,Kruskal-Wallis + Dunn,Cliff's delta,0.3038,small
ctgan + clustercentroid,gaussiancopula + editednn,0.0,True,Kruskal-Wallis + Dunn,Cliff's delta,-0.397,medium
ctgan + nearmiss,fastml + editednn,0.0,True,Kruskal-Wallis + Dunn,Cliff's delta,-0.4027,medium
ctgan + clustercentroid,random + editednn,0.0,True,Kruskal-Wallis + Dunn,Cliff's delta,-0.3397,medium
ctgan + nearmiss,fastml + condensednn,0.0,True,Kruskal-Wallis + Dunn,Cliff's delta,-0.4894,large
ctgan + clustercentroid,smote + condensednn,0.0,True,Kruskal-Wallis + Dunn,Cliff's delta,-0.4425,medium
ctgan + condensednn,random + random,0.0,True,Kruskal-Wallis + Dunn,Cliff's delta,0.403,medium
fastml + editednn,smote + clustercentroid,0.0,True,Kruskal-Wallis + Dunn,Cliff's delta,0.2937,small
fastml + editednn,random + nearmiss,0.0,True,Kruskal-Wallis + Dunn,Cliff's delta,0.3126,small
fastml + editednn,random + random,0.0,True,Kruskal-Wallis + Dunn,Cliff's delta,0.3239,small
ctgan + clustercentroid,smote + editednn,0.0,True,Kruskal-Wallis + Dunn,Cliff's delta,-0.376,medium
ctgan + instancehardness,gaussiancopula + condensednn,0.0,True,Kruskal-Wallis + Dunn,Cliff's delta,-0.3866,medium
fastml + instancehardness,gaussiancopula + condensednn,0.0,True,Kruskal-Wallis + Dunn,Cliff's delta,-0.3719,medium
fastml + editednn,tvae + random,0.0,True,Kruskal-Wallis + Dunn,Cliff's delta,0.3867,medium
ctgan + instancehardness,tvae + condensednn,0.0,True,Kruskal-Wallis + Dunn,Cliff's delta,-0.3639,medium
adasyn + clustercentroid,adasyn + editednn,0.0001,True,Kruskal-Wallis + Dunn,Cliff's delta,-0.3249,small
copulagan + condensednn,ctgan + onesidedselection,0.0001,True,Kruskal-Wallis + Dunn,Cliff's delta,0.3522,medium
smote + tomeklinks,tvae + random,0.0001,True,Kruskal-Wallis + Dunn,Cliff's delta,0.291,small
adasyn + editednn,ctgan + nearmiss,0.0001,True,Kruskal-Wallis + Dunn,Cliff's delta,0.3409,medium
ctgan + condensednn,fastml + nearmiss,0.0001,True,Kruskal-Wallis + Dunn,Cliff's delta,0.3368,medium
random + clustercentroid,tvae + editednn,0.0001,True,Kruskal-Wallis + Dunn,Cliff's delta,-0.2626,small
adasyn + editednn,ctgan + clustercentroid,0.0001,True,Kruskal-Wallis + Dunn,Cliff's delta,0.3101,small
ctgan + random,smote + instancehardness,0.0001,True,Kruskal-Wallis + Dunn,Cliff's delta,-0.2937,small
gaussiancopula + random,random + editednn,0.0001,True,Kruskal-Wallis + Dunn,Cliff's delta,-0.299,small
fastml + clustercentroid,smote + editednn,0.0001,True,Kruskal-Wallis + Dunn,Cliff's delta,-0.295,small
smote + clustercentroid,tvae + editednn,0.0001,True,Kruskal-Wallis + Dunn,Cliff's delta,-0.2642,small
ctgan + random,random + instancehardness,0.0001,True,Kruskal-Wallis + Dunn,Cliff's delta,-0.2992,small
ctgan + tomeklinks,tvae + editednn,0.0001,True,Kruskal-Wallis + Dunn,Cliff's delta,-0.3091,small
fastml + editednn,gaussiancopula + nearmiss,0.0001,True,Kruskal-Wallis + Dunn,Cliff's delta,0.2814,small
random + nearmiss,tvae + editednn,0.0001,True,Kruskal-Wallis + Dunn,Cliff's delta,-0.2797,small
copulagan + instancehardness,tvae + condensednn,0.0001,True,Kruskal-Wallis + Dunn,Cliff's delta,-0.378,medium
fastml + instancehardness,tvae + condensednn,0.0001,True,Kruskal-Wallis + Dunn,Cliff's delta,-0.3226,small
fastml + tomeklinks,gaussiancopula + editednn,0.0001,True,Kruskal-Wallis + Dunn,Cliff's delta,-0.3044,small
ctgan + condensednn,tvae + nearmiss,0.0001,True,Kruskal-Wallis + Dunn,Cliff's delta,0.3204,small
ctgan + random,fastml + onesidedselection,0.0001,True,Kruskal-Wallis + Dunn,Cliff's delta,-0.3199,small
adasyn + condensednn,copulagan + random,0.0001,True,Kruskal-Wallis + Dunn,Cliff's delta,0.3497,medium
adasyn + nearmiss,copulagan + condensednn,0.0001,True,Kruskal-Wallis + Dunn,Cliff's delta,-0.3362,medium
ctgan + condensednn,tvae + tomeklinks,0.0001,True,Kruskal-Wallis + Dunn,Cliff's delta,0.3333,medium
copulagan + onesidedselection,random + editednn,0.0001,True,Kruskal-Wallis + Dunn,Cliff's delta,-0.3044,small
gaussiancopula + clustercentroid,tvae + editednn,0.0001,True,Kruskal-Wallis + Dunn,Cliff's delta,-0.2705,small
fastml + nearmiss,gaussiancopula + editednn,0.0001,True,Kruskal-Wallis + Dunn,Cliff's delta,-0.2829,small
adasyn + tomeklinks,random + editednn,0.0002,True,Kruskal-Wallis + Dunn,Cliff's delta,-0.2975,small
ctgan + condensednn,random + tomeklinks,0.0002,True,Kruskal-Wallis + Dunn,Cliff's delta,0.2598,small
copulagan + random,tvae + instancehardness,0.0002,True,Kruskal-Wallis + Dunn,Cliff's delta,-0.2699,small
adasyn + editednn,copulagan + tomeklinks,0.0002,True,Kruskal-Wallis + Dunn,Cliff's delta,0.3437,medium
fastml + condensednn,gaussiancopula + tomeklinks,0.0002,True,Kruskal-Wallis + Dunn,Cliff's delta,0.2968,small
copulagan + clustercentroid,copulagan + condensednn,0.0002,True,Kruskal-Wallis + Dunn,Cliff's delta,-0.3516,medium
fastml + tomeklinks,smote + condensednn,0.0002,True,Kruskal-Wallis + Dunn,Cliff's delta,-0.2718,small
fastml + random,tvae + editednn,0.0002,True,Kruskal-Wallis + Dunn,Cliff's delta,-0.2635,small
gaussiancopula + condensednn,gaussiancopula + onesidedselection,0.0002,True,Kruskal-Wallis + Dunn,Cliff's delta,0.2893,small
copulagan + random,gaussiancopula + instancehardness,0.0002,True,Kruskal-Wallis + Dunn,Cliff's delta,-0.2993,small
gaussiancopula + editednn,tvae + nearmiss,0.0002,True,Kruskal-Wallis + Dunn,Cliff's delta,0.2909,small
adasyn + clustercentroid,smote + tomeklinks,0.0003,True,Kruskal-Wallis + Dunn,Cliff's delta,-0.3552,medium
copulagan + random,fastml + onesidedselection,0.0003,True,Kruskal-Wallis + Dunn,Cliff's delta,-0.2959,small
gaussiancopula + tomeklinks,tvae + condensednn,0.0003,True,Kruskal-Wallis + Dunn,Cliff's delta,-0.2947,small
gaussiancopula + editednn,tvae + tomeklinks,0.0003,True,Kruskal-Wallis + Dunn,Cliff's delta,0.3108,small
adasyn + clustercentroid,random + condensednn,0.0003,True,Kruskal-Wallis + Dunn,Cliff's delta,-0.2909,small
adasyn + onesidedselection,smote + editednn,0.0003,True,Kruskal-Wallis + Dunn,Cliff's delta,-0.2504,small
copulagan + condensednn,copulagan + nearmiss,0.0003,True,Kruskal-Wallis + Dunn,Cliff's delta,0.3528,medium
fastml + nearmiss,smote + condensednn,0.0003,True,Kruskal-Wallis + Dunn,Cliff's delta,-0.2967,small
fastml + clustercentroid,fastml + editednn,0.0004,True,Kruskal-Wallis + Dunn,Cliff's delta,-0.2882,small
ctgan + condensednn,random + onesidedselection,0.0004,True,Kruskal-Wallis + Dunn,Cliff's delta,0.2673,small
gaussiancopula + editednn,random + tomeklinks,0.0004,True,Kruskal-Wallis + Dunn,Cliff's delta,0.2766,small
adasyn + condensednn,tvae + random,0.0004,True,Kruskal-Wallis + Dunn,Cliff's delta,0.2972,small
smote + condensednn,tvae + nearmiss,0.0005,True,Kruskal-Wallis + Dunn,Cliff's delta,0.2922,small
random + editednn,random + nearmiss,0.0005,True,Kruskal-Wallis + Dunn,Cliff's delta,0.2843,small
ctgan + clustercentroid,random + condensednn,0.0005,True,Kruskal-Wallis + Dunn,Cliff's delta,-0.2956,small
ctgan + nearmiss,random + condensednn,0.0005,True,Kruskal-Wallis + Dunn,Cliff's delta,-0.3046,small
gaussiancopula + instancehardness,tvae + random,0.0005,True,Kruskal-Wallis + Dunn,Cliff's delta,0.2824,small
ctgan + condensednn,tvae + onesidedselection,0.0005,True,Kruskal-Wallis + Dunn,Cliff's delta,0.3524,medium
copulagan + random,smote + instancehardness,0.0006,True,Kruskal-Wallis + Dunn,Cliff's delta,-0.2681,small
ctgan + nearmiss,smote + tomeklinks,0.0006,True,Kruskal-Wallis + Dunn,Cliff's delta,-0.2923,small
ctgan + clustercentroid,smote + tomeklinks,0.0006,True,Kruskal-Wallis + Dunn,Cliff's delta,-0.315,small
copulagan + random,random + instancehardness,0.0006,True,Kruskal-Wallis + Dunn,Cliff's delta,-0.2656,small
tvae + instancehardness,tvae + random,0.0006,True,Kruskal-Wallis + Dunn,Cliff's delta,0.2657,small
smote + condensednn,tvae + tomeklinks,0.0006,True,Kruskal-Wallis + Dunn,Cliff's delta,0.3126,small
copulagan + tomeklinks,random + condensednn,0.0006,True,Kruskal-Wallis + Dunn,Cliff's delta,-0.2979,small
ctgan + tomeklinks,random + editednn,0.0006,True,Kruskal-Wallis + Dunn,Cliff's delta,-0.3189,small
gaussiancopula + clustercentroid,random + editednn,0.0006,True,Kruskal-Wallis + Dunn,Cliff's delta,-0.2642,small
copulagan + condensednn,random + random,0.0006,True,Kruskal-Wallis + Dunn,Cliff's delta,0.2982,small
ctgan + random,smote + onesidedselection,0.0007,True,Kruskal-Wallis + Dunn,Cliff's delta,-0.2836,small
gaussiancopula + editednn,random + onesidedselection,0.0007,True,Kruskal-Wallis + Dunn,Cliff's delta,0.2698,small
adasyn + onesidedselection,fastml + editednn,0.0007,True,Kruskal-Wallis + Dunn,Cliff's delta,-0.2327,small
copulagan + tomeklinks,smote + tomeklinks,0.0007,True,Kruskal-Wallis + Dunn,Cliff's delta,-0.3217,small
gaussiancopula + nearmiss,tvae + editednn,0.0007,True,Kruskal-Wallis + Dunn,Cliff's delta,-0.258,small
adasyn + editednn,adasyn + random,0.0008,True,Kruskal-Wallis + Dunn,Cliff's delta,0.2951,small
random + clustercentroid,random + editednn,0.0008,True,Kruskal-Wallis + Dunn,Cliff's delta,-0.2576,small
random + tomeklinks,smote + condensednn,0.0008,True,Kruskal-Wallis + Dunn,Cliff's delta,-0.2876,small
fastml + condensednn,gaussiancopula + onesidedselection,0.0008,True,Kruskal-Wallis + Dunn,Cliff's delta,0.2993,small
ctgan + condensednn,tvae + clustercentroid,0.0009,True,Kruskal-Wallis + Dunn,Cliff's delta,0.2563,small
gaussiancopula + editednn,tvae + onesidedselection,0.0009,True,Kruskal-Wallis + Dunn,Cliff's delta,0.2828,small
fastml + tomeklinks,smote + editednn,0.0009,True,Kruskal-Wallis + Dunn,Cliff's delta,-0.3005,small
fastml + onesidedselection,tvae + random,0.0009,True,Kruskal-Wallis + Dunn,Cliff's delta,0.2799,small
random + editednn,smote + clustercentroid,0.0009,True,Kruskal-Wallis + Dunn,Cliff's delta,0.2602,small
gaussiancopula + condensednn,smote + nearmiss,0.001,True,Kruskal-Wallis + Dunn,Cliff's delta,0.2464,small
fastml + random,random + editednn,0.001,True,Kruskal-Wallis + Dunn,Cliff's delta,-0.2709,small
ctgan + condensednn,smote + random,0.0011,True,Kruskal-Wallis + Dunn,Cliff's delta,0.2523,small
adasyn + instancehardness,gaussiancopula + condensednn,0.0011,True,Kruskal-Wallis + Dunn,Cliff's delta,-0.4102,medium
ctgan + random,smote + nearmiss,0.0012,True,Kruskal-Wallis + Dunn,Cliff's delta,-0.268,small
ctgan + editednn,gaussiancopula + condensednn,0.0013,True,Kruskal-Wallis + Dunn,Cliff's delta,-0.2758,small
gaussiancopula + onesidedselection,tvae + condensednn,0.0013,True,Kruskal-Wallis + Dunn,Cliff's delta,-0.3107,small
adasyn + clustercentroid,adasyn + condensednn,0.0013,True,Kruskal-Wallis + Dunn,Cliff's delta,-0.3224,small
copulagan + condensednn,gaussiancopula + random,0.0014,True,Kruskal-Wallis + Dunn,Cliff's delta,0.2433,small
fastml + nearmiss,smote + editednn,0.0016,True,Kruskal-Wallis + Dunn,Cliff's delta,-0.2793,small
copulagan + condensednn,copulagan + onesidedselection,0.0016,True,Kruskal-Wallis + Dunn,Cliff's delta,0.3426,medium
random + onesidedselection,smote + condensednn,0.0016,True,Kruskal-Wallis + Dunn,Cliff's delta,-0.2515,small
gaussiancopula + condensednn,smote + onesidedselection,0.0017,True,Kruskal-Wallis + Dunn,Cliff's delta,0.2545,small
gaussiancopula + editednn,tvae + clustercentroid,0.0017,True,Kruskal-Wallis + Dunn,Cliff's delta,0.2751,small
smote + condensednn,tvae + onesidedselection,0.0018,True,Kruskal-Wallis + Dunn,Cliff's delta,0.3085,small
adasyn + tomeklinks,copulagan + condensednn,0.0018,True,Kruskal-Wallis + Dunn,Cliff's delta,-0.3524,medium
ctgan + condensednn,ctgan + instancehardness,0.0019,True,Kruskal-Wallis + Dunn,Cliff's delta,0.3489,medium
smote + instancehardness,tvae + random,0.002,True,Kruskal-Wallis + Dunn,Cliff's delta,0.2445,small
random + instancehardness,tvae + random,0.002,True,Kruskal-Wallis + Dunn,Cliff's delta,0.2204,small
gaussiancopula + editednn,smote + random,0.002,True,Kruskal-Wallis + Dunn,Cliff's delta,0.2686,small
adasyn + condensednn,ctgan + nearmiss,0.0022,True,Kruskal-Wallis + Dunn,Cliff's delta,0.3245,small
adasyn + editednn,adasyn + nearmiss,0.0022,True,Kruskal-Wallis + Dunn,Cliff's delta,0.33,medium
adasyn + clustercentroid,gaussiancopula + instancehardness,0.0022,True,Kruskal-Wallis + Dunn,Cliff's delta,-0.319,small
adasyn + editednn,ctgan + onesidedselection,0.0023,True,Kruskal-Wallis + Dunn,Cliff's delta,0.3464,medium
copulagan + instancehardness,ctgan + condensednn,0.0023,True,Kruskal-Wallis + Dunn,Cliff's delta,-0.3712,medium
adasyn + condensednn,ctgan + clustercentroid,0.0023,True,Kruskal-Wallis + Dunn,Cliff's delta,0.3101,small
copulagan + editednn,gaussiancopula + condensednn,0.0023,True,Kruskal-Wallis + Dunn,Cliff's delta,-0.2607,small
fastml + editednn,fastml + tomeklinks,0.0024,True,Kruskal-Wallis + Dunn,Cliff's delta,0.2932,small
adasyn + clustercentroid,tvae + instancehardness,0.0025,True,Kruskal-Wallis + Dunn,Cliff's delta,-0.2942,small
fastml + clustercentroid,tvae + editednn,0.0025,True,Kruskal-Wallis + Dunn,Cliff's delta,-0.2527,small
adasyn + condensednn,copulagan + tomeklinks,0.0026,True,Kruskal-Wallis + Dunn,Cliff's delta,0.3291,small
ctgan + condensednn,fastml + instancehardness,0.0027,True,Kruskal-Wallis + Dunn,Cliff's delta,0.2941,small
adasyn + random,random + condensednn,0.0028,True,Kruskal-Wallis + Dunn,Cliff's delta,-0.275,small
smote + editednn,tvae + nearmiss,0.0028,True,Kruskal-Wallis + Dunn,Cliff's delta,0.262,small
adasyn + editednn,copulagan + clustercentroid,0.003,True,Kruskal-Wallis + Dunn,Cliff's delta,0.299,small
smote + editednn,tvae + tomeklinks,0.003,True,Kruskal-Wallis + Dunn,Cliff's delta,0.2925,small
copulagan + random,smote + onesidedselection,0.0032,True,Kruskal-Wallis + Dunn,Cliff's delta,-0.2985,small
adasyn + random,smote + tomeklinks,0.0034,True,Kruskal-Wallis + Dunn,Cliff's delta,-0.3254,small
smote + condensednn,tvae + clustercentroid,0.0034,True,Kruskal-Wallis + Dunn,Cliff's delta,0.2644,small
adasyn + onesidedselection,tvae + editednn,0.0036,True,Kruskal-Wallis + Dunn,Cliff's delta,-0.297,small
fastml + condensednn,smote + nearmiss,0.0036,True,Kruskal-Wallis + Dunn,Cliff's delta,0.2628,small
adasyn + instancehardness,fastml + condensednn,0.0036,True,Kruskal-Wallis + Dunn,Cliff's delta,-0.3474,medium
copulagan + editednn,ctgan + random,0.0037,True,Kruskal-Wallis + Dunn,Cliff's delta,0.2743,small
ctgan + instancehardness,gaussiancopula + editednn,0.0037,True,Kruskal-Wallis + Dunn,Cliff's delta,-0.2659,small
adasyn + clustercentroid,fastml + onesidedselection,0.0037,True,Kruskal-Wallis + Dunn,Cliff's delta,-0.3083,small
ctgan + nearmiss,gaussiancopula + instancehardness,0.0037,True,Kruskal-Wallis + Dunn,Cliff's delta,-0.2896,small
random + tomeklinks,smote + editednn,0.0039,True,Kruskal-Wallis + Dunn,Cliff's delta,-0.2506,small
ctgan + random,gaussiancopula + onesidedselection,0.0039,True,Kruskal-Wallis + Dunn,Cliff's delta,-0.2797,small
ctgan + clustercentroid,gaussiancopula + instancehardness,0.0039,True,Kruskal-Wallis + Dunn,Cliff's delta,-0.3026,small
smote + condensednn,smote + random,0.004,True,Kruskal-Wallis + Dunn,Cliff's delta,0.2692,small
gaussiancopula + nearmiss,random + editednn,0.004,True,Kruskal-Wallis + Dunn,Cliff's delta,-0.2438,small
ctgan + editednn,fastml + condensednn,0.0042,True,Kruskal-Wallis + Dunn,Cliff's delta,-0.2525,small
fastml + editednn,fastml + nearmiss,0.0042,True,Kruskal-Wallis + Dunn,Cliff's delta,0.2763,small
adasyn + editednn,copulagan + nearmiss,0.0042,True,Kruskal-Wallis + Dunn,Cliff's delta,0.2862,small
ctgan + nearmiss,tvae + instancehardness,0.0043,True,Kruskal-Wallis + Dunn,Cliff's delta,-0.249,small
copulagan + tomeklinks,gaussiancopula + instancehardness,0.0044,True,Kruskal-Wallis + Dunn,Cliff's delta,-0.2795,small
copulagan + instancehardness,gaussiancopula + editednn,0.0045,True,Kruskal-Wallis + Dunn,Cliff's delta,-0.2981,small
ctgan + clustercentroid,tvae + instancehardness,0.0045,True,Kruskal-Wallis + Dunn,Cliff's delta,-0.2632,small
copulagan + tomeklinks,tvae + instancehardness,0.005,True,Kruskal-Wallis + Dunn,Cliff's delta,-0.2613,small
fastml + instancehardness,gaussiancopula + editednn,0.0051,True,Kruskal-Wallis + Dunn,Cliff's delta,-0.2269,small
copulagan + random,smote + nearmiss,0.0051,True,Kruskal-Wallis + Dunn,Cliff's delta,-0.2594,small
copulagan + condensednn,random + nearmiss,0.0052,True,Kruskal-Wallis + Dunn,Cliff's delta,0.2395,small
copulagan + condensednn,ctgan + tomeklinks,0.0053,True,Kruskal-Wallis + Dunn,Cliff's delta,0.3303,medium
smote + nearmiss,tvae + condensednn,0.0054,True,Kruskal-Wallis + Dunn,Cliff's delta,-0.259,small
adasyn + instancehardness,tvae + condensednn,0.0054,True,Kruskal-Wallis + Dunn,Cliff's delta,-0.4087,medium
fastml + condensednn,smote + onesidedselection,0.0057,True,Kruskal-Wallis + Dunn,Cliff's delta,0.2681,small
ctgan + nearmiss,fastml + onesidedselection,0.0061,True,Kruskal-Wallis + Dunn,Cliff's delta,-0.2756,small
copulagan + condensednn,gaussiancopula + clustercentroid,0.0061,True,Kruskal-Wallis + Dunn,Cliff's delta,0.2518,small
ctgan + editednn,tvae + condensednn,0.0062,True,Kruskal-Wallis + Dunn,Cliff's delta,-0.2252,small
ctgan + clustercentroid,fastml + onesidedselection,0.0064,True,Kruskal-Wallis + Dunn,Cliff's delta,-0.2708,small
ctgan + editednn,ctgan + random,0.0064,True,Kruskal-Wallis + Dunn,Cliff's delta,0.2767,small
adasyn + clustercentroid,random + instancehardness,0.0068,True,Kruskal-Wallis + Dunn,Cliff's delta,-0.302,small
adasyn + clustercentroid,smote + instancehardness,0.0069,True,Kruskal-Wallis + Dunn,Cliff's delta,-0.3035,small
ctgan + instancehardness,smote + condensednn,0.007,True,Kruskal-Wallis + Dunn,Cliff's delta,-0.3002,small
fastml + editednn,tvae + nearmiss,0.007,True,Kruskal-Wallis + Dunn,Cliff's delta,0.2629,small
copulagan + tomeklinks,fastml + onesidedselection,0.0071,True,Kruskal-Wallis + Dunn,Cliff's delta,-0.2897,small
random + onesidedselection,smote + editednn,0.0074,True,Kruskal-Wallis + Dunn,Cliff's delta,-0.2423,small
copulagan + editednn,fastml + condensednn,0.0074,True,Kruskal-Wallis + Dunn,Cliff's delta,-0.2536,small
fastml + editednn,tvae + tomeklinks,0.0075,True,Kruskal-Wallis + Dunn,Cliff's delta,0.297,small
adasyn + nearmiss,random + condensednn,0.0076,True,Kruskal-Wallis + Dunn,Cliff's delta,-0.2825,small
copulagan + condensednn,random + clustercentroid,0.0081,True,Kruskal-Wallis + Dunn,Cliff's delta,0.2479,small
gaussiancopula + condensednn,random + instancehardness,0.0082,True,Kruskal-Wallis + Dunn,Cliff's delta,0.3629,medium
gaussiancopula + condensednn,smote + instancehardness,0.0082,True,Kruskal-Wallis + Dunn,Cliff's delta,0.342,medium
ctgan + onesidedselection,random + condensednn,0.0082,True,Kruskal-Wallis + Dunn,Cliff's delta,-0.2894,small
copulagan + instancehardness,smote + condensednn,0.0084,True,Kruskal-Wallis + Dunn,Cliff's delta,-0.2999,small
adasyn + editednn,random + random,0.0084,True,Kruskal-Wallis + Dunn,Cliff's delta,0.2355,small
smote + editednn,tvae + onesidedselection,0.0086,True,Kruskal-Wallis + Dunn,Cliff's delta,0.2436,small
smote + onesidedselection,tvae + condensednn,0.0086,True,Kruskal-Wallis + Dunn,Cliff's delta,-0.2728,small
copulagan + condensednn,smote + clustercentroid,0.0088,True,Kruskal-Wallis + Dunn,Cliff's delta,0.2353,small
adasyn + nearmiss,smote + tomeklinks,0.009,True,Kruskal-Wallis + Dunn,Cliff's delta,-0.2348,small
ctgan + condensednn,gaussiancopula + tomeklinks,0.0093,True,Kruskal-Wallis + Dunn,Cliff's delta,0.2457,small
fastml + editednn,random + tomeklinks,0.0098,True,Kruskal-Wallis + Dunn,Cliff's delta,0.2565,small
smote + onesidedselection,tvae + random,0.0098,True,Kruskal-Wallis + Dunn,Cliff's delta,0.2791,small
ctgan + onesidedselection,smote + tomeklinks,0.0098,True,Kruskal-Wallis + Dunn,Cliff's delta,-0.2906,small
fastml + instancehardness,smote + condensednn,0.01,True,Kruskal-Wallis + Dunn,Cliff's delta,-0.2732,small
adasyn + condensednn,adasyn + random,0.0102,True,Kruskal-Wallis + Dunn,Cliff's delta,0.2946,small
copulagan + clustercentroid,random + condensednn,0.0104,True,Kruskal-Wallis + Dunn,Cliff's delta,-0.2629,small
copulagan + condensednn,fastml + random,0.0106,True,Kruskal-Wallis + Dunn,Cliff's delta,0.2238,small
copulagan + editednn,tvae + condensednn,0.0108,True,Kruskal-Wallis + Dunn,Cliff's delta,-0.2399,small
ctgan + nearmiss,smote + instancehardness,0.0114,True,Kruskal-Wallis + Dunn,Cliff's delta,-0.2432,small
ctgan + nearmiss,random + instancehardness,0.0114,True,Kruskal-Wallis + Dunn,Cliff's delta,-0.2486,small
ctgan + clustercentroid,random + instancehardness,0.0119,True,Kruskal-Wallis + Dunn,Cliff's delta,-0.2971,small
ctgan + clustercentroid,smote + instancehardness,0.012,True,Kruskal-Wallis + Dunn,Cliff's delta,-0.27,small
fastml + clustercentroid,random + editednn,0.0122,True,Kruskal-Wallis + Dunn,Cliff's delta,-0.2418,small
fastml + onesidedselection,gaussiancopula + condensednn,0.0123,True,Kruskal-Wallis + Dunn,Cliff's delta,-0.253,small
copulagan + clustercentroid,smote + tomeklinks,0.0124,True,Kruskal-Wallis + Dunn,Cliff's delta,-0.3128,small
fastml + tomeklinks,tvae + editednn,0.0129,True,Kruskal-Wallis + Dunn,Cliff's delta,-0.239,small
copulagan + tomeklinks,random + instancehardness,0.0132,True,Kruskal-Wallis + Dunn,Cliff's delta,-0.2695,small
copulagan + tomeklinks,smote + instancehardness,0.0133,True,Kruskal-Wallis + Dunn,Cliff's delta,-0.268,small
copulagan + editednn,copulagan + random,0.0139,True,Kruskal-Wallis + Dunn,Cliff's delta,0.2322,small
copulagan + nearmiss,random + condensednn,0.0149,True,Kruskal-Wallis + Dunn,Cliff's delta,-0.272,small
smote + nearmiss,tvae + random,0.0154,True,Kruskal-Wallis + Dunn,Cliff's delta,0.2298,small
adasyn + onesidedselection,random + editednn,0.0154,True,Kruskal-Wallis + Dunn,Cliff's delta,-0.2084,small
copulagan + random,gaussiancopula + onesidedselection,0.0156,True,Kruskal-Wallis + Dunn,Cliff's delta,-0.2413,small
smote + editednn,tvae + clustercentroid,0.0156,True,Kruskal-Wallis + Dunn,Cliff's delta,0.2482,small
ctgan + random,gaussiancopula + tomeklinks,0.0161,True,Kruskal-Wallis + Dunn,Cliff's delta,-0.2503,small
adasyn + instancehardness,ctgan + random,0.0163,True,Kruskal-Wallis + Dunn,Cliff's delta,0.2745,small
copulagan + nearmiss,smote + tomeklinks,0.0177,True,Kruskal-Wallis + Dunn,Cliff's delta,-0.249,small
gaussiancopula + condensednn,tvae + instancehardness,0.0177,True,Kruskal-Wallis + Dunn,Cliff's delta,0.2682,small
fastml + editednn,random + onesidedselection,0.018,True,Kruskal-Wallis + Dunn,Cliff's delta,0.2507,small
smote + editednn,smote + random,0.018,True,Kruskal-Wallis + Dunn,Cliff's delta,0.2531,small
gaussiancopula + editednn,gaussiancopula + tomeklinks,0.0182,True,Kruskal-Wallis + Dunn,Cliff's delta,0.2337,small
adasyn + random,gaussiancopula + instancehardness,0.0183,True,Kruskal-Wallis + Dunn,Cliff's delta,-0.2895,small
adasyn + editednn,copulagan + onesidedselection,0.0194,True,Kruskal-Wallis + Dunn,Cliff's delta,0.2813,small
adasyn + editednn,gaussiancopula + random,0.0201,True,Kruskal-Wallis + Dunn,Cliff's delta,0.2473,small
gaussiancopula + condensednn,gaussiancopula + instancehardness,0.0202,True,Kruskal-Wallis + Dunn,Cliff's delta,0.2898,small
fastml + editednn,tvae + onesidedselection,0.0208,True,Kruskal-Wallis + Dunn,Cliff's delta,0.2709,small
adasyn + random,tvae + instancehardness,0.0208,True,Kruskal-Wallis + Dunn,Cliff's delta,-0.2803,small
adasyn + editednn,adasyn + tomeklinks,0.0209,True,Kruskal-Wallis + Dunn,Cliff's delta,0.2767,small
fastml + nearmiss,tvae + editednn,0.0212,True,Kruskal-Wallis + Dunn,Cliff's delta,-0.2196,small
copulagan + random,ctgan + editednn,0.0236,True,Kruskal-Wallis + Dunn,Cliff's delta,-0.2362,small
adasyn + condensednn,adasyn + nearmiss,0.0249,True,Kruskal-Wallis + Dunn,Cliff's delta,0.2944,small
fastml + condensednn,smote + instancehardness,0.0255,True,Kruskal-Wallis + Dunn,Cliff's delta,0.273,small
fastml + condensednn,random + instancehardness,0.0256,True,Kruskal-Wallis + Dunn,Cliff's delta,0.3062,small
adasyn + clustercentroid,smote + onesidedselection,0.0276,True,Kruskal-Wallis + Dunn,Cliff's delta,-0.2727,small
adasyn + condensednn,ctgan + onesidedselection,0.0277,True,Kruskal-Wallis + Dunn,Cliff's delta,0.3411,medium
adasyn + random,fastml + onesidedselection,0.0288,True,Kruskal-Wallis + Dunn,Cliff's delta,-0.2619,small
ctgan + instancehardness,smote + editednn,0.0288,True,Kruskal-Wallis + Dunn,Cliff's delta,-0.2216,small
random + condensednn,random + random,0.0298,True,Kruskal-Wallis + Dunn,Cliff's delta,0.239,small
copulagan + condensednn,gaussiancopula + nearmiss,0.0333,True,Kruskal-Wallis + Dunn,Cliff's delta,0.2368,small
gaussiancopula + tomeklinks,smote + condensednn,0.034,True,Kruskal-Wallis + Dunn,Cliff's delta,-0.2147,small
adasyn + condensednn,copulagan + clustercentroid,0.0343,True,Kruskal-Wallis + Dunn,Cliff's delta,0.2929,small
copulagan + instancehardness,smote + editednn,0.0343,True,Kruskal-Wallis + Dunn,Cliff's delta,-0.2344,small
tvae + editednn,tvae + nearmiss,0.0343,True,Kruskal-Wallis + Dunn,Cliff's delta,0.2273,small
ctgan + condensednn,gaussiancopula + onesidedselection,0.035,True,Kruskal-Wallis + Dunn,Cliff's delta,0.2614,small
random + random,smote + tomeklinks,0.0354,True,Kruskal-Wallis + Dunn,Cliff's delta,-0.2617,small
fastml + editednn,tvae + clustercentroid,0.037,True,Kruskal-Wallis + Dunn,Cliff's delta,0.2549,small
tvae + editednn,tvae + tomeklinks,0.037,True,Kruskal-Wallis + Dunn,Cliff's delta,0.2228,small
smote + instancehardness,tvae + condensednn,0.0372,True,Kruskal-Wallis + Dunn,Cliff's delta,-0.2835,small
random + instancehardness,tvae + condensednn,0.0373,True,Kruskal-Wallis + Dunn,Cliff's delta,-0.318,small
fastml + condensednn,fastml + onesidedselection,0.038,True,Kruskal-Wallis + Dunn,Cliff's delta,0.2701,small
copulagan + editednn,tvae + random,0.0407,True,Kruskal-Wallis + Dunn,Cliff's delta,0.1914,small
adasyn + clustercentroid,smote + nearmiss,0.0411,True,Kruskal-Wallis + Dunn,Cliff's delta,-0.2363,small
fastml + editednn,smote + random,0.0425,True,Kruskal-Wallis + Dunn,Cliff's delta,0.2415,small
fastml + instancehardness,smote + editednn,0.0427,True,Kruskal-Wallis + Dunn,Cliff's delta,-0.2157,small
ctgan + nearmiss,smote + onesidedselection,0.0459,True,Kruskal-Wallis + Dunn,Cliff's delta,-0.2666,small
adasyn + nearmiss,gaussiancopula + instancehardness,0.046,True,Kruskal-Wallis + Dunn,Cliff's delta,-0.2552,small
gaussiancopula + onesidedselection,tvae + random,0.0464,True,Kruskal-Wallis + Dunn,Cliff's delta,0.2383,small
random + tomeklinks,tvae + editednn,0.0465,True,Kruskal-Wallis + Dunn,Cliff's delta,-0.2255,small
adasyn + condensednn,copulagan + nearmiss,0.0473,True,Kruskal-Wallis + Dunn,Cliff's delta,0.2815,small
ctgan + clustercentroid,smote + onesidedselection,0.0478,True,Kruskal-Wallis + Dunn,Cliff's delta,-0.2643,small
adasyn + random,random + instancehardness,0.0506,False,Kruskal-Wallis + Dunn,Cliff's delta,-0.2867,small
adasyn + random,smote + instancehardness,0.0507,False,Kruskal-Wallis + Dunn,Cliff's delta,-0.2786,small
ctgan + onesidedselection,gaussiancopula + instancehardness,0.0509,False,Kruskal-Wallis + Dunn,Cliff's delta,-0.2333,small
adasyn + nearmiss,tvae + instancehardness,0.0518,False,Kruskal-Wallis + Dunn,Cliff's delta,-0.2356,small
copulagan + tomeklinks,smote + onesidedselection,0.0526,False,Kruskal-Wallis + Dunn,Cliff's delta,-0.2499,small
ctgan + random,fastml + instancehardness,0.0529,False,Kruskal-Wallis + Dunn,Cliff's delta,-0.2608,small
fastml + condensednn,tvae + instancehardness,0.0531,False,Kruskal-Wallis + Dunn,Cliff's delta,0.2231,small
fastml + onesidedselection,tvae + condensednn,0.055,False,Kruskal-Wallis + Dunn,Cliff's delta,-0.255,small
adasyn + editednn,ctgan + tomeklinks,0.0552,False,Kruskal-Wallis + Dunn,Cliff's delta,0.277,small
adasyn + instancehardness,copulagan + random,0.0552,False,Kruskal-Wallis + Dunn,Cliff's delta,0.2462,small
fastml + tomeklinks,random + editednn,0.0556,False,Kruskal-Wallis + Dunn,Cliff's delta,-0.2363,small
ctgan + onesidedselection,tvae + instancehardness,0.0573,False,Kruskal-Wallis + Dunn,Cliff's delta,-0.2211,small
copulagan + random,gaussiancopula + tomeklinks,0.0592,False,Kruskal-Wallis + Dunn,Cliff's delta,-0.2361,small
adasyn + editednn,random + nearmiss,0.0598,False,Kruskal-Wallis + Dunn,Cliff's delta,0.2238,small
fastml + condensednn,gaussiancopula + instancehardness,0.0602,False,Kruskal-Wallis + Dunn,Cliff's delta,0.277,small
copulagan + clustercentroid,gaussiancopula + instancehardness,0.0632,False,Kruskal-Wallis + Dunn,Cliff's delta,-0.2719,small
ctgan + instancehardness,fastml + editednn,0.0645,False,Kruskal-Wallis + Dunn,Cliff's delta,-0.1972,small
copulagan + onesidedselection,random + condensednn,0.0679,False,Kruskal-Wallis + Dunn,Cliff's delta,-0.2379,small
ctgan + nearmiss,smote + nearmiss,0.0679,False,Kruskal-Wallis + Dunn,Cliff's delta,-0.2422,small
ctgan + editednn,tvae + random,0.0681,False,Kruskal-Wallis + Dunn,Cliff's delta,0.1907,small
gaussiancopula + editednn,gaussiancopula + onesidedselection,0.0694,False,Kruskal-Wallis + Dunn,Cliff's delta,0.2098,small
adasyn + editednn,gaussiancopula + clustercentroid,0.0695,False,Kruskal-Wallis + Dunn,Cliff's delta,0.2164,small
adasyn + nearmiss,fastml + onesidedselection,0.0705,False,Kruskal-Wallis + Dunn,Cliff's delta,-0.2325,small
ctgan + clustercentroid,smote + nearmiss,0.0706,False,Kruskal-Wallis + Dunn,Cliff's delta,-0.2503,small
copulagan + clustercentroid,tvae + instancehardness,0.0711,False,Kruskal-Wallis + Dunn,Cliff's delta,-0.2501,small
gaussiancopula + random,random + condensednn,0.0711,False,Kruskal-Wallis + Dunn,Cliff's delta,-0.2207,small
adasyn + tomeklinks,random + condensednn,0.0725,False,Kruskal-Wallis + Dunn,Cliff's delta,-0.2579,small
copulagan + instancehardness,fastml + editednn,0.0759,False,Kruskal-Wallis + Dunn,Cliff's delta,-0.2294,small
tvae + condensednn,tvae + instancehardness,0.0762,False,Kruskal-Wallis + Dunn,Cliff's delta,0.2283,small
copulagan + tomeklinks,smote + nearmiss,0.0775,False,Kruskal-Wallis + Dunn,Cliff's delta,-0.2378,small
ctgan + onesidedselection,fastml + onesidedselection,0.0783,False,Kruskal-Wallis + Dunn,Cliff's delta,-0.2533,small
copulagan + onesidedselection,smote + tomeklinks,0.0794,False,Kruskal-Wallis + Dunn,Cliff's delta,-0.314,small
random + onesidedselection,tvae + editednn,0.0814,False,Kruskal-Wallis + Dunn,Cliff's delta,-0.2048,small
gaussiancopula + random,smote + tomeklinks,0.0843,False,Kruskal-Wallis + Dunn,Cliff's delta,-0.2225,small
adasyn + tomeklinks,smote + tomeklinks,0.0846,False,Kruskal-Wallis + Dunn,Cliff's delta,-0.2485,small
gaussiancopula + instancehardness,tvae + condensednn,0.0862,False,Kruskal-Wallis + Dunn,Cliff's delta,-0.2583,small
adasyn + clustercentroid,copulagan + editednn,0.0869,False,Kruskal-Wallis + Dunn,Cliff's delta,-0.2136,small
adasyn + editednn,random + clustercentroid,0.0873,False,Kruskal-Wallis + Dunn,Cliff's delta,0.2185,small
copulagan + nearmiss,gaussiancopula + instancehardness,0.0876,False,Kruskal-Wallis + Dunn,Cliff's delta,-0.2551,small
fastml + nearmiss,random + editednn,0.0876,False,Kruskal-Wallis + Dunn,Cliff's delta,-0.2281,small
copulagan + condensednn,fastml + clustercentroid,0.0878,False,Kruskal-Wallis + Dunn,Cliff's delta,0.229,small
adasyn + instancehardness,ctgan + condensednn,0.0913,False,Kruskal-Wallis + Dunn,Cliff's delta,-0.3501,medium
adasyn + onesidedselection,copulagan + condensednn,0.0927,False,Kruskal-Wallis + Dunn,Cliff's delta,-0.3405,medium
adasyn + condensednn,random + random,0.0938,False,Kruskal-Wallis + Dunn,Cliff's delta,0.2325,small
tvae + editednn,tvae + onesidedselection,0.0938,False,Kruskal-Wallis + Dunn,Cliff's delta,0.2168,small
adasyn + editednn,smote + clustercentroid,0.094,False,Kruskal-Wallis + Dunn,Cliff's delta,0.2189,small
copulagan + clustercentroid,fastml + onesidedselection,0.0966,False,Kruskal-Wallis + Dunn,Cliff's delta,-0.2418,small
fastml + editednn,fastml + instancehardness,0.0966,False,Kruskal-Wallis + Dunn,Cliff's delta,0.2174,small
copulagan + nearmiss,tvae + instancehardness,0.0983,False,Kruskal-Wallis + Dunn,Cliff's delta,-0.2337,small
adasyn + clustercentroid,gaussiancopula + onesidedselection,0.1072,False,Kruskal-Wallis + Dunn,Cliff's delta,-0.2596,small
ctgan + condensednn,ctgan + editednn,0.1098,False,Kruskal-Wallis + Dunn,Cliff's delta,0.2136,small
ctgan + condensednn,smote + nearmiss,0.112,False,Kruskal-Wallis + Dunn,Cliff's delta,0.1982,small
adasyn + nearmiss,random + instancehardness,0.1192,False,Kruskal-Wallis + Dunn,Cliff's delta,-0.2192,small
adasyn + editednn,fastml + random,0.1193,False,Kruskal-Wallis + Dunn,Cliff's delta,0.2523,small
adasyn + nearmiss,smote + instancehardness,0.1195,False,Kruskal-Wallis + Dunn,Cliff's delta,-0.2278,small
gaussiancopula + onesidedselection,smote + condensednn,0.1222,False,Kruskal-Wallis + Dunn,Cliff's delta,-0.228,small
gaussiancopula + condensednn,smote + tomeklinks,0.1291,False,Kruskal-Wallis + Dunn,Cliff's delta,0.2257,small
gaussiancopula + tomeklinks,smote + editednn,0.1319,False,Kruskal-Wallis + Dunn,Cliff's delta,-0.2274,small
copulagan + nearmiss,fastml + onesidedselection,0.1337,False,Kruskal-Wallis + Dunn,Cliff's delta,-0.2136,small
ctgan + onesidedselection,random + instancehardness,0.1337,False,Kruskal-Wallis + Dunn,Cliff's delta,-0.2376,small
ctgan + onesidedselection,smote + instancehardness,0.134,False,Kruskal-Wallis + Dunn,Cliff's delta,-0.2183,small
ctgan + random,tvae + clustercentroid,0.1341,False,Kruskal-Wallis + Dunn,Cliff's delta,-0.2237,small
random + editednn,tvae + nearmiss,0.1353,False,Kruskal-Wallis + Dunn,Cliff's delta,0.2114,small
adasyn + clustercentroid,ctgan + editednn,0.1368,False,Kruskal-Wallis + Dunn,Cliff's delta,-0.2218,small
copulagan + editednn,ctgan + nearmiss,0.1414,False,Kruskal-Wallis + Dunn,Cliff's delta,0.2214,small
ctgan + random,smote + random,0.1426,False,Kruskal-Wallis + Dunn,Cliff's delta,-0.1737,small
random + editednn,tvae + tomeklinks,0.1451,False,Kruskal-Wallis + Dunn,Cliff's delta,0.2541,small
copulagan + editednn,ctgan + clustercentroid,0.1468,False,Kruskal-Wallis + Dunn,Cliff's delta,0.2281,small
gaussiancopula + condensednn,random + condensednn,0.1512,False,Kruskal-Wallis + Dunn,Cliff's delta,0.2285,small
adasyn + instancehardness,tvae + random,0.1541,False,Kruskal-Wallis + Dunn,Cliff's delta,0.1971,small
tvae + clustercentroid,tvae + editednn,0.1588,False,Kruskal-Wallis + Dunn,Cliff's delta,-0.2072,small
copulagan + editednn,copulagan + tomeklinks,0.1603,False,Kruskal-Wallis + Dunn,Cliff's delta,0.2174,small
ctgan + condensednn,smote + onesidedselection,0.1627,False,Kruskal-Wallis + Dunn,Cliff's delta,0.225,small
copulagan + clustercentroid,random + instancehardness,0.1639,False,Kruskal-Wallis + Dunn,Cliff's delta,-0.2749,small
copulagan + clustercentroid,smote + instancehardness,0.1643,False,Kruskal-Wallis + Dunn,Cliff's delta,-0.2564,small
gaussiancopula + tomeklinks,tvae + random,0.1698,False,Kruskal-Wallis + Dunn,Cliff's delta,0.2278,small
copulagan + editednn,ctgan + condensednn,0.1733,False,Kruskal-Wallis + Dunn,Cliff's delta,-0.1302,negligible
gaussiancopula + instancehardness,random + random,0.1749,False,Kruskal-Wallis + Dunn,Cliff's delta,0.2116,small
ctgan + nearmiss,gaussiancopula + onesidedselection,0.1754,False,Kruskal-Wallis + Dunn,Cliff's delta,-0.2019,small
adasyn + random,smote + onesidedselection,0.1761,False,Kruskal-Wallis + Dunn,Cliff's delta,-0.216,small
copulagan + random,fastml + instancehardness,0.1772,False,Kruskal-Wallis + Dunn,Cliff's delta,-0.2206,small
random + editednn,random + tomeklinks,0.1772,False,Kruskal-Wallis + Dunn,Cliff's delta,0.2092,small
smote + random,tvae + editednn,0.1779,False,Kruskal-Wallis + Dunn,Cliff's delta,-0.2156,small
adasyn + condensednn,copulagan + onesidedselection,0.181,False,Kruskal-Wallis + Dunn,Cliff's delta,0.2875,small
adasyn + instancehardness,gaussiancopula + editednn,0.1816,False,Kruskal-Wallis + Dunn,Cliff's delta,-0.2812,small
ctgan + clustercentroid,gaussiancopula + onesidedselection,0.1818,False,Kruskal-Wallis + Dunn,Cliff's delta,-0.2265,small
adasyn + condensednn,adasyn + tomeklinks,0.1862,False,Kruskal-Wallis + Dunn,Cliff's delta,0.2716,small
ctgan + tomeklinks,random + condensednn,0.1873,False,Kruskal-Wallis + Dunn,Cliff's delta,-0.2571,small
random + random,tvae + instancehardness,0.196,False,Kruskal-Wallis + Dunn,Cliff's delta,-0.2016,small
copulagan + tomeklinks,gaussiancopula + onesidedselection,0.1991,False,Kruskal-Wallis + Dunn,Cliff's delta,-0.2221,small
random + condensednn,random + nearmiss,0.2055,False,Kruskal-Wallis + Dunn,Cliff's delta,0.2242,small
adasyn + condensednn,gaussiancopula + random,0.2146,False,Kruskal-Wallis + Dunn,Cliff's delta,0.225,small
ctgan + tomeklinks,smote + tomeklinks,0.218,False,Kruskal-Wallis + Dunn,Cliff's delta,-0.2308,small
ctgan + editednn,gaussiancopula + editednn,0.2186,False,Kruskal-Wallis + Dunn,Cliff's delta,-0.2311,small
ctgan + editednn,ctgan + nearmiss,0.221,False,Kruskal-Wallis + Dunn,Cliff's delta,0.2422,small
ctgan + random,tvae + onesidedselection,0.2218,False,Kruskal-Wallis + Dunn,Cliff's delta,-0.2154,small
copulagan + nearmiss,random + instancehardness,0.2224,False,Kruskal-Wallis + Dunn,Cliff's delta,-0.2371,small
gaussiancopula + editednn,smote + nearmiss,0.2226,False,Kruskal-Wallis + Dunn,Cliff's delta,0.2419,small
copulagan + nearmiss,smote + instancehardness,0.2228,False,Kruskal-Wallis + Dunn,Cliff's delta,-0.2485,small
ctgan + clustercentroid,ctgan + editednn,0.2289,False,Kruskal-Wallis + Dunn,Cliff's delta,-0.2327,small
gaussiancopula + clustercentroid,random + condensednn,0.2386,False,Kruskal-Wallis + Dunn,Cliff's delta,-0.2018,small
random + nearmiss,smote + tomeklinks,0.2395,False,Kruskal-Wallis + Dunn,Cliff's delta,-0.1702,small
ctgan + instancehardness,tvae + editednn,0.2475,False,Kruskal-Wallis + Dunn,Cliff's delta,-0.2545,small
copulagan + tomeklinks,ctgan + editednn,0.2494,False,Kruskal-Wallis + Dunn,Cliff's delta,-0.2227,small
adasyn + random,smote + nearmiss,0.2507,False,Kruskal-Wallis + Dunn,Cliff's delta,-0.2114,small
fastml + onesidedselection,random + random,0.2654,False,Kruskal-Wallis + Dunn,Cliff's delta,0.2214,small
adasyn + clustercentroid,adasyn + instancehardness,0.2727,False,Kruskal-Wallis + Dunn,Cliff's delta,-0.2874,small
gaussiancopula + clustercentroid,smote + tomeklinks,0.2786,False,Kruskal-Wallis + Dunn,Cliff's delta,-0.2734,small
copulagan + instancehardness,ctgan + random,0.2833,False,Kruskal-Wallis + Dunn,Cliff's delta,0.2179,small
fastml + editednn,gaussiancopula + tomeklinks,0.2846,False,Kruskal-Wallis + Dunn,Cliff's delta,0.2211,small
copulagan + instancehardness,tvae + editednn,0.288,False,Kruskal-Wallis + Dunn,Cliff's delta,-0.2316,small
random + editednn,random + onesidedselection,0.2966,False,Kruskal-Wallis + Dunn,Cliff's delta,0.207,small
adasyn + instancehardness,smote + condensednn,0.2973,False,Kruskal-Wallis + Dunn,Cliff's delta,-0.3057,small
adasyn + editednn,gaussiancopula + nearmiss,0.2976,False,Kruskal-Wallis + Dunn,Cliff's delta,0.1895,small
random + clustercentroid,random + condensednn,0.2984,False,Kruskal-Wallis + Dunn,Cliff's delta,-0.1948,small
ctgan + random,random + onesidedselection,0.3007,False,Kruskal-Wallis + Dunn,Cliff's delta,-0.2142,small
adasyn + condensednn,gaussiancopula + condensednn,0.3189,False,Kruskal-Wallis + Dunn,Cliff's delta,-0.3094,small
random + condensednn,smote + clustercentroid,0.322,False,Kruskal-Wallis + Dunn,Cliff's delta,0.2074,small
gaussiancopula + editednn,smote + onesidedselection,0.3236,False,Kruskal-Wallis + Dunn,Cliff's delta,0.241,small
copulagan + condensednn,fastml + tomeklinks,0.3236,False,Kruskal-Wallis + Dunn,Cliff's delta,0.1866,small
ctgan + instancehardness,ctgan + random,0.3277,False,Kruskal-Wallis + Dunn,Cliff's delta,0.2111,small
adasyn + clustercentroid,gaussiancopula + tomeklinks,0.3313,False,Kruskal-Wallis + Dunn,Cliff's delta,-0.2291,small
fastml + condensednn,smote + tomeklinks,0.3399,False,Kruskal-Wallis + Dunn,Cliff's delta,0.2407,small
random + editednn,tvae + onesidedselection,0.3403,False,Kruskal-Wallis + Dunn,Cliff's delta,0.2061,small
copulagan + editednn,gaussiancopula + editednn,0.3438,False,Kruskal-Wallis + Dunn,Cliff's delta,-0.2039,small
copulagan + onesidedselection,gaussiancopula + instancehardness,0.345,False,Kruskal-Wallis + Dunn,Cliff's delta,-0.2238,small
random + clustercentroid,smote + tomeklinks,0.3461,False,Kruskal-Wallis + Dunn,Cliff's delta,-0.2585,small
adasyn + tomeklinks,gaussiancopula + instancehardness,0.3568,False,Kruskal-Wallis + Dunn,Cliff's delta,-0.2585,small
ctgan + editednn,smote + condensednn,0.3577,False,Kruskal-Wallis + Dunn,Cliff's delta,-0.182,small
smote + clustercentroid,smote + tomeklinks,0.3732,False,Kruskal-Wallis + Dunn,Cliff's delta,-0.221,small
smote + condensednn,smote + nearmiss,0.3734,False,Kruskal-Wallis + Dunn,Cliff's delta,0.2069,small
fastml + instancehardness,tvae + editednn,0.3819,False,Kruskal-Wallis + Dunn,Cliff's delta,-0.1899,small
copulagan + onesidedselection,tvae + instancehardness,0.384,False,Kruskal-Wallis + Dunn,Cliff's delta,-0.2393,small
adasyn + nearmiss,smote + onesidedselection,0.3892,False,Kruskal-Wallis + Dunn,Cliff's delta,-0.2334,small
fastml + condensednn,random + condensednn,0.394,False,Kruskal-Wallis + Dunn,Cliff's delta,0.2155,small
adasyn + tomeklinks,tvae + instancehardness,0.3959,False,Kruskal-Wallis + Dunn,Cliff's delta,-0.2398,small
gaussiancopula + instancehardness,gaussiancopula + random,0.4019,False,Kruskal-Wallis + Dunn,Cliff's delta,0.1912,small
fastml + random,random + condensednn,0.408,False,Kruskal-Wallis + Dunn,Cliff's delta,-0.1823,small
copulagan + random,tvae + clustercentroid,0.4199,False,Kruskal-Wallis + Dunn,Cliff's delta,-0.2133,small
gaussiancopula + onesidedselection,smote + editednn,0.4274,False,Kruskal-Wallis + Dunn,Cliff's delta,-0.1732,small
adasyn + instancehardness,ctgan + nearmiss,0.4336,False,Kruskal-Wallis + Dunn,Cliff's delta,0.2313,small
random + instancehardness,random + random,0.4407,False,Kruskal-Wallis + Dunn,Cliff's delta,0.2151,small
random + random,smote + instancehardness,0.4414,False,Kruskal-Wallis + Dunn,Cliff's delta,-0.2056,small
copulagan + random,smote + random,0.4414,False,Kruskal-Wallis + Dunn,Cliff's delta,-0.1858,small
ctgan + onesidedselection,smote + onesidedselection,0.4414,False,Kruskal-Wallis + Dunn,Cliff's delta,-0.1809,small
adasyn + condensednn,ctgan + tomeklinks,0.4479,False,Kruskal-Wallis + Dunn,Cliff's delta,0.2684,small
adasyn + instancehardness,ctgan + clustercentroid,0.4479,False,Kruskal-Wallis + Dunn,Cliff's delta,0.2712,small
gaussiancopula + random,tvae + instancehardness,0.4492,False,Kruskal-Wallis + Dunn,Cliff's delta,-0.1708,small
adasyn + random,copulagan + editednn,0.4617,False,Kruskal-Wallis + Dunn,Cliff's delta,-0.2316,small
smote + tomeklinks,tvae + condensednn,0.4657,False,Kruskal-Wallis + Dunn,Cliff's delta,-0.2582,small
fastml + random,smote + tomeklinks,0.4736,False,Kruskal-Wallis + Dunn,Cliff's delta,-0.2183,small
copulagan + condensednn,fastml + nearmiss,0.4766,False,Kruskal-Wallis + Dunn,Cliff's delta,0.209,small
adasyn + instancehardness,copulagan + tomeklinks,0.4844,False,Kruskal-Wallis + Dunn,Cliff's delta,0.2513,small
fastml + instancehardness,tvae + random,0.4903,False,Kruskal-Wallis + Dunn,Cliff's delta,0.189,small
ctgan + random,random + tomeklinks,0.4903,False,Kruskal-Wallis + Dunn,Cliff's delta,-0.1823,small
ctgan + random,tvae + tomeklinks,0.5046,False,Kruskal-Wallis + Dunn,Cliff's delta,-0.2025,small
copulagan + onesidedselection,fastml + onesidedselection,0.5046,False,Kruskal-Wallis + Dunn,Cliff's delta,-0.2708,small
adasyn + condensednn,random + nearmiss,0.5146,False,Kruskal-Wallis + Dunn,Cliff's delta,0.2032,small
adasyn + tomeklinks,fastml + onesidedselection,0.517,False,Kruskal-Wallis + Dunn,Cliff's delta,-0.16,small
ctgan + condensednn,smote + instancehardness,0.5261,False,Kruskal-Wallis + Dunn,Cliff's delta,0.2638,small
ctgan + condensednn,random + instancehardness,0.5274,False,Kruskal-Wallis + Dunn,Cliff's delta,0.2762,small
ctgan + nearmiss,gaussiancopula + tomeklinks,0.5303,False,Kruskal-Wallis + Dunn,Cliff's delta,-0.1989,small
copulagan + clustercentroid,smote + onesidedselection,0.5304,False,Kruskal-Wallis + Dunn,Cliff's delta,-0.2147,small
smote + condensednn,smote + onesidedselection,0.5304,False,Kruskal-Wallis + Dunn,Cliff's delta,0.1923,small
ctgan + random,tvae + nearmiss,0.536,False,Kruskal-Wallis + Dunn,Cliff's delta,-0.1955,small
random + condensednn,tvae + condensednn,0.5363,False,Kruskal-Wallis + Dunn,Cliff's delta,-0.215,small
adasyn + nearmiss,smote + nearmiss,0.5403,False,Kruskal-Wallis + Dunn,Cliff's delta,-0.1959,small
random + editednn,tvae + clustercentroid,0.5431,False,Kruskal-Wallis + Dunn,Cliff's delta,0.2057,small
ctgan + clustercentroid,gaussiancopula + tomeklinks,0.5479,False,Kruskal-Wallis + Dunn,Cliff's delta,-0.1853,small
copulagan + editednn,smote + condensednn,0.5483,False,Kruskal-Wallis + Dunn,Cliff's delta,-0.1939,small
adasyn + condensednn,gaussiancopula + clustercentroid,0.5911,False,Kruskal-Wallis + Dunn,Cliff's delta,0.2125,small
adasyn + random,gaussiancopula + onesidedselection,0.5918,False,Kruskal-Wallis + Dunn,Cliff's delta,-0.2138,small
copulagan + tomeklinks,gaussiancopula + tomeklinks,0.5961,False,Kruskal-Wallis + Dunn,Cliff's delta,-0.1959,small
random + editednn,smote + random,0.5998,False,Kruskal-Wallis + Dunn,Cliff's delta,0.2158,small
fastml + onesidedselection,gaussiancopula + random,0.5998,False,Kruskal-Wallis + Dunn,Cliff's delta,0.1892,small
ctgan + onesidedselection,smote + nearmiss,0.6153,False,Kruskal-Wallis + Dunn,Cliff's delta,-0.2018,small
adasyn + editednn,adasyn + onesidedselection,0.6283,False,Kruskal-Wallis + Dunn,Cliff's delta,0.2089,small
copulagan + random,tvae + onesidedselection,0.666,False,Kruskal-Wallis + Dunn,Cliff's delta,-0.2148,small
adasyn + editednn,fastml + clustercentroid,0.6796,False,Kruskal-Wallis + Dunn,Cliff's delta,0.2103,small
copulagan + condensednn,tvae + nearmiss,0.6898,False,Kruskal-Wallis + Dunn,Cliff's delta,0.1874,small
adasyn + random,ctgan + editednn,0.6903,False,Kruskal-Wallis + Dunn,Cliff's delta,-0.2341,small
copulagan + nearmiss,smote + onesidedselection,0.7047,False,Kruskal-Wallis + Dunn,Cliff's delta,-0.2129,small
adasyn + condensednn,random + clustercentroid,0.7141,False,Kruskal-Wallis + Dunn,Cliff's delta,0.2134,small
ctgan + condensednn,fastml + onesidedselection,0.7311,False,Kruskal-Wallis + Dunn,Cliff's delta,0.2229,small
copulagan + condensednn,tvae + tomeklinks,0.7319,False,Kruskal-Wallis + Dunn,Cliff's delta,0.2018,small
copulagan + clustercentroid,smote + nearmiss,0.7411,False,Kruskal-Wallis + Dunn,Cliff's delta,-0.2062,small
adasyn + condensednn,fastml + condensednn,0.7481,False,Kruskal-Wallis + Dunn,Cliff's delta,-0.2396,small
adasyn + condensednn,smote + clustercentroid,0.7627,False,Kruskal-Wallis + Dunn,Cliff's delta,0.2106,small
ctgan + instancehardness,random + editednn,0.773,False,Kruskal-Wallis + Dunn,Cliff's delta,-0.1797,small
ctgan + random,fastml + nearmiss,0.7852,False,Kruskal-Wallis + Dunn,Cliff's delta,-0.2116,small
copulagan + instancehardness,copulagan + random,0.7952,False,Kruskal-Wallis + Dunn,Cliff's delta,0.1843,small
copulagan + onesidedselection,random + instancehardness,0.7972,False,Kruskal-Wallis + Dunn,Cliff's delta,-0.2421,small
copulagan + onesidedselection,smote + instancehardness,0.7991,False,Kruskal-Wallis + Dunn,Cliff's delta,-0.2561,small
adasyn + tomeklinks,random + instancehardness,0.8083,False,Kruskal-Wallis + Dunn,Cliff's delta,-0.2384,small
adasyn + tomeklinks,smote + instancehardness,0.8102,False,Kruskal-Wallis + Dunn,Cliff's delta,-0.246,small
adasyn + clustercentroid,fastml + instancehardness,0.8342,False,Kruskal-Wallis + Dunn,Cliff's delta,-0.2258,small
copulagan + condensednn,random + tomeklinks,0.8594,False,Kruskal-Wallis + Dunn,Cliff's delta,0.1636,small
ctgan + tomeklinks,gaussiancopula + instancehardness,0.86,False,Kruskal-Wallis + Dunn,Cliff's delta,-0.22,small
fastml + editednn,gaussiancopula + onesidedselection,0.8695,False,Kruskal-Wallis + Dunn,Cliff's delta,0.1673,small
copulagan + random,random + onesidedselection,0.8748,False,Kruskal-Wallis + Dunn,Cliff's delta,-0.2106,small
copulagan + instancehardness,random + editednn,0.8851,False,Kruskal-Wallis + Dunn,Cliff's delta,-0.2031,small
adasyn + instancehardness,smote + editednn,0.8926,False,Kruskal-Wallis + Dunn,Cliff's delta,-0.1931,small
copulagan + random,ctgan + instancehardness,0.9096,False,Kruskal-Wallis + Dunn,Cliff's delta,-0.185,small
adasyn + nearmiss,copulagan + editednn,0.9415,False,Kruskal-Wallis + Dunn,Cliff's delta,-0.2051,small
ctgan + condensednn,tvae + instancehardness,0.9492,False,Kruskal-Wallis + Dunn,Cliff's delta,0.2564,small
ctgan + tomeklinks,tvae + instancehardness,0.9495,False,Kruskal-Wallis + Dunn,Cliff's delta,-0.1982,small
copulagan + nearmiss,smote + nearmiss,0.9756,False,Kruskal-Wallis + Dunn,Cliff's delta,-0.1881,small
gaussiancopula + nearmiss,random + condensednn,0.9793,False,Kruskal-Wallis + Dunn,Cliff's delta,-0.1809,small
gaussiancopula + random,random + instancehardness,0.9805,False,Kruskal-Wallis + Dunn,Cliff's delta,-0.1677,small
gaussiancopula + random,smote + instancehardness,0.983,False,Kruskal-Wallis + Dunn,Cliff's delta,-0.168,small
adasyn + condensednn,fastml + random,0.9833,False,Kruskal-Wallis + Dunn,Cliff's delta,0.2147,small
gaussiancopula + instancehardness,random + nearmiss,0.9839,False,Kruskal-Wallis + Dunn,Cliff's delta,0.1856,small
adasyn + condensednn,tvae + condensednn,0.9886,False,Kruskal-Wallis + Dunn,Cliff's delta,-0.2606,small
fastml + editednn,smote + editednn,1.0,False,Kruskal-Wallis + Dunn,Cliff's delta,-0.0205,negligible
random + instancehardness,smote + condensednn,1.0,False,Kruskal-Wallis + Dunn,Cliff's delta,-0.2571,small
fastml + editednn,smote + instancehardness,1.0,False,Kruskal-Wallis + Dunn,Cliff's delta,0.1223,negligible
fastml + nearmiss,random + instancehardness,1.0,False,Kruskal-Wallis + Dunn,Cliff's delta,-0.1103,negligible
fastml + editednn,smote + condensednn,1.0,False,Kruskal-Wallis + Dunn,Cliff's delta,0.0165,negligible
fastml + editednn,smote + nearmiss,1.0,False,Kruskal-Wallis + Dunn,Cliff's delta,0.2136,small
random + editednn,tvae + instancehardness,1.0,False,Kruskal-Wallis + Dunn,Cliff's delta,0.0804,negligible
fastml + instancehardness,tvae + instancehardness,1.0,False,Kruskal-Wallis + Dunn,Cliff's delta,-0.0888,negligible
gaussiancopula + random,smote + clustercentroid,1.0,False,Kruskal-Wallis + Dunn,Cliff's delta,-0.0176,negligible
fastml + nearmiss,random + nearmiss,1.0,False,Kruskal-Wallis + Dunn,Cliff's delta,0.0573,negligible
gaussiancopula + random,random + tomeklinks,1.0,False,Kruskal-Wallis + Dunn,Cliff's delta,-0.0751,negligible
fastml + editednn,tvae + condensednn,1.0,False,Kruskal-Wallis + Dunn,Cliff's delta,-0.0367,negligible
fastml + editednn,tvae + editednn,1.0,False,Kruskal-Wallis + Dunn,Cliff's delta,0.0034,negligible
gaussiancopula + random,random + random,1.0,False,Kruskal-Wallis + Dunn,Cliff's delta,0.0143,negligible
gaussiancopula + random,random + onesidedselection,1.0,False,Kruskal-Wallis + Dunn,Cliff's delta,-0.0902,negligible
fastml + editednn,tvae + instancehardness,1.0,False,Kruskal-Wallis + Dunn,Cliff's delta,0.1115,negligible
gaussiancopula + random,random + nearmiss,1.0,False,Kruskal-Wallis + Dunn,Cliff's delta,0.0124,negligible
fastml + editednn,smote + onesidedselection,1.0,False,Kruskal-Wallis + Dunn,Cliff's delta,0.2147,small
fastml + editednn,smote + tomeklinks,1.0,False,Kruskal-Wallis + Dunn,Cliff's delta,0.1203,negligible
gaussiancopula + onesidedselection,smote + onesidedselection,1.0,False,Kruskal-Wallis + Dunn,Cliff's delta,-0.0192,negligible
random + editednn,tvae + editednn,1.0,False,Kruskal-Wallis + Dunn,Cliff's delta,-0.0067,negligible
smote + instancehardness,tvae + clustercentroid,1.0,False,Kruskal-Wallis + Dunn,Cliff's delta,0.0813,negligible
gaussiancopula + onesidedselection,smote + instancehardness,1.0,False,Kruskal-Wallis + Dunn,Cliff's delta,-0.0608,negligible
gaussiancopula + random,tvae + clustercentroid,1.0,False,Kruskal-Wallis + Dunn,Cliff's delta,-0.1203,negligible
random + editednn,smote + tomeklinks,1.0,False,Kruskal-Wallis + Dunn,Cliff's delta,0.0807,negligible
fastml + nearmiss,smote + clustercentroid,1.0,False,Kruskal-Wallis + Dunn,Cliff's delta,0.0494,negligible
smote + instancehardness,tvae + editednn,1.0,False,Kruskal-Wallis + Dunn,Cliff's delta,-0.149,small
gaussiancopula + random,smote + random,1.0,False,Kruskal-Wallis + Dunn,Cliff's delta,-0.0814,negligible
smote + instancehardness,tvae + instancehardness,1.0,False,Kruskal-Wallis + Dunn,Cliff's delta,-0.0463,negligible
smote + nearmiss,tvae + onesidedselection,1.0,False,Kruskal-Wallis + Dunn,Cliff's delta,0.0658,negligible
fastml + editednn,random + condensednn,1.0,False,Kruskal-Wallis + Dunn,Cliff's delta,0.1534,small
gaussiancopula + random,smote + onesidedselection,1.0,False,Kruskal-Wallis + Dunn,Cliff's delta,-0.1954,small
smote + instancehardness,tvae + nearmiss,1.0,False,Kruskal-Wallis + Dunn,Cliff's delta,0.1216,negligible
fastml + editednn,random + editednn,1.0,False,Kruskal-Wallis + Dunn,Cliff's delta,0.0478,negligible
fastml + editednn,random + instancehardness,1.0,False,Kruskal-Wallis + Dunn,Cliff's delta,0.1203,negligible
smote + nearmiss,tvae + nearmiss,1.0,False,Kruskal-Wallis + Dunn,Cliff's delta,0.0808,negligible
smote + nearmiss,tvae + instancehardness,1.0,False,Kruskal-Wallis + Dunn,Cliff's delta,0.0003,negligible
fastml + nearmiss,random + tomeklinks,1.0,False,Kruskal-Wallis + Dunn,Cliff's delta,-0.0106,negligible
gaussiancopula + random,smote + nearmiss,1.0,False,Kruskal-Wallis + Dunn,Cliff's delta,-0.138,negligible
gaussiancopula + onesidedselection,smote + nearmiss,1.0,False,Kruskal-Wallis + Dunn,Cliff's delta,-0.046,negligible
smote + nearmiss,tvae + editednn,1.0,False,Kruskal-Wallis + Dunn,Cliff's delta,-0.18,small
fastml + nearmiss,random + random,1.0,False,Kruskal-Wallis + Dunn,Cliff's delta,0.1115,negligible
random + instancehardness,smote + clustercentroid,1.0,False,Kruskal-Wallis + Dunn,Cliff's delta,0.1591,small
random + editednn,tvae + condensednn,1.0,False,Kruskal-Wallis + Dunn,Cliff's delta,-0.0718,negligible
fastml + nearmiss,random + onesidedselection,1.0,False,Kruskal-Wallis + Dunn,Cliff's delta,-0.0119,negligible
fastml + nearmiss,random + condensednn,1.0,False,Kruskal-Wallis + Dunn,Cliff's delta,-0.1574,small
random + instancehardness,random + nearmiss,1.0,False,Kruskal-Wallis + Dunn,Cliff's delta,0.1357,negligible
fastml + nearmiss,random + clustercentroid,1.0,False,Kruskal-Wallis + Dunn,Cliff's delta,0.0846,negligible
gaussiancopula + onesidedselection,smote + tomeklinks,1.0,False,Kruskal-Wallis + Dunn,Cliff's delta,-0.1305,negligible
smote + instancehardness,tvae + tomeklinks,1.0,False,Kruskal-Wallis + Dunn,Cliff's delta,0.0942,negligible
fastml + instancehardness,random + random,1.0,False,Kruskal-Wallis + Dunn,Cliff's delta,0.1404,negligible
gaussiancopula + onesidedselection,tvae + nearmiss,1.0,False,Kruskal-Wallis + Dunn,Cliff's delta,0.0607,negligible
fastml + nearmiss,gaussiancopula + clustercentroid,1.0,False,Kruskal-Wallis + Dunn,Cliff's delta,0.0701,negligible
fastml + nearmiss,fastml + tomeklinks,1.0,False,Kruskal-Wallis + Dunn,Cliff's delta,-0.0082,negligible
fastml + nearmiss,fastml + random,1.0,False,Kruskal-Wallis + Dunn,Cliff's delta,0.0643,negligible
fastml + instancehardness,random + tomeklinks,1.0,False,Kruskal-Wallis + Dunn,Cliff's delta,0.0235,negligible
fastml + nearmiss,fastml + onesidedselection,1.0,False,Kruskal-Wallis + Dunn,Cliff's delta,-0.1486,small
fastml + instancehardness,smote + clustercentroid,1.0,False,Kruskal-Wallis + Dunn,Cliff's delta,0.0836,negligible
gaussiancopula + onesidedselection,tvae + instancehardness,1.0,False,Kruskal-Wallis + Dunn,Cliff's delta,-0.0602,negligible
fastml + instancehardness,random + onesidedselection,1.0,False,Kruskal-Wallis + Dunn,Cliff's delta,0.005,negligible
fastml + instancehardness,tvae + tomeklinks,1.0,False,Kruskal-Wallis + Dunn,Cliff's delta,0.0475,negligible
gaussiancopula + onesidedselection,tvae + editednn,1.0,False,Kruskal-Wallis + Dunn,Cliff's delta,-0.2096,small
fastml + instancehardness,smote + instancehardness,1.0,False,Kruskal-Wallis + Dunn,Cliff's delta,-0.0917,negligible
fastml + instancehardness,smote + nearmiss,1.0,False,Kruskal-Wallis + Dunn,Cliff's delta,-0.0521,negligible
fastml + instancehardness,tvae + onesidedselection,1.0,False,Kruskal-Wallis + Dunn,Cliff's delta,0.0276,negligible
fastml + instancehardness,smote + onesidedselection,1.0,False,Kruskal-Wallis + Dunn,Cliff's delta,-0.0592,negligible
fastml + instancehardness,smote + random,1.0,False,Kruskal-Wallis + Dunn,Cliff's delta,0.0083,negligible
fastml + instancehardness,smote + tomeklinks,1.0,False,Kruskal-Wallis + Dunn,Cliff's delta,-0.1133,negligible
fastml + instancehardness,tvae + clustercentroid,1.0,False,Kruskal-Wallis + Dunn,Cliff's delta,0.0123,negligible
smote + nearmiss,smote + onesidedselection,1.0,False,Kruskal-Wallis + Dunn,Cliff's delta,0.0012,negligible
random + instancehardness,random + tomeklinks,1.0,False,Kruskal-Wallis + Dunn,Cliff's delta,0.1008,negligible
gaussiancopula + onesidedselection,tvae + clustercentroid,1.0,False,Kruskal-Wallis + Dunn,Cliff's delta,0.0534,negligible
random + instancehardness,random + onesidedselection,1.0,False,Kruskal-Wallis + Dunn,Cliff's delta,0.1263,negligible
fastml + instancehardness,random + nearmiss,1.0,False,Kruskal-Wallis + Dunn,Cliff's delta,0.0928,negligible
gaussiancopula + onesidedselection,tvae + onesidedselection,1.0,False,Kruskal-Wallis + Dunn,Cliff's delta,0.0867,negligible
fastml + instancehardness,random + instancehardness,1.0,False,Kruskal-Wallis + Dunn,Cliff's delta,-0.0808,negligible
fastml + instancehardness,fastml + nearmiss,1.0,False,Kruskal-Wallis + Dunn,Cliff's delta,0.0313,negligible
fastml + nearmiss,gaussiancopula + tomeklinks,1.0,False,Kruskal-Wallis + Dunn,Cliff's delta,-0.0523,negligible
fastml + nearmiss,gaussiancopula + random,1.0,False,Kruskal-Wallis + Dunn,Cliff's delta,0.0899,negligible
fastml + instancehardness,fastml + onesidedselection,1.0,False,Kruskal-Wallis + Dunn,Cliff's delta,-0.0865,negligible
fastml + instancehardness,fastml + random,1.0,False,Kruskal-Wallis + Dunn,Cliff's delta,0.0835,negligible
fastml + nearmiss,gaussiancopula + onesidedselection,1.0,False,Kruskal-Wallis + Dunn,Cliff's delta,-0.0849,negligible
fastml + instancehardness,fastml + tomeklinks,1.0,False,Kruskal-Wallis + Dunn,Cliff's delta,0.0163,negligible
fastml + instancehardness,gaussiancopula + clustercentroid,1.0,False,Kruskal-Wallis + Dunn,Cliff's delta,0.0875,negligible
smote + nearmiss,tvae + clustercentroid,1.0,False,Kruskal-Wallis + Dunn,Cliff's delta,0.0489,negligible
gaussiancopula + random,random + clustercentroid,1.0,False,Kruskal-Wallis + Dunn,Cliff's delta,-0.0376,negligible
fastml + instancehardness,gaussiancopula + instancehardness,1.0,False,Kruskal-Wallis + Dunn,Cliff's delta,-0.1009,negligible
gaussiancopula + random,gaussiancopula + tomeklinks,1.0,False,Kruskal-Wallis + Dunn,Cliff's delta,-0.1492,small
smote + nearmiss,smote + tomeklinks,1.0,False,Kruskal-Wallis + Dunn,Cliff's delta,-0.0286,negligible
fastml + instancehardness,gaussiancopula + nearmiss,1.0,False,Kruskal-Wallis + Dunn,Cliff's delta,0.0604,negligible
fastml + instancehardness,gaussiancopula + onesidedselection,1.0,False,Kruskal-Wallis + Dunn,Cliff's delta,-0.0541,negligible
fastml + instancehardness,gaussiancopula + random,1.0,False,Kruskal-Wallis + Dunn,Cliff's delta,0.105,negligible
smote + instancehardness,tvae + onesidedselection,1.0,False,Kruskal-Wallis + Dunn,Cliff's delta,0.1013,negligible
fastml + instancehardness,gaussiancopula + tomeklinks,1.0,False,Kruskal-Wallis + Dunn,Cliff's delta,-0.0307,negligible
fastml + instancehardness,random + clustercentroid,1.0,False,Kruskal-Wallis + Dunn,Cliff's delta,0.0817,negligible
gaussiancopula + onesidedselection,smote + random,1.0,False,Kruskal-Wallis + Dunn,Cliff's delta,0.0273,negligible
fastml + nearmiss,gaussiancopula + nearmiss,1.0,False,Kruskal-Wallis + Dunn,Cliff's delta,0.0426,negligible
fastml + instancehardness,random + condensednn,1.0,False,Kruskal-Wallis + Dunn,Cliff's delta,-0.1111,negligible
gaussiancopula + onesidedselection,tvae + tomeklinks,1.0,False,Kruskal-Wallis + Dunn,Cliff's delta,0.0698,negligible
smote + nearmiss,smote + random,1.0,False,Kruskal-Wallis + Dunn,Cliff's delta,0.0466,negligible
fastml + nearmiss,gaussiancopula + instancehardness,1.0,False,Kruskal-Wallis + Dunn,Cliff's delta,-0.1274,negligible
fastml + instancehardness,tvae + nearmiss,1.0,False,Kruskal-Wallis + Dunn,Cliff's delta,0.0272,negligible
fastml + instancehardness,random + editednn,1.0,False,Kruskal-Wallis + Dunn,Cliff's delta,-0.1719,small
gaussiancopula + random,tvae + random,1.0,False,Kruskal-Wallis + Dunn,Cliff's delta,0.0981,negligible
smote + onesidedselection,smote + random,1.0,False,Kruskal-Wallis + Dunn,Cliff's delta,0.0475,negligible
random + clustercentroid,tvae + nearmiss,1.0,False,Kruskal-Wallis + Dunn,Cliff's delta,-0.0518,negligible
fastml + clustercentroid,tvae + instancehardness,1.0,False,Kruskal-Wallis + Dunn,Cliff's delta,-0.1399,negligible
fastml + clustercentroid,tvae + nearmiss,1.0,False,Kruskal-Wallis + Dunn,Cliff's delta,-0.0193,negligible
fastml + clustercentroid,tvae + onesidedselection,1.0,False,Kruskal-Wallis + Dunn,Cliff's delta,-0.056,negligible
fastml + clustercentroid,tvae + random,1.0,False,Kruskal-Wallis + Dunn,Cliff's delta,0.1761,small
tvae + editednn,tvae + instancehardness,1.0,False,Kruskal-Wallis + Dunn,Cliff's delta,0.1534,small
fastml + clustercentroid,tvae + tomeklinks,1.0,False,Kruskal-Wallis + Dunn,Cliff's delta,-0.0115,negligible
fastml + condensednn,fastml + editednn,1.0,False,Kruskal-Wallis + Dunn,Cliff's delta,0.0784,negligible
random + clustercentroid,tvae + instancehardness,1.0,False,Kruskal-Wallis + Dunn,Cliff's delta,-0.1925,small
random + condensednn,smote + instancehardness,1.0,False,Kruskal-Wallis + Dunn,Cliff's delta,0.0718,negligible
random + condensednn,smote + nearmiss,1.0,False,Kruskal-Wallis + Dunn,Cliff's delta,0.081,negligible
tvae + condensednn,tvae + editednn,1.0,False,Kruskal-Wallis + Dunn,Cliff's delta,0.0353,negligible
random + condensednn,smote + onesidedselection,1.0,False,Kruskal-Wallis + Dunn,Cliff's delta,0.095,negligible
tvae + clustercentroid,tvae + tomeklinks,1.0,False,Kruskal-Wallis + Dunn,Cliff's delta,0.0299,negligible
random + clustercentroid,tvae + onesidedselection,1.0,False,Kruskal-Wallis + Dunn,Cliff's delta,-0.1261,negligible
random + condensednn,smote + random,1.0,False,Kruskal-Wallis + Dunn,Cliff's delta,0.1563,small
random + clustercentroid,tvae + clustercentroid,1.0,False,Kruskal-Wallis + Dunn,Cliff's delta,-0.0814,negligible
tvae + clustercentroid,tvae + onesidedselection,1.0,False,Kruskal-Wallis + Dunn,Cliff's delta,-0.0172,negligible
random + clustercentroid,smote + random,1.0,False,Kruskal-Wallis + Dunn,Cliff's delta,-0.0755,negligible
tvae + clustercentroid,tvae + nearmiss,1.0,False,Kruskal-Wallis + Dunn,Cliff's delta,0.0302,negligible
random + condensednn,smote + tomeklinks,1.0,False,Kruskal-Wallis + Dunn,Cliff's delta,0.0307,negligible
tvae + clustercentroid,tvae + instancehardness,1.0,False,Kruskal-Wallis + Dunn,Cliff's delta,-0.0797,negligible
random + clustercentroid,smote + onesidedselection,1.0,False,Kruskal-Wallis + Dunn,Cliff's delta,-0.1765,small
random + clustercentroid,smote + nearmiss,1.0,False,Kruskal-Wallis + Dunn,Cliff's delta,-0.1558,small
random + clustercentroid,smote + instancehardness,1.0,False,Kruskal-Wallis + Dunn,Cliff's delta,-0.2032,small
smote + tomeklinks,tvae + tomeklinks,1.0,False,Kruskal-Wallis + Dunn,Cliff's delta,0.103,negligible
smote + tomeklinks,tvae + onesidedselection,1.0,False,Kruskal-Wallis + Dunn,Cliff's delta,0.1233,negligible
random + condensednn,tvae + clustercentroid,1.0,False,Kruskal-Wallis + Dunn,Cliff's delta,0.1365,negligible
random + condensednn,tvae + editednn,1.0,False,Kruskal-Wallis + Dunn,Cliff's delta,-0.1224,negligible
random + clustercentroid,smote + clustercentroid,1.0,False,Kruskal-Wallis + Dunn,Cliff's delta,-0.0107,negligible
tvae + clustercentroid,tvae + random,1.0,False,Kruskal-Wallis + Dunn,Cliff's delta,0.1961,small
random + clustercentroid,random + tomeklinks,1.0,False,Kruskal-Wallis + Dunn,Cliff's delta,-0.0649,negligible
random + clustercentroid,tvae + random,1.0,False,Kruskal-Wallis + Dunn,Cliff's delta,0.1357,negligible
fastml + clustercentroid,tvae + clustercentroid,1.0,False,Kruskal-Wallis + Dunn,Cliff's delta,-0.0537,negligible
random + condensednn,random + tomeklinks,1.0,False,Kruskal-Wallis + Dunn,Cliff's delta,0.1494,small
fastml + clustercentroid,gaussiancopula + instancehardness,1.0,False,Kruskal-Wallis + Dunn,Cliff's delta,-0.1649,small
fastml + clustercentroid,gaussiancopula + nearmiss,1.0,False,Kruskal-Wallis + Dunn,Cliff's delta,0.0135,negligible
tvae + onesidedselection,tvae + random,1.0,False,Kruskal-Wallis + Dunn,Cliff's delta,0.1985,small
tvae + nearmiss,tvae + tomeklinks,1.0,False,Kruskal-Wallis + Dunn,Cliff's delta,-0.0069,negligible
fastml + clustercentroid,gaussiancopula + onesidedselection,1.0,False,Kruskal-Wallis + Dunn,Cliff's delta,-0.1373,negligible
fastml + clustercentroid,gaussiancopula + random,1.0,False,Kruskal-Wallis + Dunn,Cliff's delta,0.0713,negligible
fastml + clustercentroid,gaussiancopula + tomeklinks,1.0,False,Kruskal-Wallis + Dunn,Cliff's delta,-0.0806,negligible
fastml + clustercentroid,random + clustercentroid,1.0,False,Kruskal-Wallis + Dunn,Cliff's delta,0.0531,negligible
tvae + nearmiss,tvae + random,1.0,False,Kruskal-Wallis + Dunn,Cliff's delta,0.1441,negligible
tvae + nearmiss,tvae + onesidedselection,1.0,False,Kruskal-Wallis + Dunn,Cliff's delta,-0.0236,negligible
fastml + clustercentroid,random + condensednn,1.0,False,Kruskal-Wallis + Dunn,Cliff's delta,-0.1746,small
random + condensednn,random + onesidedselection,1.0,False,Kruskal-Wallis + Dunn,Cliff's delta,0.137,negligible
random + condensednn,random + instancehardness,1.0,False,Kruskal-Wallis + Dunn,Cliff's delta,0.0725,negligible
random + clustercentroid,tvae + tomeklinks,1.0,False,Kruskal-Wallis + Dunn,Cliff's delta,-0.0715,negligible
fastml + clustercentroid,random + instancehardness,1.0,False,Kruskal-Wallis + Dunn,Cliff's delta,-0.1571,small
fastml + clustercentroid,random + onesidedselection,1.0,False,Kruskal-Wallis + Dunn,Cliff's delta,-0.0395,negligible
tvae + instancehardness,tvae + tomeklinks,1.0,False,Kruskal-Wallis + Dunn,Cliff's delta,0.1002,negligible
random + condensednn,smote + editednn,1.0,False,Kruskal-Wallis + Dunn,Cliff's delta,-0.1748,small
fastml + clustercentroid,random + random,1.0,False,Kruskal-Wallis + Dunn,Cliff's delta,0.0777,negligible
fastml + clustercentroid,random + tomeklinks,1.0,False,Kruskal-Wallis + Dunn,Cliff's delta,-0.044,negligible
fastml + clustercentroid,smote + clustercentroid,1.0,False,Kruskal-Wallis + Dunn,Cliff's delta,0.052,negligible
tvae + instancehardness,tvae + onesidedselection,1.0,False,Kruskal-Wallis + Dunn,Cliff's delta,0.1538,small
tvae + instancehardness,tvae + nearmiss,1.0,False,Kruskal-Wallis + Dunn,Cliff's delta,0.1265,negligible
fastml + clustercentroid,smote + instancehardness,1.0,False,Kruskal-Wallis + Dunn,Cliff's delta,-0.148,small
random + condensednn,random + editednn,1.0,False,Kruskal-Wallis + Dunn,Cliff's delta,-0.1111,negligible
fastml + clustercentroid,smote + nearmiss,1.0,False,Kruskal-Wallis + Dunn,Cliff's delta,-0.1396,negligible
fastml + clustercentroid,smote + onesidedselection,1.0,False,Kruskal-Wallis + Dunn,Cliff's delta,-0.1417,negligible
fastml + clustercentroid,smote + random,1.0,False,Kruskal-Wallis + Dunn,Cliff's delta,-0.0469,negligible
fastml + clustercentroid,smote + tomeklinks,1.0,False,Kruskal-Wallis + Dunn,Cliff's delta,-0.2381,small
fastml + clustercentroid,random + nearmiss,1.0,False,Kruskal-Wallis + Dunn,Cliff's delta,0.0625,negligible
smote + nearmiss,tvae + tomeklinks,1.0,False,Kruskal-Wallis + Dunn,Cliff's delta,0.0855,negligible
smote + tomeklinks,tvae + nearmiss,1.0,False,Kruskal-Wallis + Dunn,Cliff's delta,0.1079,negligible
fastml + condensednn,gaussiancopula + condensednn,1.0,False,Kruskal-Wallis + Dunn,Cliff's delta,-0.0556,negligible
gaussiancopula + tomeklinks,random + random,1.0,False,Kruskal-Wallis + Dunn,Cliff's delta,0.1495,small
smote + random,tvae + clustercentroid,1.0,False,Kruskal-Wallis + Dunn,Cliff's delta,-0.0068,negligible
smote + random,smote + tomeklinks,1.0,False,Kruskal-Wallis + Dunn,Cliff's delta,-0.0713,negligible
smote + onesidedselection,tvae + tomeklinks,1.0,False,Kruskal-Wallis + Dunn,Cliff's delta,0.1189,negligible
gaussiancopula + tomeklinks,random + onesidedselection,1.0,False,Kruskal-Wallis + Dunn,Cliff's delta,0.0503,negligible
gaussiancopula + tomeklinks,random + nearmiss,1.0,False,Kruskal-Wallis + Dunn,Cliff's delta,0.1388,negligible
fastml + condensednn,tvae + condensednn,1.0,False,Kruskal-Wallis + Dunn,Cliff's delta,0.0158,negligible
fastml + condensednn,tvae + editednn,1.0,False,Kruskal-Wallis + Dunn,Cliff's delta,0.0798,negligible
gaussiancopula + tomeklinks,random + instancehardness,1.0,False,Kruskal-Wallis + Dunn,Cliff's delta,-0.0765,negligible
gaussiancopula + tomeklinks,random + editednn,1.0,False,Kruskal-Wallis + Dunn,Cliff's delta,-0.1853,small
random + editednn,smote + editednn,1.0,False,Kruskal-Wallis + Dunn,Cliff's delta,-0.0794,negligible
random + editednn,smote + instancehardness,1.0,False,Kruskal-Wallis + Dunn,Cliff's delta,0.1069,negligible
smote + onesidedselection,tvae + onesidedselection,1.0,False,Kruskal-Wallis + Dunn,Cliff's delta,0.0627,negligible
smote + onesidedselection,tvae + nearmiss,1.0,False,Kruskal-Wallis + Dunn,Cliff's delta,0.1047,negligible
random + editednn,smote + condensednn,1.0,False,Kruskal-Wallis + Dunn,Cliff's delta,0.0026,negligible
gaussiancopula + tomeklinks,random + condensednn,1.0,False,Kruskal-Wallis + Dunn,Cliff's delta,-0.1074,negligible
gaussiancopula + random,tvae + tomeklinks,1.0,False,Kruskal-Wallis + Dunn,Cliff's delta,-0.0905,negligible
smote + onesidedselection,tvae + instancehardness,1.0,False,Kruskal-Wallis + Dunn,Cliff's delta,-0.0249,negligible
smote + onesidedselection,tvae + editednn,1.0,False,Kruskal-Wallis + Dunn,Cliff's delta,-0.1491,small
fastml + editednn,fastml + onesidedselection,1.0,False,Kruskal-Wallis + Dunn,Cliff's delta,0.1544,small
random + instancehardness,smote + editednn,1.0,False,Kruskal-Wallis + Dunn,Cliff's delta,-0.1388,negligible
gaussiancopula + random,tvae + onesidedselection,1.0,False,Kruskal-Wallis + Dunn,Cliff's delta,-0.1029,negligible
random + editednn,smote + nearmiss,1.0,False,Kruskal-Wallis + Dunn,Cliff's delta,0.163,small
gaussiancopula + random,tvae + nearmiss,1.0,False,Kruskal-Wallis + Dunn,Cliff's delta,-0.0673,negligible
random + editednn,smote + onesidedselection,1.0,False,Kruskal-Wallis + Dunn,Cliff's delta,0.1705,small
smote + onesidedselection,tvae + clustercentroid,1.0,False,Kruskal-Wallis + Dunn,Cliff's delta,0.0648,negligible
fastml + editednn,gaussiancopula + condensednn,1.0,False,Kruskal-Wallis + Dunn,Cliff's delta,-0.1059,negligible
fastml + editednn,gaussiancopula + editednn,1.0,False,Kruskal-Wallis + Dunn,Cliff's delta,-0.0757,negligible
fastml + editednn,gaussiancopula + instancehardness,1.0,False,Kruskal-Wallis + Dunn,Cliff's delta,0.1551,small
smote + onesidedselection,smote + tomeklinks,1.0,False,Kruskal-Wallis + Dunn,Cliff's delta,-0.0398,negligible
gaussiancopula + tomeklinks,random + clustercentroid,1.0,False,Kruskal-Wallis + Dunn,Cliff's delta,0.1167,negligible
smote + tomeklinks,tvae + instancehardness,1.0,False,Kruskal-Wallis + Dunn,Cliff's delta,-0.0068,negligible
gaussiancopula + tomeklinks,random + tomeklinks,1.0,False,Kruskal-Wallis + Dunn,Cliff's delta,0.0571,negligible
fastml + condensednn,smote + editednn,1.0,False,Kruskal-Wallis + Dunn,Cliff's delta,0.0268,negligible
fastml + condensednn,gaussiancopula + editednn,1.0,False,Kruskal-Wallis + Dunn,Cliff's delta,-0.0325,negligible
random + clustercentroid,random + random,1.0,False,Kruskal-Wallis + Dunn,Cliff's delta,0.049,negligible
random + clustercentroid,random + onesidedselection,1.0,False,Kruskal-Wallis + Dunn,Cliff's delta,-0.079,negligible
random + condensednn,tvae + instancehardness,1.0,False,Kruskal-Wallis + Dunn,Cliff's delta,0.0473,negligible
smote + tomeklinks,tvae + editednn,1.0,False,Kruskal-Wallis + Dunn,Cliff's delta,-0.1317,negligible
smote + tomeklinks,tvae + clustercentroid,1.0,False,Kruskal-Wallis + Dunn,Cliff's delta,0.1423,negligible
smote + random,tvae + tomeklinks,1.0,False,Kruskal-Wallis + Dunn,Cliff's delta,-0.0097,negligible
smote + random,tvae + random,1.0,False,Kruskal-Wallis + Dunn,Cliff's delta,0.1606,small
smote + random,tvae + onesidedselection,1.0,False,Kruskal-Wallis + Dunn,Cliff's delta,0.0076,negligible
random + condensednn,tvae + nearmiss,1.0,False,Kruskal-Wallis + Dunn,Cliff's delta,0.1453,negligible
random + clustercentroid,random + nearmiss,1.0,False,Kruskal-Wallis + Dunn,Cliff's delta,0.0094,negligible
random + clustercentroid,random + instancehardness,1.0,False,Kruskal-Wallis + Dunn,Cliff's delta,-0.1683,small
smote + random,tvae + nearmiss,1.0,False,Kruskal-Wallis + Dunn,Cliff's delta,0.0212,negligible
random + condensednn,tvae + onesidedselection,1.0,False,Kruskal-Wallis + Dunn,Cliff's delta,0.1375,negligible
gaussiancopula + tomeklinks,smote + clustercentroid,1.0,False,Kruskal-Wallis + Dunn,Cliff's delta,0.1277,negligible
fastml + condensednn,random + editednn,1.0,False,Kruskal-Wallis + Dunn,Cliff's delta,0.0818,negligible
random + editednn,random + instancehardness,1.0,False,Kruskal-Wallis + Dunn,Cliff's delta,0.1035,negligible
gaussiancopula + tomeklinks,tvae + tomeklinks,1.0,False,Kruskal-Wallis + Dunn,Cliff's delta,0.0723,negligible
gaussiancopula + tomeklinks,tvae + onesidedselection,1.0,False,Kruskal-Wallis + Dunn,Cliff's delta,0.041,negligible
gaussiancopula + tomeklinks,tvae + nearmiss,1.0,False,Kruskal-Wallis + Dunn,Cliff's delta,0.0543,negligible
gaussiancopula + tomeklinks,tvae + instancehardness,1.0,False,Kruskal-Wallis + Dunn,Cliff's delta,-0.0579,negligible
smote + random,tvae + instancehardness,1.0,False,Kruskal-Wallis + Dunn,Cliff's delta,-0.0537,negligible
gaussiancopula + tomeklinks,tvae + editednn,1.0,False,Kruskal-Wallis + Dunn,Cliff's delta,-0.1963,small
gaussiancopula + tomeklinks,tvae + clustercentroid,1.0,False,Kruskal-Wallis + Dunn,Cliff's delta,0.0495,negligible
gaussiancopula + tomeklinks,smote + tomeklinks,1.0,False,Kruskal-Wallis + Dunn,Cliff's delta,-0.1184,negligible
gaussiancopula + tomeklinks,smote + random,1.0,False,Kruskal-Wallis + Dunn,Cliff's delta,0.064,negligible
gaussiancopula + tomeklinks,smote + onesidedselection,1.0,False,Kruskal-Wallis + Dunn,Cliff's delta,-0.0226,negligible
gaussiancopula + tomeklinks,smote + nearmiss,1.0,False,Kruskal-Wallis + Dunn,Cliff's delta,-0.0117,negligible
gaussiancopula + tomeklinks,smote + instancehardness,1.0,False,Kruskal-Wallis + Dunn,Cliff's delta,-0.0652,negligible
fastml + condensednn,smote + condensednn,1.0,False,Kruskal-Wallis + Dunn,Cliff's delta,0.035,negligible
random + condensednn,tvae + tomeklinks,1.0,False,Kruskal-Wallis + Dunn,Cliff's delta,0.1794,small
smote + instancehardness,smote + tomeklinks,1.0,False,Kruskal-Wallis + Dunn,Cliff's delta,0.0025,negligible
smote + instancehardness,smote + nearmiss,1.0,False,Kruskal-Wallis + Dunn,Cliff's delta,-0.0061,negligible
gaussiancopula + onesidedselection,random + tomeklinks,1.0,False,Kruskal-Wallis + Dunn,Cliff's delta,0.0594,negligible
gaussiancopula + instancehardness,gaussiancopula + tomeklinks,1.0,False,Kruskal-Wallis + Dunn,Cliff's delta,0.07,negligible
fastml + tomeklinks,random + instancehardness,1.0,False,Kruskal-Wallis + Dunn,Cliff's delta,-0.1159,negligible
fastml + tomeklinks,random + nearmiss,1.0,False,Kruskal-Wallis + Dunn,Cliff's delta,0.0623,negligible
fastml + tomeklinks,random + onesidedselection,1.0,False,Kruskal-Wallis + Dunn,Cliff's delta,-0.0283,negligible
gaussiancopula + instancehardness,gaussiancopula + onesidedselection,1.0,False,Kruskal-Wallis + Dunn,Cliff's delta,0.0643,negligible
gaussiancopula + instancehardness,gaussiancopula + nearmiss,1.0,False,Kruskal-Wallis + Dunn,Cliff's delta,0.1867,small
fastml + tomeklinks,random + random,1.0,False,Kruskal-Wallis + Dunn,Cliff's delta,0.0978,negligible
fastml + tomeklinks,random + tomeklinks,1.0,False,Kruskal-Wallis + Dunn,Cliff's delta,-0.037,negligible
fastml + tomeklinks,smote + clustercentroid,1.0,False,Kruskal-Wallis + Dunn,Cliff's delta,0.0577,negligible
random + instancehardness,tvae + tomeklinks,1.0,False,Kruskal-Wallis + Dunn,Cliff's delta,0.0866,negligible
random + tomeklinks,smote + clustercentroid,1.0,False,Kruskal-Wallis + Dunn,Cliff's delta,0.0666,negligible
random + nearmiss,random + onesidedselection,1.0,False,Kruskal-Wallis + Dunn,Cliff's delta,-0.1178,negligible
random + random,tvae + tomeklinks,1.0,False,Kruskal-Wallis + Dunn,Cliff's delta,-0.1228,negligible
random + random,tvae + random,1.0,False,Kruskal-Wallis + Dunn,Cliff's delta,0.0523,negligible
fastml + tomeklinks,random + condensednn,1.0,False,Kruskal-Wallis + Dunn,Cliff's delta,-0.1406,negligible
fastml + tomeklinks,smote + instancehardness,1.0,False,Kruskal-Wallis + Dunn,Cliff's delta,-0.1089,negligible
fastml + tomeklinks,smote + onesidedselection,1.0,False,Kruskal-Wallis + Dunn,Cliff's delta,-0.1251,negligible
fastml + tomeklinks,smote + random,1.0,False,Kruskal-Wallis + Dunn,Cliff's delta,-0.0202,negligible
fastml + tomeklinks,smote + tomeklinks,1.0,False,Kruskal-Wallis + Dunn,Cliff's delta,-0.194,small
random + random,tvae + onesidedselection,1.0,False,Kruskal-Wallis + Dunn,Cliff's delta,-0.1504,small
random + random,tvae + nearmiss,1.0,False,Kruskal-Wallis + Dunn,Cliff's delta,-0.1166,negligible
fastml + tomeklinks,tvae + clustercentroid,1.0,False,Kruskal-Wallis + Dunn,Cliff's delta,-0.0389,negligible
random + nearmiss,random + random,1.0,False,Kruskal-Wallis + Dunn,Cliff's delta,0.0343,negligible
random + nearmiss,random + tomeklinks,1.0,False,Kruskal-Wallis + Dunn,Cliff's delta,-0.0958,negligible
fastml + tomeklinks,tvae + instancehardness,1.0,False,Kruskal-Wallis + Dunn,Cliff's delta,-0.1216,negligible
fastml + tomeklinks,tvae + nearmiss,1.0,False,Kruskal-Wallis + Dunn,Cliff's delta,0.0099,negligible
fastml + tomeklinks,tvae + onesidedselection,1.0,False,Kruskal-Wallis + Dunn,Cliff's delta,-0.0678,negligible
fastml + tomeklinks,tvae + random,1.0,False,Kruskal-Wallis + Dunn,Cliff's delta,0.1943,small
random + random,tvae + clustercentroid,1.0,False,Kruskal-Wallis + Dunn,Cliff's delta,-0.1203,negligible
fastml + tomeklinks,tvae + tomeklinks,1.0,False,Kruskal-Wallis + Dunn,Cliff's delta,-0.0114,negligible
fastml + tomeklinks,smote + nearmiss,1.0,False,Kruskal-Wallis + Dunn,Cliff's delta,-0.1096,negligible
random + random,smote + random,1.0,False,Kruskal-Wallis + Dunn,Cliff's delta,-0.1195,negligible
random + tomeklinks,smote + instancehardness,1.0,False,Kruskal-Wallis + Dunn,Cliff's delta,-0.0826,negligible
fastml + tomeklinks,random + clustercentroid,1.0,False,Kruskal-Wallis + Dunn,Cliff's delta,0.0724,negligible
fastml + random,smote + onesidedselection,1.0,False,Kruskal-Wallis + Dunn,Cliff's delta,-0.1493,small
gaussiancopula + instancehardness,smote + condensednn,1.0,False,Kruskal-Wallis + Dunn,Cliff's delta,-0.187,small
gaussiancopula + instancehardness,smote + clustercentroid,1.0,False,Kruskal-Wallis + Dunn,Cliff's delta,0.1828,small
random + tomeklinks,tvae + onesidedselection,1.0,False,Kruskal-Wallis + Dunn,Cliff's delta,-0.0292,negligible
fastml + random,smote + random,1.0,False,Kruskal-Wallis + Dunn,Cliff's delta,-0.0244,negligible
fastml + random,tvae + clustercentroid,1.0,False,Kruskal-Wallis + Dunn,Cliff's delta,-0.067,negligible
random + tomeklinks,tvae + nearmiss,1.0,False,Kruskal-Wallis + Dunn,Cliff's delta,-0.002,negligible
random + condensednn,smote + condensednn,1.0,False,Kruskal-Wallis + Dunn,Cliff's delta,-0.1256,negligible
gaussiancopula + instancehardness,random + tomeklinks,1.0,False,Kruskal-Wallis + Dunn,Cliff's delta,0.0861,negligible
random + tomeklinks,tvae + instancehardness,1.0,False,Kruskal-Wallis + Dunn,Cliff's delta,-0.0808,negligible
gaussiancopula + instancehardness,random + onesidedselection,1.0,False,Kruskal-Wallis + Dunn,Cliff's delta,0.1085,negligible
fastml + random,tvae + instancehardness,1.0,False,Kruskal-Wallis + Dunn,Cliff's delta,-0.1549,small
fastml + random,tvae + nearmiss,1.0,False,Kruskal-Wallis + Dunn,Cliff's delta,-0.0358,negligible
fastml + random,tvae + onesidedselection,1.0,False,Kruskal-Wallis + Dunn,Cliff's delta,-0.0893,negligible
random + tomeklinks,smote + nearmiss,1.0,False,Kruskal-Wallis + Dunn,Cliff's delta,-0.1086,negligible
fastml + random,tvae + random,1.0,False,Kruskal-Wallis + Dunn,Cliff's delta,0.1394,negligible
gaussiancopula + instancehardness,random + editednn,1.0,False,Kruskal-Wallis + Dunn,Cliff's delta,-0.1377,negligible
fastml + random,tvae + tomeklinks,1.0,False,Kruskal-Wallis + Dunn,Cliff's delta,-0.0482,negligible
fastml + tomeklinks,gaussiancopula + clustercentroid,1.0,False,Kruskal-Wallis + Dunn,Cliff's delta,0.0513,negligible
random + tomeklinks,tvae + clustercentroid,1.0,False,Kruskal-Wallis + Dunn,Cliff's delta,-0.0369,negligible
random + tomeklinks,smote + tomeklinks,1.0,False,Kruskal-Wallis + Dunn,Cliff's delta,-0.1608,small
fastml + tomeklinks,gaussiancopula + instancehardness,1.0,False,Kruskal-Wallis + Dunn,Cliff's delta,-0.1189,negligible
fastml + tomeklinks,gaussiancopula + nearmiss,1.0,False,Kruskal-Wallis + Dunn,Cliff's delta,0.0321,negligible
gaussiancopula + instancehardness,random + condensednn,1.0,False,Kruskal-Wallis + Dunn,Cliff's delta,-0.0472,negligible
random + tomeklinks,smote + random,1.0,False,Kruskal-Wallis + Dunn,Cliff's delta,-0.0328,negligible
random + tomeklinks,smote + onesidedselection,1.0,False,Kruskal-Wallis + Dunn,Cliff's delta,-0.0852,negligible
fastml + tomeklinks,gaussiancopula + onesidedselection,1.0,False,Kruskal-Wallis + Dunn,Cliff's delta,-0.1106,negligible
gaussiancopula + instancehardness,random + clustercentroid,1.0,False,Kruskal-Wallis + Dunn,Cliff's delta,0.1983,small
fastml + tomeklinks,gaussiancopula + random,1.0,False,Kruskal-Wallis + Dunn,Cliff's delta,0.0978,negligible
fastml + tomeklinks,gaussiancopula + tomeklinks,1.0,False,Kruskal-Wallis + Dunn,Cliff's delta,-0.0676,negligible
gaussiancopula + instancehardness,random + instancehardness,1.0,False,Kruskal-Wallis + Dunn,Cliff's delta,0.0223,negligible
gaussiancopula + instancehardness,smote + editednn,1.0,False,Kruskal-Wallis + Dunn,Cliff's delta,-0.1983,small
gaussiancopula + clustercentroid,gaussiancopula + instancehardness,1.0,False,Kruskal-Wallis + Dunn,Cliff's delta,-0.2124,small
gaussiancopula + clustercentroid,gaussiancopula + onesidedselection,1.0,False,Kruskal-Wallis + Dunn,Cliff's delta,-0.1715,small
gaussiancopula + editednn,random + editednn,1.0,False,Kruskal-Wallis + Dunn,Cliff's delta,0.0858,negligible
gaussiancopula + clustercentroid,tvae + instancehardness,1.0,False,Kruskal-Wallis + Dunn,Cliff's delta,-0.1972,small
gaussiancopula + clustercentroid,tvae + nearmiss,1.0,False,Kruskal-Wallis + Dunn,Cliff's delta,-0.0516,negligible
gaussiancopula + clustercentroid,tvae + onesidedselection,1.0,False,Kruskal-Wallis + Dunn,Cliff's delta,-0.0908,negligible
gaussiancopula + clustercentroid,tvae + random,1.0,False,Kruskal-Wallis + Dunn,Cliff's delta,0.1432,negligible
gaussiancopula + editednn,random + condensednn,1.0,False,Kruskal-Wallis + Dunn,Cliff's delta,0.2311,small
gaussiancopula + clustercentroid,tvae + tomeklinks,1.0,False,Kruskal-Wallis + Dunn,Cliff's delta,-0.0781,negligible
gaussiancopula + condensednn,gaussiancopula + editednn,1.0,False,Kruskal-Wallis + Dunn,Cliff's delta,0.0703,negligible
random + nearmiss,smote + onesidedselection,1.0,False,Kruskal-Wallis + Dunn,Cliff's delta,-0.1815,small
random + onesidedselection,tvae + clustercentroid,1.0,False,Kruskal-Wallis + Dunn,Cliff's delta,-0.0184,negligible
random + onesidedselection,smote + tomeklinks,1.0,False,Kruskal-Wallis + Dunn,Cliff's delta,-0.1678,small
random + onesidedselection,smote + random,1.0,False,Kruskal-Wallis + Dunn,Cliff's delta,-0.0026,negligible
random + onesidedselection,smote + onesidedselection,1.0,False,Kruskal-Wallis + Dunn,Cliff's delta,-0.0951,negligible
random + nearmiss,smote + random,1.0,False,Kruskal-Wallis + Dunn,Cliff's delta,-0.106,negligible
random + onesidedselection,tvae + instancehardness,1.0,False,Kruskal-Wallis + Dunn,Cliff's delta,-0.0944,negligible
gaussiancopula + editednn,gaussiancopula + instancehardness,1.0,False,Kruskal-Wallis + Dunn,Cliff's delta,0.2119,small
gaussiancopula + condensednn,random + editednn,1.0,False,Kruskal-Wallis + Dunn,Cliff's delta,0.1336,negligible
random + nearmiss,tvae + clustercentroid,1.0,False,Kruskal-Wallis + Dunn,Cliff's delta,-0.1153,negligible
random + onesidedselection,smote + instancehardness,1.0,False,Kruskal-Wallis + Dunn,Cliff's delta,-0.096,negligible
random + nearmiss,tvae + instancehardness,1.0,False,Kruskal-Wallis + Dunn,Cliff's delta,-0.166,small
random + nearmiss,tvae + nearmiss,1.0,False,Kruskal-Wallis + Dunn,Cliff's delta,-0.0695,negligible
random + onesidedselection,smote + clustercentroid,1.0,False,Kruskal-Wallis + Dunn,Cliff's delta,0.0894,negligible
random + nearmiss,tvae + onesidedselection,1.0,False,Kruskal-Wallis + Dunn,Cliff's delta,-0.1127,negligible
gaussiancopula + condensednn,tvae + editednn,1.0,False,Kruskal-Wallis + Dunn,Cliff's delta,0.1218,negligible
random + onesidedselection,random + tomeklinks,1.0,False,Kruskal-Wallis + Dunn,Cliff's delta,0.0198,negligible
gaussiancopula + condensednn,smote + condensednn,1.0,False,Kruskal-Wallis + Dunn,Cliff's delta,0.0685,negligible
gaussiancopula + condensednn,smote + editednn,1.0,False,Kruskal-Wallis + Dunn,Cliff's delta,0.0856,negligible
gaussiancopula + condensednn,tvae + condensednn,1.0,False,Kruskal-Wallis + Dunn,Cliff's delta,0.0683,negligible
random + onesidedselection,random + random,1.0,False,Kruskal-Wallis + Dunn,Cliff's delta,0.1152,negligible
random + nearmiss,tvae + random,1.0,False,Kruskal-Wallis + Dunn,Cliff's delta,0.0873,negligible
random + onesidedselection,smote + nearmiss,1.0,False,Kruskal-Wallis + Dunn,Cliff's delta,-0.0671,negligible
gaussiancopula + clustercentroid,gaussiancopula + nearmiss,1.0,False,Kruskal-Wallis + Dunn,Cliff's delta,-0.039,negligible
gaussiancopula + clustercentroid,tvae + clustercentroid,1.0,False,Kruskal-Wallis + Dunn,Cliff's delta,-0.085,negligible
random + onesidedselection,tvae + onesidedselection,1.0,False,Kruskal-Wallis + Dunn,Cliff's delta,-0.0384,negligible
gaussiancopula + clustercentroid,gaussiancopula + random,1.0,False,Kruskal-Wallis + Dunn,Cliff's delta,0.0359,negligible
gaussiancopula + editednn,tvae + instancehardness,1.0,False,Kruskal-Wallis + Dunn,Cliff's delta,0.1656,small
random + random,smote + onesidedselection,1.0,False,Kruskal-Wallis + Dunn,Cliff's delta,-0.1971,small
random + random,smote + nearmiss,1.0,False,Kruskal-Wallis + Dunn,Cliff's delta,-0.1872,small
gaussiancopula + clustercentroid,gaussiancopula + tomeklinks,1.0,False,Kruskal-Wallis + Dunn,Cliff's delta,-0.1305,negligible
gaussiancopula + editednn,tvae + editednn,1.0,False,Kruskal-Wallis + Dunn,Cliff's delta,0.0985,negligible
gaussiancopula + clustercentroid,random + clustercentroid,1.0,False,Kruskal-Wallis + Dunn,Cliff's delta,0.0052,negligible
gaussiancopula + editednn,tvae + condensednn,1.0,False,Kruskal-Wallis + Dunn,Cliff's delta,0.0341,negligible
gaussiancopula + editednn,smote + tomeklinks,1.0,False,Kruskal-Wallis + Dunn,Cliff's delta,0.1635,small
gaussiancopula + editednn,smote + instancehardness,1.0,False,Kruskal-Wallis + Dunn,Cliff's delta,0.186,small
gaussiancopula + editednn,smote + editednn,1.0,False,Kruskal-Wallis + Dunn,Cliff's delta,0.0533,negligible
gaussiancopula + clustercentroid,random + instancehardness,1.0,False,Kruskal-Wallis + Dunn,Cliff's delta,-0.1798,small
gaussiancopula + clustercentroid,random + nearmiss,1.0,False,Kruskal-Wallis + Dunn,Cliff's delta,0.0299,negligible
gaussiancopula + clustercentroid,random + onesidedselection,1.0,False,Kruskal-Wallis + Dunn,Cliff's delta,-0.0942,negligible
random + onesidedselection,tvae + nearmiss,1.0,False,Kruskal-Wallis + Dunn,Cliff's delta,0.0132,negligible
gaussiancopula + editednn,smote + condensednn,1.0,False,Kruskal-Wallis + Dunn,Cliff's delta,0.0915,negligible
random + nearmiss,smote + clustercentroid,1.0,False,Kruskal-Wallis + Dunn,Cliff's delta,-0.0077,negligible
gaussiancopula + clustercentroid,random + random,1.0,False,Kruskal-Wallis + Dunn,Cliff's delta,0.0417,negligible
gaussiancopula + clustercentroid,random + tomeklinks,1.0,False,Kruskal-Wallis + Dunn,Cliff's delta,-0.0689,negligible
gaussiancopula + clustercentroid,smote + clustercentroid,1.0,False,Kruskal-Wallis + Dunn,Cliff's delta,0.012,negligible
random + random,random + tomeklinks,1.0,False,Kruskal-Wallis + Dunn,Cliff's delta,-0.0955,negligible
random + onesidedselection,tvae + tomeklinks,1.0,False,Kruskal-Wallis + Dunn,Cliff's delta,0.0073,negligible
random + nearmiss,smote + instancehardness,1.0,False,Kruskal-Wallis + Dunn,Cliff's delta,-0.128,negligible
random + onesidedselection,tvae + random,1.0,False,Kruskal-Wallis + Dunn,Cliff's delta,0.2002,small
gaussiancopula + clustercentroid,smote + instancehardness,1.0,False,Kruskal-Wallis + Dunn,Cliff's delta,-0.1856,small
gaussiancopula + clustercentroid,smote + nearmiss,1.0,False,Kruskal-Wallis + Dunn,Cliff's delta,-0.1656,small
gaussiancopula + clustercentroid,smote + onesidedselection,1.0,False,Kruskal-Wallis + Dunn,Cliff's delta,-0.188,small
random + nearmiss,smote + nearmiss,1.0,False,Kruskal-Wallis + Dunn,Cliff's delta,-0.1651,small
gaussiancopula + clustercentroid,smote + random,1.0,False,Kruskal-Wallis + Dunn,Cliff's delta,-0.0756,negligible
gaussiancopula + editednn,random + instancehardness,1.0,False,Kruskal-Wallis + Dunn,Cliff's delta,0.1795,small
random + random,smote + clustercentroid,1.0,False,Kruskal-Wallis + Dunn,Cliff's delta,-0.0442,negligible
gaussiancopula + onesidedselection,smote + clustercentroid,1.0,False,Kruskal-Wallis + Dunn,Cliff's delta,0.154,small
fastml + random,smote + nearmiss,1.0,False,Kruskal-Wallis + Dunn,Cliff's delta,-0.1162,negligible
fastml + random,smote + instancehardness,1.0,False,Kruskal-Wallis + Dunn,Cliff's delta,-0.1537,small
fastml + onesidedselection,fastml + random,1.0,False,Kruskal-Wallis + Dunn,Cliff's delta,0.1851,small
random + instancehardness,tvae + clustercentroid,1.0,False,Kruskal-Wallis + Dunn,Cliff's delta,0.0768,negligible
fastml + onesidedselection,fastml + tomeklinks,1.0,False,Kruskal-Wallis + Dunn,Cliff's delta,0.1492,small
gaussiancopula + nearmiss,tvae + onesidedselection,1.0,False,Kruskal-Wallis + Dunn,Cliff's delta,-0.0493,negligible
gaussiancopula + nearmiss,tvae + nearmiss,1.0,False,Kruskal-Wallis + Dunn,Cliff's delta,-0.0433,negligible
gaussiancopula + nearmiss,tvae + instancehardness,1.0,False,Kruskal-Wallis + Dunn,Cliff's delta,-0.1444,negligible
random + instancehardness,tvae + editednn,1.0,False,Kruskal-Wallis + Dunn,Cliff's delta,-0.1549,small
random + instancehardness,tvae + instancehardness,1.0,False,Kruskal-Wallis + Dunn,Cliff's delta,-0.0186,negligible
fastml + onesidedselection,gaussiancopula + clustercentroid,1.0,False,Kruskal-Wallis + Dunn,Cliff's delta,0.2165,small
random + instancehardness,tvae + nearmiss,1.0,False,Kruskal-Wallis + Dunn,Cliff's delta,0.0899,negligible
fastml + onesidedselection,gaussiancopula + editednn,1.0,False,Kruskal-Wallis + Dunn,Cliff's delta,-0.1936,small
fastml + onesidedselection,gaussiancopula + instancehardness,1.0,False,Kruskal-Wallis + Dunn,Cliff's delta,-0.0128,negligible
fastml + onesidedselection,gaussiancopula + nearmiss,1.0,False,Kruskal-Wallis + Dunn,Cliff's delta,0.1886,small
random + instancehardness,tvae + onesidedselection,1.0,False,Kruskal-Wallis + Dunn,Cliff's delta,0.1024,negligible
smote + editednn,smote + tomeklinks,1.0,False,Kruskal-Wallis + Dunn,Cliff's delta,0.1251,negligible
smote + editednn,smote + onesidedselection,1.0,False,Kruskal-Wallis + Dunn,Cliff's delta,0.2102,small
fastml + onesidedselection,gaussiancopula + onesidedselection,1.0,False,Kruskal-Wallis + Dunn,Cliff's delta,0.051,negligible
gaussiancopula + nearmiss,tvae + clustercentroid,1.0,False,Kruskal-Wallis + Dunn,Cliff's delta,-0.0683,negligible
fastml + onesidedselection,gaussiancopula + tomeklinks,1.0,False,Kruskal-Wallis + Dunn,Cliff's delta,0.0642,negligible
smote + editednn,smote + instancehardness,1.0,False,Kruskal-Wallis + Dunn,Cliff's delta,0.1382,negligible
gaussiancopula + nearmiss,smote + tomeklinks,1.0,False,Kruskal-Wallis + Dunn,Cliff's delta,-0.2313,small
fastml + onesidedselection,random + clustercentroid,1.0,False,Kruskal-Wallis + Dunn,Cliff's delta,0.2144,small
fastml + onesidedselection,random + condensednn,1.0,False,Kruskal-Wallis + Dunn,Cliff's delta,-0.0223,negligible
fastml + onesidedselection,random + editednn,1.0,False,Kruskal-Wallis + Dunn,Cliff's delta,-0.0952,negligible
gaussiancopula + nearmiss,smote + random,1.0,False,Kruskal-Wallis + Dunn,Cliff's delta,-0.0639,negligible
fastml + onesidedselection,random + instancehardness,1.0,False,Kruskal-Wallis + Dunn,Cliff's delta,-0.0343,negligible
fastml + onesidedselection,random + nearmiss,1.0,False,Kruskal-Wallis + Dunn,Cliff's delta,0.1704,small
gaussiancopula + nearmiss,smote + onesidedselection,1.0,False,Kruskal-Wallis + Dunn,Cliff's delta,-0.1568,small
gaussiancopula + nearmiss,smote + nearmiss,1.0,False,Kruskal-Wallis + Dunn,Cliff's delta,-0.1401,negligible
fastml + onesidedselection,random + onesidedselection,1.0,False,Kruskal-Wallis + Dunn,Cliff's delta,0.1138,negligible
smote + editednn,smote + nearmiss,1.0,False,Kruskal-Wallis + Dunn,Cliff's delta,0.2116,small
gaussiancopula + nearmiss,smote + instancehardness,1.0,False,Kruskal-Wallis + Dunn,Cliff's delta,-0.1581,small
random + instancehardness,smote + tomeklinks,1.0,False,Kruskal-Wallis + Dunn,Cliff's delta,-0.0028,negligible
fastml + nearmiss,tvae + tomeklinks,1.0,False,Kruskal-Wallis + Dunn,Cliff's delta,-0.0078,negligible
fastml + nearmiss,smote + instancehardness,1.0,False,Kruskal-Wallis + Dunn,Cliff's delta,-0.1528,small
fastml + nearmiss,smote + nearmiss,1.0,False,Kruskal-Wallis + Dunn,Cliff's delta,-0.0882,negligible
smote + instancehardness,smote + random,1.0,False,Kruskal-Wallis + Dunn,Cliff's delta,0.0402,negligible
gaussiancopula + onesidedselection,random + random,1.0,False,Kruskal-Wallis + Dunn,Cliff's delta,0.1711,small
gaussiancopula + onesidedselection,random + onesidedselection,1.0,False,Kruskal-Wallis + Dunn,Cliff's delta,0.0802,negligible
gaussiancopula + onesidedselection,random + nearmiss,1.0,False,Kruskal-Wallis + Dunn,Cliff's delta,0.1243,negligible
fastml + nearmiss,smote + onesidedselection,1.0,False,Kruskal-Wallis + Dunn,Cliff's delta,-0.1124,negligible
fastml + nearmiss,smote + random,1.0,False,Kruskal-Wallis + Dunn,Cliff's delta,-0.03,negligible
smote + instancehardness,smote + onesidedselection,1.0,False,Kruskal-Wallis + Dunn,Cliff's delta,0.0335,negligible
random + instancehardness,smote + instancehardness,1.0,False,Kruskal-Wallis + Dunn,Cliff's delta,-0.0059,negligible
random + nearmiss,tvae + tomeklinks,1.0,False,Kruskal-Wallis + Dunn,Cliff's delta,-0.1196,negligible
random + instancehardness,smote + nearmiss,1.0,False,Kruskal-Wallis + Dunn,Cliff's delta,-0.006,negligible
fastml + nearmiss,smote + tomeklinks,1.0,False,Kruskal-Wallis + Dunn,Cliff's delta,-0.1578,small
fastml + nearmiss,tvae + clustercentroid,1.0,False,Kruskal-Wallis + Dunn,Cliff's delta,-0.0227,negligible
random + instancehardness,smote + random,1.0,False,Kruskal-Wallis + Dunn,Cliff's delta,0.0462,negligible
gaussiancopula + onesidedselection,random + instancehardness,1.0,False,Kruskal-Wallis + Dunn,Cliff's delta,-0.0872,negligible
random + instancehardness,smote + onesidedselection,1.0,False,Kruskal-Wallis + Dunn,Cliff's delta,0.0426,negligible
gaussiancopula + onesidedselection,random + condensednn,1.0,False,Kruskal-Wallis + Dunn,Cliff's delta,-0.0775,negligible
gaussiancopula + onesidedselection,random + clustercentroid,1.0,False,Kruskal-Wallis + Dunn,Cliff's delta,0.1642,small
gaussiancopula + onesidedselection,gaussiancopula + tomeklinks,1.0,False,Kruskal-Wallis + Dunn,Cliff's delta,0.0363,negligible
fastml + nearmiss,tvae + instancehardness,1.0,False,Kruskal-Wallis + Dunn,Cliff's delta,-0.1455,negligible
gaussiancopula + onesidedselection,gaussiancopula + random,1.0,False,Kruskal-Wallis + Dunn,Cliff's delta,0.1458,negligible
smote + editednn,tvae + instancehardness,1.0,False,Kruskal-Wallis + Dunn,Cliff's delta,0.1335,negligible
smote + editednn,tvae + editednn,1.0,False,Kruskal-Wallis + Dunn,Cliff's delta,0.0633,negligible
smote + editednn,tvae + condensednn,1.0,False,Kruskal-Wallis + Dunn,Cliff's delta,-0.0006,negligible
gaussiancopula + nearmiss,tvae + tomeklinks,1.0,False,Kruskal-Wallis + Dunn,Cliff's delta,-0.0361,negligible
gaussiancopula + nearmiss,tvae + random,1.0,False,Kruskal-Wallis + Dunn,Cliff's delta,0.1464,negligible
fastml + nearmiss,tvae + nearmiss,1.0,False,Kruskal-Wallis + Dunn,Cliff's delta,-0.0045,negligible
fastml + nearmiss,tvae + onesidedselection,1.0,False,Kruskal-Wallis + Dunn,Cliff's delta,-0.0382,negligible
fastml + nearmiss,tvae + random,1.0,False,Kruskal-Wallis + Dunn,Cliff's delta,0.1854,small
gaussiancopula + onesidedselection,random + editednn,1.0,False,Kruskal-Wallis + Dunn,Cliff's delta,-0.1275,negligible
gaussiancopula + instancehardness,smote + instancehardness,1.0,False,Kruskal-Wallis + Dunn,Cliff's delta,0.0327,negligible
fastml + onesidedselection,random + tomeklinks,1.0,False,Kruskal-Wallis + Dunn,Cliff's delta,0.1262,negligible
fastml + onesidedselection,smote + condensednn,1.0,False,Kruskal-Wallis + Dunn,Cliff's delta,-0.1625,small
smote + clustercentroid,tvae + tomeklinks,1.0,False,Kruskal-Wallis + Dunn,Cliff's delta,-0.0881,negligible
fastml + random,gaussiancopula + onesidedselection,1.0,False,Kruskal-Wallis + Dunn,Cliff's delta,-0.1526,small
fastml + random,gaussiancopula + random,1.0,False,Kruskal-Wallis + Dunn,Cliff's delta,0.0467,negligible
fastml + random,gaussiancopula + tomeklinks,1.0,False,Kruskal-Wallis + Dunn,Cliff's delta,-0.1186,negligible
fastml + random,random + clustercentroid,1.0,False,Kruskal-Wallis + Dunn,Cliff's delta,-0.0082,negligible
gaussiancopula + instancehardness,tvae + nearmiss,1.0,False,Kruskal-Wallis + Dunn,Cliff's delta,0.1351,negligible
smote + clustercentroid,tvae + random,1.0,False,Kruskal-Wallis + Dunn,Cliff's delta,0.121,negligible
gaussiancopula + instancehardness,tvae + instancehardness,1.0,False,Kruskal-Wallis + Dunn,Cliff's delta,0.0079,negligible
smote + clustercentroid,tvae + onesidedselection,1.0,False,Kruskal-Wallis + Dunn,Cliff's delta,-0.112,negligible
fastml + random,random + instancehardness,1.0,False,Kruskal-Wallis + Dunn,Cliff's delta,-0.167,small
fastml + random,random + nearmiss,1.0,False,Kruskal-Wallis + Dunn,Cliff's delta,0.0503,negligible
fastml + random,random + onesidedselection,1.0,False,Kruskal-Wallis + Dunn,Cliff's delta,-0.0758,negligible
fastml + random,random + random,1.0,False,Kruskal-Wallis + Dunn,Cliff's delta,0.0445,negligible
smote + clustercentroid,tvae + nearmiss,1.0,False,Kruskal-Wallis + Dunn,Cliff's delta,-0.0501,negligible
smote + condensednn,smote + editednn,1.0,False,Kruskal-Wallis + Dunn,Cliff's delta,-0.0655,negligible
smote + clustercentroid,tvae + instancehardness,1.0,False,Kruskal-Wallis + Dunn,Cliff's delta,-0.1763,small
gaussiancopula + instancehardness,tvae + editednn,1.0,False,Kruskal-Wallis + Dunn,Cliff's delta,-0.1394,negligible
gaussiancopula + instancehardness,tvae + clustercentroid,1.0,False,Kruskal-Wallis + Dunn,Cliff's delta,0.0886,negligible
gaussiancopula + instancehardness,smote + tomeklinks,1.0,False,Kruskal-Wallis + Dunn,Cliff's delta,-0.0115,negligible
gaussiancopula + instancehardness,smote + random,1.0,False,Kruskal-Wallis + Dunn,Cliff's delta,0.0739,negligible
gaussiancopula + instancehardness,smote + onesidedselection,1.0,False,Kruskal-Wallis + Dunn,Cliff's delta,0.0182,negligible
smote + clustercentroid,smote + random,1.0,False,Kruskal-Wallis + Dunn,Cliff's delta,-0.0949,negligible
smote + clustercentroid,smote + onesidedselection,1.0,False,Kruskal-Wallis + Dunn,Cliff's delta,-0.1517,small
smote + clustercentroid,smote + nearmiss,1.0,False,Kruskal-Wallis + Dunn,Cliff's delta,-0.1704,small
fastml + random,random + tomeklinks,1.0,False,Kruskal-Wallis + Dunn,Cliff's delta,-0.0489,negligible
fastml + random,smote + clustercentroid,1.0,False,Kruskal-Wallis + Dunn,Cliff's delta,0.01,negligible
smote + clustercentroid,smote + instancehardness,1.0,False,Kruskal-Wallis + Dunn,Cliff's delta,-0.1479,small
random + tomeklinks,tvae + tomeklinks,1.0,False,Kruskal-Wallis + Dunn,Cliff's delta,-0.0018,negligible
random + tomeklinks,tvae + random,1.0,False,Kruskal-Wallis + Dunn,Cliff's delta,0.1638,small
gaussiancopula + instancehardness,smote + nearmiss,1.0,False,Kruskal-Wallis + Dunn,Cliff's delta,0.0099,negligible
smote + clustercentroid,tvae + clustercentroid,1.0,False,Kruskal-Wallis + Dunn,Cliff's delta,-0.0988,negligible
fastml + onesidedselection,smote + clustercentroid,1.0,False,Kruskal-Wallis + Dunn,Cliff's delta,0.1994,small
fastml + random,gaussiancopula + nearmiss,1.0,False,Kruskal-Wallis + Dunn,Cliff's delta,-0.0276,negligible
smote + condensednn,smote + instancehardness,1.0,False,Kruskal-Wallis + Dunn,Cliff's delta,0.2445,small
fastml + onesidedselection,smote + editednn,1.0,False,Kruskal-Wallis + Dunn,Cliff's delta,-0.1519,small
gaussiancopula + nearmiss,smote + clustercentroid,1.0,False,Kruskal-Wallis + Dunn,Cliff's delta,0.0305,negligible
gaussiancopula + nearmiss,random + tomeklinks,1.0,False,Kruskal-Wallis + Dunn,Cliff's delta,-0.0546,negligible
fastml + onesidedselection,smote + instancehardness,1.0,False,Kruskal-Wallis + Dunn,Cliff's delta,-0.0347,negligible
fastml + onesidedselection,smote + nearmiss,1.0,False,Kruskal-Wallis + Dunn,Cliff's delta,0.0472,negligible
fastml + onesidedselection,smote + onesidedselection,1.0,False,Kruskal-Wallis + Dunn,Cliff's delta,0.028,negligible
fastml + onesidedselection,smote + random,1.0,False,Kruskal-Wallis + Dunn,Cliff's delta,0.0566,negligible
gaussiancopula + nearmiss,random + random,1.0,False,Kruskal-Wallis + Dunn,Cliff's delta,0.0664,negligible
smote + condensednn,tvae + instancehardness,1.0,False,Kruskal-Wallis + Dunn,Cliff's delta,0.2143,small
fastml + onesidedselection,smote + tomeklinks,1.0,False,Kruskal-Wallis + Dunn,Cliff's delta,-0.0476,negligible
smote + condensednn,tvae + editednn,1.0,False,Kruskal-Wallis + Dunn,Cliff's delta,-0.0031,negligible
fastml + onesidedselection,tvae + clustercentroid,1.0,False,Kruskal-Wallis + Dunn,Cliff's delta,0.0999,negligible
gaussiancopula + nearmiss,random + onesidedselection,1.0,False,Kruskal-Wallis + Dunn,Cliff's delta,-0.0774,negligible
gaussiancopula + nearmiss,random + nearmiss,1.0,False,Kruskal-Wallis + Dunn,Cliff's delta,0.0451,negligible
fastml + random,gaussiancopula + instancehardness,1.0,False,Kruskal-Wallis + Dunn,Cliff's delta,-0.1711,small
gaussiancopula + nearmiss,random + instancehardness,1.0,False,Kruskal-Wallis + Dunn,Cliff's delta,-0.1609,small
gaussiancopula + nearmiss,random + clustercentroid,1.0,False,Kruskal-Wallis + Dunn,Cliff's delta,0.0246,negligible
fastml + onesidedselection,tvae + editednn,1.0,False,Kruskal-Wallis + Dunn,Cliff's delta,-0.1543,small
fastml + onesidedselection,tvae + instancehardness,1.0,False,Kruskal-Wallis + Dunn,Cliff's delta,-0.0249,negligible
fastml + onesidedselection,tvae + nearmiss,1.0,False,Kruskal-Wallis + Dunn,Cliff's delta,0.0937,negligible
fastml + onesidedselection,tvae + onesidedselection,1.0,False,Kruskal-Wallis + Dunn,Cliff's delta,0.1283,negligible
gaussiancopula + nearmiss,gaussiancopula + tomeklinks,1.0,False,Kruskal-Wallis + Dunn,Cliff's delta,-0.1031,negligible
gaussiancopula + nearmiss,gaussiancopula + random,1.0,False,Kruskal-Wallis + Dunn,Cliff's delta,0.037,negligible
gaussiancopula + nearmiss,gaussiancopula + onesidedselection,1.0,False,Kruskal-Wallis + Dunn,Cliff's delta,-0.1449,negligible
smote + condensednn,smote + tomeklinks,1.0,False,Kruskal-Wallis + Dunn,Cliff's delta,0.178,small
fastml + onesidedselection,tvae + tomeklinks,1.0,False,Kruskal-Wallis + Dunn,Cliff's delta,0.123,negligible
gaussiancopula + instancehardness,tvae + tomeklinks,1.0,False,Kruskal-Wallis + Dunn,Cliff's delta,0.124,negligible
fastml + random,fastml + tomeklinks,1.0,False,Kruskal-Wallis + Dunn,Cliff's delta,-0.0742,negligible
fastml + random,gaussiancopula + clustercentroid,1.0,False,Kruskal-Wallis + Dunn,Cliff's delta,-0.0156,negligible
gaussiancopula + instancehardness,tvae + onesidedselection,1.0,False,Kruskal-Wallis + Dunn,Cliff's delta,0.1348,negligible
smote + condensednn,tvae + condensednn,1.0,False,Kruskal-Wallis + Dunn,Cliff's delta,-0.0553,negligible
fastml + clustercentroid,gaussiancopula + clustercentroid,1.0,False,Kruskal-Wallis + Dunn,Cliff's delta,0.0646,negligible
ctgan + editednn,random + onesidedselection,1.0,False,Kruskal-Wallis + Dunn,Cliff's delta,0.0337,negligible
fastml + clustercentroid,fastml + random,1.0,False,Kruskal-Wallis + Dunn,Cliff's delta,0.0464,negligible
adasyn + random,gaussiancopula + clustercentroid,1.0,False,Kruskal-Wallis + Dunn,Cliff's delta,-0.074,negligible
adasyn + random,fastml + tomeklinks,1.0,False,Kruskal-Wallis + Dunn,Cliff's delta,-0.116,negligible
adasyn + random,fastml + random,1.0,False,Kruskal-Wallis + Dunn,Cliff's delta,-0.063,negligible
adasyn + random,fastml + nearmiss,1.0,False,Kruskal-Wallis + Dunn,Cliff's delta,-0.1421,negligible
adasyn + random,fastml + instancehardness,1.0,False,Kruskal-Wallis + Dunn,Cliff's delta,-0.1903,small
adasyn + random,fastml + clustercentroid,1.0,False,Kruskal-Wallis + Dunn,Cliff's delta,-0.1123,negligible
adasyn + random,ctgan + tomeklinks,1.0,False,Kruskal-Wallis + Dunn,Cliff's delta,-0.0869,negligible
adasyn + random,ctgan + random,1.0,False,Kruskal-Wallis + Dunn,Cliff's delta,0.067,negligible
adasyn + random,ctgan + onesidedselection,1.0,False,Kruskal-Wallis + Dunn,Cliff's delta,0.0035,negligible
adasyn + random,gaussiancopula + nearmiss,1.0,False,Kruskal-Wallis + Dunn,Cliff's delta,-0.08,negligible
adasyn + random,ctgan + nearmiss,1.0,False,Kruskal-Wallis + Dunn,Cliff's delta,0.0125,negligible
adasyn + random,ctgan + clustercentroid,1.0,False,Kruskal-Wallis + Dunn,Cliff's delta,0.0152,negligible
adasyn + random,copulagan + tomeklinks,1.0,False,Kruskal-Wallis + Dunn,Cliff's delta,0.0166,negligible
adasyn + random,copulagan + random,1.0,False,Kruskal-Wallis + Dunn,Cliff's delta,0.0452,negligible
adasyn + random,copulagan + onesidedselection,1.0,False,Kruskal-Wallis + Dunn,Cliff's delta,-0.0158,negligible
adasyn + random,copulagan + nearmiss,1.0,False,Kruskal-Wallis + Dunn,Cliff's delta,-0.0306,negligible
adasyn + random,copulagan + instancehardness,1.0,False,Kruskal-Wallis + Dunn,Cliff's delta,-0.178,small
adasyn + random,copulagan + clustercentroid,1.0,False,Kruskal-Wallis + Dunn,Cliff's delta,-0.0385,negligible
adasyn + random,adasyn + tomeklinks,1.0,False,Kruskal-Wallis + Dunn,Cliff's delta,-0.0903,negligible
adasyn + onesidedselection,tvae + tomeklinks,1.0,False,Kruskal-Wallis + Dunn,Cliff's delta,-0.0453,negligible
adasyn + random,ctgan + instancehardness,1.0,False,Kruskal-Wallis + Dunn,Cliff's delta,-0.1778,small
adasyn + onesidedselection,tvae + random,1.0,False,Kruskal-Wallis + Dunn,Cliff's delta,0.1193,negligible
adasyn + random,gaussiancopula + random,1.0,False,Kruskal-Wallis + Dunn,Cliff's delta,-0.0482,negligible
adasyn + random,random + clustercentroid,1.0,False,Kruskal-Wallis + Dunn,Cliff's delta,-0.0709,negligible
adasyn + tomeklinks,ctgan + editednn,1.0,False,Kruskal-Wallis + Dunn,Cliff's delta,-0.2002,small
adasyn + tomeklinks,ctgan + clustercentroid,1.0,False,Kruskal-Wallis + Dunn,Cliff's delta,0.0947,negligible
adasyn + tomeklinks,copulagan + tomeklinks,1.0,False,Kruskal-Wallis + Dunn,Cliff's delta,0.0636,negligible
adasyn + tomeklinks,copulagan + random,1.0,False,Kruskal-Wallis + Dunn,Cliff's delta,0.0657,negligible
adasyn + tomeklinks,copulagan + onesidedselection,1.0,False,Kruskal-Wallis + Dunn,Cliff's delta,0.0046,negligible
adasyn + tomeklinks,copulagan + nearmiss,1.0,False,Kruskal-Wallis + Dunn,Cliff's delta,0.0226,negligible
adasyn + tomeklinks,copulagan + instancehardness,1.0,False,Kruskal-Wallis + Dunn,Cliff's delta,-0.1391,negligible
adasyn + tomeklinks,copulagan + editednn,1.0,False,Kruskal-Wallis + Dunn,Cliff's delta,-0.1857,small
adasyn + tomeklinks,copulagan + clustercentroid,1.0,False,Kruskal-Wallis + Dunn,Cliff's delta,0.0574,negligible
adasyn + random,gaussiancopula + tomeklinks,1.0,False,Kruskal-Wallis + Dunn,Cliff's delta,-0.1711,small
adasyn + random,tvae + tomeklinks,1.0,False,Kruskal-Wallis + Dunn,Cliff's delta,-0.1458,negligible
adasyn + random,tvae + onesidedselection,1.0,False,Kruskal-Wallis + Dunn,Cliff's delta,-0.1458,negligible
adasyn + random,tvae + nearmiss,1.0,False,Kruskal-Wallis + Dunn,Cliff's delta,-0.1635,small
adasyn + random,tvae + clustercentroid,1.0,False,Kruskal-Wallis + Dunn,Cliff's delta,-0.1442,negligible
adasyn + random,smote + random,1.0,False,Kruskal-Wallis + Dunn,Cliff's delta,-0.1487,small
adasyn + random,smote + clustercentroid,1.0,False,Kruskal-Wallis + Dunn,Cliff's delta,-0.0599,negligible
adasyn + random,random + tomeklinks,1.0,False,Kruskal-Wallis + Dunn,Cliff's delta,-0.1124,negligible
adasyn + random,random + random,1.0,False,Kruskal-Wallis + Dunn,Cliff's delta,-0.0374,negligible
adasyn + random,random + onesidedselection,1.0,False,Kruskal-Wallis + Dunn,Cliff's delta,-0.1174,negligible
adasyn + random,random + nearmiss,1.0,False,Kruskal-Wallis + Dunn,Cliff's delta,-0.0677,negligible
adasyn + random,tvae + random,1.0,False,Kruskal-Wallis + Dunn,Cliff's delta,0.0287,negligible
adasyn + tomeklinks,ctgan + instancehardness,1.0,False,Kruskal-Wallis + Dunn,Cliff's delta,-0.1181,negligible
adasyn + onesidedselection,tvae + onesidedselection,1.0,False,Kruskal-Wallis + Dunn,Cliff's delta,-0.0247,negligible
adasyn + onesidedselection,tvae + instancehardness,1.0,False,Kruskal-Wallis + Dunn,Cliff's delta,-0.2298,small
adasyn + onesidedselection,fastml + instancehardness,1.0,False,Kruskal-Wallis + Dunn,Cliff's delta,-0.079,negligible
adasyn + onesidedselection,fastml + clustercentroid,1.0,False,Kruskal-Wallis + Dunn,Cliff's delta,0.0398,negligible
adasyn + onesidedselection,ctgan + tomeklinks,1.0,False,Kruskal-Wallis + Dunn,Cliff's delta,-0.0107,negligible
adasyn + onesidedselection,ctgan + random,1.0,False,Kruskal-Wallis + Dunn,Cliff's delta,0.1776,small
adasyn + onesidedselection,ctgan + onesidedselection,1.0,False,Kruskal-Wallis + Dunn,Cliff's delta,0.1125,negligible
adasyn + onesidedselection,ctgan + nearmiss,1.0,False,Kruskal-Wallis + Dunn,Cliff's delta,0.1081,negligible
adasyn + onesidedselection,ctgan + instancehardness,1.0,False,Kruskal-Wallis + Dunn,Cliff's delta,-0.109,negligible
adasyn + onesidedselection,ctgan + editednn,1.0,False,Kruskal-Wallis + Dunn,Cliff's delta,-0.1524,small
adasyn + onesidedselection,ctgan + clustercentroid,1.0,False,Kruskal-Wallis + Dunn,Cliff's delta,0.1373,negligible
adasyn + onesidedselection,fastml + nearmiss,1.0,False,Kruskal-Wallis + Dunn,Cliff's delta,-0.0181,negligible
adasyn + onesidedselection,copulagan + tomeklinks,1.0,False,Kruskal-Wallis + Dunn,Cliff's delta,0.14,negligible
adasyn + onesidedselection,copulagan + onesidedselection,1.0,False,Kruskal-Wallis + Dunn,Cliff's delta,0.1306,negligible
adasyn + onesidedselection,copulagan + nearmiss,1.0,False,Kruskal-Wallis + Dunn,Cliff's delta,0.0711,negligible
adasyn + onesidedselection,copulagan + instancehardness,1.0,False,Kruskal-Wallis + Dunn,Cliff's delta,-0.1379,negligible
adasyn + onesidedselection,copulagan + editednn,1.0,False,Kruskal-Wallis + Dunn,Cliff's delta,-0.1457,negligible
adasyn + onesidedselection,copulagan + clustercentroid,1.0,False,Kruskal-Wallis + Dunn,Cliff's delta,0.1032,negligible
adasyn + onesidedselection,adasyn + tomeklinks,1.0,False,Kruskal-Wallis + Dunn,Cliff's delta,-0.0074,negligible
adasyn + onesidedselection,adasyn + random,1.0,False,Kruskal-Wallis + Dunn,Cliff's delta,0.1569,small
adasyn + nearmiss,tvae + tomeklinks,1.0,False,Kruskal-Wallis + Dunn,Cliff's delta,-0.159,small
adasyn + nearmiss,tvae + random,1.0,False,Kruskal-Wallis + Dunn,Cliff's delta,0.0201,negligible
adasyn + onesidedselection,copulagan + random,1.0,False,Kruskal-Wallis + Dunn,Cliff's delta,0.1435,negligible
adasyn + onesidedselection,tvae + nearmiss,1.0,False,Kruskal-Wallis + Dunn,Cliff's delta,-0.07,negligible
adasyn + onesidedselection,fastml + onesidedselection,1.0,False,Kruskal-Wallis + Dunn,Cliff's delta,-0.1509,small
adasyn + onesidedselection,fastml + tomeklinks,1.0,False,Kruskal-Wallis + Dunn,Cliff's delta,-0.0051,negligible
adasyn + onesidedselection,tvae + clustercentroid,1.0,False,Kruskal-Wallis + Dunn,Cliff's delta,-0.0287,negligible
adasyn + onesidedselection,smote + tomeklinks,1.0,False,Kruskal-Wallis + Dunn,Cliff's delta,-0.2144,small
adasyn + onesidedselection,smote + random,1.0,False,Kruskal-Wallis + Dunn,Cliff's delta,-0.0853,negligible
adasyn + onesidedselection,smote + onesidedselection,1.0,False,Kruskal-Wallis + Dunn,Cliff's delta,-0.12,negligible
adasyn + onesidedselection,smote + nearmiss,1.0,False,Kruskal-Wallis + Dunn,Cliff's delta,-0.1242,negligible
adasyn + onesidedselection,smote + instancehardness,1.0,False,Kruskal-Wallis + Dunn,Cliff's delta,-0.242,small
adasyn + onesidedselection,smote + clustercentroid,1.0,False,Kruskal-Wallis + Dunn,Cliff's delta,0.0394,negligible
adasyn + onesidedselection,random + tomeklinks,1.0,False,Kruskal-Wallis + Dunn,Cliff's delta,-0.0272,negligible
adasyn + onesidedselection,random + random,1.0,False,Kruskal-Wallis + Dunn,Cliff's delta,0.0623,negligible
adasyn + onesidedselection,fastml + random,1.0,False,Kruskal-Wallis + Dunn,Cliff's delta,0.0646,negligible
adasyn + onesidedselection,random + onesidedselection,1.0,False,Kruskal-Wallis + Dunn,Cliff's delta,-0.0099,negligible
adasyn + onesidedselection,random + instancehardness,1.0,False,Kruskal-Wallis + Dunn,Cliff's delta,-0.2481,small
adasyn + onesidedselection,random + condensednn,1.0,False,Kruskal-Wallis + Dunn,Cliff's delta,-0.1882,small
adasyn + onesidedselection,random + clustercentroid,1.0,False,Kruskal-Wallis + Dunn,Cliff's delta,0.0641,negligible
adasyn + onesidedselection,gaussiancopula + tomeklinks,1.0,False,Kruskal-Wallis + Dunn,Cliff's delta,-0.0362,negligible
adasyn + onesidedselection,gaussiancopula + random,1.0,False,Kruskal-Wallis + Dunn,Cliff's delta,0.0571,negligible
adasyn + onesidedselection,gaussiancopula + onesidedselection,1.0,False,Kruskal-Wallis + Dunn,Cliff's delta,-0.0881,negligible
adasyn + onesidedselection,gaussiancopula + nearmiss,1.0,False,Kruskal-Wallis + Dunn,Cliff's delta,0.0361,negligible
adasyn + onesidedselection,gaussiancopula + instancehardness,1.0,False,Kruskal-Wallis + Dunn,Cliff's delta,-0.2087,small
adasyn + onesidedselection,gaussiancopula + clustercentroid,1.0,False,Kruskal-Wallis + Dunn,Cliff's delta,0.0737,negligible
adasyn + onesidedselection,random + nearmiss,1.0,False,Kruskal-Wallis + Dunn,Cliff's delta,-0.003,negligible
adasyn + tomeklinks,ctgan + nearmiss,1.0,False,Kruskal-Wallis + Dunn,Cliff's delta,0.0398,negligible
adasyn + tomeklinks,ctgan + onesidedselection,1.0,False,Kruskal-Wallis + Dunn,Cliff's delta,0.0233,negligible
adasyn + tomeklinks,ctgan + random,1.0,False,Kruskal-Wallis + Dunn,Cliff's delta,0.0921,negligible
copulagan + condensednn,fastml + onesidedselection,1.0,False,Kruskal-Wallis + Dunn,Cliff's delta,0.0991,negligible
copulagan + condensednn,fastml + instancehardness,1.0,False,Kruskal-Wallis + Dunn,Cliff's delta,0.1574,small
copulagan + condensednn,fastml + editednn,1.0,False,Kruskal-Wallis + Dunn,Cliff's delta,-0.0988,negligible
copulagan + condensednn,fastml + condensednn,1.0,False,Kruskal-Wallis + Dunn,Cliff's delta,-0.1451,negligible
copulagan + condensednn,ctgan + instancehardness,1.0,False,Kruskal-Wallis + Dunn,Cliff's delta,0.2353,small
copulagan + condensednn,ctgan + editednn,1.0,False,Kruskal-Wallis + Dunn,Cliff's delta,0.1003,negligible
copulagan + condensednn,ctgan + condensednn,1.0,False,Kruskal-Wallis + Dunn,Cliff's delta,-0.1501,small
copulagan + condensednn,copulagan + instancehardness,1.0,False,Kruskal-Wallis + Dunn,Cliff's delta,0.2684,small
copulagan + condensednn,copulagan + editednn,1.0,False,Kruskal-Wallis + Dunn,Cliff's delta,0.1,negligible
copulagan + condensednn,gaussiancopula + condensednn,1.0,False,Kruskal-Wallis + Dunn,Cliff's delta,-0.2228,small
copulagan + clustercentroid,tvae + tomeklinks,1.0,False,Kruskal-Wallis + Dunn,Cliff's delta,-0.1298,negligible
copulagan + clustercentroid,tvae + onesidedselection,1.0,False,Kruskal-Wallis + Dunn,Cliff's delta,-0.1345,negligible
copulagan + clustercentroid,tvae + nearmiss,1.0,False,Kruskal-Wallis + Dunn,Cliff's delta,-0.134,negligible
copulagan + clustercentroid,tvae + clustercentroid,1.0,False,Kruskal-Wallis + Dunn,Cliff's delta,-0.1152,negligible
copulagan + clustercentroid,smote + random,1.0,False,Kruskal-Wallis + Dunn,Cliff's delta,-0.1356,negligible
copulagan + clustercentroid,smote + clustercentroid,1.0,False,Kruskal-Wallis + Dunn,Cliff's delta,-0.0497,negligible
copulagan + clustercentroid,random + tomeklinks,1.0,False,Kruskal-Wallis + Dunn,Cliff's delta,-0.1057,negligible
copulagan + clustercentroid,random + random,1.0,False,Kruskal-Wallis + Dunn,Cliff's delta,-0.009,negligible
copulagan + clustercentroid,random + onesidedselection,1.0,False,Kruskal-Wallis + Dunn,Cliff's delta,-0.1023,negligible
copulagan + clustercentroid,random + nearmiss,1.0,False,Kruskal-Wallis + Dunn,Cliff's delta,-0.0456,negligible
copulagan + clustercentroid,tvae + random,1.0,False,Kruskal-Wallis + Dunn,Cliff's delta,0.0636,negligible
copulagan + clustercentroid,random + clustercentroid,1.0,False,Kruskal-Wallis + Dunn,Cliff's delta,-0.0377,negligible
copulagan + condensednn,gaussiancopula + editednn,1.0,False,Kruskal-Wallis + Dunn,Cliff's delta,-0.1181,negligible
copulagan + condensednn,gaussiancopula + onesidedselection,1.0,False,Kruskal-Wallis + Dunn,Cliff's delta,0.1511,small
copulagan + editednn,copulagan + onesidedselection,1.0,False,Kruskal-Wallis + Dunn,Cliff's delta,0.1531,small
copulagan + editednn,copulagan + nearmiss,1.0,False,Kruskal-Wallis + Dunn,Cliff's delta,0.187,small
copulagan + editednn,copulagan + instancehardness,1.0,False,Kruskal-Wallis + Dunn,Cliff's delta,0.0667,negligible
copulagan + condensednn,tvae + onesidedselection,1.0,False,Kruskal-Wallis + Dunn,Cliff's delta,0.2155,small
copulagan + condensednn,tvae + instancehardness,1.0,False,Kruskal-Wallis + Dunn,Cliff's delta,0.0819,negligible
copulagan + condensednn,tvae + editednn,1.0,False,Kruskal-Wallis + Dunn,Cliff's delta,-0.0885,negligible
copulagan + condensednn,tvae + condensednn,1.0,False,Kruskal-Wallis + Dunn,Cliff's delta,-0.1389,negligible
copulagan + condensednn,tvae + clustercentroid,1.0,False,Kruskal-Wallis + Dunn,Cliff's delta,0.1538,small
copulagan + condensednn,smote + tomeklinks,1.0,False,Kruskal-Wallis + Dunn,Cliff's delta,0.0985,negligible
copulagan + condensednn,gaussiancopula + instancehardness,1.0,False,Kruskal-Wallis + Dunn,Cliff's delta,0.1102,negligible
copulagan + condensednn,smote + random,1.0,False,Kruskal-Wallis + Dunn,Cliff's delta,0.1491,small
copulagan + condensednn,smote + nearmiss,1.0,False,Kruskal-Wallis + Dunn,Cliff's delta,0.1047,negligible
copulagan + condensednn,smote + instancehardness,1.0,False,Kruskal-Wallis + Dunn,Cliff's delta,0.1326,negligible
copulagan + condensednn,smote + editednn,1.0,False,Kruskal-Wallis + Dunn,Cliff's delta,-0.1236,negligible
copulagan + condensednn,smote + condensednn,1.0,False,Kruskal-Wallis + Dunn,Cliff's delta,-0.066,negligible
copulagan + condensednn,random + onesidedselection,1.0,False,Kruskal-Wallis + Dunn,Cliff's delta,0.1665,small
copulagan + condensednn,random + instancehardness,1.0,False,Kruskal-Wallis + Dunn,Cliff's delta,0.1208,negligible
copulagan + condensednn,random + editednn,1.0,False,Kruskal-Wallis + Dunn,Cliff's delta,-0.0445,negligible
copulagan + condensednn,random + condensednn,1.0,False,Kruskal-Wallis + Dunn,Cliff's delta,0.0831,negligible
copulagan + condensednn,gaussiancopula + tomeklinks,1.0,False,Kruskal-Wallis + Dunn,Cliff's delta,0.1431,negligible
copulagan + condensednn,smote + onesidedselection,1.0,False,Kruskal-Wallis + Dunn,Cliff's delta,0.1181,negligible
copulagan + clustercentroid,gaussiancopula + tomeklinks,1.0,False,Kruskal-Wallis + Dunn,Cliff's delta,-0.1414,negligible
copulagan + clustercentroid,gaussiancopula + random,1.0,False,Kruskal-Wallis + Dunn,Cliff's delta,-0.0188,negligible
copulagan + clustercentroid,gaussiancopula + onesidedselection,1.0,False,Kruskal-Wallis + Dunn,Cliff's delta,-0.1988,small
adasyn + tomeklinks,smote + random,1.0,False,Kruskal-Wallis + Dunn,Cliff's delta,-0.1279,negligible
adasyn + tomeklinks,smote + onesidedselection,1.0,False,Kruskal-Wallis + Dunn,Cliff's delta,-0.1981,small
adasyn + tomeklinks,smote + nearmiss,1.0,False,Kruskal-Wallis + Dunn,Cliff's delta,-0.1844,small
adasyn + tomeklinks,smote + clustercentroid,1.0,False,Kruskal-Wallis + Dunn,Cliff's delta,-0.038,negligible
adasyn + tomeklinks,random + tomeklinks,1.0,False,Kruskal-Wallis + Dunn,Cliff's delta,-0.0962,negligible
adasyn + tomeklinks,random + random,1.0,False,Kruskal-Wallis + Dunn,Cliff's delta,0.0023,negligible
adasyn + tomeklinks,random + onesidedselection,1.0,False,Kruskal-Wallis + Dunn,Cliff's delta,-0.0577,negligible
adasyn + tomeklinks,random + nearmiss,1.0,False,Kruskal-Wallis + Dunn,Cliff's delta,-0.0467,negligible
adasyn + tomeklinks,random + clustercentroid,1.0,False,Kruskal-Wallis + Dunn,Cliff's delta,-0.0183,negligible
adasyn + tomeklinks,tvae + clustercentroid,1.0,False,Kruskal-Wallis + Dunn,Cliff's delta,-0.102,negligible
adasyn + tomeklinks,gaussiancopula + tomeklinks,1.0,False,Kruskal-Wallis + Dunn,Cliff's delta,-0.0993,negligible
adasyn + tomeklinks,gaussiancopula + onesidedselection,1.0,False,Kruskal-Wallis + Dunn,Cliff's delta,-0.1242,negligible
adasyn + tomeklinks,gaussiancopula + nearmiss,1.0,False,Kruskal-Wallis + Dunn,Cliff's delta,-0.0078,negligible
adasyn + tomeklinks,gaussiancopula + clustercentroid,1.0,False,Kruskal-Wallis + Dunn,Cliff's delta,-0.0052,negligible
adasyn + tomeklinks,fastml + tomeklinks,1.0,False,Kruskal-Wallis + Dunn,Cliff's delta,-0.0834,negligible
adasyn + tomeklinks,fastml + random,1.0,False,Kruskal-Wallis + Dunn,Cliff's delta,-0.018,negligible
adasyn + tomeklinks,fastml + nearmiss,1.0,False,Kruskal-Wallis + Dunn,Cliff's delta,-0.1064,negligible
adasyn + tomeklinks,fastml + instancehardness,1.0,False,Kruskal-Wallis + Dunn,Cliff's delta,-0.1454,negligible
adasyn + tomeklinks,fastml + clustercentroid,1.0,False,Kruskal-Wallis + Dunn,Cliff's delta,-0.0368,negligible
adasyn + tomeklinks,ctgan + tomeklinks,1.0,False,Kruskal-Wallis + Dunn,Cliff's delta,-0.0345,negligible
adasyn + tomeklinks,gaussiancopula + random,1.0,False,Kruskal-Wallis + Dunn,Cliff's delta,0.0156,negligible
adasyn + tomeklinks,tvae + nearmiss,1.0,False,Kruskal-Wallis + Dunn,Cliff's delta,-0.1286,negligible
adasyn + tomeklinks,tvae + onesidedselection,1.0,False,Kruskal-Wallis + Dunn,Cliff's delta,-0.1349,negligible
adasyn + tomeklinks,tvae + random,1.0,False,Kruskal-Wallis + Dunn,Cliff's delta,0.0544,negligible
copulagan + clustercentroid,gaussiancopula + nearmiss,1.0,False,Kruskal-Wallis + Dunn,Cliff's delta,-0.0494,negligible
copulagan + clustercentroid,gaussiancopula + clustercentroid,1.0,False,Kruskal-Wallis + Dunn,Cliff's delta,-0.0319,negligible
copulagan + clustercentroid,fastml + tomeklinks,1.0,False,Kruskal-Wallis + Dunn,Cliff's delta,-0.1018,negligible
copulagan + clustercentroid,fastml + random,1.0,False,Kruskal-Wallis + Dunn,Cliff's delta,-0.0428,negligible
copulagan + clustercentroid,fastml + nearmiss,1.0,False,Kruskal-Wallis + Dunn,Cliff's delta,-0.112,negligible
copulagan + clustercentroid,fastml + instancehardness,1.0,False,Kruskal-Wallis + Dunn,Cliff's delta,-0.1609,small
copulagan + clustercentroid,fastml + clustercentroid,1.0,False,Kruskal-Wallis + Dunn,Cliff's delta,-0.0861,negligible
copulagan + clustercentroid,ctgan + tomeklinks,1.0,False,Kruskal-Wallis + Dunn,Cliff's delta,-0.0572,negligible
copulagan + clustercentroid,ctgan + random,1.0,False,Kruskal-Wallis + Dunn,Cliff's delta,0.0891,negligible
copulagan + clustercentroid,ctgan + onesidedselection,1.0,False,Kruskal-Wallis + Dunn,Cliff's delta,0.0166,negligible
copulagan + clustercentroid,ctgan + nearmiss,1.0,False,Kruskal-Wallis + Dunn,Cliff's delta,0.0373,negligible
copulagan + clustercentroid,ctgan + instancehardness,1.0,False,Kruskal-Wallis + Dunn,Cliff's delta,-0.1676,small
copulagan + clustercentroid,ctgan + editednn,1.0,False,Kruskal-Wallis + Dunn,Cliff's delta,-0.2033,small
copulagan + clustercentroid,ctgan + clustercentroid,1.0,False,Kruskal-Wallis + Dunn,Cliff's delta,0.0404,negligible
copulagan + clustercentroid,copulagan + tomeklinks,1.0,False,Kruskal-Wallis + Dunn,Cliff's delta,0.0428,negligible
copulagan + clustercentroid,copulagan + random,1.0,False,Kruskal-Wallis + Dunn,Cliff's delta,0.0661,negligible
copulagan + clustercentroid,copulagan + onesidedselection,1.0,False,Kruskal-Wallis + Dunn,Cliff's delta,-0.0121,negligible
copulagan + clustercentroid,copulagan + nearmiss,1.0,False,Kruskal-Wallis + Dunn,Cliff's delta,0.0004,negligible
copulagan + clustercentroid,copulagan + instancehardness,1.0,False,Kruskal-Wallis + Dunn,Cliff's delta,-0.1555,small
copulagan + clustercentroid,copulagan + editednn,1.0,False,Kruskal-Wallis + Dunn,Cliff's delta,-0.1979,small
adasyn + tomeklinks,tvae + tomeklinks,1.0,False,Kruskal-Wallis + Dunn,Cliff's delta,-0.1583,small
adasyn + nearmiss,tvae + onesidedselection,1.0,False,Kruskal-Wallis + Dunn,Cliff's delta,-0.1547,small
copulagan + editednn,ctgan + editednn,1.0,False,Kruskal-Wallis + Dunn,Cliff's delta,0.013,negligible
adasyn + nearmiss,tvae + nearmiss,1.0,False,Kruskal-Wallis + Dunn,Cliff's delta,-0.1462,negligible
adasyn + nearmiss,smote + random,1.0,False,Kruskal-Wallis + Dunn,Cliff's delta,-0.1281,negligible
adasyn + condensednn,tvae + clustercentroid,1.0,False,Kruskal-Wallis + Dunn,Cliff's delta,0.1484,small
adasyn + condensednn,smote + tomeklinks,1.0,False,Kruskal-Wallis + Dunn,Cliff's delta,0.013,negligible
adasyn + condensednn,smote + random,1.0,False,Kruskal-Wallis + Dunn,Cliff's delta,0.1276,negligible
adasyn + condensednn,smote + onesidedselection,1.0,False,Kruskal-Wallis + Dunn,Cliff's delta,0.1158,negligible
adasyn + condensednn,smote + nearmiss,1.0,False,Kruskal-Wallis + Dunn,Cliff's delta,0.0851,negligible
adasyn + condensednn,smote + instancehardness,1.0,False,Kruskal-Wallis + Dunn,Cliff's delta,0.0413,negligible
adasyn + condensednn,smote + editednn,1.0,False,Kruskal-Wallis + Dunn,Cliff's delta,-0.1676,small
adasyn + condensednn,smote + condensednn,1.0,False,Kruskal-Wallis + Dunn,Cliff's delta,-0.1371,negligible
adasyn + condensednn,random + tomeklinks,1.0,False,Kruskal-Wallis + Dunn,Cliff's delta,0.1511,small
adasyn + condensednn,tvae + editednn,1.0,False,Kruskal-Wallis + Dunn,Cliff's delta,-0.1691,small
adasyn + condensednn,random + onesidedselection,1.0,False,Kruskal-Wallis + Dunn,Cliff's delta,0.1571,small
adasyn + condensednn,random + editednn,1.0,False,Kruskal-Wallis + Dunn,Cliff's delta,-0.107,negligible
adasyn + condensednn,random + condensednn,1.0,False,Kruskal-Wallis + Dunn,Cliff's delta,0.0333,negligible
adasyn + condensednn,gaussiancopula + tomeklinks,1.0,False,Kruskal-Wallis + Dunn,Cliff's delta,0.0946,negligible
adasyn + condensednn,gaussiancopula + onesidedselection,1.0,False,Kruskal-Wallis + Dunn,Cliff's delta,0.0649,negligible
adasyn + condensednn,gaussiancopula + nearmiss,1.0,False,Kruskal-Wallis + Dunn,Cliff's delta,0.1794,small
adasyn + condensednn,gaussiancopula + instancehardness,1.0,False,Kruskal-Wallis + Dunn,Cliff's delta,0.0167,negligible
adasyn + condensednn,gaussiancopula + editednn,1.0,False,Kruskal-Wallis + Dunn,Cliff's delta,-0.2159,small
adasyn + condensednn,fastml + tomeklinks,1.0,False,Kruskal-Wallis + Dunn,Cliff's delta,0.1598,small
adasyn + condensednn,fastml + onesidedselection,1.0,False,Kruskal-Wallis + Dunn,Cliff's delta,0.0057,negligible
adasyn + condensednn,random + instancehardness,1.0,False,Kruskal-Wallis + Dunn,Cliff's delta,0.0277,negligible
adasyn + condensednn,fastml + nearmiss,1.0,False,Kruskal-Wallis + Dunn,Cliff's delta,0.1565,small
adasyn + condensednn,tvae + instancehardness,1.0,False,Kruskal-Wallis + Dunn,Cliff's delta,0.0133,negligible
adasyn + condensednn,tvae + onesidedselection,1.0,False,Kruskal-Wallis + Dunn,Cliff's delta,0.1523,small
adasyn + editednn,random + condensednn,1.0,False,Kruskal-Wallis + Dunn,Cliff's delta,0.0573,negligible
adasyn + editednn,gaussiancopula + tomeklinks,1.0,False,Kruskal-Wallis + Dunn,Cliff's delta,0.1244,negligible
adasyn + editednn,gaussiancopula + onesidedselection,1.0,False,Kruskal-Wallis + Dunn,Cliff's delta,0.0932,negligible
adasyn + editednn,gaussiancopula + instancehardness,1.0,False,Kruskal-Wallis + Dunn,Cliff's delta,0.0741,negligible
adasyn + editednn,gaussiancopula + editednn,1.0,False,Kruskal-Wallis + Dunn,Cliff's delta,-0.1591,small
adasyn + editednn,gaussiancopula + condensednn,1.0,False,Kruskal-Wallis + Dunn,Cliff's delta,-0.2292,small
adasyn + editednn,fastml + tomeklinks,1.0,False,Kruskal-Wallis + Dunn,Cliff's delta,0.2211,small
adasyn + editednn,fastml + onesidedselection,1.0,False,Kruskal-Wallis + Dunn,Cliff's delta,0.0795,negligible
adasyn + editednn,fastml + nearmiss,1.0,False,Kruskal-Wallis + Dunn,Cliff's delta,0.1834,small
adasyn + condensednn,tvae + nearmiss,1.0,False,Kruskal-Wallis + Dunn,Cliff's delta,0.1266,negligible
adasyn + editednn,fastml + instancehardness,1.0,False,Kruskal-Wallis + Dunn,Cliff's delta,0.105,negligible
adasyn + editednn,fastml + condensednn,1.0,False,Kruskal-Wallis + Dunn,Cliff's delta,-0.1873,small
adasyn + editednn,ctgan + instancehardness,1.0,False,Kruskal-Wallis + Dunn,Cliff's delta,0.1406,negligible
adasyn + editednn,ctgan + editednn,1.0,False,Kruskal-Wallis + Dunn,Cliff's delta,0.1146,negligible
adasyn + editednn,ctgan + condensednn,1.0,False,Kruskal-Wallis + Dunn,Cliff's delta,-0.0889,negligible
adasyn + editednn,copulagan + instancehardness,1.0,False,Kruskal-Wallis + Dunn,Cliff's delta,0.1453,negligible
adasyn + editednn,copulagan + editednn,1.0,False,Kruskal-Wallis + Dunn,Cliff's delta,0.1183,negligible
adasyn + editednn,copulagan + condensednn,1.0,False,Kruskal-Wallis + Dunn,Cliff's delta,-0.0475,negligible
adasyn + editednn,adasyn + instancehardness,1.0,False,Kruskal-Wallis + Dunn,Cliff's delta,0.1026,negligible
adasyn + condensednn,tvae + tomeklinks,1.0,False,Kruskal-Wallis + Dunn,Cliff's delta,0.1995,small
adasyn + editednn,fastml + editednn,1.0,False,Kruskal-Wallis + Dunn,Cliff's delta,-0.0944,negligible
adasyn + editednn,random + editednn,1.0,False,Kruskal-Wallis + Dunn,Cliff's delta,-0.0529,negligible
adasyn + condensednn,fastml + instancehardness,1.0,False,Kruskal-Wallis + Dunn,Cliff's delta,0.0811,negligible
adasyn + condensednn,fastml + clustercentroid,1.0,False,Kruskal-Wallis + Dunn,Cliff's delta,0.1847,small
adasyn + clustercentroid,fastml + tomeklinks,1.0,False,Kruskal-Wallis + Dunn,Cliff's delta,-0.1626,small
adasyn + clustercentroid,fastml + random,1.0,False,Kruskal-Wallis + Dunn,Cliff's delta,-0.0875,negligible
adasyn + clustercentroid,fastml + nearmiss,1.0,False,Kruskal-Wallis + Dunn,Cliff's delta,-0.1896,small
adasyn + clustercentroid,fastml + clustercentroid,1.0,False,Kruskal-Wallis + Dunn,Cliff's delta,-0.1637,small
adasyn + clustercentroid,ctgan + tomeklinks,1.0,False,Kruskal-Wallis + Dunn,Cliff's delta,-0.1223,negligible
adasyn + clustercentroid,ctgan + random,1.0,False,Kruskal-Wallis + Dunn,Cliff's delta,0.0686,negligible
adasyn + clustercentroid,ctgan + onesidedselection,1.0,False,Kruskal-Wallis + Dunn,Cliff's delta,-0.0363,negligible
adasyn + clustercentroid,ctgan + nearmiss,1.0,False,Kruskal-Wallis + Dunn,Cliff's delta,0.0065,negligible
adasyn + clustercentroid,ctgan + instancehardness,1.0,False,Kruskal-Wallis + Dunn,Cliff's delta,-0.2023,small
adasyn + clustercentroid,gaussiancopula + clustercentroid,1.0,False,Kruskal-Wallis + Dunn,Cliff's delta,-0.1235,negligible
adasyn + clustercentroid,ctgan + clustercentroid,1.0,False,Kruskal-Wallis + Dunn,Cliff's delta,-0.0135,negligible
adasyn + clustercentroid,copulagan + random,1.0,False,Kruskal-Wallis + Dunn,Cliff's delta,0.0514,negligible
adasyn + clustercentroid,copulagan + onesidedselection,1.0,False,Kruskal-Wallis + Dunn,Cliff's delta,-0.1167,negligible
adasyn + clustercentroid,copulagan + nearmiss,1.0,False,Kruskal-Wallis + Dunn,Cliff's delta,-0.0619,negligible
adasyn + clustercentroid,copulagan + instancehardness,1.0,False,Kruskal-Wallis + Dunn,Cliff's delta,-0.2198,small
adasyn + clustercentroid,copulagan + clustercentroid,1.0,False,Kruskal-Wallis + Dunn,Cliff's delta,-0.0579,negligible
adasyn + clustercentroid,adasyn + tomeklinks,1.0,False,Kruskal-Wallis + Dunn,Cliff's delta,-0.0939,negligible
adasyn + clustercentroid,adasyn + random,1.0,False,Kruskal-Wallis + Dunn,Cliff's delta,-0.0264,negligible
adasyn + clustercentroid,adasyn + onesidedselection,1.0,False,Kruskal-Wallis + Dunn,Cliff's delta,-0.1839,small
adasyn + clustercentroid,adasyn + nearmiss,1.0,False,Kruskal-Wallis + Dunn,Cliff's delta,-0.0129,negligible
adasyn + clustercentroid,copulagan + tomeklinks,1.0,False,Kruskal-Wallis + Dunn,Cliff's delta,-0.0189,negligible
adasyn + condensednn,fastml + editednn,1.0,False,Kruskal-Wallis + Dunn,Cliff's delta,-0.1903,small
adasyn + clustercentroid,gaussiancopula + nearmiss,1.0,False,Kruskal-Wallis + Dunn,Cliff's delta,-0.1322,negligible
adasyn + clustercentroid,random + clustercentroid,1.0,False,Kruskal-Wallis + Dunn,Cliff's delta,-0.1204,negligible
adasyn + condensednn,ctgan + instancehardness,1.0,False,Kruskal-Wallis + Dunn,Cliff's delta,0.1243,negligible
adasyn + condensednn,ctgan + editednn,1.0,False,Kruskal-Wallis + Dunn,Cliff's delta,0.0233,negligible
adasyn + condensednn,ctgan + condensednn,1.0,False,Kruskal-Wallis + Dunn,Cliff's delta,-0.2546,small
adasyn + condensednn,copulagan + instancehardness,1.0,False,Kruskal-Wallis + Dunn,Cliff's delta,0.1577,small
adasyn + condensednn,copulagan + editednn,1.0,False,Kruskal-Wallis + Dunn,Cliff's delta,0.0079,negligible
adasyn + condensednn,copulagan + condensednn,1.0,False,Kruskal-Wallis + Dunn,Cliff's delta,-0.1158,negligible
adasyn + condensednn,adasyn + onesidedselection,1.0,False,Kruskal-Wallis + Dunn,Cliff's delta,0.2082,small
adasyn + condensednn,adasyn + instancehardness,1.0,False,Kruskal-Wallis + Dunn,Cliff's delta,0.1411,negligible
adasyn + condensednn,adasyn + editednn,1.0,False,Kruskal-Wallis + Dunn,Cliff's delta,-0.0849,negligible
adasyn + clustercentroid,gaussiancopula + random,1.0,False,Kruskal-Wallis + Dunn,Cliff's delta,-0.0651,negligible
adasyn + clustercentroid,tvae + tomeklinks,1.0,False,Kruskal-Wallis + Dunn,Cliff's delta,-0.1668,small
adasyn + clustercentroid,tvae + onesidedselection,1.0,False,Kruskal-Wallis + Dunn,Cliff's delta,-0.1923,small
adasyn + clustercentroid,tvae + nearmiss,1.0,False,Kruskal-Wallis + Dunn,Cliff's delta,-0.1649,small
adasyn + clustercentroid,tvae + clustercentroid,1.0,False,Kruskal-Wallis + Dunn,Cliff's delta,-0.1891,small
adasyn + clustercentroid,smote + random,1.0,False,Kruskal-Wallis + Dunn,Cliff's delta,-0.1556,small
adasyn + clustercentroid,smote + clustercentroid,1.0,False,Kruskal-Wallis + Dunn,Cliff's delta,-0.0971,negligible
adasyn + clustercentroid,random + tomeklinks,1.0,False,Kruskal-Wallis + Dunn,Cliff's delta,-0.1645,small
adasyn + clustercentroid,random + random,1.0,False,Kruskal-Wallis + Dunn,Cliff's delta,-0.0709,negligible
adasyn + clustercentroid,random + onesidedselection,1.0,False,Kruskal-Wallis + Dunn,Cliff's delta,-0.1853,small
adasyn + clustercentroid,random + nearmiss,1.0,False,Kruskal-Wallis + Dunn,Cliff's delta,-0.0694,negligible
adasyn + clustercentroid,tvae + random,1.0,False,Kruskal-Wallis + Dunn,Cliff's delta,0.028,negligible
adasyn + editednn,random + instancehardness,1.0,False,Kruskal-Wallis + Dunn,Cliff's delta,0.0323,negligible
adasyn + editednn,random + onesidedselection,1.0,False,Kruskal-Wallis + Dunn,Cliff's delta,0.1775,small
adasyn + editednn,random + tomeklinks,1.0,False,Kruskal-Wallis + Dunn,Cliff's delta,0.1786,small
adasyn + nearmiss,copulagan + random,1.0,False,Kruskal-Wallis + Dunn,Cliff's delta,0.0533,negligible
adasyn + nearmiss,copulagan + onesidedselection,1.0,False,Kruskal-Wallis + Dunn,Cliff's delta,-0.0394,negligible
adasyn + nearmiss,copulagan + nearmiss,1.0,False,Kruskal-Wallis + Dunn,Cliff's delta,-0.0135,negligible
adasyn + nearmiss,copulagan + instancehardness,1.0,False,Kruskal-Wallis + Dunn,Cliff's delta,-0.144,negligible
adasyn + nearmiss,copulagan + clustercentroid,1.0,False,Kruskal-Wallis + Dunn,Cliff's delta,0.0011,negligible
adasyn + nearmiss,adasyn + tomeklinks,1.0,False,Kruskal-Wallis + Dunn,Cliff's delta,0.0041,negligible
adasyn + nearmiss,adasyn + random,1.0,False,Kruskal-Wallis + Dunn,Cliff's delta,0.0301,negligible
adasyn + nearmiss,adasyn + onesidedselection,1.0,False,Kruskal-Wallis + Dunn,Cliff's delta,-0.083,negligible
adasyn + instancehardness,tvae + tomeklinks,1.0,False,Kruskal-Wallis + Dunn,Cliff's delta,0.0732,negligible
adasyn + nearmiss,copulagan + tomeklinks,1.0,False,Kruskal-Wallis + Dunn,Cliff's delta,0.0247,negligible
adasyn + instancehardness,tvae + onesidedselection,1.0,False,Kruskal-Wallis + Dunn,Cliff's delta,0.089,negligible
adasyn + instancehardness,tvae + instancehardness,1.0,False,Kruskal-Wallis + Dunn,Cliff's delta,-0.1252,negligible
adasyn + instancehardness,tvae + editednn,1.0,False,Kruskal-Wallis + Dunn,Cliff's delta,-0.2087,small
adasyn + instancehardness,tvae + clustercentroid,1.0,False,Kruskal-Wallis + Dunn,Cliff's delta,0.0611,negligible
adasyn + instancehardness,smote + tomeklinks,1.0,False,Kruskal-Wallis + Dunn,Cliff's delta,-0.0072,negligible
adasyn + instancehardness,smote + random,1.0,False,Kruskal-Wallis + Dunn,Cliff's delta,0.0313,negligible
adasyn + instancehardness,smote + onesidedselection,1.0,False,Kruskal-Wallis + Dunn,Cliff's delta,0.0277,negligible
adasyn + instancehardness,smote + nearmiss,1.0,False,Kruskal-Wallis + Dunn,Cliff's delta,-0.0032,negligible
adasyn + instancehardness,smote + instancehardness,1.0,False,Kruskal-Wallis + Dunn,Cliff's delta,-0.0821,negligible
adasyn + instancehardness,smote + clustercentroid,1.0,False,Kruskal-Wallis + Dunn,Cliff's delta,0.1551,small
adasyn + instancehardness,tvae + nearmiss,1.0,False,Kruskal-Wallis + Dunn,Cliff's delta,0.0611,negligible
adasyn + instancehardness,random + tomeklinks,1.0,False,Kruskal-Wallis + Dunn,Cliff's delta,0.08,negligible
adasyn + nearmiss,ctgan + clustercentroid,1.0,False,Kruskal-Wallis + Dunn,Cliff's delta,0.0434,negligible
adasyn + nearmiss,ctgan + instancehardness,1.0,False,Kruskal-Wallis + Dunn,Cliff's delta,-0.1344,negligible
adasyn + nearmiss,smote + clustercentroid,1.0,False,Kruskal-Wallis + Dunn,Cliff's delta,-0.0651,negligible
adasyn + nearmiss,random + tomeklinks,1.0,False,Kruskal-Wallis + Dunn,Cliff's delta,-0.1192,negligible
adasyn + nearmiss,random + random,1.0,False,Kruskal-Wallis + Dunn,Cliff's delta,-0.03,negligible
adasyn + nearmiss,random + onesidedselection,1.0,False,Kruskal-Wallis + Dunn,Cliff's delta,-0.146,negligible
adasyn + nearmiss,random + nearmiss,1.0,False,Kruskal-Wallis + Dunn,Cliff's delta,-0.0481,negligible
adasyn + nearmiss,random + clustercentroid,1.0,False,Kruskal-Wallis + Dunn,Cliff's delta,-0.0762,negligible
adasyn + nearmiss,gaussiancopula + tomeklinks,1.0,False,Kruskal-Wallis + Dunn,Cliff's delta,-0.1754,small
adasyn + nearmiss,gaussiancopula + random,1.0,False,Kruskal-Wallis + Dunn,Cliff's delta,-0.0508,negligible
adasyn + nearmiss,gaussiancopula + onesidedselection,1.0,False,Kruskal-Wallis + Dunn,Cliff's delta,-0.1588,small
adasyn + nearmiss,ctgan + editednn,1.0,False,Kruskal-Wallis + Dunn,Cliff's delta,-0.2196,small
adasyn + nearmiss,gaussiancopula + nearmiss,1.0,False,Kruskal-Wallis + Dunn,Cliff's delta,-0.0852,negligible
adasyn + nearmiss,fastml + tomeklinks,1.0,False,Kruskal-Wallis + Dunn,Cliff's delta,-0.136,negligible
adasyn + nearmiss,fastml + random,1.0,False,Kruskal-Wallis + Dunn,Cliff's delta,-0.0961,negligible
adasyn + nearmiss,fastml + nearmiss,1.0,False,Kruskal-Wallis + Dunn,Cliff's delta,-0.1425,negligible
adasyn + nearmiss,fastml + instancehardness,1.0,False,Kruskal-Wallis + Dunn,Cliff's delta,-0.1874,small
adasyn + nearmiss,fastml + clustercentroid,1.0,False,Kruskal-Wallis + Dunn,Cliff's delta,-0.1004,negligible
adasyn + nearmiss,ctgan + tomeklinks,1.0,False,Kruskal-Wallis + Dunn,Cliff's delta,-0.0486,negligible
adasyn + nearmiss,ctgan + random,1.0,False,Kruskal-Wallis + Dunn,Cliff's delta,0.0664,negligible
adasyn + nearmiss,ctgan + onesidedselection,1.0,False,Kruskal-Wallis + Dunn,Cliff's delta,0.0083,negligible
adasyn + nearmiss,ctgan + nearmiss,1.0,False,Kruskal-Wallis + Dunn,Cliff's delta,0.0362,negligible
adasyn + nearmiss,gaussiancopula + clustercentroid,1.0,False,Kruskal-Wallis + Dunn,Cliff's delta,-0.0743,negligible
adasyn + instancehardness,random + random,1.0,False,Kruskal-Wallis + Dunn,Cliff's delta,0.1523,small
adasyn + instancehardness,random + onesidedselection,1.0,False,Kruskal-Wallis + Dunn,Cliff's delta,0.1013,negligible
adasyn + instancehardness,random + nearmiss,1.0,False,Kruskal-Wallis + Dunn,Cliff's delta,0.1154,negligible
adasyn + instancehardness,copulagan + condensednn,1.0,False,Kruskal-Wallis + Dunn,Cliff's delta,-0.2752,small
adasyn + instancehardness,copulagan + clustercentroid,1.0,False,Kruskal-Wallis + Dunn,Cliff's delta,0.2464,small
adasyn + instancehardness,adasyn + tomeklinks,1.0,False,Kruskal-Wallis + Dunn,Cliff's delta,0.2125,small
adasyn + instancehardness,adasyn + random,1.0,False,Kruskal-Wallis + Dunn,Cliff's delta,0.2598,small
adasyn + instancehardness,adasyn + onesidedselection,1.0,False,Kruskal-Wallis + Dunn,Cliff's delta,0.2149,small
adasyn + instancehardness,adasyn + nearmiss,1.0,False,Kruskal-Wallis + Dunn,Cliff's delta,0.2079,small
adasyn + editednn,tvae + tomeklinks,1.0,False,Kruskal-Wallis + Dunn,Cliff's delta,0.216,small
adasyn + editednn,tvae + onesidedselection,1.0,False,Kruskal-Wallis + Dunn,Cliff's delta,0.1771,small
adasyn + editednn,tvae + nearmiss,1.0,False,Kruskal-Wallis + Dunn,Cliff's delta,0.1758,small
adasyn + instancehardness,copulagan + editednn,1.0,False,Kruskal-Wallis + Dunn,Cliff's delta,-0.0455,negligible
adasyn + editednn,tvae + instancehardness,1.0,False,Kruskal-Wallis + Dunn,Cliff's delta,0.0238,negligible
adasyn + editednn,tvae + condensednn,1.0,False,Kruskal-Wallis + Dunn,Cliff's delta,-0.1791,small
adasyn + editednn,tvae + clustercentroid,1.0,False,Kruskal-Wallis + Dunn,Cliff's delta,0.1752,small
adasyn + editednn,smote + tomeklinks,1.0,False,Kruskal-Wallis + Dunn,Cliff's delta,0.0509,negligible
adasyn + editednn,smote + random,1.0,False,Kruskal-Wallis + Dunn,Cliff's delta,0.1608,small
adasyn + editednn,smote + onesidedselection,1.0,False,Kruskal-Wallis + Dunn,Cliff's delta,0.1467,negligible
adasyn + editednn,smote + nearmiss,1.0,False,Kruskal-Wallis + Dunn,Cliff's delta,0.1389,negligible
adasyn + editednn,smote + instancehardness,1.0,False,Kruskal-Wallis + Dunn,Cliff's delta,0.0281,negligible
adasyn + editednn,smote + editednn,1.0,False,Kruskal-Wallis + Dunn,Cliff's delta,-0.0786,negligible
adasyn + editednn,smote + condensednn,1.0,False,Kruskal-Wallis + Dunn,Cliff's delta,-0.102,negligible
adasyn + editednn,tvae + editednn,1.0,False,Kruskal-Wallis + Dunn,Cliff's delta,-0.0647,negligible
adasyn + instancehardness,copulagan + instancehardness,1.0,False,Kruskal-Wallis + Dunn,Cliff's delta,0.0269,negligible
adasyn + instancehardness,copulagan + nearmiss,1.0,False,Kruskal-Wallis + Dunn,Cliff's delta,0.2106,small
adasyn + instancehardness,copulagan + onesidedselection,1.0,False,Kruskal-Wallis + Dunn,Cliff's delta,0.2427,small
adasyn + instancehardness,random + instancehardness,1.0,False,Kruskal-Wallis + Dunn,Cliff's delta,-0.08,negligible
adasyn + instancehardness,random + editednn,1.0,False,Kruskal-Wallis + Dunn,Cliff's delta,-0.1692,small
adasyn + instancehardness,random + condensednn,1.0,False,Kruskal-Wallis + Dunn,Cliff's delta,-0.1266,negligible
adasyn + instancehardness,random + clustercentroid,1.0,False,Kruskal-Wallis + Dunn,Cliff's delta,0.1526,small
adasyn + instancehardness,gaussiancopula + tomeklinks,1.0,False,Kruskal-Wallis + Dunn,Cliff's delta,0.0538,negligible
adasyn + instancehardness,gaussiancopula + random,1.0,False,Kruskal-Wallis + Dunn,Cliff's delta,0.1487,small
adasyn + instancehardness,gaussiancopula + onesidedselection,1.0,False,Kruskal-Wallis + Dunn,Cliff's delta,0.0473,negligible
adasyn + instancehardness,gaussiancopula + nearmiss,1.0,False,Kruskal-Wallis + Dunn,Cliff's delta,0.1445,negligible
adasyn + instancehardness,gaussiancopula + instancehardness,1.0,False,Kruskal-Wallis + Dunn,Cliff's delta,-0.0892,negligible
adasyn + instancehardness,gaussiancopula + clustercentroid,1.0,False,Kruskal-Wallis + Dunn,Cliff's delta,0.1592,small
adasyn + instancehardness,fastml + tomeklinks,1.0,False,Kruskal-Wallis + Dunn,Cliff's delta,0.0989,negligible
adasyn + instancehardness,fastml + random,1.0,False,Kruskal-Wallis + Dunn,Cliff's delta,0.1459,negligible
adasyn + instancehardness,fastml + onesidedselection,1.0,False,Kruskal-Wallis + Dunn,Cliff's delta,0.0314,negligible
adasyn + instancehardness,fastml + nearmiss,1.0,False,Kruskal-Wallis + Dunn,Cliff's delta,0.1091,negligible
adasyn + instancehardness,fastml + instancehardness,1.0,False,Kruskal-Wallis + Dunn,Cliff's delta,0.0073,negligible
adasyn + instancehardness,fastml + editednn,1.0,False,Kruskal-Wallis + Dunn,Cliff's delta,-0.1799,small
adasyn + instancehardness,fastml + clustercentroid,1.0,False,Kruskal-Wallis + Dunn,Cliff's delta,0.1328,negligible
adasyn + instancehardness,ctgan + tomeklinks,1.0,False,Kruskal-Wallis + Dunn,Cliff's delta,0.1759,small
adasyn + instancehardness,ctgan + onesidedselection,1.0,False,Kruskal-Wallis + Dunn,Cliff's delta,0.2235,small
adasyn + instancehardness,ctgan + instancehardness,1.0,False,Kruskal-Wallis + Dunn,Cliff's delta,0.0427,negligible
adasyn + instancehardness,ctgan + editednn,1.0,False,Kruskal-Wallis + Dunn,Cliff's delta,-0.0429,negligible
adasyn + nearmiss,tvae + clustercentroid,1.0,False,Kruskal-Wallis + Dunn,Cliff's delta,-0.1548,small
copulagan + editednn,ctgan + instancehardness,1.0,False,Kruskal-Wallis + Dunn,Cliff's delta,0.0959,negligible
copulagan + editednn,ctgan + onesidedselection,1.0,False,Kruskal-Wallis + Dunn,Cliff's delta,0.2232,small
copulagan + editednn,ctgan + tomeklinks,1.0,False,Kruskal-Wallis + Dunn,Cliff's delta,0.1519,small
ctgan + instancehardness,ctgan + onesidedselection,1.0,False,Kruskal-Wallis + Dunn,Cliff's delta,0.1275,negligible
ctgan + instancehardness,ctgan + nearmiss,1.0,False,Kruskal-Wallis + Dunn,Cliff's delta,0.1667,small
ctgan + editednn,tvae + tomeklinks,1.0,False,Kruskal-Wallis + Dunn,Cliff's delta,0.0457,negligible
ctgan + editednn,tvae + onesidedselection,1.0,False,Kruskal-Wallis + Dunn,Cliff's delta,0.0545,negligible
ctgan + editednn,tvae + nearmiss,1.0,False,Kruskal-Wallis + Dunn,Cliff's delta,0.0615,negligible
ctgan + editednn,tvae + instancehardness,1.0,False,Kruskal-Wallis + Dunn,Cliff's delta,-0.0541,negligible
ctgan + editednn,tvae + editednn,1.0,False,Kruskal-Wallis + Dunn,Cliff's delta,-0.1637,small
ctgan + editednn,tvae + clustercentroid,1.0,False,Kruskal-Wallis + Dunn,Cliff's delta,0.0364,negligible
ctgan + editednn,smote + tomeklinks,1.0,False,Kruskal-Wallis + Dunn,Cliff's delta,-0.0569,negligible
ctgan + instancehardness,ctgan + tomeklinks,1.0,False,Kruskal-Wallis + Dunn,Cliff's delta,0.0852,negligible
ctgan + editednn,smote + random,1.0,False,Kruskal-Wallis + Dunn,Cliff's delta,0.0427,negligible
ctgan + editednn,smote + nearmiss,1.0,False,Kruskal-Wallis + Dunn,Cliff's delta,0.0097,negligible
ctgan + editednn,smote + instancehardness,1.0,False,Kruskal-Wallis + Dunn,Cliff's delta,-0.037,negligible
ctgan + editednn,smote + editednn,1.0,False,Kruskal-Wallis + Dunn,Cliff's delta,-0.2285,small
ctgan + editednn,smote + clustercentroid,1.0,False,Kruskal-Wallis + Dunn,Cliff's delta,0.1046,negligible
ctgan + editednn,random + tomeklinks,1.0,False,Kruskal-Wallis + Dunn,Cliff's delta,0.0513,negligible
ctgan + editednn,random + random,1.0,False,Kruskal-Wallis + Dunn,Cliff's delta,0.1325,negligible
tvae + onesidedselection,tvae + tomeklinks,1.0,False,Kruskal-Wallis + Dunn,Cliff's delta,0.0369,negligible
ctgan + editednn,random + nearmiss,1.0,False,Kruskal-Wallis + Dunn,Cliff's delta,0.1175,negligible
ctgan + editednn,random + instancehardness,1.0,False,Kruskal-Wallis + Dunn,Cliff's delta,-0.0188,negligible
ctgan + editednn,smote + onesidedselection,1.0,False,Kruskal-Wallis + Dunn,Cliff's delta,-0.0272,negligible
ctgan + editednn,random + editednn,1.0,False,Kruskal-Wallis + Dunn,Cliff's delta,-0.1497,small
ctgan + instancehardness,fastml + clustercentroid,1.0,False,Kruskal-Wallis + Dunn,Cliff's delta,0.0702,negligible
ctgan + instancehardness,fastml + nearmiss,1.0,False,Kruskal-Wallis + Dunn,Cliff's delta,0.0427,negligible
ctgan + instancehardness,smote + onesidedselection,1.0,False,Kruskal-Wallis + Dunn,Cliff's delta,-0.0346,negligible
ctgan + instancehardness,smote + nearmiss,1.0,False,Kruskal-Wallis + Dunn,Cliff's delta,-0.0691,negligible
ctgan + instancehardness,smote + instancehardness,1.0,False,Kruskal-Wallis + Dunn,Cliff's delta,-0.0936,negligible
ctgan + instancehardness,smote + clustercentroid,1.0,False,Kruskal-Wallis + Dunn,Cliff's delta,0.0891,negligible
ctgan + instancehardness,random + tomeklinks,1.0,False,Kruskal-Wallis + Dunn,Cliff's delta,0.0184,negligible
ctgan + instancehardness,random + random,1.0,False,Kruskal-Wallis + Dunn,Cliff's delta,0.101,negligible
ctgan + instancehardness,random + onesidedselection,1.0,False,Kruskal-Wallis + Dunn,Cliff's delta,0.025,negligible
ctgan + instancehardness,random + nearmiss,1.0,False,Kruskal-Wallis + Dunn,Cliff's delta,0.0807,negligible
ctgan + instancehardness,random + instancehardness,1.0,False,Kruskal-Wallis + Dunn,Cliff's delta,-0.1253,negligible
ctgan + instancehardness,fastml + instancehardness,1.0,False,Kruskal-Wallis + Dunn,Cliff's delta,-0.0239,negligible
ctgan + instancehardness,random + condensednn,1.0,False,Kruskal-Wallis + Dunn,Cliff's delta,-0.1381,negligible
ctgan + instancehardness,gaussiancopula + tomeklinks,1.0,False,Kruskal-Wallis + Dunn,Cliff's delta,-0.0307,negligible
ctgan + instancehardness,gaussiancopula + random,1.0,False,Kruskal-Wallis + Dunn,Cliff's delta,0.0757,negligible
ctgan + instancehardness,gaussiancopula + onesidedselection,1.0,False,Kruskal-Wallis + Dunn,Cliff's delta,-0.0477,negligible
ctgan + instancehardness,gaussiancopula + nearmiss,1.0,False,Kruskal-Wallis + Dunn,Cliff's delta,0.0785,negligible
ctgan + instancehardness,gaussiancopula + instancehardness,1.0,False,Kruskal-Wallis + Dunn,Cliff's delta,-0.1243,negligible
ctgan + instancehardness,gaussiancopula + clustercentroid,1.0,False,Kruskal-Wallis + Dunn,Cliff's delta,0.0923,negligible
ctgan + instancehardness,fastml + tomeklinks,1.0,False,Kruskal-Wallis + Dunn,Cliff's delta,0.0274,negligible
ctgan + instancehardness,fastml + random,1.0,False,Kruskal-Wallis + Dunn,Cliff's delta,0.0725,negligible
ctgan + instancehardness,fastml + onesidedselection,1.0,False,Kruskal-Wallis + Dunn,Cliff's delta,-0.0719,negligible
ctgan + instancehardness,random + clustercentroid,1.0,False,Kruskal-Wallis + Dunn,Cliff's delta,0.0851,negligible
ctgan + instancehardness,smote + random,1.0,False,Kruskal-Wallis + Dunn,Cliff's delta,-0.016,negligible
ctgan + editednn,random + condensednn,1.0,False,Kruskal-Wallis + Dunn,Cliff's delta,-0.0357,negligible
ctgan + editednn,gaussiancopula + tomeklinks,1.0,False,Kruskal-Wallis + Dunn,Cliff's delta,0.0299,negligible
ctgan + condensednn,gaussiancopula + condensednn,1.0,False,Kruskal-Wallis + Dunn,Cliff's delta,-0.1026,negligible
ctgan + condensednn,fastml + editednn,1.0,False,Kruskal-Wallis + Dunn,Cliff's delta,-0.0306,negligible
ctgan + condensednn,fastml + condensednn,1.0,False,Kruskal-Wallis + Dunn,Cliff's delta,-0.0996,negligible
ctgan + clustercentroid,tvae + tomeklinks,1.0,False,Kruskal-Wallis + Dunn,Cliff's delta,-0.1798,small
ctgan + clustercentroid,tvae + random,1.0,False,Kruskal-Wallis + Dunn,Cliff's delta,0.0128,negligible
ctgan + clustercentroid,tvae + onesidedselection,1.0,False,Kruskal-Wallis + Dunn,Cliff's delta,-0.165,small
ctgan + clustercentroid,tvae + nearmiss,1.0,False,Kruskal-Wallis + Dunn,Cliff's delta,-0.1623,small
ctgan + clustercentroid,tvae + clustercentroid,1.0,False,Kruskal-Wallis + Dunn,Cliff's delta,-0.1715,small
ctgan + clustercentroid,smote + random,1.0,False,Kruskal-Wallis + Dunn,Cliff's delta,-0.1761,small
ctgan + condensednn,gaussiancopula + editednn,1.0,False,Kruskal-Wallis + Dunn,Cliff's delta,-0.0521,negligible
ctgan + clustercentroid,smote + clustercentroid,1.0,False,Kruskal-Wallis + Dunn,Cliff's delta,-0.0954,negligible
ctgan + clustercentroid,random + random,1.0,False,Kruskal-Wallis + Dunn,Cliff's delta,-0.0601,negligible
ctgan + clustercentroid,random + onesidedselection,1.0,False,Kruskal-Wallis + Dunn,Cliff's delta,-0.1627,small
ctgan + clustercentroid,random + nearmiss,1.0,False,Kruskal-Wallis + Dunn,Cliff's delta,-0.0809,negligible
ctgan + clustercentroid,random + clustercentroid,1.0,False,Kruskal-Wallis + Dunn,Cliff's delta,-0.0952,negligible
ctgan + clustercentroid,gaussiancopula + random,1.0,False,Kruskal-Wallis + Dunn,Cliff's delta,-0.0717,negligible
ctgan + clustercentroid,gaussiancopula + nearmiss,1.0,False,Kruskal-Wallis + Dunn,Cliff's delta,-0.0934,negligible
ctgan + clustercentroid,gaussiancopula + clustercentroid,1.0,False,Kruskal-Wallis + Dunn,Cliff's delta,-0.0807,negligible
ctgan + clustercentroid,fastml + tomeklinks,1.0,False,Kruskal-Wallis + Dunn,Cliff's delta,-0.1405,negligible
ctgan + clustercentroid,fastml + random,1.0,False,Kruskal-Wallis + Dunn,Cliff's delta,-0.0906,negligible
ctgan + clustercentroid,random + tomeklinks,1.0,False,Kruskal-Wallis + Dunn,Cliff's delta,-0.1554,small
ctgan + editednn,random + clustercentroid,1.0,False,Kruskal-Wallis + Dunn,Cliff's delta,0.1068,negligible
ctgan + condensednn,gaussiancopula + instancehardness,1.0,False,Kruskal-Wallis + Dunn,Cliff's delta,0.2234,small
ctgan + condensednn,random + editednn,1.0,False,Kruskal-Wallis + Dunn,Cliff's delta,0.0364,negligible
ctgan + editednn,gaussiancopula + random,1.0,False,Kruskal-Wallis + Dunn,Cliff's delta,0.1399,negligible
ctgan + editednn,gaussiancopula + onesidedselection,1.0,False,Kruskal-Wallis + Dunn,Cliff's delta,0.0425,negligible
ctgan + editednn,gaussiancopula + nearmiss,1.0,False,Kruskal-Wallis + Dunn,Cliff's delta,0.1017,negligible
ctgan + editednn,gaussiancopula + instancehardness,1.0,False,Kruskal-Wallis + Dunn,Cliff's delta,-0.0292,negligible
ctgan + editednn,gaussiancopula + clustercentroid,1.0,False,Kruskal-Wallis + Dunn,Cliff's delta,0.1166,negligible
ctgan + editednn,fastml + tomeklinks,1.0,False,Kruskal-Wallis + Dunn,Cliff's delta,0.0794,negligible
ctgan + editednn,fastml + random,1.0,False,Kruskal-Wallis + Dunn,Cliff's delta,0.1043,negligible
ctgan + editednn,fastml + onesidedselection,1.0,False,Kruskal-Wallis + Dunn,Cliff's delta,-0.016,negligible
ctgan + editednn,fastml + nearmiss,1.0,False,Kruskal-Wallis + Dunn,Cliff's delta,0.0593,negligible
ctgan + condensednn,random + condensednn,1.0,False,Kruskal-Wallis + Dunn,Cliff's delta,0.1681,small
ctgan + editednn,fastml + instancehardness,1.0,False,Kruskal-Wallis + Dunn,Cliff's delta,0.006,negligible
ctgan + editednn,fastml + clustercentroid,1.0,False,Kruskal-Wallis + Dunn,Cliff's delta,0.095,negligible
ctgan + editednn,ctgan + tomeklinks,1.0,False,Kruskal-Wallis + Dunn,Cliff's delta,0.1802,small
ctgan + editednn,ctgan + onesidedselection,1.0,False,Kruskal-Wallis + Dunn,Cliff's delta,0.221,small
ctgan + editednn,ctgan + instancehardness,1.0,False,Kruskal-Wallis + Dunn,Cliff's delta,0.0736,negligible
ctgan + condensednn,tvae + editednn,1.0,False,Kruskal-Wallis + Dunn,Cliff's delta,-0.0247,negligible
ctgan + condensednn,tvae + condensednn,1.0,False,Kruskal-Wallis + Dunn,Cliff's delta,-0.0249,negligible
ctgan + condensednn,smote + tomeklinks,1.0,False,Kruskal-Wallis + Dunn,Cliff's delta,0.1934,small
ctgan + condensednn,smote + editednn,1.0,False,Kruskal-Wallis + Dunn,Cliff's delta,-0.0497,negligible
ctgan + condensednn,smote + condensednn,1.0,False,Kruskal-Wallis + Dunn,Cliff's delta,0.0425,negligible
ctgan + editednn,fastml + editednn,1.0,False,Kruskal-Wallis + Dunn,Cliff's delta,-0.1874,small
ctgan + instancehardness,smote + tomeklinks,1.0,False,Kruskal-Wallis + Dunn,Cliff's delta,-0.0972,negligible
ctgan + instancehardness,tvae + clustercentroid,1.0,False,Kruskal-Wallis + Dunn,Cliff's delta,-0.0007,negligible
ctgan + instancehardness,tvae + instancehardness,1.0,False,Kruskal-Wallis + Dunn,Cliff's delta,-0.1048,negligible
ctgan + tomeklinks,fastml + tomeklinks,1.0,False,Kruskal-Wallis + Dunn,Cliff's delta,-0.0811,negligible
ctgan + tomeklinks,fastml + random,1.0,False,Kruskal-Wallis + Dunn,Cliff's delta,-0.0083,negligible
ctgan + tomeklinks,fastml + onesidedselection,1.0,False,Kruskal-Wallis + Dunn,Cliff's delta,-0.1732,small
ctgan + tomeklinks,fastml + nearmiss,1.0,False,Kruskal-Wallis + Dunn,Cliff's delta,-0.0912,negligible
ctgan + tomeklinks,fastml + instancehardness,1.0,False,Kruskal-Wallis + Dunn,Cliff's delta,-0.12,negligible
ctgan + tomeklinks,fastml + clustercentroid,1.0,False,Kruskal-Wallis + Dunn,Cliff's delta,-0.0373,negligible
ctgan + random,tvae + random,1.0,False,Kruskal-Wallis + Dunn,Cliff's delta,-0.0317,negligible
ctgan + random,smote + clustercentroid,1.0,False,Kruskal-Wallis + Dunn,Cliff's delta,-0.1316,negligible
ctgan + random,random + random,1.0,False,Kruskal-Wallis + Dunn,Cliff's delta,-0.1006,negligible
ctgan + tomeklinks,gaussiancopula + clustercentroid,1.0,False,Kruskal-Wallis + Dunn,Cliff's delta,0.0144,negligible
ctgan + random,random + nearmiss,1.0,False,Kruskal-Wallis + Dunn,Cliff's delta,-0.0961,negligible
ctgan + random,gaussiancopula + random,1.0,False,Kruskal-Wallis + Dunn,Cliff's delta,-0.1167,negligible
ctgan + random,gaussiancopula + nearmiss,1.0,False,Kruskal-Wallis + Dunn,Cliff's delta,-0.1647,small
ctgan + random,gaussiancopula + clustercentroid,1.0,False,Kruskal-Wallis + Dunn,Cliff's delta,-0.1668,small
ctgan + random,fastml + tomeklinks,1.0,False,Kruskal-Wallis + Dunn,Cliff's delta,-0.2068,small
ctgan + random,fastml + random,1.0,False,Kruskal-Wallis + Dunn,Cliff's delta,-0.1563,small
ctgan + random,fastml + clustercentroid,1.0,False,Kruskal-Wallis + Dunn,Cliff's delta,-0.189,small
ctgan + random,ctgan + tomeklinks,1.0,False,Kruskal-Wallis + Dunn,Cliff's delta,-0.1199,negligible
ctgan + onesidedselection,tvae + tomeklinks,1.0,False,Kruskal-Wallis + Dunn,Cliff's delta,-0.1185,negligible
ctgan + onesidedselection,tvae + random,1.0,False,Kruskal-Wallis + Dunn,Cliff's delta,0.0566,negligible
ctgan + random,random + clustercentroid,1.0,False,Kruskal-Wallis + Dunn,Cliff's delta,-0.1617,small
ctgan + onesidedselection,tvae + onesidedselection,1.0,False,Kruskal-Wallis + Dunn,Cliff's delta,-0.1563,small
ctgan + tomeklinks,gaussiancopula + nearmiss,1.0,False,Kruskal-Wallis + Dunn,Cliff's delta,0.0017,negligible
ctgan + tomeklinks,gaussiancopula + random,1.0,False,Kruskal-Wallis + Dunn,Cliff's delta,0.0378,negligible
fastml + clustercentroid,fastml + onesidedselection,1.0,False,Kruskal-Wallis + Dunn,Cliff's delta,-0.181,small
fastml + clustercentroid,fastml + nearmiss,1.0,False,Kruskal-Wallis + Dunn,Cliff's delta,-0.0233,negligible
fastml + clustercentroid,fastml + instancehardness,1.0,False,Kruskal-Wallis + Dunn,Cliff's delta,-0.0387,negligible
ctgan + tomeklinks,tvae + tomeklinks,1.0,False,Kruskal-Wallis + Dunn,Cliff's delta,-0.1003,negligible
ctgan + tomeklinks,tvae + random,1.0,False,Kruskal-Wallis + Dunn,Cliff's delta,0.101,negligible
ctgan + tomeklinks,tvae + onesidedselection,1.0,False,Kruskal-Wallis + Dunn,Cliff's delta,-0.1109,negligible
ctgan + tomeklinks,tvae + nearmiss,1.0,False,Kruskal-Wallis + Dunn,Cliff's delta,-0.0969,negligible
ctgan + tomeklinks,tvae + clustercentroid,1.0,False,Kruskal-Wallis + Dunn,Cliff's delta,-0.0967,negligible
ctgan + tomeklinks,smote + random,1.0,False,Kruskal-Wallis + Dunn,Cliff's delta,-0.0937,negligible
ctgan + tomeklinks,gaussiancopula + onesidedselection,1.0,False,Kruskal-Wallis + Dunn,Cliff's delta,-0.1312,negligible
ctgan + tomeklinks,smote + onesidedselection,1.0,False,Kruskal-Wallis + Dunn,Cliff's delta,-0.1807,small
ctgan + tomeklinks,smote + instancehardness,1.0,False,Kruskal-Wallis + Dunn,Cliff's delta,-0.201,small
ctgan + tomeklinks,smote + clustercentroid,1.0,False,Kruskal-Wallis + Dunn,Cliff's delta,0.001,negligible
ctgan + tomeklinks,random + tomeklinks,1.0,False,Kruskal-Wallis + Dunn,Cliff's delta,-0.0656,negligible
ctgan + tomeklinks,random + random,1.0,False,Kruskal-Wallis + Dunn,Cliff's delta,0.0162,negligible
ctgan + tomeklinks,random + onesidedselection,1.0,False,Kruskal-Wallis + Dunn,Cliff's delta,-0.0587,negligible
ctgan + tomeklinks,random + nearmiss,1.0,False,Kruskal-Wallis + Dunn,Cliff's delta,-0.0033,negligible
ctgan + tomeklinks,random + instancehardness,1.0,False,Kruskal-Wallis + Dunn,Cliff's delta,-0.2163,small
ctgan + tomeklinks,random + clustercentroid,1.0,False,Kruskal-Wallis + Dunn,Cliff's delta,-0.0063,negligible
ctgan + tomeklinks,gaussiancopula + tomeklinks,1.0,False,Kruskal-Wallis + Dunn,Cliff's delta,-0.1063,negligible
ctgan + tomeklinks,smote + nearmiss,1.0,False,Kruskal-Wallis + Dunn,Cliff's delta,-0.1706,small
ctgan + onesidedselection,tvae + nearmiss,1.0,False,Kruskal-Wallis + Dunn,Cliff's delta,-0.1295,negligible
ctgan + onesidedselection,tvae + clustercentroid,1.0,False,Kruskal-Wallis + Dunn,Cliff's delta,-0.14,negligible
ctgan + onesidedselection,smote + random,1.0,False,Kruskal-Wallis + Dunn,Cliff's delta,-0.097,negligible
ctgan + nearmiss,random + tomeklinks,1.0,False,Kruskal-Wallis + Dunn,Cliff's delta,-0.1575,small
ctgan + nearmiss,random + random,1.0,False,Kruskal-Wallis + Dunn,Cliff's delta,-0.0548,negligible
ctgan + nearmiss,random + onesidedselection,1.0,False,Kruskal-Wallis + Dunn,Cliff's delta,-0.1803,small
ctgan + nearmiss,random + nearmiss,1.0,False,Kruskal-Wallis + Dunn,Cliff's delta,-0.0812,negligible
ctgan + nearmiss,random + clustercentroid,1.0,False,Kruskal-Wallis + Dunn,Cliff's delta,-0.1054,negligible
ctgan + nearmiss,gaussiancopula + random,1.0,False,Kruskal-Wallis + Dunn,Cliff's delta,-0.0747,negligible
ctgan + nearmiss,gaussiancopula + nearmiss,1.0,False,Kruskal-Wallis + Dunn,Cliff's delta,-0.1078,negligible
ctgan + nearmiss,gaussiancopula + clustercentroid,1.0,False,Kruskal-Wallis + Dunn,Cliff's delta,-0.0946,negligible
ctgan + nearmiss,fastml + tomeklinks,1.0,False,Kruskal-Wallis + Dunn,Cliff's delta,-0.1689,small
ctgan + nearmiss,smote + clustercentroid,1.0,False,Kruskal-Wallis + Dunn,Cliff's delta,-0.0973,negligible
ctgan + nearmiss,fastml + random,1.0,False,Kruskal-Wallis + Dunn,Cliff's delta,-0.1217,negligible
ctgan + nearmiss,fastml + instancehardness,1.0,False,Kruskal-Wallis + Dunn,Cliff's delta,-0.195,small
ctgan + nearmiss,fastml + clustercentroid,1.0,False,Kruskal-Wallis + Dunn,Cliff's delta,-0.1275,negligible
ctgan + nearmiss,ctgan + tomeklinks,1.0,False,Kruskal-Wallis + Dunn,Cliff's delta,-0.0948,negligible
ctgan + nearmiss,ctgan + random,1.0,False,Kruskal-Wallis + Dunn,Cliff's delta,0.0358,negligible
ctgan + nearmiss,ctgan + onesidedselection,1.0,False,Kruskal-Wallis + Dunn,Cliff's delta,-0.0473,negligible
ctgan + instancehardness,tvae + tomeklinks,1.0,False,Kruskal-Wallis + Dunn,Cliff's delta,0.0284,negligible
ctgan + instancehardness,tvae + random,1.0,False,Kruskal-Wallis + Dunn,Cliff's delta,0.1617,small
ctgan + instancehardness,tvae + onesidedselection,1.0,False,Kruskal-Wallis + Dunn,Cliff's delta,0.0449,negligible
ctgan + instancehardness,tvae + nearmiss,1.0,False,Kruskal-Wallis + Dunn,Cliff's delta,0.0157,negligible
ctgan + nearmiss,fastml + nearmiss,1.0,False,Kruskal-Wallis + Dunn,Cliff's delta,-0.1727,small
ctgan + nearmiss,smote + random,1.0,False,Kruskal-Wallis + Dunn,Cliff's delta,-0.1619,small
ctgan + nearmiss,tvae + clustercentroid,1.0,False,Kruskal-Wallis + Dunn,Cliff's delta,-0.1804,small
ctgan + nearmiss,tvae + nearmiss,1.0,False,Kruskal-Wallis + Dunn,Cliff's delta,-0.1705,small
ctgan + onesidedselection,smote + clustercentroid,1.0,False,Kruskal-Wallis + Dunn,Cliff's delta,-0.0285,negligible
ctgan + onesidedselection,random + tomeklinks,1.0,False,Kruskal-Wallis + Dunn,Cliff's delta,-0.1085,negligible
ctgan + onesidedselection,random + random,1.0,False,Kruskal-Wallis + Dunn,Cliff's delta,-0.0244,negligible
ctgan + onesidedselection,random + onesidedselection,1.0,False,Kruskal-Wallis + Dunn,Cliff's delta,-0.0903,negligible
ctgan + onesidedselection,random + nearmiss,1.0,False,Kruskal-Wallis + Dunn,Cliff's delta,-0.0112,negligible
ctgan + onesidedselection,random + clustercentroid,1.0,False,Kruskal-Wallis + Dunn,Cliff's delta,-0.0575,negligible
ctgan + onesidedselection,gaussiancopula + tomeklinks,1.0,False,Kruskal-Wallis + Dunn,Cliff's delta,-0.1572,small
ctgan + onesidedselection,gaussiancopula + random,1.0,False,Kruskal-Wallis + Dunn,Cliff's delta,-0.0286,negligible
ctgan + onesidedselection,gaussiancopula + onesidedselection,1.0,False,Kruskal-Wallis + Dunn,Cliff's delta,-0.2028,small
ctgan + onesidedselection,gaussiancopula + nearmiss,1.0,False,Kruskal-Wallis + Dunn,Cliff's delta,-0.0473,negligible
ctgan + onesidedselection,gaussiancopula + clustercentroid,1.0,False,Kruskal-Wallis + Dunn,Cliff's delta,-0.0475,negligible
ctgan + onesidedselection,fastml + tomeklinks,1.0,False,Kruskal-Wallis + Dunn,Cliff's delta,-0.1095,negligible
ctgan + onesidedselection,fastml + random,1.0,False,Kruskal-Wallis + Dunn,Cliff's delta,-0.0576,negligible
ctgan + onesidedselection,fastml + nearmiss,1.0,False,Kruskal-Wallis + Dunn,Cliff's delta,-0.1318,negligible
ctgan + onesidedselection,fastml + instancehardness,1.0,False,Kruskal-Wallis + Dunn,Cliff's delta,-0.177,small
ctgan + onesidedselection,fastml + clustercentroid,1.0,False,Kruskal-Wallis + Dunn,Cliff's delta,-0.0817,negligible
ctgan + onesidedselection,ctgan + tomeklinks,1.0,False,Kruskal-Wallis + Dunn,Cliff's delta,-0.0407,negligible
ctgan + onesidedselection,ctgan + random,1.0,False,Kruskal-Wallis + Dunn,Cliff's delta,0.0873,negligible
ctgan + nearmiss,tvae + tomeklinks,1.0,False,Kruskal-Wallis + Dunn,Cliff's delta,-0.1912,small
ctgan + nearmiss,tvae + random,1.0,False,Kruskal-Wallis + Dunn,Cliff's delta,0.0018,negligible
ctgan + nearmiss,tvae + onesidedselection,1.0,False,Kruskal-Wallis + Dunn,Cliff's delta,-0.1866,small
ctgan + clustercentroid,fastml + nearmiss,1.0,False,Kruskal-Wallis + Dunn,Cliff's delta,-0.1541,small
ctgan + clustercentroid,fastml + instancehardness,1.0,False,Kruskal-Wallis + Dunn,Cliff's delta,-0.1829,small
ctgan + clustercentroid,fastml + clustercentroid,1.0,False,Kruskal-Wallis + Dunn,Cliff's delta,-0.1226,negligible
ctgan + clustercentroid,ctgan + tomeklinks,1.0,False,Kruskal-Wallis + Dunn,Cliff's delta,-0.1239,negligible
copulagan + instancehardness,tvae + clustercentroid,1.0,False,Kruskal-Wallis + Dunn,Cliff's delta,0.0248,negligible
copulagan + instancehardness,smote + tomeklinks,1.0,False,Kruskal-Wallis + Dunn,Cliff's delta,-0.1165,negligible
copulagan + instancehardness,smote + random,1.0,False,Kruskal-Wallis + Dunn,Cliff's delta,-0.0207,negligible
copulagan + instancehardness,smote + onesidedselection,1.0,False,Kruskal-Wallis + Dunn,Cliff's delta,-0.0462,negligible
copulagan + instancehardness,smote + nearmiss,1.0,False,Kruskal-Wallis + Dunn,Cliff's delta,-0.0701,negligible
copulagan + instancehardness,smote + instancehardness,1.0,False,Kruskal-Wallis + Dunn,Cliff's delta,-0.1018,negligible
copulagan + instancehardness,smote + clustercentroid,1.0,False,Kruskal-Wallis + Dunn,Cliff's delta,0.0826,negligible
copulagan + instancehardness,random + tomeklinks,1.0,False,Kruskal-Wallis + Dunn,Cliff's delta,0.0146,negligible
copulagan + instancehardness,random + random,1.0,False,Kruskal-Wallis + Dunn,Cliff's delta,0.1188,negligible
copulagan + instancehardness,tvae + instancehardness,1.0,False,Kruskal-Wallis + Dunn,Cliff's delta,-0.1283,negligible
copulagan + instancehardness,random + onesidedselection,1.0,False,Kruskal-Wallis + Dunn,Cliff's delta,0.0379,negligible
copulagan + instancehardness,random + instancehardness,1.0,False,Kruskal-Wallis + Dunn,Cliff's delta,-0.1191,negligible
copulagan + instancehardness,random + condensednn,1.0,False,Kruskal-Wallis + Dunn,Cliff's delta,-0.1356,negligible
copulagan + instancehardness,random + clustercentroid,1.0,False,Kruskal-Wallis + Dunn,Cliff's delta,0.1055,negligible
copulagan + instancehardness,gaussiancopula + tomeklinks,1.0,False,Kruskal-Wallis + Dunn,Cliff's delta,-0.0151,negligible
copulagan + instancehardness,gaussiancopula + random,1.0,False,Kruskal-Wallis + Dunn,Cliff's delta,0.1068,negligible
copulagan + instancehardness,gaussiancopula + onesidedselection,1.0,False,Kruskal-Wallis + Dunn,Cliff's delta,-0.042,negligible
copulagan + instancehardness,gaussiancopula + nearmiss,1.0,False,Kruskal-Wallis + Dunn,Cliff's delta,0.0853,negligible
copulagan + instancehardness,gaussiancopula + instancehardness,1.0,False,Kruskal-Wallis + Dunn,Cliff's delta,-0.1295,negligible
copulagan + instancehardness,gaussiancopula + clustercentroid,1.0,False,Kruskal-Wallis + Dunn,Cliff's delta,0.1147,negligible
copulagan + instancehardness,random + nearmiss,1.0,False,Kruskal-Wallis + Dunn,Cliff's delta,0.071,negligible
copulagan + instancehardness,fastml + tomeklinks,1.0,False,Kruskal-Wallis + Dunn,Cliff's delta,0.0505,negligible
copulagan + instancehardness,tvae + nearmiss,1.0,False,Kruskal-Wallis + Dunn,Cliff's delta,0.0225,negligible
copulagan + instancehardness,tvae + random,1.0,False,Kruskal-Wallis + Dunn,Cliff's delta,0.1722,small
copulagan + nearmiss,gaussiancopula + random,1.0,False,Kruskal-Wallis + Dunn,Cliff's delta,-0.0409,negligible
copulagan + nearmiss,gaussiancopula + onesidedselection,1.0,False,Kruskal-Wallis + Dunn,Cliff's delta,-0.1709,small
copulagan + nearmiss,gaussiancopula + nearmiss,1.0,False,Kruskal-Wallis + Dunn,Cliff's delta,-0.0693,negligible
copulagan + nearmiss,gaussiancopula + clustercentroid,1.0,False,Kruskal-Wallis + Dunn,Cliff's delta,-0.0437,negligible
copulagan + nearmiss,fastml + tomeklinks,1.0,False,Kruskal-Wallis + Dunn,Cliff's delta,-0.1015,negligible
copulagan + nearmiss,fastml + random,1.0,False,Kruskal-Wallis + Dunn,Cliff's delta,-0.056,negligible
copulagan + nearmiss,fastml + nearmiss,1.0,False,Kruskal-Wallis + Dunn,Cliff's delta,-0.1037,negligible
copulagan + nearmiss,fastml + instancehardness,1.0,False,Kruskal-Wallis + Dunn,Cliff's delta,-0.1732,small
copulagan + nearmiss,fastml + clustercentroid,1.0,False,Kruskal-Wallis + Dunn,Cliff's delta,-0.0761,negligible
copulagan + instancehardness,tvae + onesidedselection,1.0,False,Kruskal-Wallis + Dunn,Cliff's delta,0.0215,negligible
copulagan + nearmiss,ctgan + tomeklinks,1.0,False,Kruskal-Wallis + Dunn,Cliff's delta,-0.0469,negligible
copulagan + nearmiss,ctgan + onesidedselection,1.0,False,Kruskal-Wallis + Dunn,Cliff's delta,0.0015,negligible
copulagan + nearmiss,ctgan + nearmiss,1.0,False,Kruskal-Wallis + Dunn,Cliff's delta,0.0368,negligible
copulagan + nearmiss,ctgan + instancehardness,1.0,False,Kruskal-Wallis + Dunn,Cliff's delta,-0.1394,negligible
copulagan + nearmiss,ctgan + editednn,1.0,False,Kruskal-Wallis + Dunn,Cliff's delta,-0.1905,small
copulagan + nearmiss,ctgan + clustercentroid,1.0,False,Kruskal-Wallis + Dunn,Cliff's delta,0.0451,negligible
copulagan + nearmiss,copulagan + tomeklinks,1.0,False,Kruskal-Wallis + Dunn,Cliff's delta,0.0478,negligible
copulagan + nearmiss,copulagan + random,1.0,False,Kruskal-Wallis + Dunn,Cliff's delta,0.0667,negligible
copulagan + nearmiss,copulagan + onesidedselection,1.0,False,Kruskal-Wallis + Dunn,Cliff's delta,-0.0094,negligible
copulagan + instancehardness,tvae + tomeklinks,1.0,False,Kruskal-Wallis + Dunn,Cliff's delta,0.0272,negligible
copulagan + nearmiss,ctgan + random,1.0,False,Kruskal-Wallis + Dunn,Cliff's delta,0.0777,negligible
copulagan + instancehardness,fastml + random,1.0,False,Kruskal-Wallis + Dunn,Cliff's delta,0.0937,negligible
copulagan + instancehardness,fastml + onesidedselection,1.0,False,Kruskal-Wallis + Dunn,Cliff's delta,-0.0606,negligible
copulagan + instancehardness,fastml + nearmiss,1.0,False,Kruskal-Wallis + Dunn,Cliff's delta,0.0427,negligible
copulagan + editednn,random + random,1.0,False,Kruskal-Wallis + Dunn,Cliff's delta,0.129,negligible
copulagan + editednn,random + onesidedselection,1.0,False,Kruskal-Wallis + Dunn,Cliff's delta,0.0533,negligible
copulagan + editednn,random + nearmiss,1.0,False,Kruskal-Wallis + Dunn,Cliff's delta,0.1182,negligible
copulagan + editednn,random + instancehardness,1.0,False,Kruskal-Wallis + Dunn,Cliff's delta,-0.0198,negligible
copulagan + editednn,random + editednn,1.0,False,Kruskal-Wallis + Dunn,Cliff's delta,-0.1375,negligible
copulagan + editednn,random + condensednn,1.0,False,Kruskal-Wallis + Dunn,Cliff's delta,-0.0585,negligible
copulagan + editednn,random + clustercentroid,1.0,False,Kruskal-Wallis + Dunn,Cliff's delta,0.1008,negligible
copulagan + editednn,gaussiancopula + tomeklinks,1.0,False,Kruskal-Wallis + Dunn,Cliff's delta,0.0509,negligible
copulagan + editednn,gaussiancopula + random,1.0,False,Kruskal-Wallis + Dunn,Cliff's delta,0.1519,small
copulagan + editednn,random + tomeklinks,1.0,False,Kruskal-Wallis + Dunn,Cliff's delta,0.0742,negligible
copulagan + editednn,gaussiancopula + onesidedselection,1.0,False,Kruskal-Wallis + Dunn,Cliff's delta,0.0608,negligible
copulagan + editednn,gaussiancopula + instancehardness,1.0,False,Kruskal-Wallis + Dunn,Cliff's delta,-0.0075,negligible
copulagan + editednn,gaussiancopula + clustercentroid,1.0,False,Kruskal-Wallis + Dunn,Cliff's delta,0.1132,negligible
copulagan + editednn,fastml + tomeklinks,1.0,False,Kruskal-Wallis + Dunn,Cliff's delta,0.0832,negligible
copulagan + editednn,fastml + random,1.0,False,Kruskal-Wallis + Dunn,Cliff's delta,0.1198,negligible
copulagan + editednn,fastml + onesidedselection,1.0,False,Kruskal-Wallis + Dunn,Cliff's delta,-0.001,negligible
copulagan + editednn,fastml + nearmiss,1.0,False,Kruskal-Wallis + Dunn,Cliff's delta,0.0537,negligible
copulagan + editednn,fastml + instancehardness,1.0,False,Kruskal-Wallis + Dunn,Cliff's delta,0.0107,negligible
copulagan + editednn,fastml + editednn,1.0,False,Kruskal-Wallis + Dunn,Cliff's delta,-0.1583,small
copulagan + editednn,fastml + clustercentroid,1.0,False,Kruskal-Wallis + Dunn,Cliff's delta,0.0923,negligible
copulagan + editednn,gaussiancopula + nearmiss,1.0,False,Kruskal-Wallis + Dunn,Cliff's delta,0.1033,negligible
copulagan + editednn,smote + clustercentroid,1.0,False,Kruskal-Wallis + Dunn,Cliff's delta,0.1077,negligible
copulagan + editednn,smote + editednn,1.0,False,Kruskal-Wallis + Dunn,Cliff's delta,-0.1887,small
copulagan + editednn,smote + instancehardness,1.0,False,Kruskal-Wallis + Dunn,Cliff's delta,-0.0229,negligible
copulagan + instancehardness,fastml + instancehardness,1.0,False,Kruskal-Wallis + Dunn,Cliff's delta,-0.0281,negligible
copulagan + instancehardness,fastml + clustercentroid,1.0,False,Kruskal-Wallis + Dunn,Cliff's delta,0.0749,negligible
copulagan + instancehardness,ctgan + tomeklinks,1.0,False,Kruskal-Wallis + Dunn,Cliff's delta,0.1214,negligible
copulagan + instancehardness,ctgan + onesidedselection,1.0,False,Kruskal-Wallis + Dunn,Cliff's delta,0.1477,small
copulagan + instancehardness,ctgan + nearmiss,1.0,False,Kruskal-Wallis + Dunn,Cliff's delta,0.173,small
copulagan + instancehardness,ctgan + instancehardness,1.0,False,Kruskal-Wallis + Dunn,Cliff's delta,-0.0231,negligible
copulagan + instancehardness,ctgan + editednn,1.0,False,Kruskal-Wallis + Dunn,Cliff's delta,-0.0652,negligible
copulagan + instancehardness,ctgan + clustercentroid,1.0,False,Kruskal-Wallis + Dunn,Cliff's delta,0.1979,small
copulagan + instancehardness,copulagan + tomeklinks,1.0,False,Kruskal-Wallis + Dunn,Cliff's delta,0.2039,small
copulagan + instancehardness,copulagan + onesidedselection,1.0,False,Kruskal-Wallis + Dunn,Cliff's delta,0.1552,small
copulagan + instancehardness,copulagan + nearmiss,1.0,False,Kruskal-Wallis + Dunn,Cliff's delta,0.1636,small
copulagan + editednn,tvae + tomeklinks,1.0,False,Kruskal-Wallis + Dunn,Cliff's delta,0.0504,negligible
copulagan + editednn,tvae + onesidedselection,1.0,False,Kruskal-Wallis + Dunn,Cliff's delta,0.0589,negligible
copulagan + editednn,tvae + nearmiss,1.0,False,Kruskal-Wallis + Dunn,Cliff's delta,0.0638,negligible
copulagan + editednn,tvae + instancehardness,1.0,False,Kruskal-Wallis + Dunn,Cliff's delta,-0.0227,negligible
copulagan + editednn,tvae + editednn,1.0,False,Kruskal-Wallis + Dunn,Cliff's delta,-0.1489,small
copulagan + editednn,tvae + clustercentroid,1.0,False,Kruskal-Wallis + Dunn,Cliff's delta,0.0561,negligible
copulagan + editednn,smote + tomeklinks,1.0,False,Kruskal-Wallis + Dunn,Cliff's delta,-0.0314,negligible
copulagan + editednn,smote + random,1.0,False,Kruskal-Wallis + Dunn,Cliff's delta,0.0651,negligible
copulagan + editednn,smote + onesidedselection,1.0,False,Kruskal-Wallis + Dunn,Cliff's delta,-0.0098,negligible
copulagan + editednn,smote + nearmiss,1.0,False,Kruskal-Wallis + Dunn,Cliff's delta,0.0358,negligible
copulagan + nearmiss,gaussiancopula + tomeklinks,1.0,False,Kruskal-Wallis + Dunn,Cliff's delta,-0.1609,small
fastml + clustercentroid,fastml + tomeklinks,1.0,False,Kruskal-Wallis + Dunn,Cliff's delta,-0.013,negligible
copulagan + nearmiss,random + clustercentroid,1.0,False,Kruskal-Wallis + Dunn,Cliff's delta,-0.0573,negligible
copulagan + nearmiss,random + onesidedselection,1.0,False,Kruskal-Wallis + Dunn,Cliff's delta,-0.1354,negligible
copulagan + tomeklinks,ctgan + tomeklinks,1.0,False,Kruskal-Wallis + Dunn,Cliff's delta,-0.0907,negligible
copulagan + tomeklinks,ctgan + random,1.0,False,Kruskal-Wallis + Dunn,Cliff's delta,0.0472,negligible
copulagan + tomeklinks,ctgan + onesidedselection,1.0,False,Kruskal-Wallis + Dunn,Cliff's delta,-0.0233,negligible
copulagan + tomeklinks,ctgan + nearmiss,1.0,False,Kruskal-Wallis + Dunn,Cliff's delta,0.0038,negligible
copulagan + tomeklinks,ctgan + instancehardness,1.0,False,Kruskal-Wallis + Dunn,Cliff's delta,-0.1729,small
copulagan + tomeklinks,ctgan + clustercentroid,1.0,False,Kruskal-Wallis + Dunn,Cliff's delta,0.0006,negligible
copulagan + random,tvae + tomeklinks,1.0,False,Kruskal-Wallis + Dunn,Cliff's delta,-0.2218,small
copulagan + random,tvae + random,1.0,False,Kruskal-Wallis + Dunn,Cliff's delta,-0.0274,negligible
copulagan + random,tvae + nearmiss,1.0,False,Kruskal-Wallis + Dunn,Cliff's delta,-0.1795,small
copulagan + tomeklinks,fastml + clustercentroid,1.0,False,Kruskal-Wallis + Dunn,Cliff's delta,-0.1234,negligible
copulagan + random,smote + clustercentroid,1.0,False,Kruskal-Wallis + Dunn,Cliff's delta,-0.1368,negligible
copulagan + random,random + random,1.0,False,Kruskal-Wallis + Dunn,Cliff's delta,-0.0744,negligible
copulagan + random,random + nearmiss,1.0,False,Kruskal-Wallis + Dunn,Cliff's delta,-0.1051,negligible
copulagan + random,random + clustercentroid,1.0,False,Kruskal-Wallis + Dunn,Cliff's delta,-0.1474,small
copulagan + random,gaussiancopula + random,1.0,False,Kruskal-Wallis + Dunn,Cliff's delta,-0.1088,negligible
copulagan + random,gaussiancopula + nearmiss,1.0,False,Kruskal-Wallis + Dunn,Cliff's delta,-0.153,small
copulagan + random,gaussiancopula + clustercentroid,1.0,False,Kruskal-Wallis + Dunn,Cliff's delta,-0.1466,negligible
copulagan + random,fastml + tomeklinks,1.0,False,Kruskal-Wallis + Dunn,Cliff's delta,-0.1938,small
copulagan + random,fastml + random,1.0,False,Kruskal-Wallis + Dunn,Cliff's delta,-0.1449,negligible
copulagan + random,fastml + nearmiss,1.0,False,Kruskal-Wallis + Dunn,Cliff's delta,-0.1986,small
copulagan + random,random + tomeklinks,1.0,False,Kruskal-Wallis + Dunn,Cliff's delta,-0.1891,small
copulagan + random,fastml + clustercentroid,1.0,False,Kruskal-Wallis + Dunn,Cliff's delta,-0.1727,small
copulagan + tomeklinks,fastml + instancehardness,1.0,False,Kruskal-Wallis + Dunn,Cliff's delta,-0.2011,small
copulagan + tomeklinks,fastml + random,1.0,False,Kruskal-Wallis + Dunn,Cliff's delta,-0.0974,negligible
ctgan + clustercentroid,ctgan + random,1.0,False,Kruskal-Wallis + Dunn,Cliff's delta,0.0354,negligible
ctgan + clustercentroid,ctgan + onesidedselection,1.0,False,Kruskal-Wallis + Dunn,Cliff's delta,-0.0644,negligible
ctgan + clustercentroid,ctgan + nearmiss,1.0,False,Kruskal-Wallis + Dunn,Cliff's delta,-0.01,negligible
ctgan + clustercentroid,ctgan + instancehardness,1.0,False,Kruskal-Wallis + Dunn,Cliff's delta,-0.1949,small
copulagan + tomeklinks,tvae + tomeklinks,1.0,False,Kruskal-Wallis + Dunn,Cliff's delta,-0.1644,small
copulagan + tomeklinks,tvae + random,1.0,False,Kruskal-Wallis + Dunn,Cliff's delta,0.0179,negligible
copulagan + tomeklinks,tvae + onesidedselection,1.0,False,Kruskal-Wallis + Dunn,Cliff's delta,-0.1965,small
copulagan + tomeklinks,tvae + nearmiss,1.0,False,Kruskal-Wallis + Dunn,Cliff's delta,-0.1679,small
copulagan + tomeklinks,tvae + clustercentroid,1.0,False,Kruskal-Wallis + Dunn,Cliff's delta,-0.1759,small
copulagan + tomeklinks,fastml + nearmiss,1.0,False,Kruskal-Wallis + Dunn,Cliff's delta,-0.1593,small
copulagan + tomeklinks,smote + random,1.0,False,Kruskal-Wallis + Dunn,Cliff's delta,-0.1507,small
copulagan + tomeklinks,random + tomeklinks,1.0,False,Kruskal-Wallis + Dunn,Cliff's delta,-0.1461,negligible
copulagan + tomeklinks,random + random,1.0,False,Kruskal-Wallis + Dunn,Cliff's delta,-0.0641,negligible
copulagan + tomeklinks,random + onesidedselection,1.0,False,Kruskal-Wallis + Dunn,Cliff's delta,-0.169,small
copulagan + tomeklinks,random + nearmiss,1.0,False,Kruskal-Wallis + Dunn,Cliff's delta,-0.0619,negligible
copulagan + tomeklinks,random + clustercentroid,1.0,False,Kruskal-Wallis + Dunn,Cliff's delta,-0.1084,negligible
copulagan + tomeklinks,gaussiancopula + random,1.0,False,Kruskal-Wallis + Dunn,Cliff's delta,-0.065,negligible
copulagan + tomeklinks,gaussiancopula + nearmiss,1.0,False,Kruskal-Wallis + Dunn,Cliff's delta,-0.1088,negligible
copulagan + tomeklinks,gaussiancopula + clustercentroid,1.0,False,Kruskal-Wallis + Dunn,Cliff's delta,-0.0963,negligible
copulagan + tomeklinks,fastml + tomeklinks,1.0,False,Kruskal-Wallis + Dunn,Cliff's delta,-0.1357,negligible
copulagan + tomeklinks,smote + clustercentroid,1.0,False,Kruskal-Wallis + Dunn,Cliff's delta,-0.0763,negligible
copulagan + random,ctgan + tomeklinks,1.0,False,Kruskal-Wallis + Dunn,Cliff's delta,-0.1078,negligible
copulagan + random,ctgan + random,1.0,False,Kruskal-Wallis + Dunn,Cliff's delta,0.0008,negligible
copulagan + random,ctgan + onesidedselection,1.0,False,Kruskal-Wallis + Dunn,Cliff's delta,-0.0822,negligible
copulagan + onesidedselection,fastml + instancehardness,1.0,False,Kruskal-Wallis + Dunn,Cliff's delta,-0.1416,negligible
copulagan + onesidedselection,fastml + clustercentroid,1.0,False,Kruskal-Wallis + Dunn,Cliff's delta,-0.0288,negligible
copulagan + onesidedselection,ctgan + tomeklinks,1.0,False,Kruskal-Wallis + Dunn,Cliff's delta,-0.0031,negligible
copulagan + onesidedselection,ctgan + random,1.0,False,Kruskal-Wallis + Dunn,Cliff's delta,0.1321,negligible
copulagan + onesidedselection,ctgan + onesidedselection,1.0,False,Kruskal-Wallis + Dunn,Cliff's delta,0.0544,negligible
copulagan + onesidedselection,ctgan + nearmiss,1.0,False,Kruskal-Wallis + Dunn,Cliff's delta,0.0822,negligible
copulagan + onesidedselection,ctgan + instancehardness,1.0,False,Kruskal-Wallis + Dunn,Cliff's delta,-0.1615,small
copulagan + onesidedselection,ctgan + editednn,1.0,False,Kruskal-Wallis + Dunn,Cliff's delta,-0.1543,small
copulagan + onesidedselection,ctgan + clustercentroid,1.0,False,Kruskal-Wallis + Dunn,Cliff's delta,0.0735,negligible
copulagan + onesidedselection,fastml + nearmiss,1.0,False,Kruskal-Wallis + Dunn,Cliff's delta,-0.1035,negligible
copulagan + onesidedselection,copulagan + tomeklinks,1.0,False,Kruskal-Wallis + Dunn,Cliff's delta,0.1153,negligible
copulagan + nearmiss,tvae + tomeklinks,1.0,False,Kruskal-Wallis + Dunn,Cliff's delta,-0.1072,negligible
copulagan + nearmiss,tvae + random,1.0,False,Kruskal-Wallis + Dunn,Cliff's delta,0.0378,negligible
copulagan + nearmiss,tvae + onesidedselection,1.0,False,Kruskal-Wallis + Dunn,Cliff's delta,-0.0987,negligible
copulagan + nearmiss,tvae + nearmiss,1.0,False,Kruskal-Wallis + Dunn,Cliff's delta,-0.1191,negligible
copulagan + nearmiss,tvae + clustercentroid,1.0,False,Kruskal-Wallis + Dunn,Cliff's delta,-0.1249,negligible
copulagan + nearmiss,smote + random,1.0,False,Kruskal-Wallis + Dunn,Cliff's delta,-0.1324,negligible
copulagan + nearmiss,smote + clustercentroid,1.0,False,Kruskal-Wallis + Dunn,Cliff's delta,-0.0394,negligible
copulagan + nearmiss,random + tomeklinks,1.0,False,Kruskal-Wallis + Dunn,Cliff's delta,-0.1016,negligible
copulagan + nearmiss,random + random,1.0,False,Kruskal-Wallis + Dunn,Cliff's delta,-0.0229,negligible
copulagan + onesidedselection,copulagan + random,1.0,False,Kruskal-Wallis + Dunn,Cliff's delta,0.1013,negligible
copulagan + onesidedselection,fastml + random,1.0,False,Kruskal-Wallis + Dunn,Cliff's delta,0.01,negligible
copulagan + onesidedselection,fastml + tomeklinks,1.0,False,Kruskal-Wallis + Dunn,Cliff's delta,-0.0425,negligible
copulagan + onesidedselection,gaussiancopula + clustercentroid,1.0,False,Kruskal-Wallis + Dunn,Cliff's delta,0.0181,negligible
copulagan + random,ctgan + nearmiss,1.0,False,Kruskal-Wallis + Dunn,Cliff's delta,-0.0168,negligible
copulagan + random,ctgan + clustercentroid,1.0,False,Kruskal-Wallis + Dunn,Cliff's delta,-0.018,negligible
copulagan + random,copulagan + tomeklinks,1.0,False,Kruskal-Wallis + Dunn,Cliff's delta,-0.0427,negligible
copulagan + onesidedselection,tvae + tomeklinks,1.0,False,Kruskal-Wallis + Dunn,Cliff's delta,-0.0717,negligible
copulagan + onesidedselection,tvae + random,1.0,False,Kruskal-Wallis + Dunn,Cliff's delta,0.0914,negligible
copulagan + onesidedselection,tvae + onesidedselection,1.0,False,Kruskal-Wallis + Dunn,Cliff's delta,-0.1401,negligible
copulagan + onesidedselection,tvae + nearmiss,1.0,False,Kruskal-Wallis + Dunn,Cliff's delta,-0.113,negligible
copulagan + onesidedselection,tvae + clustercentroid,1.0,False,Kruskal-Wallis + Dunn,Cliff's delta,-0.0652,negligible
copulagan + onesidedselection,smote + random,1.0,False,Kruskal-Wallis + Dunn,Cliff's delta,-0.0984,negligible
copulagan + onesidedselection,smote + onesidedselection,1.0,False,Kruskal-Wallis + Dunn,Cliff's delta,-0.1675,small
copulagan + onesidedselection,smote + nearmiss,1.0,False,Kruskal-Wallis + Dunn,Cliff's delta,-0.1678,small
copulagan + onesidedselection,smote + clustercentroid,1.0,False,Kruskal-Wallis + Dunn,Cliff's delta,0.002,negligible
copulagan + onesidedselection,random + tomeklinks,1.0,False,Kruskal-Wallis + Dunn,Cliff's delta,-0.0543,negligible
copulagan + onesidedselection,random + random,1.0,False,Kruskal-Wallis + Dunn,Cliff's delta,0.0244,negligible
copulagan + onesidedselection,random + onesidedselection,1.0,False,Kruskal-Wallis + Dunn,Cliff's delta,-0.0686,negligible
copulagan + onesidedselection,random + nearmiss,1.0,False,Kruskal-Wallis + Dunn,Cliff's delta,-0.0131,negligible
copulagan + onesidedselection,random + clustercentroid,1.0,False,Kruskal-Wallis + Dunn,Cliff's delta,-0.0037,negligible
copulagan + onesidedselection,gaussiancopula + tomeklinks,1.0,False,Kruskal-Wallis + Dunn,Cliff's delta,-0.1374,negligible
copulagan + onesidedselection,gaussiancopula + random,1.0,False,Kruskal-Wallis + Dunn,Cliff's delta,0.0219,negligible
copulagan + onesidedselection,gaussiancopula + onesidedselection,1.0,False,Kruskal-Wallis + Dunn,Cliff's delta,-0.1998,small
copulagan + onesidedselection,gaussiancopula + nearmiss,1.0,False,Kruskal-Wallis + Dunn,Cliff's delta,-0.0449,negligible
copulagan + nearmiss,random + nearmiss,1.0,False,Kruskal-Wallis + Dunn,Cliff's delta,-0.0376,negligible
tvae + random,tvae + tomeklinks,1.0,False,Kruskal-Wallis + Dunn,Cliff's delta,-0.1953,small
