trial_id,oversampling_method,oversampling_threshold,undersampling_method,undersampling_threshold,value,state,start_time,complete_time,total_time
1,copulagan,0.5,instancehardness,0.25,0.7655692454917912,COMPLETE,2025-03-29 01:36:59.800776,2025-03-29 01:37:25.233309,25.432533
2,tvae,1,clustercentroid,auto,0.712196761044398,COMPLETE,2025-03-29 01:37:25.247551,2025-03-29 01:37:37.762225,12.514674
3,gaussiancopula,0.5,editednn,0.0625,0.3898191076993236,COMPLETE,2025-03-29 01:37:37.783686,2025-03-29 01:37:43.769567,5.985881
4,fastml,0,instancehardness,0.125,0.7083334800857035,COMPLETE,2025-03-29 01:37:43.791532,2025-03-29 01:37:50.842373,7.050841
5,adasyn,0.25,condensednn,0.125,-1.0,COMPLETE,2025-03-29 01:37:50.854445,2025-03-29 01:37:50.896854,0.042409
6,adasyn,0,nearmiss,0.25,0.7213670299493693,COMPLETE,2025-03-29 01:37:50.909060,2025-03-29 01:37:56.691915,5.782855
7,random,0.5,editednn,0.5,0.49581923731358224,COMPLETE,2025-03-29 01:37:56.703437,2025-03-29 01:38:02.143103,5.439666
8,random,1,onesidedselection,0.0625,0.7587761049052938,COMPLETE,2025-03-29 01:38:02.166097,2025-03-29 01:38:09.342326,7.176229
9,random,0,condensednn,auto,0.7122316902168051,COMPLETE,2025-03-29 01:38:09.354419,2025-03-29 01:38:14.895620,5.541201
10,ctgan,0.5,random,0.125,0.7243999999999999,COMPLETE,2025-03-29 01:38:14.907918,2025-03-29 01:38:35.674716,20.766798
11,random,2,tomeklinks,0,0.7706303189002152,COMPLETE,2025-03-29 01:38:35.688911,2025-03-29 01:38:44.450588,8.761677
12,adasyn,2,editednn,0,0.7502419028024565,COMPLETE,2025-03-29 01:38:44.472359,2025-03-29 01:38:52.524488,8.052129
13,fastml,0,condensednn,0.25,0.7122316902168051,COMPLETE,2025-03-29 01:38:52.536596,2025-03-29 01:38:58.101374,5.564778
14,ctgan,2,condensednn,0.125,0.6653125,COMPLETE,2025-03-29 01:38:58.113451,2025-03-29 01:39:05.643752,7.530301
15,random,2,onesidedselection,0,0.7706303189002152,COMPLETE,2025-03-29 01:39:05.657397,2025-03-29 01:39:14.991470,9.334073
16,ctgan,0.25,random,auto,0.75,COMPLETE,2025-03-29 01:39:15.004894,2025-03-29 01:39:22.010890,7.005996
17,ctgan,0.25,condensednn,0.125,0.6700174644756689,COMPLETE,2025-03-29 01:39:22.023078,2025-03-29 01:39:28.079629,6.056551
18,fastml,0,condensednn,0,-1.0,ERROR,,,0.0
19,random,1,editednn,0.0625,0.6159590792838874,COMPLETE,2025-03-29 01:39:36.019287,2025-03-29 01:39:42.121975,6.102688
20,fastml,0,onesidedselection,0.0625,0.7228604118993135,COMPLETE,2025-03-29 01:39:42.133519,2025-03-29 01:39:48.545519,6.412
21,adasyn,0.5,nearmiss,0.25,0.7668,COMPLETE,2025-03-29 01:39:48.557469,2025-03-29 01:39:54.586895,6.029426
22,adasyn,0,editednn,auto,0.5500576354306227,COMPLETE,2025-03-29 01:39:54.609087,2025-03-29 01:39:59.219806,4.610719
23,copulagan,1,nearmiss,0.125,0.7341316614420061,COMPLETE,2025-03-29 01:39:59.231078,2025-03-29 01:40:05.665715,6.434637
24,random,0.25,tomeklinks,0.25,0.769190390617611,COMPLETE,2025-03-29 01:40:05.677541,2025-03-29 01:40:12.457288,6.779747
25,smote,2,onesidedselection,0.125,0.7662351190476191,COMPLETE,2025-03-29 01:40:12.478887,2025-03-29 01:40:19.984774,7.505887
26,fastml,0.5,clustercentroid,0.25,0.7041811481628671,COMPLETE,2025-03-29 01:40:20.005617,2025-03-29 01:40:27.075173,7.069556
27,ctgan,0.25,instancehardness,0.5,0.761236414200176,COMPLETE,2025-03-29 01:40:27.096394,2025-03-29 01:40:34.336778,7.240384
28,tvae,0,clustercentroid,0.5,0.75,COMPLETE,2025-03-29 01:40:34.348430,2025-03-29 01:40:41.596182,7.247752
29,gaussiancopula,0.5,tomeklinks,auto,0.7444583478160121,COMPLETE,2025-03-29 01:40:41.607418,2025-03-29 01:40:48.055189,6.447771
30,ctgan,0.5,editednn,0.25,0.39360025141420496,COMPLETE,2025-03-29 01:40:48.067290,2025-03-29 01:40:54.138786,6.071496
31,copulagan,0.25,instancehardness,0.125,0.7721158155442859,COMPLETE,2025-03-29 01:40:54.150691,2025-03-29 01:41:02.089458,7.938767
32,fastml,0.5,onesidedselection,0.0625,0.7237307152875174,COMPLETE,2025-03-29 01:41:02.110487,2025-03-29 01:41:09.706657,7.59617
33,tvae,auto,editednn,0.25,0.4895046904315196,COMPLETE,2025-03-29 01:41:09.718069,2025-03-29 01:41:14.713339,4.99527
34,ctgan,0.25,nearmiss,0.25,0.7456176919166243,COMPLETE,2025-03-29 01:41:14.734989,2025-03-29 01:41:21.013937,6.278948
35,adasyn,0.5,tomeklinks,0.25,0.769190390617611,COMPLETE,2025-03-29 01:41:21.026174,2025-03-29 01:41:28.708867,7.682693
36,smote,0.25,random,0.5,0.7244342211460855,COMPLETE,2025-03-29 01:41:28.730449,2025-03-29 01:41:34.762060,6.031611
37,tvae,1,onesidedselection,0.5,0.7443607864455921,COMPLETE,2025-03-29 01:41:34.773421,2025-03-29 01:41:41.372221,6.5988
38,smote,0,clustercentroid,0,-1.0,ERROR,,,0.0
39,ctgan,0.25,onesidedselection,0.5,0.7543858536438043,COMPLETE,2025-03-29 01:41:48.815299,2025-03-29 01:41:55.446202,6.630903
40,ctgan,2,condensednn,0.5,0.6653125,COMPLETE,2025-03-29 01:41:55.458200,2025-03-29 01:42:02.639040,7.18084
41,copulagan,0,condensednn,0,-1.0,ERROR,,,0.0
42,smote,1,clustercentroid,0.0625,0.7573423671550806,COMPLETE,2025-03-29 01:42:10.046176,2025-03-29 01:42:17.448549,7.402373
43,gaussiancopula,0.5,editednn,0.25,0.3898191076993236,COMPLETE,2025-03-29 01:42:17.469580,2025-03-29 01:42:22.546501,5.076921
44,gaussiancopula,2,condensednn,0.125,0.6072300007568303,COMPLETE,2025-03-29 01:42:22.557607,2025-03-29 01:42:28.922263,6.364656
45,copulagan,2,random,0,0.7744359880402284,COMPLETE,2025-03-29 01:42:28.934624,2025-03-29 01:42:37.259256,8.324632
46,tvae,0,condensednn,auto,0.7122316902168051,COMPLETE,2025-03-29 01:42:37.273585,2025-03-29 01:42:43.262051,5.988466
47,gaussiancopula,0.25,random,0.125,0.7362168266516094,COMPLETE,2025-03-29 01:42:43.275482,2025-03-29 01:42:49.999919,6.724437
48,copulagan,0.5,instancehardness,0,0.7372567783094098,COMPLETE,2025-03-29 01:42:50.021711,2025-03-29 01:42:56.561623,6.539912
49,adasyn,1,tomeklinks,0.125,0.7889290917921321,COMPLETE,2025-03-29 01:42:56.574054,2025-03-29 01:43:03.786190,7.212136
50,gaussiancopula,0.25,tomeklinks,0.5,0.7529984779299848,COMPLETE,2025-03-29 01:43:03.807149,2025-03-29 01:43:10.633400,6.826251
51,fastml,auto,condensednn,0.25,0.5992675635276532,COMPLETE,2025-03-29 01:43:10.654225,2025-03-29 01:43:17.789659,7.135434
52,gaussiancopula,0,tomeklinks,0.0625,0.751313053523296,COMPLETE,2025-03-29 01:43:17.810843,2025-03-29 01:43:24.068843,6.258
53,adasyn,0,tomeklinks,0.25,0.751313053523296,COMPLETE,2025-03-29 01:43:24.081812,2025-03-29 01:43:30.289308,6.207496
54,tvae,1,instancehardness,0,0.7675733038890934,COMPLETE,2025-03-29 01:43:30.301796,2025-03-29 01:43:37.714798,7.413002
55,ctgan,auto,nearmiss,0.125,0.7092728946157385,COMPLETE,2025-03-29 01:43:37.727067,2025-03-29 01:43:44.667669,6.940602
56,smote,0,editednn,0.0625,0.5500576354306227,COMPLETE,2025-03-29 01:43:44.679654,2025-03-29 01:43:49.302872,4.623218
57,copulagan,0,random,0.125,0.7541465062846331,COMPLETE,2025-03-29 01:43:49.315214,2025-03-29 01:43:55.622970,6.307756
58,gaussiancopula,auto,random,0,0.7343357192473801,COMPLETE,2025-03-29 01:43:55.635177,2025-03-29 01:44:02.421434,6.786257
59,ctgan,0.5,instancehardness,auto,0.7355836397058824,COMPLETE,2025-03-29 01:44:02.433117,2025-03-29 01:44:10.371867,7.93875
60,random,auto,nearmiss,0.25,0.7730179807278387,COMPLETE,2025-03-29 01:44:10.387077,2025-03-29 01:44:18.465822,8.078745
61,random,0.5,instancehardness,0.0625,0.7371035662587182,COMPLETE,2025-03-29 01:44:18.479465,2025-03-29 01:44:26.328206,7.848741
62,adasyn,auto,tomeklinks,0,0.7502419028024565,COMPLETE,2025-03-29 01:44:26.343068,2025-03-29 01:44:35.024655,8.681587
63,random,0.25,nearmiss,auto,0.7838736681887366,COMPLETE,2025-03-29 01:44:35.040268,2025-03-29 01:44:42.372071,7.331803
64,gaussiancopula,0,condensednn,0.0625,0.7122316902168051,COMPLETE,2025-03-29 01:44:42.400059,2025-03-29 01:44:48.587469,6.18741
65,ctgan,0.25,clustercentroid,0,0.7838736681887366,COMPLETE,2025-03-29 01:44:48.599955,2025-03-29 01:44:57.489883,8.889928
66,smote,2,clustercentroid,0.25,0.7404043529286248,COMPLETE,2025-03-29 01:44:57.502214,2025-03-29 01:45:04.955099,7.452885
67,smote,0.5,instancehardness,0,0.7686511383076722,COMPLETE,2025-03-29 01:45:04.977420,2025-03-29 01:45:12.501715,7.524295
68,gaussiancopula,0.5,nearmiss,0.0625,0.7009103595167272,COMPLETE,2025-03-29 01:45:12.514835,2025-03-29 01:45:19.948338,7.433503
69,ctgan,auto,nearmiss,0.0625,0.6619649828463268,COMPLETE,2025-03-29 01:45:19.962173,2025-03-29 01:45:28.149489,8.187316
70,fastml,0.25,clustercentroid,auto,0.7502419028024565,COMPLETE,2025-03-29 01:45:28.161932,2025-03-29 01:45:36.673769,8.511837
71,ctgan,0,instancehardness,0.25,0.7469968340117593,COMPLETE,2025-03-29 01:45:36.688191,2025-03-29 01:45:44.562242,7.874051
72,smote,0.5,onesidedselection,0.125,0.7329382151029747,COMPLETE,2025-03-29 01:45:44.584990,2025-03-29 01:45:52.713984,8.128994
73,ctgan,0,condensednn,0,-1.0,ERROR,,,0.0
74,smote,0.25,tomeklinks,0,0.7529984779299848,COMPLETE,2025-03-29 01:46:01.028032,2025-03-29 01:46:09.332731,8.304699
75,random,auto,random,0.0625,0.7305891413169041,COMPLETE,2025-03-29 01:46:09.347397,2025-03-29 01:46:17.098325,7.750928
76,fastml,0.25,condensednn,0.5,0.646045232907978,COMPLETE,2025-03-29 01:46:17.110941,2025-03-29 01:46:23.646160,6.535219
77,fastml,1,clustercentroid,auto,0.7390852390852394,COMPLETE,2025-03-29 01:46:23.668611,2025-03-29 01:46:31.976806,8.308195
78,fastml,0.25,instancehardness,0.0625,0.751313053523296,COMPLETE,2025-03-29 01:46:31.990421,2025-03-29 01:46:39.826315,7.835894
79,fastml,0.5,editednn,0.0625,0.4168571428571429,COMPLETE,2025-03-29 01:46:39.838626,2025-03-29 01:46:45.758893,5.920267
80,tvae,0,clustercentroid,auto,0.7530938215102975,COMPLETE,2025-03-29 01:46:45.771328,2025-03-29 01:46:53.571733,7.800405
81,smote,0.25,nearmiss,0.25,0.764298323036187,COMPLETE,2025-03-29 01:46:53.585703,2025-03-29 01:47:00.719879,7.134176
82,fastml,2,condensednn,0.25,0.5992675635276532,COMPLETE,2025-03-29 01:47:00.754785,2025-03-29 01:47:08.392531,7.637746
83,fastml,1,condensednn,0.5,0.5992675635276532,COMPLETE,2025-03-29 01:47:08.415862,2025-03-29 01:47:16.080468,7.664606
84,adasyn,2,tomeklinks,0.0625,0.7889290917921321,COMPLETE,2025-03-29 01:47:16.103010,2025-03-29 01:47:23.880219,7.777209
85,copulagan,auto,onesidedselection,auto,0.7289839572192512,COMPLETE,2025-03-29 01:47:23.893919,2025-03-29 01:47:31.551768,7.657849
86,adasyn,1,editednn,0,0.7502419028024565,COMPLETE,2025-03-29 01:47:31.564619,2025-03-29 01:47:40.085278,8.520659
87,ctgan,1,clustercentroid,0.5,0.7660290556900726,COMPLETE,2025-03-29 01:47:40.098536,2025-03-29 01:47:48.085427,7.986891
88,fastml,auto,onesidedselection,0.125,0.6735273418655467,COMPLETE,2025-03-29 01:47:48.099578,2025-03-29 01:47:56.263159,8.163581
89,fastml,0.5,clustercentroid,0.0625,0.7389290475485113,COMPLETE,2025-03-29 01:47:56.286925,2025-03-29 01:48:04.227921,7.940996
90,random,1,onesidedselection,0.5,0.7587761049052938,COMPLETE,2025-03-29 01:48:04.240372,2025-03-29 01:48:11.956852,7.71648
91,tvae,0.5,condensednn,0.25,0.7168478701825559,COMPLETE,2025-03-29 01:48:11.969321,2025-03-29 01:48:18.293777,6.324456
92,fastml,2,onesidedselection,0.0625,0.6735273418655467,COMPLETE,2025-03-29 01:48:18.306655,2025-03-29 01:48:26.424904,8.118249
93,copulagan,2,onesidedselection,0.0625,0.7289839572192512,COMPLETE,2025-03-29 01:48:26.450064,2025-03-29 01:48:34.040783,7.590719
94,smote,1,condensednn,0.125,0.6940563261874737,COMPLETE,2025-03-29 01:48:34.053496,2025-03-29 01:48:41.743645,7.690149
95,adasyn,0.25,tomeklinks,0,-1.0,COMPLETE,2025-03-29 01:48:41.756482,2025-03-29 01:48:41.800846,0.044364
96,fastml,0.25,instancehardness,auto,0.7149727725640135,COMPLETE,2025-03-29 01:48:41.813237,2025-03-29 01:48:49.723368,7.910131
97,tvae,0.5,clustercentroid,0.5,0.7153441237038911,COMPLETE,2025-03-29 01:48:49.735511,2025-03-29 01:48:57.025177,7.289666
98,copulagan,auto,clustercentroid,0.0625,0.7168686100870358,COMPLETE,2025-03-29 01:48:57.048075,2025-03-29 01:49:06.802816,9.754741
99,adasyn,1,clustercentroid,0.0625,0.7132516738263864,COMPLETE,2025-03-29 01:49:06.825780,2025-03-29 01:49:14.739467,7.913687
100,adasyn,1,instancehardness,0.25,0.7487251092763478,COMPLETE,2025-03-29 01:49:14.751625,2025-03-29 01:49:22.260028,7.508403
101,gaussiancopula,0.25,nearmiss,0.5,0.7343357192473801,COMPLETE,2025-03-29 01:49:22.274023,2025-03-29 01:49:28.619643,6.34562
102,gaussiancopula,0.25,editednn,0,0.7573318235462984,COMPLETE,2025-03-29 01:49:28.632645,2025-03-29 01:49:35.946695,7.31405
103,fastml,0,onesidedselection,0.25,0.7228604118993135,COMPLETE,2025-03-29 01:49:35.959162,2025-03-29 01:49:42.676574,6.717412
104,tvae,2,nearmiss,0.0625,0.667051154933715,COMPLETE,2025-03-29 01:49:42.690436,2025-03-29 01:49:50.107714,7.417278
105,adasyn,0.25,condensednn,0.0625,-1.0,COMPLETE,2025-03-29 01:49:50.120008,2025-03-29 01:49:50.166464,0.046456
106,tvae,0.25,editednn,0.125,0.6436995219204558,COMPLETE,2025-03-29 01:49:50.178532,2025-03-29 01:49:55.885390,5.706858
107,fastml,0.25,editednn,0.0625,0.5727754813993345,COMPLETE,2025-03-29 01:49:55.898828,2025-03-29 01:50:02.417030,6.518202
108,fastml,auto,condensednn,0.5,0.5992675635276532,COMPLETE,2025-03-29 01:50:02.429602,2025-03-29 01:50:10.159948,7.730346
109,copulagan,0,condensednn,0.0625,0.7122316902168051,COMPLETE,2025-03-29 01:50:10.173156,2025-03-29 01:50:16.272970,6.099814
110,smote,auto,clustercentroid,0.125,0.7477054200265387,COMPLETE,2025-03-29 01:50:16.285569,2025-03-29 01:50:25.010316,8.724747
111,tvae,1,tomeklinks,0.0625,0.7324837834650313,COMPLETE,2025-03-29 01:50:25.022830,2025-03-29 01:50:31.905481,6.882651
112,copulagan,0.25,clustercentroid,auto,0.7648087774294672,COMPLETE,2025-03-29 01:50:31.918635,2025-03-29 01:50:39.893058,7.974423
113,gaussiancopula,0.5,nearmiss,auto,0.7644109208420162,COMPLETE,2025-03-29 01:50:39.907471,2025-03-29 01:50:46.851867,6.944396
114,ctgan,0.5,nearmiss,0.125,0.7015476605131777,COMPLETE,2025-03-29 01:50:46.866893,2025-03-29 01:50:55.447933,8.58104
115,ctgan,2,clustercentroid,0.0625,0.7358257986739,COMPLETE,2025-03-29 01:50:55.462885,2025-03-29 01:51:05.910189,10.447304
116,fastml,0,editednn,0.25,0.5500576354306227,COMPLETE,2025-03-29 01:51:05.933778,2025-03-29 01:51:10.900872,4.967094
117,copulagan,0.25,random,0.25,0.7443607864455921,COMPLETE,2025-03-29 01:51:10.914029,2025-03-29 01:51:18.597037,7.683008
118,tvae,1,condensednn,0.0625,0.7072494929006085,COMPLETE,2025-03-29 01:51:18.610460,2025-03-29 01:51:26.282207,7.671747
119,ctgan,1,onesidedselection,0.5,0.7204006229990483,COMPLETE,2025-03-29 01:51:26.294035,2025-03-29 01:51:33.769691,7.475656
120,random,auto,random,0.125,0.7196162280701754,COMPLETE,2025-03-29 01:51:33.791898,2025-03-29 01:51:42.189957,8.398059
121,adasyn,0,onesidedselection,auto,0.7228604118993135,COMPLETE,2025-03-29 01:51:42.214119,2025-03-29 01:51:48.862264,6.648145
122,smote,0.25,onesidedselection,0,0.7529984779299848,COMPLETE,2025-03-29 01:51:48.875309,2025-03-29 01:51:57.069016,8.193707
123,ctgan,0,condensednn,0.0625,0.7122316902168051,COMPLETE,2025-03-29 01:51:57.081626,2025-03-29 01:52:03.056479,5.974853
124,ctgan,0.5,condensednn,0.125,0.6351611253196932,COMPLETE,2025-03-29 01:52:03.068717,2025-03-29 01:52:10.243126,7.174409
125,tvae,0.5,condensednn,0.5,0.7168478701825559,COMPLETE,2025-03-29 01:52:10.255748,2025-03-29 01:52:16.808935,6.553187
126,gaussiancopula,0.5,condensednn,0.0625,0.6584240279086349,COMPLETE,2025-03-29 01:52:16.822359,2025-03-29 01:52:22.915039,6.09268
127,adasyn,auto,editednn,0.5,0.43810172980844064,COMPLETE,2025-03-29 01:52:22.929143,2025-03-29 01:52:29.447079,6.517936
128,random,0.5,instancehardness,0.5,0.7271512697828487,COMPLETE,2025-03-29 01:52:29.460863,2025-03-29 01:52:37.083288,7.622425
129,tvae,auto,random,0.0625,0.7211085426079648,COMPLETE,2025-03-29 01:52:37.096314,2025-03-29 01:52:44.712203,7.615889
130,tvae,auto,nearmiss,0.5,0.697643810400368,COMPLETE,2025-03-29 01:52:44.725259,2025-03-29 01:52:51.913197,7.187938
131,smote,0.25,condensednn,0.25,0.703421052631579,COMPLETE,2025-03-29 01:52:51.936256,2025-03-29 01:52:58.305685,6.369429
132,random,2,random,auto,0.7486739808947318,COMPLETE,2025-03-29 01:52:58.317648,2025-03-29 01:53:05.242409,6.924761
133,tvae,0.25,clustercentroid,0.25,0.7341316614420061,COMPLETE,2025-03-29 01:53:05.255557,2025-03-29 01:53:12.687389,7.431832
134,random,0,nearmiss,0,-1.0,ERROR,,,0.0
135,gaussiancopula,0.5,clustercentroid,auto,0.7648087774294672,COMPLETE,2025-03-29 01:53:20.794966,2025-03-29 01:53:28.955502,8.160536
136,fastml,auto,editednn,0,0.7052529761904762,COMPLETE,2025-03-29 01:53:28.980128,2025-03-29 01:53:37.740786,8.760658
137,ctgan,0.25,random,0,0.7838736681887366,COMPLETE,2025-03-29 01:53:37.753424,2025-03-29 01:53:45.970340,8.216916
138,copulagan,2,instancehardness,0.25,0.7648087774294672,COMPLETE,2025-03-29 01:53:45.983201,2025-03-29 01:53:54.101174,8.117973
139,copulagan,0.5,tomeklinks,auto,0.7423917914848449,COMPLETE,2025-03-29 01:53:54.114813,2025-03-29 01:54:01.762253,7.64744
140,random,0.25,condensednn,0.25,0.6794071650841778,COMPLETE,2025-03-29 01:54:01.785005,2025-03-29 01:54:08.175407,6.390402
141,random,1,editednn,auto,0.6159590792838874,COMPLETE,2025-03-29 01:54:08.197224,2025-03-29 01:54:14.402692,6.205468
142,gaussiancopula,0.25,tomeklinks,0,0.7573318235462984,COMPLETE,2025-03-29 01:54:14.415668,2025-03-29 01:54:21.718150,7.302482
143,adasyn,0.25,random,0.25,-1.0,COMPLETE,2025-03-29 01:54:21.730386,2025-03-29 01:54:21.777332,0.046946
144,random,0.25,condensednn,0.0625,0.6794071650841778,COMPLETE,2025-03-29 01:54:21.789283,2025-03-29 01:54:28.156531,6.367248
145,adasyn,0,tomeklinks,auto,0.751313053523296,COMPLETE,2025-03-29 01:54:28.178433,2025-03-29 01:54:35.121924,6.943491
146,smote,1,tomeklinks,0.125,0.7852601880877742,COMPLETE,2025-03-29 01:54:35.134902,2025-03-29 01:54:43.158155,8.023253
147,ctgan,auto,onesidedselection,0.25,0.7204006229990483,COMPLETE,2025-03-29 01:54:43.179903,2025-03-29 01:54:50.617210,7.437307
148,smote,auto,clustercentroid,0.0625,0.7573423671550806,COMPLETE,2025-03-29 01:54:50.639711,2025-03-29 01:54:58.813384,8.173673
149,ctgan,auto,editednn,0.0625,0.5799551569506726,COMPLETE,2025-03-29 01:54:58.835562,2025-03-29 01:55:04.628599,5.793037
150,ctgan,2,clustercentroid,0.125,0.775793142096599,COMPLETE,2025-03-29 01:55:04.641623,2025-03-29 01:55:13.480444,8.838821
151,tvae,0.25,random,auto,0.7243106520491679,COMPLETE,2025-03-29 01:55:13.492522,2025-03-29 01:55:19.959108,6.466586
152,tvae,1,onesidedselection,0.25,0.7443607864455921,COMPLETE,2025-03-29 01:55:19.972675,2025-03-29 01:55:27.171685,7.19901
153,gaussiancopula,2,onesidedselection,0.125,0.7327827996958689,COMPLETE,2025-03-29 01:55:27.194710,2025-03-29 01:55:34.705951,7.511241
154,tvae,0,onesidedselection,0.125,0.7228604118993135,COMPLETE,2025-03-29 01:55:34.718019,2025-03-29 01:55:41.444577,6.726558
155,copulagan,auto,editednn,0.5,0.46681309604265225,COMPLETE,2025-03-29 01:55:41.457933,2025-03-29 01:55:47.466907,6.008974
156,random,0.5,tomeklinks,0,0.7587761049052938,COMPLETE,2025-03-29 01:55:47.479445,2025-03-29 01:55:55.702548,8.223103
157,adasyn,1,nearmiss,0.125,0.6486647173489279,COMPLETE,2025-03-29 01:55:55.715241,2025-03-29 01:56:03.647766,7.932525
158,fastml,auto,instancehardness,0.25,0.7069402527297265,COMPLETE,2025-03-29 01:56:03.670279,2025-03-29 01:56:12.305271,8.634992
159,tvae,1,editednn,0.0625,0.4895046904315196,COMPLETE,2025-03-29 01:56:12.318547,2025-03-29 01:56:18.070299,5.751752
160,copulagan,auto,onesidedselection,0.125,0.7289839572192512,COMPLETE,2025-03-29 01:56:18.093291,2025-03-29 01:56:25.938462,7.845171
161,smote,0,tomeklinks,0.25,0.751313053523296,COMPLETE,2025-03-29 01:56:25.951316,2025-03-29 01:56:32.911863,6.960547
162,fastml,0.25,instancehardness,0,0.7495218295218296,COMPLETE,2025-03-29 01:56:32.923883,2025-03-29 01:56:40.980901,8.057018
163,random,auto,condensednn,0.0625,0.7081169711960424,COMPLETE,2025-03-29 01:56:41.002280,2025-03-29 01:56:48.095023,7.092743
164,smote,2,nearmiss,0.5,0.7307887678399946,COMPLETE,2025-03-29 01:56:48.118686,2025-03-29 01:56:55.417559,7.298873
165,adasyn,1,tomeklinks,auto,0.7889290917921321,COMPLETE,2025-03-29 01:56:55.430170,2025-03-29 01:57:03.285298,7.855128
166,fastml,auto,onesidedselection,0,0.7052529761904762,COMPLETE,2025-03-29 01:57:03.308932,2025-03-29 01:57:12.168431,8.859499
167,adasyn,2,tomeklinks,0.125,0.7889290917921321,COMPLETE,2025-03-29 01:57:12.184200,2025-03-29 01:57:20.083638,7.899438
168,ctgan,0.25,random,0.25,0.7443573667711598,COMPLETE,2025-03-29 01:57:20.099275,2025-03-29 01:57:27.118790,7.019515
169,ctgan,1,condensednn,0.125,0.6653125,COMPLETE,2025-03-29 01:57:27.137829,2025-03-29 01:57:35.044882,7.907053
170,tvae,2,clustercentroid,0.0625,0.7477054200265387,COMPLETE,2025-03-29 01:57:35.060840,2025-03-29 01:57:44.363335,9.302495
171,gaussiancopula,0.25,onesidedselection,0,0.7573318235462984,COMPLETE,2025-03-29 01:57:44.376248,2025-03-29 01:57:51.831071,7.454823
172,gaussiancopula,0.25,editednn,auto,0.57908617508026,COMPLETE,2025-03-29 01:57:51.844337,2025-03-29 01:57:57.504881,5.660544
173,smote,0.5,tomeklinks,0.25,0.7744359880402284,COMPLETE,2025-03-29 01:57:57.517292,2025-03-29 01:58:06.160987,8.643695
174,fastml,1,condensednn,0,0.7052529761904762,COMPLETE,2025-03-29 01:58:06.184255,2025-03-29 01:58:15.120864,8.936609
175,adasyn,0,random,0,-1.0,ERROR,,,0.0
176,random,2,random,0.125,0.7196162280701754,COMPLETE,2025-03-29 01:58:23.598911,2025-03-29 01:58:32.080511,8.4816
177,ctgan,2,editednn,0.25,0.5799551569506726,COMPLETE,2025-03-29 01:58:32.103994,2025-03-29 01:58:38.262071,6.158077
178,gaussiancopula,auto,editednn,0.0625,0.3464418675617943,COMPLETE,2025-03-29 01:58:38.274593,2025-03-29 01:58:43.775900,5.501307
179,copulagan,0.25,instancehardness,0.5,0.7882836363636363,COMPLETE,2025-03-29 01:58:43.798838,2025-03-29 01:58:52.740543,8.941705
180,copulagan,0.5,instancehardness,auto,0.7730645161290322,COMPLETE,2025-03-29 01:58:52.754406,2025-03-29 01:59:00.367071,7.612665
181,smote,0.5,onesidedselection,0.0625,0.7329382151029747,COMPLETE,2025-03-29 01:59:00.381940,2025-03-29 01:59:08.159815,7.777875
182,gaussiancopula,0.5,random,0.125,0.7179344944461223,COMPLETE,2025-03-29 01:59:08.172090,2025-03-29 01:59:15.313738,7.141648
183,fastml,1,nearmiss,0.5,0.7118315575849822,COMPLETE,2025-03-29 01:59:15.327310,2025-03-29 01:59:21.902673,6.575363
184,copulagan,auto,condensednn,0.5,0.5889968730456535,COMPLETE,2025-03-29 01:59:21.914839,2025-03-29 01:59:29.594642,7.679803
185,fastml,1,tomeklinks,0.125,0.6691497060153776,COMPLETE,2025-03-29 01:59:29.619316,2025-03-29 01:59:37.030902,7.411586
186,copulagan,1,tomeklinks,0.125,0.7044206848357792,COMPLETE,2025-03-29 01:59:37.043763,2025-03-29 01:59:44.493810,7.450047
187,gaussiancopula,2,clustercentroid,0.0625,0.7170045890696705,COMPLETE,2025-03-29 01:59:44.506381,2025-03-29 01:59:52.744344,8.237963
188,gaussiancopula,0,editednn,0.0625,0.5500576354306227,COMPLETE,2025-03-29 01:59:52.757573,2025-03-29 01:59:57.670174,4.912601
189,ctgan,0.5,random,0,0.7286486486486488,COMPLETE,2025-03-29 01:59:57.683361,2025-03-29 02:00:06.003255,8.319894
190,random,1,tomeklinks,0.0625,0.7676581289273069,COMPLETE,2025-03-29 02:00:06.025524,2025-03-29 02:00:13.537263,7.511739
191,random,0.25,instancehardness,0,0.7574677953625323,COMPLETE,2025-03-29 02:00:13.559631,2025-03-29 02:00:21.061680,7.502049
192,adasyn,1,clustercentroid,0.5,0.726507099244915,COMPLETE,2025-03-29 02:00:21.074112,2025-03-29 02:00:29.384385,8.310273
193,smote,2,condensednn,0,0.7622078075244721,COMPLETE,2025-03-29 02:00:29.397704,2025-03-29 02:00:37.724610,8.326906
194,smote,auto,condensednn,auto,0.6940563261874737,COMPLETE,2025-03-29 02:00:37.738674,2025-03-29 02:00:45.378563,7.639889
195,ctgan,2,onesidedselection,0.125,0.7204006229990483,COMPLETE,2025-03-29 02:00:45.392131,2025-03-29 02:00:52.936686,7.544555
196,ctgan,0.25,random,0.125,0.7443573667711598,COMPLETE,2025-03-29 02:00:52.959414,2025-03-29 02:00:59.747055,6.787641
197,fastml,0.25,nearmiss,0,0.7495218295218296,COMPLETE,2025-03-29 02:00:59.760856,2025-03-29 02:01:07.752049,7.991193
198,adasyn,1,nearmiss,auto,0.7142348955392435,COMPLETE,2025-03-29 02:01:07.775968,2025-03-29 02:01:14.497972,6.722004
199,fastml,0,clustercentroid,0,-1.0,ERROR,,,0.0
200,smote,0,nearmiss,0.25,0.7213670299493693,COMPLETE,2025-03-29 02:01:22.804217,2025-03-29 02:01:29.265642,6.461425
201,copulagan,0.5,editednn,0.5,0.4793958724202627,COMPLETE,2025-03-29 02:01:29.279065,2025-03-29 02:01:35.211138,5.932073
202,copulagan,2,nearmiss,auto,0.7281575711718529,COMPLETE,2025-03-29 02:01:35.223544,2025-03-29 02:01:41.959639,6.736095
203,tvae,0.25,clustercentroid,0.0625,0.7539193023011452,COMPLETE,2025-03-29 02:01:41.971650,2025-03-29 02:01:49.917729,7.946079
204,ctgan,1,onesidedselection,0.125,0.7204006229990483,COMPLETE,2025-03-29 02:01:49.942683,2025-03-29 02:01:57.406482,7.463799
205,ctgan,0.25,nearmiss,0.125,0.7307887678399946,COMPLETE,2025-03-29 02:01:57.419845,2025-03-29 02:02:05.063397,7.643552
206,fastml,auto,instancehardness,0,0.7052529761904762,COMPLETE,2025-03-29 02:02:05.077184,2025-03-29 02:02:13.746297,8.669113
207,ctgan,0,nearmiss,0,-1.0,ERROR,,,0.0
208,tvae,auto,condensednn,0.0625,0.7072494929006085,COMPLETE,2025-03-29 02:02:22.068711,2025-03-29 02:02:29.642505,7.573794
209,copulagan,auto,onesidedselection,0.5,0.7289839572192512,COMPLETE,2025-03-29 02:02:29.655710,2025-03-29 02:02:37.463294,7.807584
210,gaussiancopula,1,tomeklinks,0.125,0.7169401709401708,COMPLETE,2025-03-29 02:02:37.475673,2025-03-29 02:02:44.876617,7.400944
211,fastml,0.25,tomeklinks,auto,0.721311399586815,COMPLETE,2025-03-29 02:02:44.899544,2025-03-29 02:02:52.182909,7.283365
212,gaussiancopula,0.5,instancehardness,0,0.7545830721003134,COMPLETE,2025-03-29 02:02:52.195570,2025-03-29 02:02:59.289545,7.093975
213,ctgan,0.25,nearmiss,0,0.7838736681887366,COMPLETE,2025-03-29 02:02:59.313437,2025-03-29 02:03:07.604634,8.291197
214,ctgan,1,editednn,0.0625,0.5799551569506726,COMPLETE,2025-03-29 02:03:07.617340,2025-03-29 02:03:13.449104,5.831764
215,smote,auto,tomeklinks,0.5,0.7852601880877742,COMPLETE,2025-03-29 02:03:13.575171,2025-03-29 02:03:21.537875,7.962704
216,tvae,0.25,tomeklinks,0,0.7427067478437341,COMPLETE,2025-03-29 02:03:21.560679,2025-03-29 02:03:28.991888,7.431209
217,ctgan,0.5,instancehardness,0.0625,0.7584413595998776,COMPLETE,2025-03-29 02:03:29.004837,2025-03-29 02:03:37.978686,8.973849
218,adasyn,auto,condensednn,0.25,0.7081169711960424,COMPLETE,2025-03-29 02:03:38.001891,2025-03-29 02:03:45.912605,7.910714
219,random,0,onesidedselection,auto,0.7228604118993135,COMPLETE,2025-03-29 02:03:45.926023,2025-03-29 02:03:52.696573,6.77055
220,tvae,1,random,auto,0.7088322368421052,COMPLETE,2025-03-29 02:03:52.709797,2025-03-29 02:03:59.612206,6.902409
221,adasyn,2,onesidedselection,0.5,0.7125091517920485,COMPLETE,2025-03-29 02:03:59.626535,2025-03-29 02:04:07.641041,8.014506
222,gaussiancopula,0.5,onesidedselection,0,0.7545830721003134,COMPLETE,2025-03-29 02:04:07.653628,2025-03-29 02:04:14.825228,7.1716
223,copulagan,1,instancehardness,auto,0.7443607864455921,COMPLETE,2025-03-29 02:04:14.848782,2025-03-29 02:04:23.724874,8.876092
224,fastml,1,nearmiss,0.25,0.7196162280701754,COMPLETE,2025-03-29 02:04:23.738070,2025-03-29 02:04:30.892075,7.154005
225,smote,0,condensednn,0.5,0.7122316902168051,COMPLETE,2025-03-29 02:04:30.915512,2025-03-29 02:04:36.836899,5.921387
226,adasyn,0.25,onesidedselection,0,-1.0,COMPLETE,2025-03-29 02:04:36.849276,2025-03-29 02:04:36.900617,0.051341
227,fastml,1,onesidedselection,0.5,0.6735273418655467,COMPLETE,2025-03-29 02:04:36.912972,2025-03-29 02:04:45.046389,8.133417
228,fastml,auto,condensednn,0.0625,0.5992675635276532,COMPLETE,2025-03-29 02:04:45.069377,2025-03-29 02:04:52.644024,7.574647
229,tvae,0.25,onesidedselection,auto,0.7423917914848449,COMPLETE,2025-03-29 02:04:52.666827,2025-03-29 02:05:00.227102,7.560275
230,smote,2,instancehardness,0.125,0.7703950103950103,COMPLETE,2025-03-29 02:05:00.239804,2025-03-29 02:05:08.180468,7.940664
231,fastml,auto,nearmiss,0,0.7052529761904762,COMPLETE,2025-03-29 02:05:08.203811,2025-03-29 02:05:17.005743,8.801932
232,smote,0.25,editednn,0.25,0.5771043287754023,COMPLETE,2025-03-29 02:05:17.029516,2025-03-29 02:05:22.690877,5.661361
233,tvae,0.25,editednn,0.0625,0.6436995219204558,COMPLETE,2025-03-29 02:05:22.713389,2025-03-29 02:05:28.292463,5.579074
234,copulagan,0.25,editednn,auto,0.4716523717836513,COMPLETE,2025-03-29 02:05:28.305488,2025-03-29 02:05:34.272900,5.967412
235,tvae,0,editednn,auto,0.5500576354306227,COMPLETE,2025-03-29 02:05:34.295864,2025-03-29 02:05:39.200518,4.904654
236,adasyn,2,random,0,0.7502419028024565,COMPLETE,2025-03-29 02:05:39.214321,2025-03-29 02:05:47.720265,8.505944
237,ctgan,auto,tomeklinks,0.5,0.7453768382352942,COMPLETE,2025-03-29 02:05:47.734183,2025-03-29 02:05:55.103901,7.369718
238,smote,0.25,random,auto,0.7244342211460855,COMPLETE,2025-03-29 02:05:55.118094,2025-03-29 02:06:01.709427,6.591333
239,random,0.5,condensednn,0.125,0.6939879632562558,COMPLETE,2025-03-29 02:06:01.723337,2025-03-29 02:06:08.355492,6.632155
240,tvae,1,condensednn,auto,0.7072494929006085,COMPLETE,2025-03-29 02:06:08.367831,2025-03-29 02:06:16.090960,7.723129
241,fastml,0,condensednn,0.5,0.7122316902168051,COMPLETE,2025-03-29 02:06:16.106015,2025-03-29 02:06:22.035236,5.929221
242,tvae,2,random,auto,0.7088322368421052,COMPLETE,2025-03-29 02:06:22.048609,2025-03-29 02:06:28.990609,6.942
243,tvae,1,nearmiss,auto,0.697643810400368,COMPLETE,2025-03-29 02:06:29.017348,2025-03-29 02:06:36.323950,7.306602
244,smote,0.5,random,0,0.7686511383076722,COMPLETE,2025-03-29 02:06:36.340431,2025-03-29 02:06:44.088216,7.747785
245,gaussiancopula,auto,clustercentroid,0.5,0.7223958026870649,COMPLETE,2025-03-29 02:06:44.105729,2025-03-29 02:06:51.708126,7.602397
246,tvae,auto,onesidedselection,auto,0.7443607864455921,COMPLETE,2025-03-29 02:06:51.721014,2025-03-29 02:06:58.882158,7.161144
247,tvae,auto,tomeklinks,0,0.7675733038890934,COMPLETE,2025-03-29 02:06:58.904262,2025-03-29 02:07:06.884733,7.980471
248,copulagan,0,instancehardness,0.125,0.7083334800857035,COMPLETE,2025-03-29 02:07:06.897865,2025-03-29 02:07:14.509984,7.612119
249,adasyn,0.5,clustercentroid,auto,0.7587761049052938,COMPLETE,2025-03-29 02:07:14.523704,2025-03-29 02:07:22.100105,7.576401
250,gaussiancopula,auto,nearmiss,0.25,0.6932380952380953,COMPLETE,2025-03-29 02:07:22.113190,2025-03-29 02:07:28.909062,6.795872
251,copulagan,1,condensednn,0.25,0.5889968730456535,COMPLETE,2025-03-29 02:07:28.921567,2025-03-29 02:07:36.412463,7.490896
252,tvae,auto,nearmiss,0,0.7675733038890934,COMPLETE,2025-03-29 02:07:36.436005,2025-03-29 02:07:44.505753,8.069748
253,copulagan,auto,onesidedselection,0.0625,0.7289839572192512,COMPLETE,2025-03-29 02:07:44.519034,2025-03-29 02:07:52.163246,7.644212
254,fastml,0,tomeklinks,0.25,0.751313053523296,COMPLETE,2025-03-29 02:07:52.177138,2025-03-29 02:07:59.033576,6.856438
255,ctgan,1,clustercentroid,0.25,0.7686511383076722,COMPLETE,2025-03-29 02:07:59.045768,2025-03-29 02:08:06.923885,7.878117
256,ctgan,0,random,0.25,0.7243106520491679,COMPLETE,2025-03-29 02:08:06.937986,2025-03-29 02:08:13.703697,6.765711
257,ctgan,0,editednn,0.0625,0.5500576354306227,COMPLETE,2025-03-29 02:08:13.716314,2025-03-29 02:08:18.649077,4.932763
258,adasyn,auto,onesidedselection,0.5,0.7125091517920485,COMPLETE,2025-03-29 02:08:18.662059,2025-03-29 02:08:26.786424,8.124365
259,fastml,auto,tomeklinks,0.25,0.6691497060153776,COMPLETE,2025-03-29 02:08:26.800587,2025-03-29 02:08:34.430174,7.629587
260,tvae,0.5,condensednn,0,0.7459077380952381,COMPLETE,2025-03-29 02:08:34.453996,2025-03-29 02:08:42.350032,7.896036
261,adasyn,0.5,condensednn,0,0.7676581289273069,COMPLETE,2025-03-29 02:08:42.363585,2025-03-29 02:08:50.214570,7.850985
262,copulagan,1,nearmiss,0,0.7744359880402284,COMPLETE,2025-03-29 02:08:50.228199,2025-03-29 02:08:58.851302,8.623103
263,copulagan,0.5,tomeklinks,0.0625,0.7423917914848449,COMPLETE,2025-03-29 02:08:58.864806,2025-03-29 02:09:06.912971,8.048165
264,smote,2,instancehardness,0.0625,0.7446093189964158,COMPLETE,2025-03-29 02:09:06.926289,2025-03-29 02:09:15.004766,8.078477
265,fastml,0.5,nearmiss,0.25,0.7366792127842813,COMPLETE,2025-03-29 02:09:15.018060,2025-03-29 02:09:21.999740,6.98168
266,copulagan,0,editednn,0.5,0.5500576354306227,COMPLETE,2025-03-29 02:09:22.022404,2025-03-29 02:09:26.951960,4.929556
267,fastml,auto,clustercentroid,0,0.7052529761904762,COMPLETE,2025-03-29 02:09:26.965782,2025-03-29 02:09:35.816882,8.8511
268,random,auto,tomeklinks,auto,0.7676581289273069,COMPLETE,2025-03-29 02:09:35.839456,2025-03-29 02:09:43.354796,7.51534
269,fastml,0.25,nearmiss,0.5,0.7311436253897423,COMPLETE,2025-03-29 02:09:43.377700,2025-03-29 02:09:49.606754,6.229054
270,gaussiancopula,0.5,random,0.25,0.75,COMPLETE,2025-03-29 02:09:49.629633,2025-03-29 02:09:56.811443,7.18181
271,copulagan,1,condensednn,auto,0.5889968730456535,COMPLETE,2025-03-29 02:09:56.825678,2025-03-29 02:10:04.361500,7.535822
272,gaussiancopula,0.25,instancehardness,0,0.7573318235462984,COMPLETE,2025-03-29 02:10:04.384570,2025-03-29 02:10:11.556034,7.171464
273,gaussiancopula,1,random,0.125,0.7048763146200563,COMPLETE,2025-03-29 02:10:11.574095,2025-03-29 02:10:18.238123,6.664028
274,ctgan,0.5,editednn,auto,0.39360025141420496,COMPLETE,2025-03-29 02:10:18.250864,2025-03-29 02:10:24.836229,6.585365
275,random,1,onesidedselection,0.125,0.7587761049052938,COMPLETE,2025-03-29 02:10:24.849513,2025-03-29 02:10:32.644530,7.795017
276,fastml,1,editednn,auto,0.483261935742168,COMPLETE,2025-03-29 02:10:32.657026,2025-03-29 02:10:38.534862,5.877836
277,adasyn,0.5,condensednn,0.25,0.6842869269949066,COMPLETE,2025-03-29 02:10:38.549274,2025-03-29 02:10:45.180705,6.631431
278,tvae,2,clustercentroid,0.25,0.7153441237038911,COMPLETE,2025-03-29 02:10:45.193202,2025-03-29 02:10:53.062972,7.86977
279,adasyn,0.25,nearmiss,0.0625,-1.0,COMPLETE,2025-03-29 02:10:53.085532,2025-03-29 02:10:53.138355,0.052823
280,tvae,auto,clustercentroid,0.125,0.7306293706293707,COMPLETE,2025-03-29 02:10:53.151671,2025-03-29 02:11:00.883296,7.731625
281,random,2,editednn,0,0.7706303189002152,COMPLETE,2025-03-29 02:11:00.896311,2025-03-29 02:11:10.552235,9.655924
282,copulagan,0.5,tomeklinks,0.125,0.7423917914848449,COMPLETE,2025-03-29 02:11:10.577079,2025-03-29 02:11:18.756692,8.179613
283,adasyn,0.5,tomeklinks,0.5,0.769190390617611,COMPLETE,2025-03-29 02:11:18.772826,2025-03-29 02:11:27.660807,8.887981
284,smote,0.25,instancehardness,0.5,0.7587418181818183,COMPLETE,2025-03-29 02:11:27.673954,2025-03-29 02:11:34.897573,7.223619
285,fastml,0,condensednn,0.125,0.7122316902168051,COMPLETE,2025-03-29 02:11:34.911527,2025-03-29 02:11:41.003796,6.092269
286,tvae,0,tomeklinks,0,-1.0,ERROR,,,0.0
287,smote,auto,condensednn,0.125,0.6940563261874737,COMPLETE,2025-03-29 02:11:49.505304,2025-03-29 02:11:57.450192,7.944888
288,smote,1,onesidedselection,auto,0.7662351190476191,COMPLETE,2025-03-29 02:11:57.463288,2025-03-29 02:12:05.985130,8.521842
289,tvae,auto,nearmiss,0.125,0.6728947368421052,COMPLETE,2025-03-29 02:12:06.007869,2025-03-29 02:12:13.527320,7.519451
290,gaussiancopula,0,onesidedselection,0.5,0.7228604118993135,COMPLETE,2025-03-29 02:12:13.552695,2025-03-29 02:12:20.415185,6.86249
291,adasyn,0.5,nearmiss,0.5,0.7706303189002152,COMPLETE,2025-03-29 02:12:20.429055,2025-03-29 02:12:26.954595,6.52554
292,gaussiancopula,2,condensednn,auto,0.6072300007568303,COMPLETE,2025-03-29 02:12:26.977142,2025-03-29 02:12:33.949761,6.972619
293,copulagan,0.25,editednn,0,0.7427067478437341,COMPLETE,2025-03-29 02:12:33.963435,2025-03-29 02:12:41.830831,7.867396
294,gaussiancopula,0.25,clustercentroid,0.125,0.7112974910394264,COMPLETE,2025-03-29 02:12:41.843168,2025-03-29 02:12:49.450588,7.60742
295,tvae,1,tomeklinks,0,0.7675733038890934,COMPLETE,2025-03-29 02:12:49.463912,2025-03-29 02:12:57.497737,8.033825
296,fastml,2,tomeklinks,auto,0.6691497060153776,COMPLETE,2025-03-29 02:12:57.510389,2025-03-29 02:13:04.831376,7.320987
297,gaussiancopula,1,editednn,0.25,0.3464418675617943,COMPLETE,2025-03-29 02:13:04.843766,2025-03-29 02:13:10.241719,5.397953
298,random,0.25,instancehardness,auto,0.7567199857815693,COMPLETE,2025-03-29 02:13:10.263829,2025-03-29 02:13:17.656188,7.392359
299,smote,1,condensednn,0.25,0.6940563261874737,COMPLETE,2025-03-29 02:13:17.669750,2025-03-29 02:13:25.304829,7.635079
300,tvae,auto,condensednn,auto,0.7072494929006085,COMPLETE,2025-03-29 02:13:25.317680,2025-03-29 02:13:32.876525,7.558845
301,gaussiancopula,0.25,random,0,0.7573318235462984,COMPLETE,2025-03-29 02:13:32.890790,2025-03-29 02:13:40.137016,7.246226
302,smote,1,clustercentroid,0,0.7622078075244721,COMPLETE,2025-03-29 02:13:40.151213,2025-03-29 02:13:48.353395,8.202182
303,ctgan,1,tomeklinks,0,0.7648087774294672,COMPLETE,2025-03-29 02:13:48.366117,2025-03-29 02:13:56.723897,8.35778
304,fastml,0.5,clustercentroid,auto,0.7293577296489918,COMPLETE,2025-03-29 02:13:56.737206,2025-03-29 02:14:04.309062,7.571856
305,tvae,1,editednn,0.5,0.4895046904315196,COMPLETE,2025-03-29 02:14:04.331922,2025-03-29 02:14:09.783746,5.451824
306,tvae,1,instancehardness,0.5,0.7356419151290409,COMPLETE,2025-03-29 02:14:09.805341,2025-03-29 02:14:17.089218,7.283877
307,random,0,instancehardness,0.5,0.7506968162704882,COMPLETE,2025-03-29 02:14:17.101773,2025-03-29 02:14:24.189929,7.088156
308,ctgan,0,onesidedselection,0.25,0.7228604118993135,COMPLETE,2025-03-29 02:14:24.212218,2025-03-29 02:14:30.763768,6.55155
309,adasyn,2,instancehardness,0.125,0.7605423445974133,COMPLETE,2025-03-29 02:14:30.775639,2025-03-29 02:14:39.284264,8.508625
310,ctgan,1,instancehardness,0.125,0.688297782914784,COMPLETE,2025-03-29 02:14:39.306582,2025-03-29 02:14:47.038375,7.731793
311,gaussiancopula,0.25,clustercentroid,0.5,0.7660290556900726,COMPLETE,2025-03-29 02:14:47.060523,2025-03-29 02:14:55.645005,8.584482
312,tvae,auto,clustercentroid,auto,0.7112974910394264,COMPLETE,2025-03-29 02:14:55.668401,2025-03-29 02:15:03.680272,8.011871
313,gaussiancopula,1,instancehardness,0.25,0.7149727725640135,COMPLETE,2025-03-29 02:15:03.702745,2025-03-29 02:15:11.604289,7.901544
314,smote,auto,editednn,0.25,0.45127585947491156,COMPLETE,2025-03-29 02:15:11.617828,2025-03-29 02:15:17.268169,5.650341
315,adasyn,1,clustercentroid,0.25,0.7009103595167272,COMPLETE,2025-03-29 02:15:17.280698,2025-03-29 02:15:24.821322,7.540624
316,ctgan,auto,onesidedselection,0,0.7648087774294672,COMPLETE,2025-03-29 02:15:24.834568,2025-03-29 02:15:33.352828,8.51826
317,random,0,instancehardness,0.125,0.7083334800857035,COMPLETE,2025-03-29 02:15:33.365744,2025-03-29 02:15:40.800575,7.434831
318,gaussiancopula,0.5,clustercentroid,0.5,0.7648087774294672,COMPLETE,2025-03-29 02:15:40.817402,2025-03-29 02:15:49.109704,8.292302
319,copulagan,0.5,random,auto,0.7179344944461223,COMPLETE,2025-03-29 02:15:49.127167,2025-03-29 02:15:55.704456,6.577289
320,copulagan,auto,tomeklinks,0.125,0.7044206848357792,COMPLETE,2025-03-29 02:15:55.717843,2025-03-29 02:16:03.116582,7.398739
321,smote,2,onesidedselection,0,0.7622078075244721,COMPLETE,2025-03-29 02:16:03.130011,2025-03-29 02:16:11.401474,8.271463
322,gaussiancopula,2,editednn,0.25,0.3464418675617943,COMPLETE,2025-03-29 02:16:11.418977,2025-03-29 02:16:16.816025,5.397048
323,adasyn,0,condensednn,0.125,0.7122316902168051,COMPLETE,2025-03-29 02:16:16.838537,2025-03-29 02:16:22.780909,5.942372
324,random,0.5,random,0.125,0.7182120582120584,COMPLETE,2025-03-29 02:16:22.794587,2025-03-29 02:16:29.992045,7.197458
325,ctgan,0,condensednn,0.25,0.7122316902168051,COMPLETE,2025-03-29 02:16:30.004681,2025-03-29 02:16:36.414211,6.40953
326,copulagan,0,tomeklinks,0.0625,0.751313053523296,COMPLETE,2025-03-29 02:16:36.426728,2025-03-29 02:16:43.357834,6.931106
327,adasyn,0,editednn,0,-1.0,ERROR,,,0.0
328,copulagan,0.25,random,auto,0.7281575711718529,COMPLETE,2025-03-29 02:16:51.463325,2025-03-29 02:16:58.535452,7.072127
329,gaussiancopula,1,clustercentroid,auto,0.7223958026870649,COMPLETE,2025-03-29 02:16:58.547937,2025-03-29 02:17:06.200074,7.652137
330,random,1,tomeklinks,0,0.7706303189002152,COMPLETE,2025-03-29 02:17:06.213878,2025-03-29 02:17:15.711224,9.497346
331,tvae,auto,random,0.5,0.7088322368421052,COMPLETE,2025-03-29 02:17:15.735269,2025-03-29 02:17:22.425454,6.690185
332,gaussiancopula,auto,condensednn,0,0.7343357192473801,COMPLETE,2025-03-29 02:17:22.437921,2025-03-29 02:17:29.732740,7.294819
333,copulagan,0.5,condensednn,0.125,0.6781488291325111,COMPLETE,2025-03-29 02:17:29.745512,2025-03-29 02:17:35.918919,6.173407
334,gaussiancopula,2,tomeklinks,0.0625,0.7169401709401708,COMPLETE,2025-03-29 02:17:35.931872,2025-03-29 02:17:42.827088,6.895216
335,copulagan,1,instancehardness,0.125,0.7307887678399946,COMPLETE,2025-03-29 02:17:42.849280,2025-03-29 02:17:51.110279,8.260999
336,adasyn,0.25,tomeklinks,0.0625,-1.0,COMPLETE,2025-03-29 02:17:51.124968,2025-03-29 02:17:51.177291,0.052323
337,copulagan,0,clustercentroid,0.25,0.7430160183066361,COMPLETE,2025-03-29 02:17:51.190896,2025-03-29 02:17:58.795913,7.605017
338,ctgan,auto,clustercentroid,0,0.7648087774294672,COMPLETE,2025-03-29 02:17:58.810291,2025-03-29 02:18:07.282407,8.472116
339,random,0.5,onesidedselection,auto,0.7556303470540761,COMPLETE,2025-03-29 02:18:07.302896,2025-03-29 02:18:14.849819,7.546923
340,smote,0,onesidedselection,0.5,0.7228604118993135,COMPLETE,2025-03-29 02:18:14.871655,2025-03-29 02:18:21.616863,6.745208
341,copulagan,0.5,nearmiss,auto,0.7502419028024565,COMPLETE,2025-03-29 02:18:21.630514,2025-03-29 02:18:28.089258,6.458744
342,gaussiancopula,auto,nearmiss,0.0625,0.7061201501877347,COMPLETE,2025-03-29 02:18:28.112078,2025-03-29 02:18:35.315228,7.20315
343,gaussiancopula,0.25,onesidedselection,0.5,0.7732494279176201,COMPLETE,2025-03-29 02:18:35.327882,2025-03-29 02:18:43.150004,7.822122
344,ctgan,auto,editednn,0,0.7648087774294672,COMPLETE,2025-03-29 02:18:43.169581,2025-03-29 02:18:51.903718,8.734137
345,random,0.25,condensednn,0,0.7574677953625323,COMPLETE,2025-03-29 02:18:51.916974,2025-03-29 02:18:59.493373,7.576399
346,tvae,1,clustercentroid,0.0625,0.7477054200265387,COMPLETE,2025-03-29 02:18:59.506861,2025-03-29 02:19:08.360158,8.853297
347,copulagan,1,random,0.0625,0.6969580419580419,COMPLETE,2025-03-29 02:19:08.372889,2025-03-29 02:19:16.213991,7.841102
348,tvae,0.5,onesidedselection,0.125,0.726930596285435,COMPLETE,2025-03-29 02:19:16.236717,2025-03-29 02:19:23.992303,7.755586
349,smote,0,nearmiss,0.125,0.735,COMPLETE,2025-03-29 02:19:24.009692,2025-03-29 02:19:31.346133,7.336441
350,smote,2,tomeklinks,0,0.7622078075244721,COMPLETE,2025-03-29 02:19:31.359748,2025-03-29 02:19:39.641674,8.281926
351,ctgan,1,clustercentroid,0,0.7648087774294672,COMPLETE,2025-03-29 02:19:39.654184,2025-03-29 02:19:48.090718,8.436534
352,copulagan,2,onesidedselection,0.25,0.7289839572192512,COMPLETE,2025-03-29 02:19:48.103975,2025-03-29 02:19:55.838552,7.734577
353,adasyn,0.5,onesidedselection,0,0.7676581289273069,COMPLETE,2025-03-29 02:19:55.852494,2025-03-29 02:20:03.805506,7.953012
354,smote,0.5,random,0.0625,0.7459077380952381,COMPLETE,2025-03-29 02:20:03.839266,2025-03-29 02:20:11.367243,7.527977
355,smote,0.5,tomeklinks,0.5,0.7744359880402284,COMPLETE,2025-03-29 02:20:11.382116,2025-03-29 02:20:19.931707,8.549591
356,random,2,condensednn,0.25,0.7081169711960424,COMPLETE,2025-03-29 02:20:19.962849,2025-03-29 02:20:26.927903,6.965054
357,ctgan,0.25,nearmiss,0.5,0.7213670299493693,COMPLETE,2025-03-29 02:20:26.951391,2025-03-29 02:20:33.799101,6.84771
358,gaussiancopula,auto,instancehardness,auto,0.7409202208301153,COMPLETE,2025-03-29 02:20:33.811775,2025-03-29 02:20:42.246048,8.434273
359,adasyn,0,onesidedselection,0.25,0.7228604118993135,COMPLETE,2025-03-29 02:20:42.259915,2025-03-29 02:20:49.178533,6.918618
360,random,0,condensednn,0.0625,0.7122316902168051,COMPLETE,2025-03-29 02:20:49.191907,2025-03-29 02:20:55.272958,6.081051
361,ctgan,1,condensednn,0.0625,0.6653125,COMPLETE,2025-03-29 02:20:55.286332,2025-03-29 02:21:03.268295,7.981963
362,gaussiancopula,0,clustercentroid,0.125,0.7362168266516094,COMPLETE,2025-03-29 02:21:03.281689,2025-03-29 02:21:10.962578,7.680889
363,adasyn,0.25,clustercentroid,0.5,-1.0,COMPLETE,2025-03-29 02:21:10.976213,2025-03-29 02:21:11.031417,0.055204
364,tvae,auto,instancehardness,0.125,0.7327679416137316,COMPLETE,2025-03-29 02:21:11.043603,2025-03-29 02:21:19.552547,8.508944
365,smote,1,onesidedselection,0.125,0.7662351190476191,COMPLETE,2025-03-29 02:21:19.566138,2025-03-29 02:21:27.801514,8.235376
366,tvae,auto,random,0,0.7675733038890934,COMPLETE,2025-03-29 02:21:27.825110,2025-03-29 02:21:35.922009,8.096899
367,adasyn,0.5,condensednn,auto,0.6842869269949066,COMPLETE,2025-03-29 02:21:35.935865,2025-03-29 02:21:42.777232,6.841367
368,ctgan,auto,editednn,0.25,0.5799551569506726,COMPLETE,2025-03-29 02:21:42.790651,2025-03-29 02:21:48.694712,5.904061
369,smote,auto,tomeklinks,0.0625,0.7852601880877742,COMPLETE,2025-03-29 02:21:48.707375,2025-03-29 02:21:56.703842,7.996467
370,ctgan,0.5,clustercentroid,0.25,0.735,COMPLETE,2025-03-29 02:21:56.727257,2025-03-29 02:22:04.174171,7.446914
371,random,0.5,instancehardness,auto,0.7271512697828487,COMPLETE,2025-03-29 02:22:04.187207,2025-03-29 02:22:11.840004,7.652797
372,smote,0.25,clustercentroid,0,0.7529984779299848,COMPLETE,2025-03-29 02:22:11.853841,2025-03-29 02:22:20.547160,8.693319
373,copulagan,0.25,random,0.125,0.7706303189002152,COMPLETE,2025-03-29 02:22:20.561962,2025-03-29 02:22:27.620410,7.058448
374,smote,auto,editednn,0,0.7622078075244721,COMPLETE,2025-03-29 02:22:27.634055,2025-03-29 02:22:36.026915,8.39286
375,random,2,instancehardness,0,0.7706303189002152,COMPLETE,2025-03-29 02:22:36.040663,2025-03-29 02:22:45.509399,9.468736
376,random,0.5,editednn,0.25,0.49581923731358224,COMPLETE,2025-03-29 02:22:45.532243,2025-03-29 02:22:51.287933,5.75569
377,ctgan,0.5,condensednn,0.25,0.6351611253196932,COMPLETE,2025-03-29 02:22:51.312333,2025-03-29 02:22:58.539943,7.22761
378,copulagan,0,random,0.5,0.7502419028024565,COMPLETE,2025-03-29 02:22:58.553326,2025-03-29 02:23:05.341486,6.78816
379,tvae,2,nearmiss,0.5,0.697643810400368,COMPLETE,2025-03-29 02:23:05.364657,2025-03-29 02:23:12.303476,6.938819
380,fastml,0.5,clustercentroid,0.125,0.7196162280701754,COMPLETE,2025-03-29 02:23:12.321742,2025-03-29 02:23:20.271836,7.950094
381,random,1,onesidedselection,auto,0.7587761049052938,COMPLETE,2025-03-29 02:23:20.287514,2025-03-29 02:23:28.147130,7.859616
382,fastml,1,random,auto,0.6973829565875342,COMPLETE,2025-03-29 02:23:28.160517,2025-03-29 02:23:35.640286,7.479769
383,tvae,0,condensednn,0.25,0.7122316902168051,COMPLETE,2025-03-29 02:23:35.654280,2025-03-29 02:23:41.770092,6.115812
384,gaussiancopula,0,clustercentroid,0,-1.0,ERROR,,,0.0
385,copulagan,0.25,instancehardness,0.0625,0.7688271005342401,COMPLETE,2025-03-29 02:23:50.341266,2025-03-29 02:23:58.816671,8.475405
386,tvae,0,random,0.125,0.7541465062846331,COMPLETE,2025-03-29 02:23:58.831710,2025-03-29 02:24:05.525795,6.694085
387,gaussiancopula,1,onesidedselection,0.125,0.7327827996958689,COMPLETE,2025-03-29 02:24:05.539210,2025-03-29 02:24:13.226415,7.687205
388,smote,0.5,condensednn,0.125,0.6797255642053943,COMPLETE,2025-03-29 02:24:13.239210,2025-03-29 02:24:20.270476,7.031266
389,gaussiancopula,0.25,editednn,0.0625,0.57908617508026,COMPLETE,2025-03-29 02:24:20.294656,2025-03-29 02:24:26.165504,5.870848
390,smote,0.5,condensednn,0,0.7686511383076722,COMPLETE,2025-03-29 02:24:26.178590,2025-03-29 02:24:34.074199,7.895609
391,smote,0,condensednn,auto,0.7122316902168051,COMPLETE,2025-03-29 02:24:34.091619,2025-03-29 02:24:40.331893,6.240274
392,copulagan,0.25,condensednn,0,0.7427067478437341,COMPLETE,2025-03-29 02:24:40.346558,2025-03-29 02:24:48.585823,8.239265
393,smote,0,condensednn,0.25,0.7122316902168051,COMPLETE,2025-03-29 02:24:48.599995,2025-03-29 02:24:54.775644,6.175649
394,gaussiancopula,1,editednn,0.125,0.3464418675617943,COMPLETE,2025-03-29 02:24:54.791200,2025-03-29 02:25:00.415775,5.624575
395,gaussiancopula,0.5,clustercentroid,0.25,0.743347062861626,COMPLETE,2025-03-29 02:25:00.439674,2025-03-29 02:25:08.171320,7.731646
396,fastml,0.5,tomeklinks,0,0.7473622868359711,COMPLETE,2025-03-29 02:25:08.190686,2025-03-29 02:25:16.022363,7.831677
397,adasyn,0,clustercentroid,0,-1.0,ERROR,,,0.0
398,gaussiancopula,0.25,editednn,0.125,0.57908617508026,COMPLETE,2025-03-29 02:25:24.537760,2025-03-29 02:25:30.263237,5.725477
399,ctgan,auto,nearmiss,auto,0.6925999999999999,COMPLETE,2025-03-29 02:25:30.277868,2025-03-29 02:25:37.720389,7.442521
400,copulagan,2,instancehardness,0.125,0.7307887678399946,COMPLETE,2025-03-29 02:25:37.733725,2025-03-29 02:25:46.772092,9.038367
401,ctgan,0,onesidedselection,auto,0.7228604118993135,COMPLETE,2025-03-29 02:25:46.797166,2025-03-29 02:25:53.766527,6.969361
402,adasyn,2,onesidedselection,auto,0.7125091517920485,COMPLETE,2025-03-29 02:25:53.780776,2025-03-29 02:26:02.166507,8.385731
403,adasyn,auto,onesidedselection,0,0.7502419028024565,COMPLETE,2025-03-29 02:26:02.180135,2025-03-29 02:26:11.511990,9.331855
404,adasyn,1,instancehardness,0.0625,0.7562467644521139,COMPLETE,2025-03-29 02:26:11.525523,2025-03-29 02:26:19.971791,8.446268
405,smote,0.5,onesidedselection,0,0.7686511383076722,COMPLETE,2025-03-29 02:26:19.986067,2025-03-29 02:26:27.876791,7.890724
406,copulagan,1,condensednn,0,0.7744359880402284,COMPLETE,2025-03-29 02:26:27.889518,2025-03-29 02:26:36.744948,8.85543
407,tvae,0.5,nearmiss,0.0625,0.699234702812511,COMPLETE,2025-03-29 02:26:36.759242,2025-03-29 02:26:43.812249,7.053007
408,fastml,0.5,nearmiss,auto,0.73,COMPLETE,2025-03-29 02:26:43.825120,2025-03-29 02:26:51.162746,7.337626
409,ctgan,0.5,clustercentroid,0.125,0.750279958524663,COMPLETE,2025-03-29 02:26:51.185999,2025-03-29 02:26:59.406509,8.22051
410,smote,2,instancehardness,auto,0.7453768382352942,COMPLETE,2025-03-29 02:26:59.430545,2025-03-29 02:27:07.385843,7.955298
411,smote,1,editednn,0.25,0.45127585947491156,COMPLETE,2025-03-29 02:27:07.400206,2025-03-29 02:27:13.275272,5.875066
412,fastml,0.25,nearmiss,0.125,0.7545830721003134,COMPLETE,2025-03-29 02:27:13.289871,2025-03-29 02:27:20.249074,6.959203
413,fastml,0,instancehardness,0,-1.0,ERROR,,,0.0
414,copulagan,0,editednn,0.0625,0.5500576354306227,COMPLETE,2025-03-29 02:27:28.682868,2025-03-29 02:27:33.775066,5.092198
415,gaussiancopula,0.25,nearmiss,0.0625,0.7392224571294338,COMPLETE,2025-03-29 02:27:33.788448,2025-03-29 02:27:41.756616,7.968168
416,tvae,0,onesidedselection,0.0625,0.7228604118993135,COMPLETE,2025-03-29 02:27:41.770283,2025-03-29 02:27:48.666722,6.896439
417,ctgan,1,instancehardness,0.25,0.7560714285714286,COMPLETE,2025-03-29 02:27:48.679905,2025-03-29 02:27:56.748020,8.068115
418,ctgan,0.5,onesidedselection,0.125,0.7324837834650313,COMPLETE,2025-03-29 02:27:56.762906,2025-03-29 02:28:04.498762,7.735856
419,copulagan,1,condensednn,0.0625,0.5889968730456535,COMPLETE,2025-03-29 02:28:04.512301,2025-03-29 02:28:12.383705,7.871404
420,copulagan,auto,nearmiss,0,0.7744359880402284,COMPLETE,2025-03-29 02:28:12.407437,2025-03-29 02:28:21.404743,8.997306
421,tvae,auto,editednn,0.125,0.4895046904315196,COMPLETE,2025-03-29 02:28:21.433685,2025-03-29 02:28:27.185092,5.751407
422,smote,1,condensednn,0.5,0.6940563261874737,COMPLETE,2025-03-29 02:28:27.207991,2025-03-29 02:28:35.325099,8.117108
423,ctgan,1,tomeklinks,0.25,0.7453768382352942,COMPLETE,2025-03-29 02:28:35.339760,2025-03-29 02:28:42.890102,7.550342
424,smote,0.25,clustercentroid,0.125,0.7624606775058776,COMPLETE,2025-03-29 02:28:42.903983,2025-03-29 02:28:50.842613,7.93863
425,copulagan,0.25,instancehardness,0.25,0.76,COMPLETE,2025-03-29 02:28:50.857563,2025-03-29 02:28:59.314678,8.457115
426,fastml,auto,nearmiss,auto,0.7118315575849822,COMPLETE,2025-03-29 02:28:59.328814,2025-03-29 02:29:06.136657,6.807843
427,ctgan,1,nearmiss,0,0.7648087774294672,COMPLETE,2025-03-29 02:29:06.149787,2025-03-29 02:29:14.949586,8.799799
428,random,0.5,condensednn,0.0625,0.6939879632562558,COMPLETE,2025-03-29 02:29:14.963314,2025-03-29 02:29:21.792554,6.82924
429,tvae,2,editednn,0,0.7675733038890934,COMPLETE,2025-03-29 02:29:21.806379,2025-03-29 02:29:30.117694,8.311315
430,fastml,auto,condensednn,0.125,0.5992675635276532,COMPLETE,2025-03-29 02:29:30.131484,2025-03-29 02:29:37.971031,7.839547
431,gaussiancopula,2,nearmiss,0.125,0.7263529074032726,COMPLETE,2025-03-29 02:29:37.985291,2025-03-29 02:29:45.061922,7.076631
432,tvae,2,clustercentroid,0.125,0.7196162280701754,COMPLETE,2025-03-29 02:29:45.076817,2025-03-29 02:29:53.123135,8.046318
433,gaussiancopula,1,tomeklinks,auto,0.7169401709401708,COMPLETE,2025-03-29 02:29:53.138337,2025-03-29 02:30:00.360946,7.222609
434,copulagan,0,instancehardness,0.0625,0.7502419028024565,COMPLETE,2025-03-29 02:30:00.374829,2025-03-29 02:30:08.811521,8.436692
435,adasyn,0.25,instancehardness,0.25,-1.0,COMPLETE,2025-03-29 02:30:08.826957,2025-03-29 02:30:08.885605,0.058648
436,copulagan,0,editednn,0.25,0.5500576354306227,COMPLETE,2025-03-29 02:30:08.898157,2025-03-29 02:30:14.042681,5.144524
437,ctgan,0,random,auto,0.7502419028024565,COMPLETE,2025-03-29 02:30:14.056523,2025-03-29 02:30:20.976722,6.920199
438,tvae,2,condensednn,0,0.7675733038890934,COMPLETE,2025-03-29 02:30:21.000025,2025-03-29 02:30:29.357457,8.357432
439,ctgan,1,random,auto,0.6925999999999999,COMPLETE,2025-03-29 02:30:29.371286,2025-03-29 02:30:36.943049,7.571763
440,random,0.25,onesidedselection,0,0.7574677953625323,COMPLETE,2025-03-29 02:30:36.956249,2025-03-29 02:30:44.693599,7.73735
441,fastml,0.25,onesidedselection,0.0625,0.7589321857561714,COMPLETE,2025-03-29 02:30:44.707018,2025-03-29 02:30:52.134823,7.427805
442,random,0.25,instancehardness,0.25,0.7311436253897423,COMPLETE,2025-03-29 02:30:52.158120,2025-03-29 02:30:59.884469,7.726349
443,adasyn,auto,editednn,0.125,0.43810172980844064,COMPLETE,2025-03-29 02:30:59.899824,2025-03-29 02:31:06.593366,6.693542
444,smote,0.25,nearmiss,0,0.7529984779299848,COMPLETE,2025-03-29 02:31:06.606342,2025-03-29 02:31:15.219502,8.61316
445,ctgan,auto,tomeklinks,auto,0.7453768382352942,COMPLETE,2025-03-29 02:31:15.233888,2025-03-29 02:31:22.665156,7.431268
446,random,0,instancehardness,0.0625,0.7502419028024565,COMPLETE,2025-03-29 02:31:22.678666,2025-03-29 02:31:30.933052,8.254386
447,ctgan,0.25,instancehardness,0.0625,0.7443607864455921,COMPLETE,2025-03-29 02:31:30.948669,2025-03-29 02:31:39.349453,8.400784
448,ctgan,2,editednn,auto,0.5799551569506726,COMPLETE,2025-03-29 02:31:39.363238,2025-03-29 02:31:45.392826,6.029588
449,adasyn,auto,tomeklinks,0.5,0.7889290917921321,COMPLETE,2025-03-29 02:31:45.405605,2025-03-29 02:31:53.410647,8.005042
450,copulagan,0.25,random,0,0.7427067478437341,COMPLETE,2025-03-29 02:31:53.424572,2025-03-29 02:32:01.410197,7.985625
451,gaussiancopula,2,editednn,auto,0.3464418675617943,COMPLETE,2025-03-29 02:32:01.423126,2025-03-29 02:32:06.889583,5.466457
452,random,2,nearmiss,0,0.7706303189002152,COMPLETE,2025-03-29 02:32:06.914367,2025-03-29 02:32:16.569596,9.655229
453,adasyn,0.25,nearmiss,0,-1.0,COMPLETE,2025-03-29 02:32:16.594352,2025-03-29 02:32:16.653602,0.05925
454,gaussiancopula,0.25,clustercentroid,auto,0.7616750096264923,COMPLETE,2025-03-29 02:32:16.665830,2025-03-29 02:32:24.876794,8.210964
455,random,2,editednn,auto,0.6159590792838874,COMPLETE,2025-03-29 02:32:24.890123,2025-03-29 02:32:31.339963,6.44984
456,tvae,0.25,clustercentroid,0.125,0.741853146853147,COMPLETE,2025-03-29 02:32:31.352953,2025-03-29 02:32:39.401355,8.048402
457,ctgan,2,nearmiss,0.25,0.7014253862079949,COMPLETE,2025-03-29 02:32:39.425156,2025-03-29 02:32:46.557851,7.132695
458,tvae,0.25,tomeklinks,0.0625,0.7541465062846331,COMPLETE,2025-03-29 02:32:46.570789,2025-03-29 02:32:53.555194,6.984405
459,gaussiancopula,0.5,condensednn,0.5,0.6584240279086349,COMPLETE,2025-03-29 02:32:53.568696,2025-03-29 02:32:59.689279,6.120583
460,fastml,1,tomeklinks,0.0625,0.6691497060153776,COMPLETE,2025-03-29 02:32:59.703344,2025-03-29 02:33:07.343301,7.639957
461,fastml,2,editednn,0.125,0.483261935742168,COMPLETE,2025-03-29 02:33:07.367509,2025-03-29 02:33:13.390992,6.023483
462,smote,2,condensednn,auto,0.6940563261874737,COMPLETE,2025-03-29 02:33:13.404576,2025-03-29 02:33:21.415880,8.011304
463,adasyn,1,random,auto,0.7179344944461223,COMPLETE,2025-03-29 02:33:21.430602,2025-03-29 02:33:28.832594,7.401992
464,random,0,random,auto,0.7502419028024565,COMPLETE,2025-03-29 02:33:28.847283,2025-03-29 02:33:35.696504,6.849221
465,smote,1,condensednn,0,0.7622078075244721,COMPLETE,2025-03-29 02:33:35.722213,2025-03-29 02:33:44.666316,8.944103
466,adasyn,2,instancehardness,0.5,0.7511904761904762,COMPLETE,2025-03-29 02:33:44.681447,2025-03-29 02:33:52.094751,7.413304
467,random,1,random,0,0.7706303189002152,COMPLETE,2025-03-29 02:33:52.108372,2025-03-29 02:34:02.221362,10.11299
468,smote,0,random,0,-1.0,ERROR,,,0.0
469,random,1,tomeklinks,0.25,0.7676581289273069,COMPLETE,2025-03-29 02:34:10.823171,2025-03-29 02:34:18.669324,7.846153
470,gaussiancopula,0.25,instancehardness,0.125,0.7587761049052938,COMPLETE,2025-03-29 02:34:18.684762,2025-03-29 02:34:27.075142,8.39038
471,smote,0,editednn,0.5,0.5500576354306227,COMPLETE,2025-03-29 02:34:27.088956,2025-03-29 02:34:32.201847,5.112891
472,copulagan,2,condensednn,0.0625,0.5889968730456535,COMPLETE,2025-03-29 02:34:32.216278,2025-03-29 02:34:40.077992,7.861714
473,ctgan,1,condensednn,0.25,0.6653125,COMPLETE,2025-03-29 02:34:40.102930,2025-03-29 02:34:48.296851,8.193921
474,copulagan,2,clustercentroid,auto,0.7101716227102378,COMPLETE,2025-03-29 02:34:48.319136,2025-03-29 02:34:56.587006,8.26787
475,gaussiancopula,1,onesidedselection,0.25,0.7327827996958689,COMPLETE,2025-03-29 02:34:56.601803,2025-03-29 02:35:04.536441,7.934638
476,gaussiancopula,1,random,auto,0.7182204807607644,COMPLETE,2025-03-29 02:35:04.550060,2025-03-29 02:35:11.467248,6.917188
477,smote,auto,editednn,0.0625,0.45127585947491156,COMPLETE,2025-03-29 02:35:11.481662,2025-03-29 02:35:17.502452,6.02079
478,tvae,0.25,tomeklinks,0.5,0.7541465062846331,COMPLETE,2025-03-29 02:35:17.517863,2025-03-29 02:35:24.531605,7.013742
479,copulagan,1,onesidedselection,0.25,0.7289839572192512,COMPLETE,2025-03-29 02:35:24.545586,2025-03-29 02:35:32.606705,8.061119
480,gaussiancopula,0.25,condensednn,0.0625,0.6747442680776016,COMPLETE,2025-03-29 02:35:32.620766,2025-03-29 02:35:38.805489,6.184723
481,adasyn,2,nearmiss,0.5,0.7142348955392435,COMPLETE,2025-03-29 02:35:38.819110,2025-03-29 02:35:45.686974,6.867864
482,adasyn,auto,editednn,0.25,0.43810172980844064,COMPLETE,2025-03-29 02:35:45.700764,2025-03-29 02:35:52.420909,6.720145
483,gaussiancopula,2,onesidedselection,0.25,0.7327827996958689,COMPLETE,2025-03-29 02:35:52.434762,2025-03-29 02:36:00.354397,7.919635
484,copulagan,0.25,onesidedselection,0.0625,0.7456176919166243,COMPLETE,2025-03-29 02:36:00.369092,2025-03-29 02:36:07.990398,7.621306
485,tvae,0,condensednn,0.5,0.7122316902168051,COMPLETE,2025-03-29 02:36:08.008667,2025-03-29 02:36:14.236187,6.22752
486,tvae,0.5,editednn,0,0.7459077380952381,COMPLETE,2025-03-29 02:36:14.251394,2025-03-29 02:36:22.414739,8.163345
487,copulagan,0.25,editednn,0.0625,0.4716523717836513,COMPLETE,2025-03-29 02:36:22.428279,2025-03-29 02:36:28.600335,6.172056
488,random,1,condensednn,0.25,0.7081169711960424,COMPLETE,2025-03-29 02:36:28.614587,2025-03-29 02:36:36.012981,7.398394
489,copulagan,0.5,editednn,0,0.7372567783094098,COMPLETE,2025-03-29 02:36:36.038162,2025-03-29 02:36:43.604424,7.566262
490,copulagan,1,editednn,0.125,0.46681309604265225,COMPLETE,2025-03-29 02:36:43.618213,2025-03-29 02:36:49.895890,6.277677
491,tvae,2,onesidedselection,0,0.7675733038890934,COMPLETE,2025-03-29 02:36:49.909660,2025-03-29 02:36:58.288675,8.379015
492,ctgan,0.5,onesidedselection,auto,0.7324837834650313,COMPLETE,2025-03-29 02:36:58.301550,2025-03-29 02:37:06.120822,7.819272
493,smote,1,onesidedselection,0,0.7622078075244721,COMPLETE,2025-03-29 02:37:06.133852,2025-03-29 02:37:14.769158,8.635306
494,fastml,0.5,condensednn,auto,0.6346511627906977,COMPLETE,2025-03-29 02:37:14.782448,2025-03-29 02:37:22.108739,7.326291
495,fastml,0.25,clustercentroid,0.0625,0.7599584199584198,COMPLETE,2025-03-29 02:37:22.133592,2025-03-29 02:37:30.438381,8.304789
496,random,0.25,clustercentroid,0.25,0.6964108455882352,COMPLETE,2025-03-29 02:37:30.452161,2025-03-29 02:37:38.316232,7.864071
497,copulagan,2,editednn,0,0.7744359880402284,COMPLETE,2025-03-29 02:37:38.330225,2025-03-29 02:37:47.294646,8.964421
498,adasyn,0.5,editednn,0.25,0.5887623549634723,COMPLETE,2025-03-29 02:37:47.308487,2025-03-29 02:37:53.289460,5.980973
499,fastml,0.5,instancehardness,0.5,0.7156903615538742,COMPLETE,2025-03-29 02:37:53.302911,2025-03-29 02:38:01.705860,8.402949
500,fastml,1,clustercentroid,0.0625,0.7032439299830604,COMPLETE,2025-03-29 02:38:01.719833,2025-03-29 02:38:10.154195,8.434362
501,copulagan,1,editednn,0.25,0.46681309604265225,COMPLETE,2025-03-29 02:38:10.167918,2025-03-29 02:38:16.318057,6.150139
502,ctgan,auto,tomeklinks,0,0.7648087774294672,COMPLETE,2025-03-29 02:38:16.337575,2025-03-29 02:38:25.251689,8.914114
503,fastml,2,clustercentroid,0.125,0.7209019788311091,COMPLETE,2025-03-29 02:38:25.267032,2025-03-29 02:38:33.236788,7.969756
504,random,0.25,nearmiss,0,0.7574677953625323,COMPLETE,2025-03-29 02:38:33.250324,2025-03-29 02:38:40.932336,7.682012
505,random,0,random,0.25,0.7243106520491679,COMPLETE,2025-03-29 02:38:40.947838,2025-03-29 02:38:47.929291,6.981453
506,tvae,0.5,tomeklinks,auto,0.7178993663104133,COMPLETE,2025-03-29 02:38:47.961574,2025-03-29 02:38:54.884376,6.922802
507,gaussiancopula,0.25,nearmiss,0.25,0.7456176919166243,COMPLETE,2025-03-29 02:38:54.902290,2025-03-29 02:39:02.091170,7.18888
508,tvae,0.25,instancehardness,0.5,0.7694531452799168,COMPLETE,2025-03-29 02:39:02.106211,2025-03-29 02:39:09.807300,7.701089
509,smote,2,onesidedselection,0.25,0.7662351190476191,COMPLETE,2025-03-29 02:39:09.821973,2025-03-29 02:39:18.433301,8.611328
510,random,0.5,clustercentroid,0.25,0.7118315575849822,COMPLETE,2025-03-29 02:39:18.456532,2025-03-29 02:39:26.217730,7.761198
511,smote,2,condensednn,0.125,0.6940563261874737,COMPLETE,2025-03-29 02:39:26.234118,2025-03-29 02:39:34.297329,8.063211
512,gaussiancopula,0,onesidedselection,0.25,0.7228604118993135,COMPLETE,2025-03-29 02:39:34.311187,2025-03-29 02:39:41.303610,6.992423
513,copulagan,auto,clustercentroid,0,0.7744359880402284,COMPLETE,2025-03-29 02:39:41.317143,2025-03-29 02:39:50.232800,8.915657
514,copulagan,auto,random,0,0.7744359880402284,COMPLETE,2025-03-29 02:39:50.246373,2025-03-29 02:39:59.370085,9.123712
515,gaussiancopula,0.25,condensednn,0.25,0.6747442680776016,COMPLETE,2025-03-29 02:39:59.385922,2025-03-29 02:40:05.617958,6.232036
516,ctgan,1,instancehardness,0.0625,0.7446093189964158,COMPLETE,2025-03-29 02:40:05.631720,2025-03-29 02:40:14.431770,8.80005
517,smote,1,random,0.125,0.7434572239491825,COMPLETE,2025-03-29 02:40:14.445543,2025-03-29 02:40:22.432960,7.987417
518,random,2,nearmiss,0.0625,0.6544345838375689,COMPLETE,2025-03-29 02:40:22.447201,2025-03-29 02:40:30.594646,8.147445
519,ctgan,auto,condensednn,auto,0.6653125,COMPLETE,2025-03-29 02:40:30.608197,2025-03-29 02:40:38.716074,8.107877
520,ctgan,0,onesidedselection,0.125,0.7228604118993135,COMPLETE,2025-03-29 02:40:38.730482,2025-03-29 02:40:45.714518,6.984036
521,fastml,auto,instancehardness,0.125,0.7517137923591626,COMPLETE,2025-03-29 02:40:45.728060,2025-03-29 02:40:54.467850,8.73979
522,adasyn,1,onesidedselection,0.5,0.7125091517920485,COMPLETE,2025-03-29 02:40:54.482031,2025-03-29 02:41:03.032481,8.55045
523,gaussiancopula,0,condensednn,0.5,0.7122316902168051,COMPLETE,2025-03-29 02:41:03.047557,2025-03-29 02:41:09.290055,6.242498
524,fastml,auto,tomeklinks,0.0625,0.6691497060153776,COMPLETE,2025-03-29 02:41:09.304228,2025-03-29 02:41:17.055679,7.751451
525,tvae,0.5,nearmiss,0.125,0.6631876750700281,COMPLETE,2025-03-29 02:41:17.079234,2025-03-29 02:41:24.514104,7.43487
526,gaussiancopula,1,condensednn,0.5,0.6072300007568303,COMPLETE,2025-03-29 02:41:24.528323,2025-03-29 02:41:31.883717,7.355394
527,gaussiancopula,0.5,random,auto,0.7027636993104232,COMPLETE,2025-03-29 02:41:31.896991,2025-03-29 02:41:39.386491,7.4895
528,fastml,auto,nearmiss,0.0625,0.7001935483870967,COMPLETE,2025-03-29 02:41:39.400420,2025-03-29 02:41:47.078017,7.677597
529,adasyn,0.25,instancehardness,0,-1.0,COMPLETE,2025-03-29 02:41:47.101104,2025-03-29 02:41:47.166453,0.065349
530,tvae,0,onesidedselection,0.25,0.7228604118993135,COMPLETE,2025-03-29 02:41:47.179935,2025-03-29 02:41:54.140877,6.960942
531,fastml,0,random,0.0625,0.7427067478437341,COMPLETE,2025-03-29 02:41:54.155414,2025-03-29 02:42:00.824931,6.669517
532,ctgan,0,tomeklinks,auto,0.751313053523296,COMPLETE,2025-03-29 02:42:00.837557,2025-03-29 02:42:08.018526,7.180969
533,random,auto,clustercentroid,auto,0.7257904411764707,COMPLETE,2025-03-29 02:42:08.032472,2025-03-29 02:42:15.853297,7.820825
534,gaussiancopula,0,clustercentroid,auto,0.75,COMPLETE,2025-03-29 02:42:15.868471,2025-03-29 02:42:23.772538,7.904067
535,fastml,0.5,tomeklinks,0.125,0.6941304347826087,COMPLETE,2025-03-29 02:42:23.786082,2025-03-29 02:42:32.660386,8.874304
536,random,2,onesidedselection,0.25,0.7587761049052938,COMPLETE,2025-03-29 02:42:32.683668,2025-03-29 02:42:40.710853,8.027185
537,copulagan,2,condensednn,0.25,0.5889968730456535,COMPLETE,2025-03-29 02:42:40.724728,2025-03-29 02:42:48.580473,7.855745
538,gaussiancopula,2,onesidedselection,0.0625,0.7327827996958689,COMPLETE,2025-03-29 02:42:48.604575,2025-03-29 02:42:56.576423,7.971848
539,ctgan,auto,random,0.125,0.722078659278281,COMPLETE,2025-03-29 02:42:56.599994,2025-03-29 02:43:04.810386,8.210392
540,tvae,2,condensednn,0.25,0.7072494929006085,COMPLETE,2025-03-29 02:43:04.826751,2025-03-29 02:43:12.881503,8.054752
541,tvae,2,clustercentroid,0.5,0.7112974910394264,COMPLETE,2025-03-29 02:43:12.898484,2025-03-29 02:43:21.214214,8.31573
542,adasyn,0.5,instancehardness,0.0625,0.7307887678399946,COMPLETE,2025-03-29 02:43:21.246559,2025-03-29 02:43:29.719007,8.472448
543,adasyn,1,random,0.5,0.7179344944461223,COMPLETE,2025-03-29 02:43:29.733041,2025-03-29 02:43:37.208734,7.475693
544,ctgan,1,condensednn,auto,0.6653125,COMPLETE,2025-03-29 02:43:37.221801,2025-03-29 02:43:45.544923,8.323122
545,fastml,1,condensednn,0.0625,0.5992675635276532,COMPLETE,2025-03-29 02:43:45.559861,2025-03-29 02:43:53.592180,8.032319
546,random,auto,random,0.5,0.7486739808947318,COMPLETE,2025-03-29 02:43:53.613141,2025-03-29 02:44:00.786702,7.173561
547,copulagan,0.5,onesidedselection,0.5,0.7355836397058824,COMPLETE,2025-03-29 02:44:00.800363,2025-03-29 02:44:08.553682,7.753319
548,ctgan,0.25,onesidedselection,0,0.7838736681887366,COMPLETE,2025-03-29 02:44:08.567681,2025-03-29 02:44:17.101563,8.533882
549,smote,2,condensednn,0.0625,0.6940563261874737,COMPLETE,2025-03-29 02:44:17.124617,2025-03-29 02:44:25.068013,7.943396
550,copulagan,2,nearmiss,0.0625,0.7142348955392435,COMPLETE,2025-03-29 02:44:25.081845,2025-03-29 02:44:32.680668,7.598823
551,ctgan,auto,editednn,0.125,0.5799551569506726,COMPLETE,2025-03-29 02:44:32.694555,2025-03-29 02:44:38.716153,6.021598
552,smote,auto,condensednn,0.5,0.6940563261874737,COMPLETE,2025-03-29 02:44:38.730321,2025-03-29 02:44:46.860605,8.130284
553,smote,auto,onesidedselection,0.0625,0.7662351190476191,COMPLETE,2025-03-29 02:44:46.875725,2025-03-29 02:44:55.341821,8.466096
554,adasyn,0,tomeklinks,0.125,0.751313053523296,COMPLETE,2025-03-29 02:44:55.358121,2025-03-29 02:45:02.562695,7.204574
555,tvae,0,tomeklinks,0.0625,0.751313053523296,COMPLETE,2025-03-29 02:45:02.577124,2025-03-29 02:45:09.732548,7.155424
556,smote,0,condensednn,0,-1.0,ERROR,,,0.0
557,tvae,2,tomeklinks,0.25,0.7324837834650313,COMPLETE,2025-03-29 02:45:18.187596,2025-03-29 02:45:25.269894,7.082298
558,adasyn,2,nearmiss,0.125,0.6486647173489279,COMPLETE,2025-03-29 02:45:25.283586,2025-03-29 02:45:33.519684,8.236098
559,tvae,0,tomeklinks,0.5,0.751313053523296,COMPLETE,2025-03-29 02:45:33.536971,2025-03-29 02:45:40.732452,7.195481
560,ctgan,0,nearmiss,0.5,0.7710952380952381,COMPLETE,2025-03-29 02:45:40.745885,2025-03-29 02:45:47.575106,6.829221
561,adasyn,1,clustercentroid,0,0.7502419028024565,COMPLETE,2025-03-29 02:45:47.600491,2025-03-29 02:45:56.253932,8.653441
562,gaussiancopula,0.5,condensednn,auto,0.6584240279086349,COMPLETE,2025-03-29 02:45:56.270553,2025-03-29 02:46:02.556955,6.286402
563,smote,0.25,onesidedselection,0.5,0.7844610552384403,COMPLETE,2025-03-29 02:46:02.571551,2025-03-29 02:46:10.492084,7.920533
564,fastml,0.5,condensednn,0.0625,0.6346511627906977,COMPLETE,2025-03-29 02:46:10.506589,2025-03-29 02:46:17.952256,7.445667
565,adasyn,0,editednn,0.25,0.5500576354306227,COMPLETE,2025-03-29 02:46:17.974885,2025-03-29 02:46:23.165090,5.190205
566,copulagan,0,nearmiss,auto,0.7710952380952381,COMPLETE,2025-03-29 02:46:23.177845,2025-03-29 02:46:29.926035,6.74819
567,ctgan,auto,instancehardness,0.5,0.7286231180184555,COMPLETE,2025-03-29 02:46:29.939423,2025-03-29 02:46:39.117044,9.177621
568,random,2,condensednn,0,0.7706303189002152,COMPLETE,2025-03-29 02:46:39.200834,2025-03-29 02:46:49.121232,9.920398
569,smote,2,random,0.5,0.7562000000000001,COMPLETE,2025-03-29 02:46:49.144791,2025-03-29 02:46:57.281846,8.137055
570,fastml,2,clustercentroid,0,0.7052529761904762,COMPLETE,2025-03-29 02:46:57.305401,2025-03-29 02:47:06.477471,9.17207
571,fastml,2,onesidedselection,0,0.7052529761904762,COMPLETE,2025-03-29 02:47:06.500994,2025-03-29 02:47:15.639259,9.138265
572,smote,0.5,instancehardness,0.0625,0.7456,COMPLETE,2025-03-29 02:47:15.653176,2025-03-29 02:47:23.929587,8.276411
573,smote,0.5,editednn,0.125,0.6081147147298971,COMPLETE,2025-03-29 02:47:23.944246,2025-03-29 02:47:30.529555,6.585309
574,adasyn,0.5,condensednn,0.125,0.6842869269949066,COMPLETE,2025-03-29 02:47:30.553623,2025-03-29 02:47:37.623664,7.070041
575,copulagan,1,editednn,0.0625,0.46681309604265225,COMPLETE,2025-03-29 02:47:37.636921,2025-03-29 02:47:43.953439,6.316518
576,tvae,0,nearmiss,0.5,0.7710952380952381,COMPLETE,2025-03-29 02:47:43.967312,2025-03-29 02:47:50.750870,6.783558
577,gaussiancopula,auto,instancehardness,0.5,0.7409202208301153,COMPLETE,2025-03-29 02:47:50.770699,2025-03-29 02:47:59.168221,8.397522
578,copulagan,0,tomeklinks,0.25,0.751313053523296,COMPLETE,2025-03-29 02:47:59.186561,2025-03-29 02:48:06.436194,7.249633
579,tvae,1,random,0,0.7675733038890934,COMPLETE,2025-03-29 02:48:06.450600,2025-03-29 02:48:14.812450,8.36185
580,random,0,clustercentroid,0.125,0.7362168266516094,COMPLETE,2025-03-29 02:48:14.826315,2025-03-29 02:48:22.767245,7.94093
581,tvae,1,clustercentroid,0,0.7675733038890934,COMPLETE,2025-03-29 02:48:22.781277,2025-03-29 02:48:31.126181,8.344904
582,adasyn,1,tomeklinks,0.5,0.7889290917921321,COMPLETE,2025-03-29 02:48:31.140697,2025-03-29 02:48:39.231276,8.090579
583,gaussiancopula,0.5,editednn,0,0.7545830721003134,COMPLETE,2025-03-29 02:48:39.244981,2025-03-29 02:48:46.662671,7.41769
584,ctgan,0,onesidedselection,0.0625,0.7228604118993135,COMPLETE,2025-03-29 02:48:46.681702,2025-03-29 02:48:53.625550,6.943848
585,tvae,0.25,random,0.25,0.7430160183066361,COMPLETE,2025-03-29 02:48:53.640405,2025-03-29 02:49:00.812948,7.172543
586,random,auto,instancehardness,0.125,0.7496579057154777,COMPLETE,2025-03-29 02:49:00.826501,2025-03-29 02:49:09.601131,8.77463
587,smote,1,editednn,0.5,0.45127585947491156,COMPLETE,2025-03-29 02:49:09.625315,2025-03-29 02:49:15.541203,5.915888
588,adasyn,0.25,instancehardness,0.5,-1.0,COMPLETE,2025-03-29 02:49:15.555333,2025-03-29 02:49:15.617229,0.061896
589,copulagan,0.25,onesidedselection,0.25,0.7456176919166243,COMPLETE,2025-03-29 02:49:15.630052,2025-03-29 02:49:23.114303,7.484251
590,copulagan,1,condensednn,0.5,0.5889968730456535,COMPLETE,2025-03-29 02:49:23.127663,2025-03-29 02:49:31.156991,8.029328
591,copulagan,1,clustercentroid,0.5,0.7101716227102378,COMPLETE,2025-03-29 02:49:31.180749,2025-03-29 02:49:39.245688,8.064939
592,fastml,0.5,tomeklinks,auto,0.6941304347826087,COMPLETE,2025-03-29 02:49:39.259767,2025-03-29 02:49:48.339382,9.079615
593,fastml,1,onesidedselection,auto,0.6735273418655467,COMPLETE,2025-03-29 02:49:48.365209,2025-03-29 02:49:56.904960,8.539751
594,smote,0.5,clustercentroid,auto,0.7470055181652898,COMPLETE,2025-03-29 02:49:56.928634,2025-03-29 02:50:05.021769,8.093135
595,tvae,1,instancehardness,0.25,0.7470055181652898,COMPLETE,2025-03-29 02:50:05.035131,2025-03-29 02:50:12.915865,7.880734
596,smote,2,nearmiss,0.25,0.7286486486486488,COMPLETE,2025-03-29 02:50:12.939821,2025-03-29 02:50:20.332376,7.392555
597,gaussiancopula,0.5,editednn,0.125,0.3898191076993236,COMPLETE,2025-03-29 02:50:20.350259,2025-03-29 02:50:26.190090,5.839831
598,ctgan,auto,condensednn,0.0625,0.6653125,COMPLETE,2025-03-29 02:50:26.213933,2025-03-29 02:50:34.324185,8.110252
599,adasyn,0,condensednn,auto,0.7122316902168051,COMPLETE,2025-03-29 02:50:34.339310,2025-03-29 02:50:40.502586,6.163276
600,ctgan,0.5,instancehardness,0,0.7286486486486488,COMPLETE,2025-03-29 02:50:40.516607,2025-03-29 02:50:49.123467,8.60686
601,ctgan,0.25,tomeklinks,0,0.7838736681887366,COMPLETE,2025-03-29 02:50:49.138272,2025-03-29 02:50:57.780349,8.642077
602,copulagan,auto,tomeklinks,0.25,0.7044206848357792,COMPLETE,2025-03-29 02:50:57.804132,2025-03-29 02:51:05.479614,7.675482
603,copulagan,1,tomeklinks,auto,0.7044206848357792,COMPLETE,2025-03-29 02:51:05.493968,2025-03-29 02:51:13.171424,7.677456
604,random,0.5,instancehardness,0.125,0.7495218295218296,COMPLETE,2025-03-29 02:51:13.199955,2025-03-29 02:51:22.447726,9.247771
605,fastml,2,condensednn,0,0.7052529761904762,COMPLETE,2025-03-29 02:51:22.462528,2025-03-29 02:51:31.739495,9.276967
606,gaussiancopula,0.25,tomeklinks,auto,0.7529984779299848,COMPLETE,2025-03-29 02:51:31.765492,2025-03-29 02:51:39.260585,7.495093
607,tvae,0.5,onesidedselection,0,0.7459077380952381,COMPLETE,2025-03-29 02:51:39.283306,2025-03-29 02:51:47.442880,8.159574
608,adasyn,2,clustercentroid,0.0625,0.7132516738263864,COMPLETE,2025-03-29 02:51:47.456992,2025-03-29 02:51:55.566726,8.109734
609,adasyn,1,instancehardness,0.5,0.7511904761904762,COMPLETE,2025-03-29 02:51:55.579983,2025-03-29 02:52:02.838120,7.258137
610,adasyn,2,clustercentroid,auto,0.7183111063693588,COMPLETE,2025-03-29 02:52:02.852047,2025-03-29 02:52:11.271125,8.419078
611,fastml,auto,clustercentroid,0.25,0.7243999999999999,COMPLETE,2025-03-29 02:52:11.293994,2025-03-29 02:52:19.359182,8.065188
612,smote,1,condensednn,0.0625,0.6940563261874737,COMPLETE,2025-03-29 02:52:19.373637,2025-03-29 02:52:27.338076,7.964439
613,ctgan,2,instancehardness,auto,0.7286231180184555,COMPLETE,2025-03-29 02:52:27.352422,2025-03-29 02:52:35.878969,8.526547
614,ctgan,0.25,condensednn,0.25,0.6700174644756689,COMPLETE,2025-03-29 02:52:35.893154,2025-03-29 02:52:42.022043,6.128889
615,ctgan,2,condensednn,0,0.7648087774294672,COMPLETE,2025-03-29 02:52:42.035404,2025-03-29 02:52:50.839085,8.803681
616,copulagan,0,nearmiss,0,-1.0,ERROR,,,0.0
617,smote,0,nearmiss,0,-1.0,ERROR,,,0.0
618,fastml,1,instancehardness,auto,0.7085211267605636,COMPLETE,2025-03-29 02:53:07.864018,2025-03-29 02:53:16.804830,8.940812
619,fastml,0.5,clustercentroid,0,0.7473622868359711,COMPLETE,2025-03-29 02:53:16.818686,2025-03-29 02:53:24.583808,7.765122
620,tvae,0.5,condensednn,auto,0.7168478701825559,COMPLETE,2025-03-29 02:53:24.597227,2025-03-29 02:53:31.246603,6.649376
621,gaussiancopula,2,instancehardness,auto,0.7409202208301153,COMPLETE,2025-03-29 02:53:31.260376,2025-03-29 02:53:39.434031,8.173655
622,adasyn,auto,nearmiss,auto,0.7142348955392435,COMPLETE,2025-03-29 02:53:39.457495,2025-03-29 02:53:46.259004,6.801509
623,tvae,0.25,random,0.0625,0.7194055944055944,COMPLETE,2025-03-29 02:53:46.272039,2025-03-29 02:53:54.246074,7.974035
624,adasyn,0.5,onesidedselection,auto,0.7877843209422157,COMPLETE,2025-03-29 02:53:54.269171,2025-03-29 02:54:02.269210,8.000039
625,copulagan,0.25,tomeklinks,0.5,0.7543858536438043,COMPLETE,2025-03-29 02:54:02.285105,2025-03-29 02:54:09.677027,7.391922
626,adasyn,0.5,editednn,0.0625,0.5887623549634723,COMPLETE,2025-03-29 02:54:09.691662,2025-03-29 02:54:15.364363,5.672701
627,adasyn,0.25,nearmiss,0.25,-1.0,COMPLETE,2025-03-29 02:54:15.378230,2025-03-29 02:54:15.439748,0.061518
628,random,0.25,random,0,0.7574677953625323,COMPLETE,2025-03-29 02:54:15.452461,2025-03-29 02:54:22.951956,7.499495
629,tvae,0,editednn,0.0625,0.5500576354306227,COMPLETE,2025-03-29 02:54:22.966381,2025-03-29 02:54:27.868617,4.902236
630,fastml,0.25,nearmiss,0.0625,0.7409510974201001,COMPLETE,2025-03-29 02:54:27.897726,2025-03-29 02:54:34.802007,6.904281
631,ctgan,0,tomeklinks,0,-1.0,ERROR,,,0.0
632,adasyn,0,onesidedselection,0.0625,0.7228604118993135,COMPLETE,2025-03-29 02:54:43.000866,2025-03-29 02:54:49.668675,6.667809
633,fastml,auto,random,0,0.7052529761904762,COMPLETE,2025-03-29 02:54:49.682342,2025-03-29 02:54:58.474345,8.792003
634,random,auto,instancehardness,0.25,0.7459077380952381,COMPLETE,2025-03-29 02:54:58.497788,2025-03-29 02:55:06.276934,7.779146
635,smote,auto,editednn,0.125,0.45127585947491156,COMPLETE,2025-03-29 02:55:06.299839,2025-03-29 02:55:12.027171,5.727332
636,smote,0.25,tomeklinks,0.25,0.7502419028024565,COMPLETE,2025-03-29 02:55:12.042448,2025-03-29 02:55:19.172202,7.129754
637,smote,0.25,clustercentroid,0.5,0.7618479232832783,COMPLETE,2025-03-29 02:55:19.195646,2025-03-29 02:55:26.929321,7.733675
638,gaussiancopula,auto,random,0.5,0.7182204807607644,COMPLETE,2025-03-29 02:55:26.943761,2025-03-29 02:55:33.496576,6.552815
639,ctgan,auto,onesidedselection,0.125,0.7204006229990483,COMPLETE,2025-03-29 02:55:33.511391,2025-03-29 02:55:41.110685,7.599294
640,copulagan,0,random,0.25,0.7243106520491679,COMPLETE,2025-03-29 02:55:41.134572,2025-03-29 02:55:47.824764,6.690192
641,fastml,0.5,nearmiss,0.125,0.722078659278281,COMPLETE,2025-03-29 02:55:47.838947,2025-03-29 02:55:55.081142,7.242195
642,gaussiancopula,2,condensednn,0.5,0.6072300007568303,COMPLETE,2025-03-29 02:55:55.095668,2025-03-29 02:56:02.148600,7.052932
643,tvae,auto,nearmiss,0.0625,0.667051154933715,COMPLETE,2025-03-29 02:56:02.162857,2025-03-29 02:56:09.564000,7.401143
644,random,0,editednn,0.25,0.5500576354306227,COMPLETE,2025-03-29 02:56:09.580249,2025-03-29 02:56:14.525712,4.945463
645,gaussiancopula,0.25,onesidedselection,0.125,0.7732494279176201,COMPLETE,2025-03-29 02:56:14.539350,2025-03-29 02:56:22.079684,7.540334
646,ctgan,0.5,tomeklinks,0.125,0.7343357192473801,COMPLETE,2025-03-29 02:56:22.102248,2025-03-29 02:56:30.418054,8.315806
647,fastml,0.25,random,0.125,0.7562000000000001,COMPLETE,2025-03-29 02:56:30.438770,2025-03-29 02:56:36.897834,6.459064
648,smote,0,random,0.0625,0.7427067478437341,COMPLETE,2025-03-29 02:56:36.910761,2025-03-29 02:56:43.389369,6.478608
649,adasyn,auto,condensednn,0.125,0.7081169711960424,COMPLETE,2025-03-29 02:56:43.401933,2025-03-29 02:56:51.280051,7.878118
650,random,1,condensednn,0.0625,0.7081169711960424,COMPLETE,2025-03-29 02:56:51.294170,2025-03-29 02:56:58.251824,6.957654
651,fastml,0.25,tomeklinks,0.125,0.721311399586815,COMPLETE,2025-03-29 02:56:58.265117,2025-03-29 02:57:05.476957,7.21184
652,ctgan,0.25,tomeklinks,auto,0.7390472727272727,COMPLETE,2025-03-29 02:57:05.490360,2025-03-29 02:57:12.458942,6.968582
653,gaussiancopula,0,nearmiss,0.0625,0.7648357886200838,COMPLETE,2025-03-29 02:57:12.472592,2025-03-29 02:57:18.872615,6.400023
654,copulagan,1,tomeklinks,0.0625,0.7044206848357792,COMPLETE,2025-03-29 02:57:18.885652,2025-03-29 02:57:26.164856,7.279204
655,random,0.5,tomeklinks,0.5,0.7372567783094098,COMPLETE,2025-03-29 02:57:26.178015,2025-03-29 02:57:34.400067,8.222052
656,copulagan,auto,tomeklinks,0,0.7744359880402284,COMPLETE,2025-03-29 02:57:34.417294,2025-03-29 02:57:42.812175,8.394881
657,adasyn,0,random,0.25,0.7243106520491679,COMPLETE,2025-03-29 02:57:42.826459,2025-03-29 02:57:49.563679,6.73722
658,copulagan,0.25,tomeklinks,0.0625,0.7543858536438043,COMPLETE,2025-03-29 02:57:49.582141,2025-03-29 02:57:56.915938,7.333797
659,adasyn,0,clustercentroid,0.125,0.7660290556900726,COMPLETE,2025-03-29 02:57:56.929224,2025-03-29 02:58:04.327570,7.398346
660,gaussiancopula,2,clustercentroid,0.5,0.7223958026870649,COMPLETE,2025-03-29 02:58:04.341082,2025-03-29 02:58:11.872159,7.531077
661,random,2,clustercentroid,0.5,0.7312857142857143,COMPLETE,2025-03-29 02:58:11.885456,2025-03-29 02:58:19.436561,7.551105
662,ctgan,0.25,clustercentroid,0.25,0.7889290917921321,COMPLETE,2025-03-29 02:58:19.459686,2025-03-29 02:58:27.088238,7.628552
663,copulagan,0.25,nearmiss,0.25,0.7596426408237433,COMPLETE,2025-03-29 02:58:27.112127,2025-03-29 02:58:33.531606,6.419479
664,tvae,0.25,nearmiss,0,0.7427067478437341,COMPLETE,2025-03-29 02:58:33.543846,2025-03-29 02:58:41.359501,7.815655
665,random,0.5,tomeklinks,0.125,0.7372567783094098,COMPLETE,2025-03-29 02:58:41.372982,2025-03-29 02:58:50.194106,8.821124
666,random,2,onesidedselection,auto,0.7587761049052938,COMPLETE,2025-03-29 02:58:50.213054,2025-03-29 02:58:58.248253,8.035199
667,smote,1,clustercentroid,auto,0.7434572239491825,COMPLETE,2025-03-29 02:58:58.262152,2025-03-29 02:59:05.780190,7.518038
668,tvae,2,condensednn,auto,0.7072494929006085,COMPLETE,2025-03-29 02:59:05.803055,2025-03-29 02:59:13.550368,7.747313
669,ctgan,auto,instancehardness,0,0.7648087774294672,COMPLETE,2025-03-29 02:59:13.564620,2025-03-29 02:59:22.271174,8.706554
670,gaussiancopula,2,instancehardness,0,0.7343357192473801,COMPLETE,2025-03-29 02:59:22.284809,2025-03-29 02:59:29.787642,7.502833
671,ctgan,0,tomeklinks,0.0625,0.751313053523296,COMPLETE,2025-03-29 02:59:29.800878,2025-03-29 02:59:36.905233,7.104355
672,adasyn,auto,condensednn,0.0625,0.7081169711960424,COMPLETE,2025-03-29 02:59:36.918844,2025-03-29 02:59:44.978420,8.059576
673,tvae,1,condensednn,0.5,0.7072494929006085,COMPLETE,2025-03-29 02:59:44.991812,2025-03-29 02:59:52.828962,7.83715
674,adasyn,0.5,editednn,0,0.7676581289273069,COMPLETE,2025-03-29 02:59:52.843126,2025-03-29 03:00:00.845271,8.002145
675,smote,0.25,nearmiss,auto,0.7567199857815693,COMPLETE,2025-03-29 03:00:00.861050,2025-03-29 03:00:07.448909,6.587859
676,ctgan,2,clustercentroid,auto,0.7660290556900726,COMPLETE,2025-03-29 03:00:07.472809,2025-03-29 03:00:15.455339,7.98253
677,smote,0.5,nearmiss,0.0625,0.7009103595167272,COMPLETE,2025-03-29 03:00:15.469931,2025-03-29 03:00:23.394671,7.92474
678,gaussiancopula,1,editednn,0.5,0.3464418675617943,COMPLETE,2025-03-29 03:00:23.408516,2025-03-29 03:00:28.843891,5.435375
679,tvae,0,instancehardness,0.25,0.7469968340117593,COMPLETE,2025-03-29 03:00:28.866515,2025-03-29 03:00:36.875911,8.009396
680,random,0,condensednn,0.25,0.7122316902168051,COMPLETE,2025-03-29 03:00:36.899393,2025-03-29 03:00:43.031964,6.132571
681,fastml,2,condensednn,0.5,0.5992675635276532,COMPLETE,2025-03-29 03:00:43.044650,2025-03-29 03:00:50.997108,7.952458
682,random,0.25,tomeklinks,0,0.7574677953625323,COMPLETE,2025-03-29 03:00:51.010151,2025-03-29 03:00:58.590232,7.580081
683,tvae,2,clustercentroid,auto,0.7112974910394264,COMPLETE,2025-03-29 03:00:58.604215,2025-03-29 03:01:06.413725,7.80951
684,ctgan,0.25,clustercentroid,0.5,0.7779844343083155,COMPLETE,2025-03-29 03:01:06.427693,2025-03-29 03:01:14.262452,7.834759
685,adasyn,2,clustercentroid,0,0.7502419028024565,COMPLETE,2025-03-29 03:01:14.286015,2025-03-29 03:01:22.771810,8.485795
686,smote,0.25,instancehardness,0,0.7529984779299848,COMPLETE,2025-03-29 03:01:22.786114,2025-03-29 03:01:31.123086,8.336972
687,fastml,auto,random,0.0625,0.687264254385965,COMPLETE,2025-03-29 03:01:31.135853,2025-03-29 03:01:39.548867,8.413014
688,fastml,1,onesidedselection,0.125,0.6735273418655467,COMPLETE,2025-03-29 03:01:39.571753,2025-03-29 03:01:47.773137,8.201384
689,smote,auto,instancehardness,0,0.7622078075244721,COMPLETE,2025-03-29 03:01:47.796090,2025-03-29 03:01:56.161756,8.365666
690,smote,0,random,auto,0.7502419028024565,COMPLETE,2025-03-29 03:01:56.174828,2025-03-29 03:02:02.932565,6.757737
691,tvae,0,tomeklinks,0.125,0.751313053523296,COMPLETE,2025-03-29 03:02:02.947173,2025-03-29 03:02:09.992497,7.045324
692,copulagan,2,random,auto,0.7281575711718529,COMPLETE,2025-03-29 03:02:10.006191,2025-03-29 03:02:16.597024,6.590833
693,adasyn,0.25,clustercentroid,0.0625,-1.0,COMPLETE,2025-03-29 03:02:16.673094,2025-03-29 03:02:16.757657,0.084563
694,fastml,auto,onesidedselection,0.0625,0.6735273418655467,COMPLETE,2025-03-29 03:02:16.773162,2025-03-29 03:02:24.955796,8.182634
695,copulagan,auto,random,0.5,0.7281575711718529,COMPLETE,2025-03-29 03:02:24.984691,2025-03-29 03:02:31.852806,6.868115
696,ctgan,0.25,instancehardness,0.125,0.7755450222793744,COMPLETE,2025-03-29 03:02:31.876231,2025-03-29 03:02:39.983857,8.107626
697,gaussiancopula,auto,instancehardness,0.0625,0.7706303189002152,COMPLETE,2025-03-29 03:02:39.997425,2025-03-29 03:02:48.489145,8.49172
698,adasyn,0.5,clustercentroid,0.125,0.802162619988707,COMPLETE,2025-03-29 03:02:48.502573,2025-03-29 03:02:56.761941,8.259368
699,copulagan,1,clustercentroid,auto,0.7072644830897258,COMPLETE,2025-03-29 03:02:56.775865,2025-03-29 03:03:04.695649,7.919784
700,tvae,0,editednn,0,-1.0,ERROR,,,0.0
701,smote,0.5,instancehardness,auto,0.7506968162704882,COMPLETE,2025-03-29 03:03:13.207908,2025-03-29 03:03:20.799532,7.591624
702,smote,1,tomeklinks,0,0.7622078075244721,COMPLETE,2025-03-29 03:03:20.813173,2025-03-29 03:03:29.138086,8.324913
703,gaussiancopula,0,random,0.5,0.7502419028024565,COMPLETE,2025-03-29 03:03:29.152987,2025-03-29 03:03:35.917130,6.764143
704,tvae,0.5,nearmiss,0,0.7459077380952381,COMPLETE,2025-03-29 03:03:35.940119,2025-03-29 03:03:43.842402,7.902283
705,fastml,2,random,0.125,0.7154976013065224,COMPLETE,2025-03-29 03:03:43.856551,2025-03-29 03:03:50.963064,7.106513
706,gaussiancopula,1,onesidedselection,0.5,0.7327827996958689,COMPLETE,2025-03-29 03:03:50.976494,2025-03-29 03:03:58.669274,7.69278
707,ctgan,2,nearmiss,0.125,0.7092728946157385,COMPLETE,2025-03-29 03:03:58.683346,2025-03-29 03:04:06.240605,7.557259
708,tvae,2,editednn,0.125,0.4895046904315196,COMPLETE,2025-03-29 03:04:06.254723,2025-03-29 03:04:11.849746,5.595023
709,gaussiancopula,0.25,condensednn,0.125,0.6747442680776016,COMPLETE,2025-03-29 03:04:11.873438,2025-03-29 03:04:18.017207,6.143769
710,gaussiancopula,auto,editednn,0,0.7343357192473801,COMPLETE,2025-03-29 03:04:18.031713,2025-03-29 03:04:25.816487,7.784774
711,gaussiancopula,2,nearmiss,auto,0.7574677953625323,COMPLETE,2025-03-29 03:04:25.829375,2025-03-29 03:04:32.475627,6.646252
712,adasyn,1,tomeklinks,0.0625,0.7889290917921321,COMPLETE,2025-03-29 03:04:32.488911,2025-03-29 03:04:40.408765,7.919854
713,gaussiancopula,1,instancehardness,0.5,0.7409202208301153,COMPLETE,2025-03-29 03:04:40.422166,2025-03-29 03:04:48.815599,8.393433
714,smote,0,nearmiss,0.0625,0.7648357886200838,COMPLETE,2025-03-29 03:04:48.838968,2025-03-29 03:04:55.483555,6.644587
715,fastml,0,clustercentroid,0.0625,0.7747739531234678,COMPLETE,2025-03-29 03:04:55.496103,2025-03-29 03:05:03.726140,8.230037
716,smote,auto,clustercentroid,auto,0.7434572239491825,COMPLETE,2025-03-29 03:05:03.739818,2025-03-29 03:05:11.265049,7.525231
717,ctgan,0.25,editednn,0,0.7838736681887366,COMPLETE,2025-03-29 03:05:11.288529,2025-03-29 03:05:19.716255,8.427726
718,copulagan,2,clustercentroid,0.0625,0.7168686100870358,COMPLETE,2025-03-29 03:05:19.729853,2025-03-29 03:05:29.619469,9.889616
719,fastml,2,instancehardness,0.25,0.7069402527297265,COMPLETE,2025-03-29 03:05:29.645197,2025-03-29 03:05:37.921821,8.276624
720,ctgan,0.5,nearmiss,0,0.7286486486486488,COMPLETE,2025-03-29 03:05:37.939636,2025-03-29 03:05:46.388914,8.449278
721,random,0.5,nearmiss,0.125,0.689843647199969,COMPLETE,2025-03-29 03:05:46.402656,2025-03-29 03:05:53.902471,7.499815
722,ctgan,1,clustercentroid,auto,0.7456,COMPLETE,2025-03-29 03:05:53.925912,2025-03-29 03:06:01.449936,7.524024
723,gaussiancopula,0,instancehardness,0.0625,0.7502419028024565,COMPLETE,2025-03-29 03:06:01.463531,2025-03-29 03:06:09.722081,8.25855
724,random,0.25,nearmiss,0.5,0.7838736681887366,COMPLETE,2025-03-29 03:06:09.736312,2025-03-29 03:06:16.771548,7.035236
725,tvae,0.5,instancehardness,0,0.7459077380952381,COMPLETE,2025-03-29 03:06:16.785597,2025-03-29 03:06:24.907689,8.122092
726,random,2,tomeklinks,0.0625,0.7676581289273069,COMPLETE,2025-03-29 03:06:24.927649,2025-03-29 03:06:32.791416,7.863767
727,fastml,2,nearmiss,0.5,0.7118315575849822,COMPLETE,2025-03-29 03:06:32.805008,2025-03-29 03:06:39.514871,6.709863
728,ctgan,auto,clustercentroid,0.25,0.6743856419696271,COMPLETE,2025-03-29 03:06:39.539835,2025-03-29 03:06:47.308263,7.768428
729,gaussiancopula,1,instancehardness,0.0625,0.7706303189002152,COMPLETE,2025-03-29 03:06:47.331566,2025-03-29 03:06:55.526082,8.194516
730,fastml,0,tomeklinks,0,-1.0,ERROR,,,0.0
731,tvae,0,condensednn,0.125,0.7122316902168051,COMPLETE,2025-03-29 03:07:03.921849,2025-03-29 03:07:09.937356,6.015507
732,copulagan,0.25,tomeklinks,0.125,0.7543858536438043,COMPLETE,2025-03-29 03:07:09.950202,2025-03-29 03:07:17.476839,7.526637
733,gaussiancopula,0.25,clustercentroid,0.25,0.7328714327743454,COMPLETE,2025-03-29 03:07:17.490986,2025-03-29 03:07:25.383197,7.892211
734,random,1,clustercentroid,0.125,0.7265877089090671,COMPLETE,2025-03-29 03:07:25.396875,2025-03-29 03:07:33.542521,8.145646
735,adasyn,0.5,nearmiss,0,0.7676581289273069,COMPLETE,2025-03-29 03:07:33.555928,2025-03-29 03:07:41.455626,7.899698
736,gaussiancopula,0.25,nearmiss,0,0.7573318235462984,COMPLETE,2025-03-29 03:07:41.469697,2025-03-29 03:07:48.810783,7.341086
737,adasyn,0.5,onesidedselection,0.5,0.7877843209422157,COMPLETE,2025-03-29 03:07:48.828321,2025-03-29 03:07:57.538225,8.709904
738,random,2,tomeklinks,0.125,0.7676581289273069,COMPLETE,2025-03-29 03:07:57.552262,2025-03-29 03:08:05.157112,7.60485
739,tvae,2,random,0.125,0.697643810400368,COMPLETE,2025-03-29 03:08:05.170318,2025-03-29 03:08:12.570949,7.400631
740,fastml,auto,nearmiss,0.125,0.7032,COMPLETE,2025-03-29 03:08:12.593834,2025-03-29 03:08:19.740518,7.146684
741,random,0.5,random,0,0.7587761049052938,COMPLETE,2025-03-29 03:08:19.754041,2025-03-29 03:08:27.967910,8.213869
742,gaussiancopula,0,instancehardness,0,-1.0,ERROR,,,0.0
743,gaussiancopula,0.25,instancehardness,0.5,0.755170036764706,COMPLETE,2025-03-29 03:08:36.166312,2025-03-29 03:08:43.623901,7.457589
744,fastml,0.25,tomeklinks,0.0625,0.721311399586815,COMPLETE,2025-03-29 03:08:43.636933,2025-03-29 03:08:50.906811,7.269878
745,smote,2,tomeklinks,0.0625,0.7852601880877742,COMPLETE,2025-03-29 03:08:50.920069,2025-03-29 03:08:58.942248,8.022179
746,smote,2,onesidedselection,auto,0.7662351190476191,COMPLETE,2025-03-29 03:08:58.964637,2025-03-29 03:09:07.270949,8.306312
747,copulagan,1,onesidedselection,0.125,0.7289839572192512,COMPLETE,2025-03-29 03:09:07.285726,2025-03-29 03:09:15.139599,7.853873
748,smote,1,editednn,auto,0.45127585947491156,COMPLETE,2025-03-29 03:09:15.156933,2025-03-29 03:09:20.892011,5.735078
749,fastml,auto,tomeklinks,0.5,0.6691497060153776,COMPLETE,2025-03-29 03:09:20.905021,2025-03-29 03:09:28.310522,7.405501
750,fastml,auto,editednn,0.0625,0.483261935742168,COMPLETE,2025-03-29 03:09:28.334286,2025-03-29 03:09:34.173374,5.839088
751,ctgan,0,clustercentroid,0.125,0.7362168266516094,COMPLETE,2025-03-29 03:09:34.188178,2025-03-29 03:09:42.217078,8.0289
752,fastml,0.25,onesidedselection,0.125,0.7589321857561714,COMPLETE,2025-03-29 03:09:42.230225,2025-03-29 03:09:49.356626,7.126401
753,copulagan,0,clustercentroid,0.125,0.7660290556900726,COMPLETE,2025-03-29 03:09:49.380145,2025-03-29 03:09:57.061111,7.680966
754,random,0.5,onesidedselection,0,0.7587761049052938,COMPLETE,2025-03-29 03:09:57.089545,2025-03-29 03:10:05.427550,8.338005
755,fastml,2,instancehardness,0.125,0.7517137923591626,COMPLETE,2025-03-29 03:10:05.440948,2025-03-29 03:10:13.712902,8.271954
756,tvae,2,onesidedselection,0.25,0.7443607864455921,COMPLETE,2025-03-29 03:10:13.725985,2025-03-29 03:10:20.998738,7.272753
757,ctgan,auto,onesidedselection,auto,0.7204006229990483,COMPLETE,2025-03-29 03:10:21.021844,2025-03-29 03:10:28.647037,7.625193
758,random,0.5,tomeklinks,0.0625,0.7372567783094098,COMPLETE,2025-03-29 03:10:28.669828,2025-03-29 03:10:36.889357,8.219529
759,gaussiancopula,2,editednn,0.0625,0.3464418675617943,COMPLETE,2025-03-29 03:10:36.902709,2025-03-29 03:10:42.391245,5.488536
760,adasyn,0.25,random,0.5,-1.0,COMPLETE,2025-03-29 03:10:42.405500,2025-03-29 03:10:42.484228,0.078728
761,fastml,auto,editednn,0.125,0.483261935742168,COMPLETE,2025-03-29 03:10:42.500361,2025-03-29 03:10:48.250519,5.750158
762,smote,1,nearmiss,auto,0.7307887678399946,COMPLETE,2025-03-29 03:10:48.264903,2025-03-29 03:10:55.467537,7.202634
763,random,auto,clustercentroid,0.0625,0.7487251092763478,COMPLETE,2025-03-29 03:10:55.483512,2025-03-29 03:11:03.765055,8.281543
764,smote,auto,random,0.5,0.7562000000000001,COMPLETE,2025-03-29 03:11:03.794099,2025-03-29 03:11:11.753191,7.959092
765,smote,2,clustercentroid,0.0625,0.7573423671550806,COMPLETE,2025-03-29 03:11:11.776953,2025-03-29 03:11:20.012359,8.235406
766,copulagan,auto,tomeklinks,0.0625,0.7044206848357792,COMPLETE,2025-03-29 03:11:20.035578,2025-03-29 03:11:27.592435,7.556857
767,tvae,2,tomeklinks,0.0625,0.7324837834650313,COMPLETE,2025-03-29 03:11:27.615790,2025-03-29 03:11:34.533148,6.917358
768,smote,0.5,tomeklinks,0,0.7686511383076722,COMPLETE,2025-03-29 03:11:34.547265,2025-03-29 03:11:42.273339,7.726074
769,tvae,0.5,nearmiss,0.25,0.7221232876712328,COMPLETE,2025-03-29 03:11:42.297718,2025-03-29 03:11:49.501505,7.203787
770,ctgan,0.25,condensednn,auto,0.6700174644756689,COMPLETE,2025-03-29 03:11:49.528543,2025-03-29 03:11:55.804653,6.27611
771,tvae,1,tomeklinks,0.25,0.7324837834650313,COMPLETE,2025-03-29 03:11:55.818133,2025-03-29 03:12:02.954273,7.13614
772,random,1,condensednn,auto,0.7081169711960424,COMPLETE,2025-03-29 03:12:02.979275,2025-03-29 03:12:10.245312,7.266037
773,ctgan,1,random,0.125,0.722078659278281,COMPLETE,2025-03-29 03:12:10.268782,2025-03-29 03:12:18.402911,8.134129
774,copulagan,0.5,condensednn,0.25,0.6781488291325111,COMPLETE,2025-03-29 03:12:18.417440,2025-03-29 03:12:24.909674,6.492234
775,smote,auto,nearmiss,0.25,0.7286486486486488,COMPLETE,2025-03-29 03:12:24.923348,2025-03-29 03:12:32.257386,7.334038
776,copulagan,auto,tomeklinks,auto,0.7044206848357792,COMPLETE,2025-03-29 03:12:32.272235,2025-03-29 03:12:39.976014,7.703779
777,random,0,nearmiss,0.5,0.7710952380952381,COMPLETE,2025-03-29 03:12:39.999406,2025-03-29 03:12:46.865130,6.865724
778,ctgan,0.25,editednn,0.25,0.42990384615384614,COMPLETE,2025-03-29 03:12:46.888714,2025-03-29 03:12:52.932780,6.044066
779,tvae,0.5,clustercentroid,0,0.7459077380952381,COMPLETE,2025-03-29 03:12:52.957568,2025-03-29 03:13:01.020169,8.062601
780,ctgan,0.5,onesidedselection,0.0625,0.7324837834650313,COMPLETE,2025-03-29 03:13:01.034073,2025-03-29 03:13:08.931026,7.896953
781,gaussiancopula,0.25,tomeklinks,0.25,0.7529984779299848,COMPLETE,2025-03-29 03:13:08.945958,2025-03-29 03:13:16.541395,7.595437
782,fastml,0.25,instancehardness,0.125,0.7386741136474015,COMPLETE,2025-03-29 03:13:16.565351,2025-03-29 03:13:26.636822,10.071471
783,copulagan,0.5,editednn,0.125,0.4793958724202627,COMPLETE,2025-03-29 03:13:26.661240,2025-03-29 03:13:32.742544,6.081304
784,random,1,editednn,0.5,0.6159590792838874,COMPLETE,2025-03-29 03:13:32.766406,2025-03-29 03:13:39.180940,6.414534
785,fastml,0.5,instancehardness,0.125,0.7341316614420061,COMPLETE,2025-03-29 03:13:39.194091,2025-03-29 03:13:48.619610,9.425519
786,gaussiancopula,1,instancehardness,0,0.7343357192473801,COMPLETE,2025-03-29 03:13:48.633976,2025-03-29 03:13:56.082936,7.44896
787,random,0.25,tomeklinks,auto,0.769190390617611,COMPLETE,2025-03-29 03:13:56.111706,2025-03-29 03:14:03.921461,7.809755
788,adasyn,0,instancehardness,auto,0.7506968162704882,COMPLETE,2025-03-29 03:14:03.945638,2025-03-29 03:14:11.253840,7.308202
789,adasyn,0.25,editednn,0.25,-1.0,COMPLETE,2025-03-29 03:14:11.278661,2025-03-29 03:14:11.349430,0.070769
790,fastml,2,clustercentroid,0.25,0.7519682017543861,COMPLETE,2025-03-29 03:14:11.361893,2025-03-29 03:14:19.135423,7.77353
791,smote,0,tomeklinks,0.125,0.751313053523296,COMPLETE,2025-03-29 03:14:19.150010,2025-03-29 03:14:26.256541,7.106531
792,adasyn,0.25,condensednn,0.25,-1.0,COMPLETE,2025-03-29 03:14:26.270773,2025-03-29 03:14:26.340362,0.069589
793,smote,0,clustercentroid,0.25,0.7292000000000002,COMPLETE,2025-03-29 03:14:26.353706,2025-03-29 03:14:34.370584,8.016878
794,gaussiancopula,auto,clustercentroid,0.125,0.699234702812511,COMPLETE,2025-03-29 03:14:34.390915,2025-03-29 03:14:42.793238,8.402323
795,random,auto,onesidedselection,0.25,0.7587761049052938,COMPLETE,2025-03-29 03:14:42.806918,2025-03-29 03:14:50.689024,7.882106
796,copulagan,auto,instancehardness,0.5,0.7443607864455921,COMPLETE,2025-03-29 03:14:50.701718,2025-03-29 03:14:59.506939,8.805221
797,adasyn,auto,tomeklinks,0.125,0.7889290917921321,COMPLETE,2025-03-29 03:14:59.520730,2025-03-29 03:15:07.480280,7.95955
798,tvae,2,random,0,0.7675733038890934,COMPLETE,2025-03-29 03:15:07.495316,2025-03-29 03:15:15.714254,8.218938
799,random,0,condensednn,0,-1.0,ERROR,,,0.0
800,gaussiancopula,0.25,instancehardness,0.0625,0.7686511383076722,COMPLETE,2025-03-29 03:15:24.442963,2025-03-29 03:15:32.265735,7.822772
801,adasyn,2,nearmiss,0.25,0.6632867132867133,COMPLETE,2025-03-29 03:15:32.280090,2025-03-29 03:15:39.448442,7.168352
802,smote,2,random,0,0.7622078075244721,COMPLETE,2025-03-29 03:15:39.473071,2025-03-29 03:15:47.886007,8.412936
803,fastml,0.25,clustercentroid,0,0.7495218295218296,COMPLETE,2025-03-29 03:15:47.900427,2025-03-29 03:15:56.258316,8.357889
804,gaussiancopula,0,condensednn,0.25,0.7122316902168051,COMPLETE,2025-03-29 03:15:56.272431,2025-03-29 03:16:02.738126,6.465695
805,tvae,0.5,clustercentroid,0.125,0.7519033742839167,COMPLETE,2025-03-29 03:16:02.752222,2025-03-29 03:16:10.736609,7.984387
806,gaussiancopula,auto,onesidedselection,0.5,0.7327827996958689,COMPLETE,2025-03-29 03:16:10.762197,2025-03-29 03:16:18.958458,8.196261
807,smote,0.5,clustercentroid,0.125,0.741853146853147,COMPLETE,2025-03-29 03:16:18.972820,2025-03-29 03:16:27.427463,8.454643
808,smote,0.5,tomeklinks,0.0625,0.7744359880402284,COMPLETE,2025-03-29 03:16:27.451557,2025-03-29 03:16:36.524936,9.073379
809,adasyn,1,random,0.125,0.7202314646180337,COMPLETE,2025-03-29 03:16:36.549904,2025-03-29 03:16:43.814990,7.265086
810,gaussiancopula,2,random,auto,0.7182204807607644,COMPLETE,2025-03-29 03:16:43.839845,2025-03-29 03:16:50.894217,7.054372
811,tvae,0.5,instancehardness,auto,0.7379944821108861,COMPLETE,2025-03-29 03:16:50.922501,2025-03-29 03:16:59.292946,8.370445
812,copulagan,0.5,tomeklinks,0,0.7372567783094098,COMPLETE,2025-03-29 03:16:59.317192,2025-03-29 03:17:06.984861,7.667669
813,fastml,2,random,auto,0.6973829565875342,COMPLETE,2025-03-29 03:17:06.998406,2025-03-29 03:17:14.607988,7.609582
814,fastml,auto,nearmiss,0.25,0.7196162280701754,COMPLETE,2025-03-29 03:17:14.622585,2025-03-29 03:17:22.185041,7.562456
815,gaussiancopula,0.25,tomeklinks,0.125,0.7529984779299848,COMPLETE,2025-03-29 03:17:22.200586,2025-03-29 03:17:29.980551,7.779965
816,copulagan,auto,random,0.25,0.7129128559102675,COMPLETE,2025-03-29 03:17:30.004777,2025-03-29 03:17:37.172889,7.168112
817,gaussiancopula,auto,condensednn,0.0625,0.6072300007568303,COMPLETE,2025-03-29 03:17:37.196515,2025-03-29 03:17:44.683246,7.486731
818,gaussiancopula,0.5,onesidedselection,0.0625,0.7133488214919319,COMPLETE,2025-03-29 03:17:44.708897,2025-03-29 03:17:52.526096,7.817199
819,ctgan,0.5,clustercentroid,0.5,0.7371035662587182,COMPLETE,2025-03-29 03:17:52.550195,2025-03-29 03:18:00.611447,8.061252
820,random,auto,onesidedselection,auto,0.7587761049052938,COMPLETE,2025-03-29 03:18:00.626466,2025-03-29 03:18:08.836292,8.209826
821,gaussiancopula,1,clustercentroid,0,0.7343357192473801,COMPLETE,2025-03-29 03:18:08.853085,2025-03-29 03:18:16.672093,7.819008
822,tvae,0,random,0.5,0.7502419028024565,COMPLETE,2025-03-29 03:18:16.695942,2025-03-29 03:18:23.817039,7.121097
823,fastml,0,onesidedselection,0.125,0.7228604118993135,COMPLETE,2025-03-29 03:18:23.840941,2025-03-29 03:18:30.941850,7.100909
824,random,auto,tomeklinks,0.125,0.7676581289273069,COMPLETE,2025-03-29 03:18:30.960360,2025-03-29 03:18:38.911429,7.951069
825,adasyn,2,condensednn,0,0.7502419028024565,COMPLETE,2025-03-29 03:18:38.924800,2025-03-29 03:18:47.914726,8.989926
826,adasyn,0.5,tomeklinks,0.0625,0.769190390617611,COMPLETE,2025-03-29 03:18:47.938289,2025-03-29 03:18:56.877903,8.939614
827,fastml,0.5,clustercentroid,0.5,0.733505376344086,COMPLETE,2025-03-29 03:18:56.891530,2025-03-29 03:19:05.443850,8.55232
828,copulagan,0.5,random,0,0.7372567783094098,COMPLETE,2025-03-29 03:19:05.459449,2025-03-29 03:19:13.199896,7.740447
829,tvae,auto,condensednn,0.5,0.7072494929006085,COMPLETE,2025-03-29 03:19:13.213725,2025-03-29 03:19:21.364158,8.150433
830,copulagan,1,nearmiss,auto,0.7281575711718529,COMPLETE,2025-03-29 03:19:21.388774,2025-03-29 03:19:28.805272,7.416498
831,random,2,editednn,0.125,0.6159590792838874,COMPLETE,2025-03-29 03:19:28.820031,2025-03-29 03:19:35.551480,6.731449
832,copulagan,auto,condensednn,0,0.7744359880402284,COMPLETE,2025-03-29 03:19:35.575004,2025-03-29 03:19:44.606025,9.031021
833,fastml,0.5,onesidedselection,0.5,0.7237307152875174,COMPLETE,2025-03-29 03:19:44.629728,2025-03-29 03:19:53.440117,8.810389
834,gaussiancopula,2,tomeklinks,0,0.7343357192473801,COMPLETE,2025-03-29 03:19:53.456967,2025-03-29 03:20:01.291961,7.834994
835,copulagan,2,nearmiss,0,0.7744359880402284,COMPLETE,2025-03-29 03:20:01.308852,2025-03-29 03:20:10.501970,9.193118
836,smote,0.5,condensednn,0.5,0.6797255642053943,COMPLETE,2025-03-29 03:20:10.525646,2025-03-29 03:20:17.438504,6.912858
837,tvae,auto,editednn,0.0625,0.4895046904315196,COMPLETE,2025-03-29 03:20:17.462471,2025-03-29 03:20:23.350899,5.888428
838,copulagan,1,onesidedselection,0,0.7744359880402284,COMPLETE,2025-03-29 03:20:23.373874,2025-03-29 03:20:32.346390,8.972516
839,copulagan,0.5,condensednn,0.5,0.6781488291325111,COMPLETE,2025-03-29 03:20:32.369630,2025-03-29 03:20:39.027429,6.657799
840,tvae,auto,onesidedselection,0.25,0.7443607864455921,COMPLETE,2025-03-29 03:20:39.041483,2025-03-29 03:20:46.560446,7.518963
841,smote,0.5,clustercentroid,0.5,0.7624606775058776,COMPLETE,2025-03-29 03:20:46.584921,2025-03-29 03:20:54.880591,8.29567
842,smote,0.5,nearmiss,0,0.7686511383076722,COMPLETE,2025-03-29 03:20:54.908719,2025-03-29 03:21:02.972734,8.064015
843,ctgan,2,condensednn,0.25,0.6653125,COMPLETE,2025-03-29 03:21:02.998531,2025-03-29 03:21:11.384321,8.38579
844,smote,1,random,auto,0.7562000000000001,COMPLETE,2025-03-29 03:21:11.399365,2025-03-29 03:21:19.660973,8.261608
845,copulagan,0.25,clustercentroid,0.125,0.7472077922077922,COMPLETE,2025-03-29 03:21:19.684989,2025-03-29 03:21:27.893138,8.208149
846,gaussiancopula,2,editednn,0.125,0.3464418675617943,COMPLETE,2025-03-29 03:21:27.917041,2025-03-29 03:21:33.641774,5.724733
847,random,auto,clustercentroid,0.25,0.6884191355026712,COMPLETE,2025-03-29 03:21:33.667247,2025-03-29 03:21:41.263509,7.596262
848,random,auto,editednn,0.5,0.6159590792838874,COMPLETE,2025-03-29 03:21:41.277235,2025-03-29 03:21:47.864043,6.586808
849,adasyn,auto,clustercentroid,0.0625,0.7132516738263864,COMPLETE,2025-03-29 03:21:47.878909,2025-03-29 03:21:56.556317,8.677408
850,random,auto,onesidedselection,0,0.7706303189002152,COMPLETE,2025-03-29 03:21:56.570568,2025-03-29 03:22:06.738821,10.168253
851,fastml,0,clustercentroid,0.5,0.7530938215102975,COMPLETE,2025-03-29 03:22:06.752630,2025-03-29 03:22:14.989301,8.236671
852,smote,2,clustercentroid,0,0.7622078075244721,COMPLETE,2025-03-29 03:22:15.015644,2025-03-29 03:22:23.811931,8.796287
853,tvae,0.5,random,0.125,0.7077754677754677,COMPLETE,2025-03-29 03:22:23.825485,2025-03-29 03:22:32.613462,8.787977
854,tvae,0.25,onesidedselection,0.5,0.7423917914848449,COMPLETE,2025-03-29 03:22:32.638515,2025-03-29 03:22:40.804231,8.165716
855,gaussiancopula,1,tomeklinks,0.5,0.7169401709401708,COMPLETE,2025-03-29 03:22:40.833370,2025-03-29 03:22:48.376952,7.543582
856,random,0.25,clustercentroid,auto,0.7170457612562875,COMPLETE,2025-03-29 03:22:48.390887,2025-03-29 03:22:56.736762,8.345875
857,tvae,1,nearmiss,0.5,0.697643810400368,COMPLETE,2025-03-29 03:22:56.761809,2025-03-29 03:23:04.146079,7.38427
858,tvae,2,instancehardness,0.125,0.7327679416137316,COMPLETE,2025-03-29 03:23:04.162762,2025-03-29 03:23:13.160938,8.998176
859,smote,1,clustercentroid,0.25,0.751313053523296,COMPLETE,2025-03-29 03:23:13.175120,2025-03-29 03:23:21.405176,8.230056
860,fastml,0.5,random,0,0.7473622868359711,COMPLETE,2025-03-29 03:23:21.429216,2025-03-29 03:23:29.287619,7.858403
861,adasyn,2,clustercentroid,0.125,0.7347695640997394,COMPLETE,2025-03-29 03:23:29.311570,2025-03-29 03:23:38.161674,8.850104
862,smote,2,instancehardness,0.5,0.7453768382352942,COMPLETE,2025-03-29 03:23:38.191073,2025-03-29 03:23:46.452806,8.261733
863,adasyn,2,editednn,0.0625,0.43810172980844064,COMPLETE,2025-03-29 03:23:46.484488,2025-03-29 03:23:53.285409,6.800921
864,ctgan,2,random,0.5,0.6925999999999999,COMPLETE,2025-03-29 03:23:53.308508,2025-03-29 03:24:01.117992,7.809484
865,copulagan,0,instancehardness,0,-1.0,ERROR,,,0.0
866,copulagan,2,tomeklinks,0.125,0.7044206848357792,COMPLETE,2025-03-29 03:24:09.880273,2025-03-29 03:24:17.672305,7.792032
867,random,2,random,0,0.7706303189002152,COMPLETE,2025-03-29 03:24:17.696424,2025-03-29 03:24:27.721724,10.0253
868,fastml,2,random,0.0625,0.687264254385965,COMPLETE,2025-03-29 03:24:27.737033,2025-03-29 03:24:36.421786,8.684753
869,adasyn,0.5,onesidedselection,0.0625,0.7877843209422157,COMPLETE,2025-03-29 03:24:36.445975,2025-03-29 03:24:44.818623,8.372648
870,adasyn,0,nearmiss,auto,0.7710952380952381,COMPLETE,2025-03-29 03:24:44.832392,2025-03-29 03:24:51.712696,6.880304
871,smote,0,onesidedselection,0.125,0.7228604118993135,COMPLETE,2025-03-29 03:24:51.736336,2025-03-29 03:24:58.783862,7.047526
872,adasyn,2,instancehardness,0,0.7502419028024565,COMPLETE,2025-03-29 03:24:58.808455,2025-03-29 03:25:07.855655,9.0472
873,gaussiancopula,0.5,instancehardness,0.125,0.7644109208420162,COMPLETE,2025-03-29 03:25:07.879644,2025-03-29 03:25:16.837216,8.957572
874,tvae,0.5,editednn,0.0625,0.6497817567048336,COMPLETE,2025-03-29 03:25:16.865594,2025-03-29 03:25:22.697070,5.831476
875,tvae,2,instancehardness,0.0625,0.7032439299830604,COMPLETE,2025-03-29 03:25:22.720328,2025-03-29 03:25:30.470085,7.749757
876,tvae,0.25,instancehardness,0.25,0.7372659430122117,COMPLETE,2025-03-29 03:25:30.484012,2025-03-29 03:25:38.436316,7.952304
877,random,0.25,random,0.125,0.7470055181652898,COMPLETE,2025-03-29 03:25:38.450838,2025-03-29 03:25:45.713134,7.262296
878,adasyn,0,nearmiss,0.0625,0.7648357886200838,COMPLETE,2025-03-29 03:25:45.741415,2025-03-29 03:25:52.579086,6.837671
879,random,auto,editednn,0.125,0.6159590792838874,COMPLETE,2025-03-29 03:25:52.593545,2025-03-29 03:25:59.180116,6.586571
880,tvae,0.5,clustercentroid,0.0625,0.7153441237038911,COMPLETE,2025-03-29 03:25:59.210173,2025-03-29 03:26:07.706758,8.496585
881,fastml,0,instancehardness,auto,0.7506968162704882,COMPLETE,2025-03-29 03:26:07.731797,2025-03-29 03:26:14.905114,7.173317
882,gaussiancopula,1,random,0.5,0.7182204807607644,COMPLETE,2025-03-29 03:26:14.929187,2025-03-29 03:26:21.920527,6.99134
883,adasyn,0.5,clustercentroid,0.25,0.7562000000000001,COMPLETE,2025-03-29 03:26:21.948640,2025-03-29 03:26:29.957105,8.008465
884,random,0.5,editednn,0.0625,0.49581923731358224,COMPLETE,2025-03-29 03:26:29.980838,2025-03-29 03:26:35.941119,5.960281
885,fastml,2,instancehardness,0,0.7052529761904762,COMPLETE,2025-03-29 03:26:35.964721,2025-03-29 03:26:45.219845,9.255124
886,ctgan,0.25,editednn,0.5,0.42990384615384614,COMPLETE,2025-03-29 03:26:45.237019,2025-03-29 03:26:51.385840,6.148821
887,random,1,instancehardness,0.125,0.7496579057154777,COMPLETE,2025-03-29 03:26:51.399736,2025-03-29 03:27:00.139334,8.739598
888,copulagan,auto,random,0.0625,0.6969580419580419,COMPLETE,2025-03-29 03:27:00.163432,2025-03-29 03:27:08.474133,8.310701
889,ctgan,0,tomeklinks,0.125,0.751313053523296,COMPLETE,2025-03-29 03:27:08.498273,2025-03-29 03:27:16.204627,7.706354
890,gaussiancopula,1,nearmiss,0.125,0.7263529074032726,COMPLETE,2025-03-29 03:27:16.218155,2025-03-29 03:27:23.512632,7.294477
891,tvae,auto,condensednn,0.125,0.7072494929006085,COMPLETE,2025-03-29 03:27:23.545305,2025-03-29 03:27:32.425564,8.880259
892,adasyn,0.25,clustercentroid,0.25,-1.0,COMPLETE,2025-03-29 03:27:32.439428,2025-03-29 03:27:32.517939,0.078511
893,adasyn,1,condensednn,0.125,0.7081169711960424,COMPLETE,2025-03-29 03:27:32.533092,2025-03-29 03:27:40.943836,8.410744
894,fastml,0.5,random,0.5,0.7243106520491679,COMPLETE,2025-03-29 03:27:40.958791,2025-03-29 03:27:48.414650,7.455859
895,tvae,0,instancehardness,0.5,0.7506968162704882,COMPLETE,2025-03-29 03:27:48.438241,2025-03-29 03:27:55.785539,7.347298
896,gaussiancopula,auto,condensednn,0.5,0.6072300007568303,COMPLETE,2025-03-29 03:27:55.799387,2025-03-29 03:28:03.277857,7.47847
897,smote,0.25,random,0.0625,0.7486739808947318,COMPLETE,2025-03-29 03:28:03.301433,2025-03-29 03:28:11.489597,8.188164
898,fastml,1,instancehardness,0.5,0.7085211267605636,COMPLETE,2025-03-29 03:28:11.503460,2025-03-29 03:28:20.922636,9.419176
899,fastml,0,nearmiss,0.5,0.7710952380952381,COMPLETE,2025-03-29 03:28:20.946158,2025-03-29 03:28:27.866446,6.920288
900,gaussiancopula,0,editednn,0.5,0.5500576354306227,COMPLETE,2025-03-29 03:28:27.889988,2025-03-29 03:28:33.116591,5.226603
901,smote,1,nearmiss,0.25,0.7286486486486488,COMPLETE,2025-03-29 03:28:33.140286,2025-03-29 03:28:40.549017,7.408731
902,random,auto,instancehardness,0.0625,0.7293577296489918,COMPLETE,2025-03-29 03:28:40.562450,2025-03-29 03:28:49.336147,8.773697
903,copulagan,0,random,auto,0.7502419028024565,COMPLETE,2025-03-29 03:28:49.349832,2025-03-29 03:28:56.497765,7.147933
904,fastml,0.25,onesidedselection,0.25,0.7589321857561714,COMPLETE,2025-03-29 03:28:56.512645,2025-03-29 03:29:04.055379,7.542734
905,random,0.25,clustercentroid,0.0625,0.7098652291105122,COMPLETE,2025-03-29 03:29:04.070245,2025-03-29 03:29:13.003456,8.933211
906,adasyn,2,tomeklinks,0.5,0.7889290917921321,COMPLETE,2025-03-29 03:29:13.018253,2025-03-29 03:29:21.322509,8.304256
907,random,2,random,0.25,0.7202271852137081,COMPLETE,2025-03-29 03:29:21.336233,2025-03-29 03:29:28.486196,7.149963
908,copulagan,2,onesidedselection,0.5,0.7289839572192512,COMPLETE,2025-03-29 03:29:28.510959,2025-03-29 03:29:36.550382,8.039423
909,copulagan,0.25,random,0.5,0.7281575711718529,COMPLETE,2025-03-29 03:29:36.573635,2025-03-29 03:29:44.082367,7.508732
910,ctgan,2,editednn,0.0625,0.5799551569506726,COMPLETE,2025-03-29 03:29:44.105015,2025-03-29 03:29:50.079006,5.973991
911,ctgan,0.5,condensednn,auto,0.6351611253196932,COMPLETE,2025-03-29 03:29:50.092890,2025-03-29 03:29:57.250122,7.157232
912,gaussiancopula,0.5,condensednn,0,0.7545830721003134,COMPLETE,2025-03-29 03:29:57.262912,2025-03-29 03:30:04.497095,7.234183
913,tvae,1,nearmiss,0.25,0.6592800677583286,COMPLETE,2025-03-29 03:30:04.519575,2025-03-29 03:30:12.111022,7.591447
914,ctgan,0.5,editednn,0.125,0.39360025141420496,COMPLETE,2025-03-29 03:30:12.136164,2025-03-29 03:30:18.838563,6.702399
915,copulagan,0,clustercentroid,0,-1.0,ERROR,,,0.0
916,ctgan,2,instancehardness,0.125,0.688297782914784,COMPLETE,2025-03-29 03:30:27.132329,2025-03-29 03:30:35.008182,7.875853
917,smote,2,random,0.0625,0.7306293706293707,COMPLETE,2025-03-29 03:30:35.031514,2025-03-29 03:30:42.918158,7.886644
918,tvae,1,onesidedselection,0.0625,0.7443607864455921,COMPLETE,2025-03-29 03:30:42.932059,2025-03-29 03:30:50.227621,7.295562
919,random,1,instancehardness,auto,0.7443573667711598,COMPLETE,2025-03-29 03:30:50.240950,2025-03-29 03:30:57.931540,7.69059
920,random,auto,instancehardness,0,0.7706303189002152,COMPLETE,2025-03-29 03:30:57.954239,2025-03-29 03:31:07.585640,9.631401
921,tvae,0,onesidedselection,auto,0.7228604118993135,COMPLETE,2025-03-29 03:31:07.611003,2025-03-29 03:31:14.412098,6.801095
922,gaussiancopula,0.5,nearmiss,0.25,0.7530938215102975,COMPLETE,2025-03-29 03:31:14.434931,2025-03-29 03:31:20.949869,6.514938
923,copulagan,0.25,condensednn,auto,0.6792121212121214,COMPLETE,2025-03-29 03:31:20.964266,2025-03-29 03:31:27.157892,6.193626
924,adasyn,2,onesidedselection,0,0.7502419028024565,COMPLETE,2025-03-29 03:31:27.182371,2025-03-29 03:31:35.797425,8.615054
925,random,auto,editednn,0.25,0.6159590792838874,COMPLETE,2025-03-29 03:31:35.810961,2025-03-29 03:31:42.134745,6.323784
926,smote,auto,onesidedselection,0.125,0.7662351190476191,COMPLETE,2025-03-29 03:31:42.147963,2025-03-29 03:31:50.476272,8.328309
927,adasyn,1,tomeklinks,0.25,0.7889290917921321,COMPLETE,2025-03-29 03:31:50.498958,2025-03-29 03:31:58.981273,8.482315
928,random,2,nearmiss,0.5,0.7556303470540761,COMPLETE,2025-03-29 03:31:58.994837,2025-03-29 03:32:06.161910,7.167073
929,adasyn,1,editednn,auto,0.43810172980844064,COMPLETE,2025-03-29 03:32:06.188266,2025-03-29 03:32:13.101816,6.91355
930,random,0,clustercentroid,auto,0.7530938215102975,COMPLETE,2025-03-29 03:32:13.114925,2025-03-29 03:32:20.951794,7.836869
931,gaussiancopula,auto,editednn,0.25,0.3464418675617943,COMPLETE,2025-03-29 03:32:20.974951,2025-03-29 03:32:26.524089,5.549138
932,random,0.5,clustercentroid,0.125,0.7281575711718529,COMPLETE,2025-03-29 03:32:26.547017,2025-03-29 03:32:35.219769,8.672752
933,smote,0,tomeklinks,0,-1.0,ERROR,,,0.0
934,tvae,auto,clustercentroid,0.0625,0.7477054200265387,COMPLETE,2025-03-29 03:32:44.185817,2025-03-29 03:32:53.303538,9.117721
935,copulagan,1,nearmiss,0.5,0.7281575711718529,COMPLETE,2025-03-29 03:32:53.316981,2025-03-29 03:33:00.670977,7.353996
936,gaussiancopula,1,condensednn,0.25,0.6072300007568303,COMPLETE,2025-03-29 03:33:00.683932,2025-03-29 03:33:08.060938,7.377006
937,fastml,0,nearmiss,0.25,0.7213670299493693,COMPLETE,2025-03-29 03:33:08.076780,2025-03-29 03:33:14.734680,6.6579
938,random,0,clustercentroid,0.5,0.7530938215102975,COMPLETE,2025-03-29 03:33:14.748935,2025-03-29 03:33:22.679712,7.930777
939,adasyn,2,condensednn,0.25,0.7081169711960424,COMPLETE,2025-03-29 03:33:22.695702,2025-03-29 03:33:30.933750,8.238048
940,ctgan,0,editednn,0.125,0.5500576354306227,COMPLETE,2025-03-29 03:33:30.947172,2025-03-29 03:33:36.067322,5.12015
941,random,0.25,random,0.5,0.7042605176527437,COMPLETE,2025-03-29 03:33:36.090056,2025-03-29 03:33:42.999057,6.909001
942,ctgan,0.5,editednn,0,0.7286486486486488,COMPLETE,2025-03-29 03:33:43.023622,2025-03-29 03:33:51.632734,8.609112
943,ctgan,0,editednn,0.5,0.5500576354306227,COMPLETE,2025-03-29 03:33:51.646214,2025-03-29 03:33:56.715432,5.069218
944,smote,0.25,nearmiss,0.5,0.7567199857815693,COMPLETE,2025-03-29 03:33:56.727999,2025-03-29 03:34:03.377356,6.649357
945,ctgan,1,nearmiss,0.0625,0.6619649828463268,COMPLETE,2025-03-29 03:34:03.401388,2025-03-29 03:34:12.614475,9.213087
946,copulagan,0.5,condensednn,0.0625,0.6781488291325111,COMPLETE,2025-03-29 03:34:12.639883,2025-03-29 03:34:19.088219,6.448336
947,random,0.25,condensednn,auto,0.6794071650841778,COMPLETE,2025-03-29 03:34:19.101931,2025-03-29 03:34:25.765431,6.6635
948,gaussiancopula,0,clustercentroid,0.25,0.7430160183066361,COMPLETE,2025-03-29 03:34:25.789500,2025-03-29 03:34:33.641017,7.851517
949,random,0.25,tomeklinks,0.5,0.769190390617611,COMPLETE,2025-03-29 03:34:33.664267,2025-03-29 03:34:41.467853,7.803586
950,ctgan,0.25,condensednn,0,0.7838736681887366,COMPLETE,2025-03-29 03:34:41.491897,2025-03-29 03:34:50.095080,8.603183
951,random,1,random,0.25,0.7202271852137081,COMPLETE,2025-03-29 03:34:50.118992,2025-03-29 03:34:57.127799,7.008807
952,random,0,tomeklinks,0,-1.0,ERROR,,,0.0
953,smote,0.5,clustercentroid,0,0.7686511383076722,COMPLETE,2025-03-29 03:35:05.599327,2025-03-29 03:35:13.352702,7.753375
954,random,1,clustercentroid,0.5,0.7257904411764707,COMPLETE,2025-03-29 03:35:13.378429,2025-03-29 03:35:21.163215,7.784786
955,copulagan,0,tomeklinks,auto,0.751313053523296,COMPLETE,2025-03-29 03:35:21.187506,2025-03-29 03:35:28.177569,6.990063
956,gaussiancopula,0,random,0.25,0.7243106520491679,COMPLETE,2025-03-29 03:35:28.201637,2025-03-29 03:35:35.106191,6.904554
957,copulagan,2,tomeklinks,0.25,0.7044206848357792,COMPLETE,2025-03-29 03:35:35.128843,2025-03-29 03:35:42.602984,7.474141
958,fastml,2,tomeklinks,0.5,0.6691497060153776,COMPLETE,2025-03-29 03:35:42.629251,2025-03-29 03:35:50.509858,7.880607
959,tvae,0,clustercentroid,0.0625,0.7747739531234678,COMPLETE,2025-03-29 03:35:50.533832,2025-03-29 03:35:59.134186,8.600354
960,random,1,nearmiss,0,0.7706303189002152,COMPLETE,2025-03-29 03:35:59.158295,2025-03-29 03:36:08.969601,9.811306
961,tvae,2,nearmiss,0.25,0.6592800677583286,COMPLETE,2025-03-29 03:36:08.993219,2025-03-29 03:36:16.545954,7.552735
962,ctgan,0.5,tomeklinks,0.0625,0.7343357192473801,COMPLETE,2025-03-29 03:36:16.568054,2025-03-29 03:36:25.032820,8.464766
963,smote,0.5,nearmiss,0.125,0.6664356205735517,COMPLETE,2025-03-29 03:36:25.056364,2025-03-29 03:36:31.716127,6.659763
964,fastml,0.5,random,0.25,0.7502419028024565,COMPLETE,2025-03-29 03:36:31.729290,2025-03-29 03:36:38.731522,7.002232
965,fastml,auto,nearmiss,0.5,0.7118315575849822,COMPLETE,2025-03-29 03:36:38.743869,2025-03-29 03:36:45.327079,6.58321
966,adasyn,0.5,instancehardness,0.5,0.7488945454545456,COMPLETE,2025-03-29 03:36:45.342071,2025-03-29 03:36:53.483329,8.141258
967,fastml,auto,instancehardness,0.0625,0.7138,COMPLETE,2025-03-29 03:36:53.496984,2025-03-29 03:37:01.873129,8.376145
968,copulagan,auto,clustercentroid,0.5,0.7072644830897258,COMPLETE,2025-03-29 03:37:01.886594,2025-03-29 03:37:09.592291,7.705697
969,smote,0,editednn,auto,0.5500576354306227,COMPLETE,2025-03-29 03:37:09.605903,2025-03-29 03:37:14.699858,5.093955
970,gaussiancopula,0.25,condensednn,0.5,0.6747442680776016,COMPLETE,2025-03-29 03:37:14.723175,2025-03-29 03:37:20.689774,5.966599
971,random,0,editednn,0.5,0.5500576354306227,COMPLETE,2025-03-29 03:37:20.712322,2025-03-29 03:37:25.857120,5.144798
972,smote,2,editednn,0.125,0.45127585947491156,COMPLETE,2025-03-29 03:37:25.879869,2025-03-29 03:37:31.641508,5.761639
973,smote,2,onesidedselection,0.0625,0.7662351190476191,COMPLETE,2025-03-29 03:37:31.664675,2025-03-29 03:37:39.938313,8.273638
974,random,0.25,clustercentroid,0,0.7574677953625323,COMPLETE,2025-03-29 03:37:39.961650,2025-03-29 03:37:47.449765,7.488115
975,tvae,1,tomeklinks,auto,0.7324837834650313,COMPLETE,2025-03-29 03:37:47.478030,2025-03-29 03:37:54.337179,6.859149
976,tvae,0.5,clustercentroid,0.25,0.7306293706293707,COMPLETE,2025-03-29 03:37:54.360398,2025-03-29 03:38:02.095562,7.735164
977,fastml,2,editednn,0.5,0.483261935742168,COMPLETE,2025-03-29 03:38:02.108987,2025-03-29 03:38:07.980912,5.871925
978,smote,0,instancehardness,0.5,0.7506968162704882,COMPLETE,2025-03-29 03:38:07.994124,2025-03-29 03:38:15.109906,7.115782
979,tvae,0,random,0.25,0.7243106520491679,COMPLETE,2025-03-29 03:38:15.133337,2025-03-29 03:38:22.011135,6.877798
980,copulagan,1,random,0,0.7744359880402284,COMPLETE,2025-03-29 03:38:22.034548,2025-03-29 03:38:30.609869,8.575321
981,smote,0.5,instancehardness,0.5,0.7506968162704882,COMPLETE,2025-03-29 03:38:30.634499,2025-03-29 03:38:38.122245,7.487746
982,fastml,0,onesidedselection,0.5,0.7228604118993135,COMPLETE,2025-03-29 03:38:38.145479,2025-03-29 03:38:44.940419,6.79494
983,gaussiancopula,1,condensednn,0,0.7343357192473801,COMPLETE,2025-03-29 03:38:44.968900,2025-03-29 03:38:52.402979,7.434079
984,tvae,0.5,instancehardness,0.125,0.7142348955392435,COMPLETE,2025-03-29 03:38:52.416691,2025-03-29 03:39:00.180197,7.763506
985,random,auto,clustercentroid,0.125,0.7265877089090671,COMPLETE,2025-03-29 03:39:00.207250,2025-03-29 03:39:08.537245,8.329995
986,copulagan,1,clustercentroid,0.125,0.7173499256161796,COMPLETE,2025-03-29 03:39:08.551527,2025-03-29 03:39:17.464687,8.91316
987,fastml,2,tomeklinks,0.25,0.6691497060153776,COMPLETE,2025-03-29 03:39:17.478618,2025-03-29 03:39:25.254756,7.776138
988,copulagan,0,nearmiss,0.25,0.7213670299493693,COMPLETE,2025-03-29 03:39:25.278217,2025-03-29 03:39:31.878487,6.60027
989,adasyn,0.5,random,0.25,0.6926270022883294,COMPLETE,2025-03-29 03:39:31.895114,2025-03-29 03:39:38.323143,6.428029
990,fastml,2,onesidedselection,auto,0.6735273418655467,COMPLETE,2025-03-29 03:39:38.338099,2025-03-29 03:39:46.531031,8.192932
991,fastml,0.5,onesidedselection,0.125,0.7237307152875174,COMPLETE,2025-03-29 03:39:46.549172,2025-03-29 03:39:54.877914,8.328742
992,copulagan,2,editednn,auto,0.46681309604265225,COMPLETE,2025-03-29 03:39:54.903613,2025-03-29 03:40:01.054411,6.150798
993,adasyn,0.5,condensednn,0.5,0.6842869269949066,COMPLETE,2025-03-29 03:40:01.067396,2025-03-29 03:40:08.206614,7.139218
994,adasyn,0.25,random,0,-1.0,COMPLETE,2025-03-29 03:40:08.229974,2025-03-29 03:40:08.306844,0.07687
995,ctgan,2,random,0.0625,0.6779856630824372,COMPLETE,2025-03-29 03:40:08.321470,2025-03-29 03:40:15.379249,7.057779
996,adasyn,2,nearmiss,auto,0.7142348955392435,COMPLETE,2025-03-29 03:40:15.393380,2025-03-29 03:40:21.970903,6.577523
997,adasyn,auto,instancehardness,0.25,0.7487251092763478,COMPLETE,2025-03-29 03:40:21.984736,2025-03-29 03:40:29.311571,7.326835
998,ctgan,2,tomeklinks,0.0625,0.7453768382352942,COMPLETE,2025-03-29 03:40:29.330222,2025-03-29 03:40:36.562984,7.232762
999,tvae,auto,instancehardness,0.5,0.7356419151290409,COMPLETE,2025-03-29 03:40:36.581486,2025-03-29 03:40:43.667809,7.086323
1000,ctgan,0,nearmiss,0.25,0.7213670299493693,COMPLETE,2025-03-29 03:40:43.680612,2025-03-29 03:40:50.043008,6.362396
1001,copulagan,2,instancehardness,0.5,0.7443607864455921,COMPLETE,2025-03-29 03:40:50.068635,2025-03-29 03:40:59.246082,9.177447
1002,random,2,instancehardness,0.5,0.7443573667711598,COMPLETE,2025-03-29 03:40:59.269268,2025-03-29 03:41:07.236734,7.967466
1003,adasyn,0.5,instancehardness,0,0.7676581289273069,COMPLETE,2025-03-29 03:41:07.262647,2025-03-29 03:41:15.331217,8.06857
1004,adasyn,0.5,instancehardness,auto,0.7488945454545456,COMPLETE,2025-03-29 03:41:15.355519,2025-03-29 03:41:22.965838,7.610319
1005,fastml,0.25,tomeklinks,0.25,0.721311399586815,COMPLETE,2025-03-29 03:41:22.990084,2025-03-29 03:41:30.398319,7.408235
1006,smote,2,editednn,0.0625,0.45127585947491156,COMPLETE,2025-03-29 03:41:30.411688,2025-03-29 03:41:36.191144,5.779456
1007,smote,1,condensednn,auto,0.6940563261874737,COMPLETE,2025-03-29 03:41:36.204679,2025-03-29 03:41:44.037634,7.832955
1008,smote,0.25,random,0.125,0.7371035662587182,COMPLETE,2025-03-29 03:41:44.060774,2025-03-29 03:41:50.995352,6.934578
1009,random,auto,condensednn,0.125,0.7081169711960424,COMPLETE,2025-03-29 03:41:51.014631,2025-03-29 03:41:58.160011,7.14538
1010,fastml,0.25,nearmiss,auto,0.7311436253897423,COMPLETE,2025-03-29 03:41:58.183483,2025-03-29 03:42:04.490775,6.307292
1011,tvae,0.25,instancehardness,0.125,0.7502419028024565,COMPLETE,2025-03-29 03:42:04.513643,2025-03-29 03:42:12.352203,7.83856
1012,copulagan,1,condensednn,0.125,0.5889968730456535,COMPLETE,2025-03-29 03:42:12.375844,2025-03-29 03:42:20.107495,7.731651
1013,ctgan,0.25,condensednn,0.5,0.6700174644756689,COMPLETE,2025-03-29 03:42:20.130169,2025-03-29 03:42:26.210212,6.080043
1014,fastml,0.25,tomeklinks,0,0.7495218295218296,COMPLETE,2025-03-29 03:42:26.233680,2025-03-29 03:42:34.389423,8.155743
1015,random,0.25,random,0.25,0.7357440476190475,COMPLETE,2025-03-29 03:42:34.403327,2025-03-29 03:42:41.234449,6.831122
1016,copulagan,0.5,condensednn,0,0.7372567783094098,COMPLETE,2025-03-29 03:42:41.247493,2025-03-29 03:42:48.566772,7.319279
1017,ctgan,2,random,0,0.7648087774294672,COMPLETE,2025-03-29 03:42:48.589715,2025-03-29 03:42:57.235472,8.645757
1018,copulagan,1,instancehardness,0,0.7744359880402284,COMPLETE,2025-03-29 03:42:57.248855,2025-03-29 03:43:05.849259,8.600404
1019,fastml,0,tomeklinks,0.5,0.751313053523296,COMPLETE,2025-03-29 03:43:05.872450,2025-03-29 03:43:12.703916,6.831466
1020,random,1,instancehardness,0.5,0.7443573667711598,COMPLETE,2025-03-29 03:43:12.726942,2025-03-29 03:43:20.575472,7.84853
1021,ctgan,0.5,tomeklinks,0.25,0.7343357192473801,COMPLETE,2025-03-29 03:43:20.599055,2025-03-29 03:43:28.965061,8.366006
1022,fastml,0.25,condensednn,0.125,0.646045232907978,COMPLETE,2025-03-29 03:43:28.978766,2025-03-29 03:43:35.703906,6.72514
1023,copulagan,0.25,nearmiss,0,0.7427067478437341,COMPLETE,2025-03-29 03:43:35.727122,2025-03-29 03:43:43.774607,8.047485
1024,tvae,auto,nearmiss,0.25,0.6592800677583286,COMPLETE,2025-03-29 03:43:43.789386,2025-03-29 03:43:51.218422,7.429036
1025,adasyn,0,tomeklinks,0.5,0.751313053523296,COMPLETE,2025-03-29 03:43:51.242051,2025-03-29 03:43:58.676773,7.434722
1026,smote,0.5,instancehardness,0.25,0.77,COMPLETE,2025-03-29 03:43:58.692718,2025-03-29 03:44:06.649041,7.956323
1027,ctgan,0.25,nearmiss,auto,0.7213670299493693,COMPLETE,2025-03-29 03:44:06.663340,2025-03-29 03:44:14.106630,7.44329
1028,gaussiancopula,auto,random,0.25,0.6815238095238095,COMPLETE,2025-03-29 03:44:14.131267,2025-03-29 03:44:21.812772,7.681505
1029,copulagan,0,condensednn,0.125,0.7122316902168051,COMPLETE,2025-03-29 03:44:21.826910,2025-03-29 03:44:28.175886,6.348976
1030,ctgan,0.5,editednn,0.0625,0.39360025141420496,COMPLETE,2025-03-29 03:44:28.203915,2025-03-29 03:44:34.896115,6.6922
1031,tvae,0,nearmiss,0.125,0.735,COMPLETE,2025-03-29 03:44:34.918609,2025-03-29 03:44:41.913934,6.995325
1032,adasyn,0,random,auto,0.7502419028024565,COMPLETE,2025-03-29 03:44:41.936946,2025-03-29 03:44:48.728043,6.791097
1033,copulagan,0.5,onesidedselection,0.25,0.7355836397058824,COMPLETE,2025-03-29 03:44:48.742449,2025-03-29 03:44:56.169219,7.42677
1034,adasyn,auto,nearmiss,0.25,0.6632867132867133,COMPLETE,2025-03-29 03:44:56.192781,2025-03-29 03:45:03.387162,7.194381
1035,ctgan,0,condensednn,0.125,0.7122316902168051,COMPLETE,2025-03-29 03:45:03.412624,2025-03-29 03:45:09.500780,6.088156
1036,tvae,0.5,random,0.25,0.7202271852137081,COMPLETE,2025-03-29 03:45:09.528455,2025-03-29 03:45:16.857439,7.328984
1037,gaussiancopula,0,nearmiss,0.25,0.7213670299493693,COMPLETE,2025-03-29 03:45:16.881208,2025-03-29 03:45:23.503268,6.62206
1038,ctgan,2,nearmiss,0.0625,0.6619649828463268,COMPLETE,2025-03-29 03:45:23.526825,2025-03-29 03:45:31.880760,8.353935
1039,random,1,nearmiss,0.125,0.6655964325529543,COMPLETE,2025-03-29 03:45:31.904404,2025-03-29 03:45:40.387074,8.48267
1040,tvae,1,editednn,0.125,0.4895046904315196,COMPLETE,2025-03-29 03:45:40.410638,2025-03-29 03:45:46.147430,5.736792
1041,smote,2,tomeklinks,0.5,0.7852601880877742,COMPLETE,2025-03-29 03:45:46.170173,2025-03-29 03:45:54.214813,8.04464
1042,copulagan,0.25,condensednn,0.5,0.6792121212121214,COMPLETE,2025-03-29 03:45:54.231219,2025-03-29 03:46:00.426190,6.194971
1043,tvae,2,condensednn,0.0625,0.7072494929006085,COMPLETE,2025-03-29 03:46:00.441049,2025-03-29 03:46:08.395186,7.954137
1044,adasyn,auto,clustercentroid,0.25,0.7041811481628671,COMPLETE,2025-03-29 03:46:08.411588,2025-03-29 03:46:16.621754,8.210166
1045,adasyn,2,editednn,0.5,0.43810172980844064,COMPLETE,2025-03-29 03:46:16.650936,2025-03-29 03:46:23.121107,6.470171
1046,copulagan,auto,instancehardness,auto,0.7443607864455921,COMPLETE,2025-03-29 03:46:23.144363,2025-03-29 03:46:31.652039,8.507676
1047,gaussiancopula,auto,tomeklinks,0.0625,0.7169401709401708,COMPLETE,2025-03-29 03:46:31.676683,2025-03-29 03:46:38.731992,7.055309
1048,copulagan,2,condensednn,auto,0.5889968730456535,COMPLETE,2025-03-29 03:46:38.748608,2025-03-29 03:46:46.323527,7.574919
1049,ctgan,2,editednn,0,0.7648087774294672,COMPLETE,2025-03-29 03:46:46.346673,2025-03-29 03:46:54.859990,8.513317
1050,ctgan,0.25,clustercentroid,0.0625,0.7470055181652898,COMPLETE,2025-03-29 03:46:54.874031,2025-03-29 03:47:03.424791,8.55076
1051,adasyn,0.25,condensednn,0.5,-1.0,COMPLETE,2025-03-29 03:47:03.448238,2025-03-29 03:47:03.524179,0.075941
1052,gaussiancopula,0,onesidedselection,0.125,0.7228604118993135,COMPLETE,2025-03-29 03:47:03.536796,2025-03-29 03:47:10.329882,6.793086
1053,fastml,auto,tomeklinks,0,0.7052529761904762,COMPLETE,2025-03-29 03:47:10.353394,2025-03-29 03:47:19.194941,8.841547
1054,ctgan,2,tomeklinks,0.5,0.7453768382352942,COMPLETE,2025-03-29 03:47:19.218098,2025-03-29 03:47:26.652944,7.434846
1055,tvae,2,tomeklinks,0.5,0.7324837834650313,COMPLETE,2025-03-29 03:47:26.677313,2025-03-29 03:47:33.631002,6.953689
1056,random,1,random,0.5,0.7486739808947318,COMPLETE,2025-03-29 03:47:33.655551,2025-03-29 03:47:40.665946,7.010395
1057,ctgan,2,instancehardness,0.0625,0.7446093189964158,COMPLETE,2025-03-29 03:47:40.689379,2025-03-29 03:47:48.884174,8.194795
1058,tvae,1,onesidedselection,0.125,0.7443607864455921,COMPLETE,2025-03-29 03:47:48.908056,2025-03-29 03:47:56.058127,7.150071
1059,tvae,1,editednn,0.25,0.4895046904315196,COMPLETE,2025-03-29 03:47:56.081763,2025-03-29 03:48:01.675563,5.5938
1060,fastml,0.5,nearmiss,0,0.7473622868359711,COMPLETE,2025-03-29 03:48:01.698238,2025-03-29 03:48:09.258061,7.559823
1061,smote,2,condensednn,0.5,0.6940563261874737,COMPLETE,2025-03-29 03:48:09.283273,2025-03-29 03:48:17.072528,7.789255
1062,gaussiancopula,0.5,random,0,0.7545830721003134,COMPLETE,2025-03-29 03:48:17.096070,2025-03-29 03:48:24.220583,7.124513
1063,ctgan,0,instancehardness,0.5,0.7506968162704882,COMPLETE,2025-03-29 03:48:24.233792,2025-03-29 03:48:31.126507,6.892715
1064,random,0,random,0.0625,0.7427067478437341,COMPLETE,2025-03-29 03:48:31.149790,2025-03-29 03:48:37.565417,6.415627
1065,copulagan,2,random,0.125,0.6860147261849977,COMPLETE,2025-03-29 03:48:37.588972,2025-03-29 03:48:44.453590,6.864618
1066,copulagan,auto,nearmiss,0.25,0.7153441237038911,COMPLETE,2025-03-29 03:48:44.476892,2025-03-29 03:48:51.098154,6.621262
1067,random,0,random,0.125,0.7541465062846331,COMPLETE,2025-03-29 03:48:51.121189,2025-03-29 03:48:57.681721,6.560532
1068,ctgan,2,tomeklinks,auto,0.7453768382352942,COMPLETE,2025-03-29 03:48:57.704357,2025-03-29 03:49:05.099442,7.395085
1069,tvae,1,condensednn,0,0.7675733038890934,COMPLETE,2025-03-29 03:49:05.123176,2025-03-29 03:49:13.383771,8.260595
1070,tvae,auto,clustercentroid,0.25,0.7278890279516063,COMPLETE,2025-03-29 03:49:13.406997,2025-03-29 03:49:21.358914,7.951917
1071,tvae,auto,onesidedselection,0.0625,0.7443607864455921,COMPLETE,2025-03-29 03:49:21.383352,2025-03-29 03:49:28.655203,7.271851
1072,smote,0.25,onesidedselection,0.25,0.7844610552384403,COMPLETE,2025-03-29 03:49:28.678612,2025-03-29 03:49:36.275163,7.596551
1073,copulagan,0.25,tomeklinks,auto,0.7543858536438043,COMPLETE,2025-03-29 03:49:36.298809,2025-03-29 03:49:43.695164,7.396355
1074,adasyn,0.25,tomeklinks,0.5,-1.0,COMPLETE,2025-03-29 03:49:43.718451,2025-03-29 03:49:43.794870,0.076419
1075,random,auto,editednn,0,0.7706303189002152,COMPLETE,2025-03-29 03:49:43.807572,2025-03-29 03:49:53.369397,9.561825
1076,ctgan,2,tomeklinks,0,0.7648087774294672,COMPLETE,2025-03-29 03:49:53.393243,2025-03-29 03:50:01.987203,8.59396
1077,fastml,0.25,clustercentroid,0.5,0.7502419028024565,COMPLETE,2025-03-29 03:50:02.000824,2025-03-29 03:50:10.155066,8.154242
1078,tvae,1,editednn,auto,0.4895046904315196,COMPLETE,2025-03-29 03:50:10.179023,2025-03-29 03:50:15.849106,5.670083
1079,smote,auto,editednn,auto,0.45127585947491156,COMPLETE,2025-03-29 03:50:15.871655,2025-03-29 03:50:21.615745,5.74409
1080,fastml,0.25,onesidedselection,0.5,0.7589321857561714,COMPLETE,2025-03-29 03:50:21.639410,2025-03-29 03:50:28.743264,7.103854
1081,random,auto,clustercentroid,0,0.7706303189002152,COMPLETE,2025-03-29 03:50:28.766613,2025-03-29 03:50:38.312523,9.54591
1082,copulagan,0.5,editednn,0.25,0.4793958724202627,COMPLETE,2025-03-29 03:50:38.336212,2025-03-29 03:50:44.363164,6.026952
1083,adasyn,0,nearmiss,0.125,0.735,COMPLETE,2025-03-29 03:50:44.386947,2025-03-29 03:50:51.384889,6.997942
1084,gaussiancopula,auto,random,0.125,0.7048763146200563,COMPLETE,2025-03-29 03:50:51.411217,2025-03-29 03:50:58.018649,6.607432
1085,copulagan,1,tomeklinks,0,0.7744359880402284,COMPLETE,2025-03-29 03:50:58.042849,2025-03-29 03:51:06.584295,8.541446
1086,ctgan,auto,onesidedselection,0.5,0.7204006229990483,COMPLETE,2025-03-29 03:51:06.608311,2025-03-29 03:51:14.061671,7.45336
1087,gaussiancopula,1,condensednn,0.0625,0.6072300007568303,COMPLETE,2025-03-29 03:51:14.084664,2025-03-29 03:51:21.164074,7.07941
1088,ctgan,auto,clustercentroid,0.0625,0.7358257986739,COMPLETE,2025-03-29 03:51:21.189155,2025-03-29 03:51:31.093989,9.904834
1089,tvae,1,condensednn,0.125,0.7072494929006085,COMPLETE,2025-03-29 03:51:31.117167,2025-03-29 03:51:38.770335,7.653168
1090,random,2,instancehardness,auto,0.7443573667711598,COMPLETE,2025-03-29 03:51:38.794195,2025-03-29 03:51:46.781977,7.987782
1091,gaussiancopula,0,onesidedselection,auto,0.7228604118993135,COMPLETE,2025-03-29 03:51:46.805976,2025-03-29 03:51:53.562085,6.756109
1092,copulagan,1,editednn,auto,0.46681309604265225,COMPLETE,2025-03-29 03:51:53.586898,2025-03-29 03:51:59.736189,6.149291
1093,random,auto,instancehardness,auto,0.7443573667711598,COMPLETE,2025-03-29 03:51:59.749882,2025-03-29 03:52:07.569360,7.819478
1094,fastml,2,condensednn,0.0625,0.5992675635276532,COMPLETE,2025-03-29 03:52:07.585501,2025-03-29 03:52:15.423053,7.837552
1095,tvae,2,instancehardness,auto,0.7356419151290409,COMPLETE,2025-03-29 03:52:15.440555,2025-03-29 03:52:22.890530,7.449975
1096,ctgan,2,clustercentroid,0.5,0.7456,COMPLETE,2025-03-29 03:52:22.913950,2025-03-29 03:52:30.559476,7.645526
1097,gaussiancopula,0.5,editednn,0.5,0.3898191076993236,COMPLETE,2025-03-29 03:52:30.583465,2025-03-29 03:52:36.251312,5.667847
1098,gaussiancopula,0.25,onesidedselection,auto,0.7732494279176201,COMPLETE,2025-03-29 03:52:36.274467,2025-03-29 03:52:43.790204,7.515737
1099,smote,0,nearmiss,0.5,0.7710952380952381,COMPLETE,2025-03-29 03:52:43.813683,2025-03-29 03:52:50.386738,6.573055
1100,adasyn,2,condensednn,0.0625,0.7081169711960424,COMPLETE,2025-03-29 03:52:50.409765,2025-03-29 03:52:58.412916,8.003151
1101,copulagan,0.5,clustercentroid,0.25,0.7369694804532,COMPLETE,2025-03-29 03:52:58.436360,2025-03-29 03:53:06.459588,8.023228
1102,smote,0.5,editednn,0.0625,0.6081147147298971,COMPLETE,2025-03-29 03:53:06.482888,2025-03-29 03:53:12.806054,6.323166
1103,tvae,0.25,tomeklinks,0.25,0.7541465062846331,COMPLETE,2025-03-29 03:53:12.830110,2025-03-29 03:53:19.679174,6.849064
1104,copulagan,2,onesidedselection,0.125,0.7289839572192512,COMPLETE,2025-03-29 03:53:19.703369,2025-03-29 03:53:27.544715,7.841346
1105,ctgan,1,nearmiss,0.125,0.7092728946157385,COMPLETE,2025-03-29 03:53:27.567840,2025-03-29 03:53:35.206509,7.638669
1106,random,0,onesidedselection,0,-1.0,ERROR,,,0.0
1107,fastml,0.25,condensednn,0.0625,0.646045232907978,COMPLETE,2025-03-29 03:53:43.625753,2025-03-29 03:53:50.253389,6.627636
1108,adasyn,auto,condensednn,0,0.7502419028024565,COMPLETE,2025-03-29 03:53:50.266541,2025-03-29 03:53:58.851574,8.585033
1109,tvae,auto,random,auto,0.7088322368421052,COMPLETE,2025-03-29 03:53:58.877406,2025-03-29 03:54:05.784090,6.906684
1110,ctgan,0.5,clustercentroid,auto,0.7719820542073941,COMPLETE,2025-03-29 03:54:05.807893,2025-03-29 03:54:13.579721,7.771828
1111,tvae,1,clustercentroid,0.25,0.7224014336917562,COMPLETE,2025-03-29 03:54:13.604712,2025-03-29 03:54:21.345132,7.74042
1112,gaussiancopula,0.25,condensednn,auto,0.6747442680776016,COMPLETE,2025-03-29 03:54:21.375389,2025-03-29 03:54:27.426137,6.050748
1113,adasyn,auto,random,0.0625,0.7404043529286248,COMPLETE,2025-03-29 03:54:27.449478,2025-03-29 03:54:35.038532,7.589054
1114,fastml,2,nearmiss,0.125,0.7032,COMPLETE,2025-03-29 03:54:35.062002,2025-03-29 03:54:42.165332,7.10333
1115,adasyn,0.25,random,0.125,-1.0,COMPLETE,2025-03-29 03:54:42.188826,2025-03-29 03:54:42.265794,0.076968
1116,adasyn,1,instancehardness,0,0.7502419028024565,COMPLETE,2025-03-29 03:54:42.278297,2025-03-29 03:54:50.901688,8.623391
1117,smote,0.25,tomeklinks,0.5,0.7502419028024565,COMPLETE,2025-03-29 03:54:50.925039,2025-03-29 03:54:58.100044,7.175005
1118,smote,0.5,clustercentroid,0.0625,0.7488330503269627,COMPLETE,2025-03-29 03:54:58.123996,2025-03-29 03:55:08.389148,10.265152
1119,ctgan,0.5,random,auto,0.7096741613960726,COMPLETE,2025-03-29 03:55:08.411479,2025-03-29 03:55:16.178065,7.766586
1120,copulagan,1,clustercentroid,0.0625,0.7168686100870358,COMPLETE,2025-03-29 03:55:16.192565,2025-03-29 03:55:25.991848,9.799283
1121,adasyn,1,condensednn,0,0.7502419028024565,COMPLETE,2025-03-29 03:55:26.015480,2025-03-29 03:55:34.658465,8.642985
1122,ctgan,2,onesidedselection,0,0.7648087774294672,COMPLETE,2025-03-29 03:55:34.682086,2025-03-29 03:55:43.391194,8.709108
1123,ctgan,1,condensednn,0.5,0.6653125,COMPLETE,2025-03-29 03:55:43.404844,2025-03-29 03:55:51.383729,7.978885
1124,tvae,2,nearmiss,auto,0.697643810400368,COMPLETE,2025-03-29 03:55:51.407108,2025-03-29 03:55:58.632840,7.225732
1125,random,2,instancehardness,0.0625,0.7293577296489918,COMPLETE,2025-03-29 03:55:58.646114,2025-03-29 03:56:07.338256,8.692142
1126,copulagan,0.25,condensednn,0.25,0.6792121212121214,COMPLETE,2025-03-29 03:56:07.361711,2025-03-29 03:56:13.593434,6.231723
1127,adasyn,0,random,0.125,0.7541465062846331,COMPLETE,2025-03-29 03:56:13.616518,2025-03-29 03:56:20.122613,6.506095
1128,ctgan,0.5,tomeklinks,0,0.7286486486486488,COMPLETE,2025-03-29 03:56:20.145332,2025-03-29 03:56:28.507271,8.361939
1129,copulagan,2,random,0.25,0.7129128559102675,COMPLETE,2025-03-29 03:56:28.520675,2025-03-29 03:56:35.208669,6.687994
1130,fastml,2,tomeklinks,0.125,0.6691497060153776,COMPLETE,2025-03-29 03:56:35.232528,2025-03-29 03:56:42.775083,7.542555
1131,ctgan,0,tomeklinks,0.25,0.751313053523296,COMPLETE,2025-03-29 03:56:42.798153,2025-03-29 03:56:49.697865,6.899712
1132,ctgan,0.25,random,0.0625,0.7409510974201001,COMPLETE,2025-03-29 03:56:49.722430,2025-03-29 03:56:58.241543,8.519113
1133,adasyn,0,condensednn,0.25,0.7122316902168051,COMPLETE,2025-03-29 03:56:58.265183,2025-03-29 03:57:04.353014,6.087831
1134,tvae,0.25,instancehardness,auto,0.7694531452799168,COMPLETE,2025-03-29 03:57:04.376251,2025-03-29 03:57:12.203939,7.827688
1135,adasyn,0.5,tomeklinks,0,0.7676581289273069,COMPLETE,2025-03-29 03:57:12.227832,2025-03-29 03:57:20.375469,8.147637
1136,adasyn,auto,editednn,0.0625,0.43810172980844064,COMPLETE,2025-03-29 03:57:20.400638,2025-03-29 03:57:26.971694,6.571056
1137,gaussiancopula,auto,tomeklinks,0.25,0.7169401709401708,COMPLETE,2025-03-29 03:57:26.995285,2025-03-29 03:57:34.027859,7.032574
1138,tvae,2,random,0.0625,0.7211085426079648,COMPLETE,2025-03-29 03:57:34.042603,2025-03-29 03:57:41.642946,7.600343
1139,random,0.5,clustercentroid,auto,0.6971412067893006,COMPLETE,2025-03-29 03:57:41.666395,2025-03-29 03:57:49.211630,7.545235
1140,smote,1,instancehardness,auto,0.7453768382352942,COMPLETE,2025-03-29 03:57:49.237554,2025-03-29 03:57:56.988975,7.751421
1141,gaussiancopula,0,tomeklinks,0.125,0.751313053523296,COMPLETE,2025-03-29 03:57:57.002717,2025-03-29 03:58:04.034757,7.03204
1142,fastml,2,onesidedselection,0.25,0.6735273418655467,COMPLETE,2025-03-29 03:58:04.058643,2025-03-29 03:58:12.295779,8.237136
1143,adasyn,auto,clustercentroid,0.125,0.705312226825282,COMPLETE,2025-03-29 03:58:12.319884,2025-03-29 03:58:20.528131,8.208247
1144,adasyn,1,editednn,0.125,0.43810172980844064,COMPLETE,2025-03-29 03:58:20.551362,2025-03-29 03:58:27.139408,6.588046
1145,tvae,0.25,random,0.125,0.7113893769428301,COMPLETE,2025-03-29 03:58:27.162422,2025-03-29 03:58:33.926499,6.764077
1146,ctgan,1,condensednn,0,0.7648087774294672,COMPLETE,2025-03-29 03:58:33.950877,2025-03-29 03:58:42.511925,8.561048
1147,gaussiancopula,auto,onesidedselection,0.0625,0.7327827996958689,COMPLETE,2025-03-29 03:58:42.528317,2025-03-29 03:58:50.200569,7.672252
1148,fastml,0,random,0,-1.0,ERROR,,,0.0
1149,fastml,0.25,condensednn,auto,0.646045232907978,COMPLETE,2025-03-29 03:58:58.581818,2025-03-29 03:59:05.177924,6.596106
1150,tvae,0,instancehardness,0.125,0.7083334800857035,COMPLETE,2025-03-29 03:59:05.207864,2025-03-29 03:59:13.035392,7.827528
1151,smote,auto,instancehardness,auto,0.7453768382352942,COMPLETE,2025-03-29 03:59:13.058899,2025-03-29 03:59:20.944702,7.885803
1152,gaussiancopula,2,nearmiss,0.5,0.7574677953625323,COMPLETE,2025-03-29 03:59:20.968591,2025-03-29 03:59:27.708940,6.740349
1153,ctgan,auto,nearmiss,0.5,0.6925999999999999,COMPLETE,2025-03-29 03:59:27.732039,2025-03-29 03:59:34.790030,7.057991
1154,gaussiancopula,0.5,tomeklinks,0,0.7545830721003134,COMPLETE,2025-03-29 03:59:34.813263,2025-03-29 03:59:41.914377,7.101114
1155,adasyn,0,instancehardness,0.0625,0.7502419028024565,COMPLETE,2025-03-29 03:59:41.937452,2025-03-29 03:59:50.140977,8.203525
1156,smote,0.25,instancehardness,auto,0.7587418181818183,COMPLETE,2025-03-29 03:59:50.159553,2025-03-29 03:59:56.835881,6.676328
1157,smote,0.5,random,auto,0.7459077380952381,COMPLETE,2025-03-29 03:59:56.860623,2025-03-29 04:00:04.667345,7.806722
1158,random,1,tomeklinks,auto,0.7676581289273069,COMPLETE,2025-03-29 04:00:04.691156,2025-03-29 04:00:12.178056,7.4869
1159,copulagan,0.5,clustercentroid,0.5,0.7750344827586207,COMPLETE,2025-03-29 04:00:12.191076,2025-03-29 04:00:19.964944,7.773868
1160,copulagan,1,nearmiss,0.25,0.7153441237038911,COMPLETE,2025-03-29 04:00:19.987911,2025-03-29 04:00:26.637421,6.64951
1161,smote,1,random,0,0.7622078075244721,COMPLETE,2025-03-29 04:00:26.661733,2025-03-29 04:00:34.867753,8.20602
1162,copulagan,1,editednn,0.5,0.46681309604265225,COMPLETE,2025-03-29 04:00:34.891831,2025-03-29 04:00:40.942548,6.050717
1163,gaussiancopula,0,tomeklinks,auto,0.751313053523296,COMPLETE,2025-03-29 04:00:40.955853,2025-03-29 04:00:47.943154,6.987301
1164,copulagan,0,nearmiss,0.0625,0.7648357886200838,COMPLETE,2025-03-29 04:00:47.965977,2025-03-29 04:00:54.385658,6.419681
1165,adasyn,0.25,clustercentroid,0.125,-1.0,COMPLETE,2025-03-29 04:00:54.408465,2025-03-29 04:00:54.491036,0.082571
1166,adasyn,0.5,tomeklinks,0.125,0.769190390617611,COMPLETE,2025-03-29 04:00:54.540137,2025-03-29 04:01:03.020845,8.480708
1167,tvae,0,nearmiss,auto,0.7710952380952381,COMPLETE,2025-03-29 04:01:03.034312,2025-03-29 04:01:09.563927,6.529615
1168,smote,0.5,tomeklinks,0.125,0.7744359880402284,COMPLETE,2025-03-29 04:01:09.587514,2025-03-29 04:01:18.130820,8.543306
1169,copulagan,0.5,nearmiss,0.0625,0.7371035662587182,COMPLETE,2025-03-29 04:01:18.154302,2025-03-29 04:01:25.289402,7.1351
1170,fastml,1,onesidedselection,0,0.7052529761904762,COMPLETE,2025-03-29 04:01:25.312667,2025-03-29 04:01:34.100814,8.788147
1171,ctgan,auto,random,0.5,0.6925999999999999,COMPLETE,2025-03-29 04:01:34.124305,2025-03-29 04:01:41.399738,7.275433
1172,copulagan,0.25,nearmiss,0.5,0.7688271005342401,COMPLETE,2025-03-29 04:01:41.424090,2025-03-29 04:01:48.523582,7.099492
1173,smote,1,nearmiss,0.125,0.6331562864380202,COMPLETE,2025-03-29 04:01:48.537052,2025-03-29 04:01:55.970371,7.433319
1174,smote,auto,instancehardness,0.125,0.7703950103950103,COMPLETE,2025-03-29 04:01:55.993122,2025-03-29 04:02:03.757199,7.764077
1175,adasyn,0.25,condensednn,0,-1.0,COMPLETE,2025-03-29 04:02:03.782409,2025-03-29 04:02:03.865886,0.083477
1176,tvae,2,onesidedselection,0.5,0.7443607864455921,COMPLETE,2025-03-29 04:02:03.879580,2025-03-29 04:02:10.984743,7.105163
1177,random,0.25,clustercentroid,0.5,0.7170457612562875,COMPLETE,2025-03-29 04:02:11.008424,2025-03-29 04:02:18.794332,7.785908
1178,adasyn,auto,random,0.5,0.7179344944461223,COMPLETE,2025-03-29 04:02:18.817491,2025-03-29 04:02:26.026837,7.209346
1179,fastml,2,condensednn,0.125,0.5992675635276532,COMPLETE,2025-03-29 04:02:26.050037,2025-03-29 04:02:34.267490,8.217453
1180,gaussiancopula,0,random,0.0625,0.7427067478437341,COMPLETE,2025-03-29 04:02:34.280824,2025-03-29 04:02:40.719881,6.439057
1181,tvae,0,nearmiss,0.25,0.7213670299493693,COMPLETE,2025-03-29 04:02:40.742919,2025-03-29 04:02:47.151201,6.408282
1182,tvae,0.5,tomeklinks,0,0.7459077380952381,COMPLETE,2025-03-29 04:02:47.173982,2025-03-29 04:02:54.946668,7.772686
1183,tvae,auto,tomeklinks,0.0625,0.7324837834650313,COMPLETE,2025-03-29 04:02:54.969661,2025-03-29 04:03:01.720028,6.750367
1184,random,0.25,onesidedselection,0.25,0.7529984779299848,COMPLETE,2025-03-29 04:03:01.744490,2025-03-29 04:03:09.763692,8.019202
1185,smote,0.25,clustercentroid,auto,0.7555934687042076,COMPLETE,2025-03-29 04:03:09.786653,2025-03-29 04:03:17.388705,7.602052
1186,ctgan,1,onesidedselection,0.0625,0.7204006229990483,COMPLETE,2025-03-29 04:03:17.413228,2025-03-29 04:03:24.892638,7.47941
1187,tvae,0.25,onesidedselection,0,0.7427067478437341,COMPLETE,2025-03-29 04:03:24.917016,2025-03-29 04:03:32.377597,7.460581
1188,ctgan,0,condensednn,auto,0.7122316902168051,COMPLETE,2025-03-29 04:03:32.400842,2025-03-29 04:03:38.365000,5.964158
1189,copulagan,auto,random,auto,0.7281575711718529,COMPLETE,2025-03-29 04:03:38.389398,2025-03-29 04:03:44.919334,6.529936
1190,adasyn,1,instancehardness,auto,0.7511904761904762,COMPLETE,2025-03-29 04:03:44.941847,2025-03-29 04:03:51.945765,7.003918
1191,adasyn,0.25,editednn,0.0625,-1.0,COMPLETE,2025-03-29 04:03:51.970774,2025-03-29 04:03:52.047071,0.076297
1192,smote,1,tomeklinks,0.5,0.7852601880877742,COMPLETE,2025-03-29 04:03:52.059354,2025-03-29 04:03:59.904946,7.845592
1193,adasyn,0.5,clustercentroid,0.5,0.7587761049052938,COMPLETE,2025-03-29 04:03:59.928838,2025-03-29 04:04:07.383365,7.454527
1194,tvae,1,tomeklinks,0.125,0.7324837834650313,COMPLETE,2025-03-29 04:04:07.406758,2025-03-29 04:04:14.191034,6.784276
1195,gaussiancopula,2,instancehardness,0.25,0.7149727725640135,COMPLETE,2025-03-29 04:04:14.213799,2025-03-29 04:04:22.329145,8.115346
1196,smote,0.25,onesidedselection,0.125,0.7844610552384403,COMPLETE,2025-03-29 04:04:22.352834,2025-03-29 04:04:29.792232,7.439398
1197,adasyn,auto,instancehardness,0.0625,0.7562467644521139,COMPLETE,2025-03-29 04:04:29.815110,2025-03-29 04:04:37.908909,8.093799
1198,gaussiancopula,0.5,onesidedselection,auto,0.7133488214919319,COMPLETE,2025-03-29 04:04:37.932954,2025-03-29 04:04:45.421912,7.488958
1199,random,1,nearmiss,0.0625,0.6544345838375689,COMPLETE,2025-03-29 04:04:45.445343,2025-03-29 04:04:53.191068,7.745725
1200,adasyn,2,tomeklinks,auto,0.7889290917921321,COMPLETE,2025-03-29 04:04:53.207303,2025-03-29 04:05:01.040075,7.832772
1201,random,0,instancehardness,auto,0.7506968162704882,COMPLETE,2025-03-29 04:05:01.055550,2025-03-29 04:05:08.015445,6.959895
1202,random,0.25,tomeklinks,0.125,0.769190390617611,COMPLETE,2025-03-29 04:05:08.039483,2025-03-29 04:05:15.671117,7.631634
1203,smote,0.25,editednn,0.0625,0.5771043287754023,COMPLETE,2025-03-29 04:05:15.694587,2025-03-29 04:05:21.425068,5.730481
1204,ctgan,auto,condensednn,0.125,0.6653125,COMPLETE,2025-03-29 04:05:21.439168,2025-03-29 04:05:29.471255,8.032087
1205,tvae,0,editednn,0.25,0.5500576354306227,COMPLETE,2025-03-29 04:05:29.493580,2025-03-29 04:05:34.460784,4.967204
1206,ctgan,0,random,0,-1.0,ERROR,,,0.0
1207,random,0.5,onesidedselection,0.25,0.7556303470540761,COMPLETE,2025-03-29 04:05:42.838110,2025-03-29 04:05:50.596995,7.758885
1208,adasyn,0.25,editednn,0.125,-1.0,COMPLETE,2025-03-29 04:05:50.619397,2025-03-29 04:05:50.696984,0.077587
1209,gaussiancopula,2,clustercentroid,0,0.7343357192473801,COMPLETE,2025-03-29 04:05:50.709532,2025-03-29 04:05:57.870378,7.160846
1210,fastml,0,random,0.125,0.7541465062846331,COMPLETE,2025-03-29 04:05:57.893206,2025-03-29 04:06:03.997328,6.104122
1211,random,0.5,onesidedselection,0.125,0.7556303470540761,COMPLETE,2025-03-29 04:06:04.019975,2025-03-29 04:06:11.101338,7.081363
1212,gaussiancopula,0.25,instancehardness,0.25,0.7364615384615385,COMPLETE,2025-03-29 04:06:11.123842,2025-03-29 04:06:18.134857,7.011015
1213,copulagan,auto,clustercentroid,auto,0.7101716227102378,COMPLETE,2025-03-29 04:06:18.156960,2025-03-29 04:06:25.858132,7.701172
1214,random,0.25,onesidedselection,0.5,0.7529984779299848,COMPLETE,2025-03-29 04:06:25.880328,2025-03-29 04:06:34.303727,8.423399
1215,adasyn,2,editednn,0.125,0.43810172980844064,COMPLETE,2025-03-29 04:06:34.328347,2025-03-29 04:06:40.703631,6.375284
1216,tvae,0.5,random,auto,0.7498664384710897,COMPLETE,2025-03-29 04:06:40.725511,2025-03-29 04:06:47.127139,6.401628
1217,tvae,0.5,random,0.0625,0.7285784757877781,COMPLETE,2025-03-29 04:06:47.149724,2025-03-29 04:06:53.633005,6.483281
1218,tvae,0.25,random,0,0.7427067478437341,COMPLETE,2025-03-29 04:06:53.654834,2025-03-29 04:07:00.692024,7.03719
1219,fastml,0.5,editednn,auto,0.4168571428571429,COMPLETE,2025-03-29 04:07:00.714173,2025-03-29 04:07:06.226072,5.511899
1220,smote,0,instancehardness,0.25,0.7469968340117593,COMPLETE,2025-03-29 04:07:06.247449,2025-03-29 04:07:12.980315,6.732866
1221,random,1,instancehardness,0.25,0.7459077380952381,COMPLETE,2025-03-29 04:07:13.003098,2025-03-29 04:07:19.631554,6.628456
1222,adasyn,auto,nearmiss,0.5,0.7142348955392435,COMPLETE,2025-03-29 04:07:19.653441,2025-03-29 04:07:25.718945,6.065504
1223,adasyn,0,clustercentroid,0.25,0.7430160183066361,COMPLETE,2025-03-29 04:07:25.741755,2025-03-29 04:07:32.697099,6.955344
1224,adasyn,auto,random,0.25,0.7557132616487455,COMPLETE,2025-03-29 04:07:32.710087,2025-03-29 04:07:39.540269,6.830182
1225,smote,2,editednn,0,0.7622078075244721,COMPLETE,2025-03-29 04:07:39.561807,2025-03-29 04:07:47.187913,7.626106
1226,copulagan,auto,clustercentroid,0.125,0.716227225596208,COMPLETE,2025-03-29 04:07:47.210022,2025-03-29 04:07:54.930716,7.720694
1227,random,0.5,onesidedselection,0.5,0.7556303470540761,COMPLETE,2025-03-29 04:07:54.953011,2025-03-29 04:08:01.770597,6.817586
1228,smote,2,editednn,0.25,0.45127585947491156,COMPLETE,2025-03-29 04:08:01.793579,2025-03-29 04:08:07.048516,5.254937
1229,random,auto,random,0.25,0.7202271852137081,COMPLETE,2025-03-29 04:08:07.069813,2025-03-29 04:08:13.385039,6.315226
1230,fastml,0.25,editednn,0.5,0.5727754813993345,COMPLETE,2025-03-29 04:08:13.407278,2025-03-29 04:08:19.460349,6.053071
1231,smote,2,instancehardness,0.25,0.764298323036187,COMPLETE,2025-03-29 04:08:19.482913,2025-03-29 04:08:26.766941,7.284028
1232,gaussiancopula,2,random,0.125,0.7048763146200563,COMPLETE,2025-03-29 04:08:26.789476,2025-03-29 04:08:33.101451,6.311975
1233,smote,0.25,onesidedselection,0.0625,0.7844610552384403,COMPLETE,2025-03-29 04:08:33.114636,2025-03-29 04:08:40.941924,7.827288
1234,tvae,0.5,editednn,0.25,0.6497817567048336,COMPLETE,2025-03-29 04:08:40.964963,2025-03-29 04:08:46.378967,5.414004
1235,fastml,0,random,0.25,0.7243106520491679,COMPLETE,2025-03-29 04:08:46.401522,2025-03-29 04:08:52.984626,6.583104
1236,tvae,0.5,editednn,auto,0.6497817567048336,COMPLETE,2025-03-29 04:08:53.007546,2025-03-29 04:08:58.419976,5.41243
1237,ctgan,0.5,onesidedselection,0.5,0.7324837834650313,COMPLETE,2025-03-29 04:08:58.442159,2025-03-29 04:09:05.662407,7.220248
1238,random,1,nearmiss,0.5,0.7556303470540761,COMPLETE,2025-03-29 04:09:05.684507,2025-03-29 04:09:12.001497,6.31699
1239,adasyn,0.25,editednn,auto,-1.0,COMPLETE,2025-03-29 04:09:12.024846,2025-03-29 04:09:12.103780,0.078934
1240,tvae,2,editednn,0.25,0.4895046904315196,COMPLETE,2025-03-29 04:09:12.116786,2025-03-29 04:09:17.616113,5.499327
1241,adasyn,1,nearmiss,0,0.7502419028024565,COMPLETE,2025-03-29 04:09:17.638781,2025-03-29 04:09:25.739188,8.100407
1242,adasyn,0,instancehardness,0.125,0.7083334800857035,COMPLETE,2025-03-29 04:09:25.762223,2025-03-29 04:09:32.885654,7.123431
1243,gaussiancopula,0,editednn,auto,0.5500576354306227,COMPLETE,2025-03-29 04:09:32.909226,2025-03-29 04:09:37.692655,4.783429
1244,gaussiancopula,1,clustercentroid,0.125,0.6894824016563148,COMPLETE,2025-03-29 04:09:37.715663,2025-03-29 04:09:45.236927,7.521264
1245,copulagan,1,tomeklinks,0.25,0.7044206848357792,COMPLETE,2025-03-29 04:09:45.259801,2025-03-29 04:09:52.404528,7.144727
1246,random,2,condensednn,0.0625,0.7081169711960424,COMPLETE,2025-03-29 04:09:52.427674,2025-03-29 04:09:59.183966,6.756292
1247,random,2,tomeklinks,auto,0.7676581289273069,COMPLETE,2025-03-29 04:09:59.206891,2025-03-29 04:10:06.272513,7.065622
1248,fastml,1,nearmiss,0.0625,0.7001935483870967,COMPLETE,2025-03-29 04:10:06.286900,2025-03-29 04:10:13.168502,6.881602
1249,tvae,0.5,condensednn,0.125,0.7168478701825559,COMPLETE,2025-03-29 04:10:13.190413,2025-03-29 04:10:19.408469,6.218056
1250,adasyn,0.25,onesidedselection,0.5,-1.0,COMPLETE,2025-03-29 04:10:19.424035,2025-03-29 04:10:19.509686,0.085651
1251,smote,0.25,clustercentroid,0.0625,0.7711544011544013,COMPLETE,2025-03-29 04:10:19.522552,2025-03-29 04:10:28.935050,9.412498
1252,adasyn,0,instancehardness,0.5,0.7506968162704882,COMPLETE,2025-03-29 04:10:28.949709,2025-03-29 04:10:35.505960,6.556251
1253,tvae,2,editednn,0.0625,0.4895046904315196,COMPLETE,2025-03-29 04:10:35.521988,2025-03-29 04:10:40.984371,5.462383
1254,adasyn,0.5,clustercentroid,0.0625,0.7431092436974791,COMPLETE,2025-03-29 04:10:41.001830,2025-03-29 04:10:48.992800,7.99097
1255,random,2,clustercentroid,0.0625,0.7487251092763478,COMPLETE,2025-03-29 04:10:49.023887,2025-03-29 04:10:57.001904,7.978017
1256,gaussiancopula,0.25,random,0.5,0.7430160183066361,COMPLETE,2025-03-29 04:10:57.024994,2025-03-29 04:11:03.345400,6.320406
1257,gaussiancopula,0,condensednn,0.125,0.7122316902168051,COMPLETE,2025-03-29 04:11:03.370984,2025-03-29 04:11:09.151362,5.780378
1258,ctgan,0.5,clustercentroid,0,0.7286486486486488,COMPLETE,2025-03-29 04:11:09.174140,2025-03-29 04:11:17.169757,7.995617
1259,tvae,2,nearmiss,0,0.7675733038890934,COMPLETE,2025-03-29 04:11:17.182792,2025-03-29 04:11:24.973440,7.790648
1260,fastml,0,editednn,0.5,0.5500576354306227,COMPLETE,2025-03-29 04:11:24.996235,2025-03-29 04:11:29.730631,4.734396
1261,smote,1,instancehardness,0.25,0.764298323036187,COMPLETE,2025-03-29 04:11:29.753624,2025-03-29 04:11:37.163576,7.409952
1262,fastml,0,onesidedselection,0,-1.0,ERROR,,,0.0
1263,tvae,1,clustercentroid,0.125,0.7306293706293707,COMPLETE,2025-03-29 04:11:45.209856,2025-03-29 04:11:52.761951,7.552095
1264,fastml,0.5,instancehardness,0.0625,0.7616750096264923,COMPLETE,2025-03-29 04:11:52.784625,2025-03-29 04:12:00.573587,7.788962
1265,random,1,clustercentroid,0.25,0.6884191355026712,COMPLETE,2025-03-29 04:12:00.597283,2025-03-29 04:12:08.026547,7.429264
1266,adasyn,0.5,tomeklinks,auto,0.769190390617611,COMPLETE,2025-03-29 04:12:08.049979,2025-03-29 04:12:16.391927,8.341948
1267,tvae,auto,clustercentroid,0,0.7675733038890934,COMPLETE,2025-03-29 04:12:16.404812,2025-03-29 04:12:24.195939,7.791127
1268,random,0,clustercentroid,0.25,0.7292000000000002,COMPLETE,2025-03-29 04:12:24.217296,2025-03-29 04:12:31.873305,7.656009
1269,fastml,0.25,clustercentroid,0.25,0.7541465062846331,COMPLETE,2025-03-29 04:12:31.895365,2025-03-29 04:12:39.627890,7.732525
1270,tvae,auto,tomeklinks,0.25,0.7324837834650313,COMPLETE,2025-03-29 04:12:39.641771,2025-03-29 04:12:46.538258,6.896487
1271,fastml,0.5,editednn,0,0.7473622868359711,COMPLETE,2025-03-29 04:12:46.562687,2025-03-29 04:12:54.267460,7.704773
1272,tvae,0.25,instancehardness,0.0625,0.7573318235462984,COMPLETE,2025-03-29 04:12:54.290928,2025-03-29 04:13:01.785505,7.494577
1273,copulagan,auto,condensednn,0.0625,0.5889968730456535,COMPLETE,2025-03-29 04:13:01.808508,2025-03-29 04:13:09.382885,7.574377
1274,smote,auto,tomeklinks,0,0.7622078075244721,COMPLETE,2025-03-29 04:13:09.404749,2025-03-29 04:13:17.688146,8.283397
1275,fastml,2,editednn,0.25,0.483261935742168,COMPLETE,2025-03-29 04:13:17.711565,2025-03-29 04:13:23.221897,5.510332
1276,fastml,0.5,onesidedselection,auto,0.7237307152875174,COMPLETE,2025-03-29 04:13:23.243681,2025-03-29 04:13:31.094149,7.850468
1277,random,1,random,auto,0.7486739808947318,COMPLETE,2025-03-29 04:13:31.116707,2025-03-29 04:13:37.695043,6.578336
1278,gaussiancopula,0.25,random,0.25,0.7159972426470589,COMPLETE,2025-03-29 04:13:37.717381,2025-03-29 04:13:44.097333,6.379952
1279,fastml,0.5,tomeklinks,0.25,0.6941304347826087,COMPLETE,2025-03-29 04:13:44.120791,2025-03-29 04:13:52.409857,8.289066
1280,smote,0,tomeklinks,0.0625,0.751313053523296,COMPLETE,2025-03-29 04:13:52.431742,2025-03-29 04:13:58.959937,6.528195
1281,gaussiancopula,1,editednn,auto,0.3464418675617943,COMPLETE,2025-03-29 04:13:58.981738,2025-03-29 04:14:04.203722,5.221984
1282,adasyn,2,random,auto,0.7179344944461223,COMPLETE,2025-03-29 04:14:04.225019,2025-03-29 04:14:11.067142,6.842123
1283,random,2,onesidedselection,0.0625,0.7587761049052938,COMPLETE,2025-03-29 04:14:11.090301,2025-03-29 04:14:18.464581,7.37428
1284,ctgan,0.5,tomeklinks,auto,0.7343357192473801,COMPLETE,2025-03-29 04:14:18.486990,2025-03-29 04:14:26.557600,8.07061
1285,smote,0,random,0.25,0.7243106520491679,COMPLETE,2025-03-29 04:14:26.570233,2025-03-29 04:14:33.030179,6.459946
1286,copulagan,2,tomeklinks,0,0.7744359880402284,COMPLETE,2025-03-29 04:14:33.052249,2025-03-29 04:14:41.347251,8.295002
1287,copulagan,1,random,0.25,0.7129128559102675,COMPLETE,2025-03-29 04:14:41.370244,2025-03-29 04:14:47.804011,6.433767
1288,tvae,0,random,0.0625,0.7427067478437341,COMPLETE,2025-03-29 04:14:47.826284,2025-03-29 04:14:53.970252,6.143968
1289,fastml,1,nearmiss,0,0.7052529761904762,COMPLETE,2025-03-29 04:14:53.994370,2025-03-29 04:15:02.659226,8.664856
1290,smote,1,random,0.25,0.7529984779299848,COMPLETE,2025-03-29 04:15:02.682900,2025-03-29 04:15:09.178665,6.495765
1291,gaussiancopula,1,tomeklinks,0,0.7343357192473801,COMPLETE,2025-03-29 04:15:09.201098,2025-03-29 04:15:16.239227,7.038129
1292,copulagan,auto,editednn,0.25,0.46681309604265225,COMPLETE,2025-03-29 04:15:16.260870,2025-03-29 04:15:22.101225,5.840355
1293,copulagan,2,tomeklinks,auto,0.7044206848357792,COMPLETE,2025-03-29 04:15:22.114535,2025-03-29 04:15:29.263441,7.148906
1294,gaussiancopula,1,editednn,0,0.7343357192473801,COMPLETE,2025-03-29 04:15:29.285560,2025-03-29 04:15:36.201475,6.915915
1295,gaussiancopula,0.5,onesidedselection,0.125,0.7133488214919319,COMPLETE,2025-03-29 04:15:36.223292,2025-03-29 04:15:43.396139,7.172847
1296,smote,1,nearmiss,0.0625,0.6975476162309239,COMPLETE,2025-03-29 04:15:43.415304,2025-03-29 04:15:51.111607,7.696303
1297,random,0.25,instancehardness,0.5,0.7567199857815693,COMPLETE,2025-03-29 04:15:51.134470,2025-03-29 04:15:58.475014,7.340544
1298,gaussiancopula,auto,clustercentroid,0.25,0.7179344944461223,COMPLETE,2025-03-29 04:15:58.498250,2025-03-29 04:16:05.813405,7.315155
1299,smote,0.25,nearmiss,0.0625,0.726507099244915,COMPLETE,2025-03-29 04:16:05.836453,2025-03-29 04:16:12.325897,6.489444
1300,tvae,0.5,nearmiss,0.5,0.7573318235462984,COMPLETE,2025-03-29 04:16:12.339997,2025-03-29 04:16:19.027442,6.687445
1301,adasyn,0.25,instancehardness,auto,-1.0,COMPLETE,2025-03-29 04:16:19.042847,2025-03-29 04:16:19.132462,0.089615
1302,smote,1,instancehardness,0.125,0.7703950103950103,COMPLETE,2025-03-29 04:16:19.147857,2025-03-29 04:16:26.698504,7.550647
1303,copulagan,0.25,clustercentroid,0,0.7427067478437341,COMPLETE,2025-03-29 04:16:26.711946,2025-03-29 04:16:34.416151,7.704205
1304,adasyn,0,clustercentroid,0.5,0.7530938215102975,COMPLETE,2025-03-29 04:16:34.431624,2025-03-29 04:16:41.957295,7.525671
1305,fastml,0.5,condensednn,0.5,0.6346511627906977,COMPLETE,2025-03-29 04:16:41.972133,2025-03-29 04:16:48.691735,6.719602
1306,random,auto,tomeklinks,0.25,0.7676581289273069,COMPLETE,2025-03-29 04:16:48.713945,2025-03-29 04:16:55.844719,7.130774
1307,smote,0.25,condensednn,0.5,0.703421052631579,COMPLETE,2025-03-29 04:16:55.866937,2025-03-29 04:17:01.971500,6.104563
1308,smote,auto,condensednn,0.25,0.6940563261874737,COMPLETE,2025-03-29 04:17:01.993734,2025-03-29 04:17:09.445351,7.451617
1309,fastml,0.25,instancehardness,0.5,0.7149727725640135,COMPLETE,2025-03-29 04:17:09.467865,2025-03-29 04:17:16.994415,7.52655
1310,tvae,0.25,editednn,auto,0.6436995219204558,COMPLETE,2025-03-29 04:17:17.018375,2025-03-29 04:17:22.224981,5.206606
1311,smote,1,clustercentroid,0.125,0.7477054200265387,COMPLETE,2025-03-29 04:17:22.247424,2025-03-29 04:17:30.525449,8.278025
1312,random,0,random,0,-1.0,ERROR,,,0.0
1313,adasyn,auto,editednn,auto,0.43810172980844064,COMPLETE,2025-03-29 04:17:38.456054,2025-03-29 04:17:44.706812,6.250758
1314,random,0.25,clustercentroid,0.125,0.7443573667711598,COMPLETE,2025-03-29 04:17:44.729544,2025-03-29 04:17:52.387867,7.658323
1315,fastml,0.25,tomeklinks,0.5,0.721311399586815,COMPLETE,2025-03-29 04:17:52.410550,2025-03-29 04:17:59.290351,6.879801
1316,adasyn,0.5,random,0.125,0.7262335408798611,COMPLETE,2025-03-29 04:17:59.312938,2025-03-29 04:18:06.087347,6.774409
1317,copulagan,2,random,0.0625,0.6969580419580419,COMPLETE,2025-03-29 04:18:06.109565,2025-03-29 04:18:13.606869,7.497304
1318,tvae,2,editednn,0.5,0.4895046904315196,COMPLETE,2025-03-29 04:18:13.629237,2025-03-29 04:18:19.008546,5.379309
1319,copulagan,0.25,tomeklinks,0,0.7427067478437341,COMPLETE,2025-03-29 04:18:19.031006,2025-03-29 04:18:26.501705,7.470699
1320,tvae,0.25,tomeklinks,0.125,0.7541465062846331,COMPLETE,2025-03-29 04:18:26.523862,2025-03-29 04:18:33.449430,6.925568
1321,gaussiancopula,0.25,nearmiss,auto,0.7343357192473801,COMPLETE,2025-03-29 04:18:33.473120,2025-03-29 04:18:39.632740,6.15962
1322,random,0.25,editednn,0.5,0.504890042378194,COMPLETE,2025-03-29 04:18:39.654987,2025-03-29 04:18:45.079340,5.424353
1323,random,0.5,random,0.0625,0.7454132873166524,COMPLETE,2025-03-29 04:18:45.102978,2025-03-29 04:18:53.105575,8.002597
1324,copulagan,0.25,clustercentroid,0.5,0.7648087774294672,COMPLETE,2025-03-29 04:18:53.119792,2025-03-29 04:19:00.739635,7.619843
1325,ctgan,0.5,condensednn,0,0.7286486486486488,COMPLETE,2025-03-29 04:19:00.762174,2025-03-29 04:19:09.009098,8.246924
1326,random,0.5,tomeklinks,auto,0.7372567783094098,COMPLETE,2025-03-29 04:19:09.023170,2025-03-29 04:19:17.035666,8.012496
1327,random,auto,instancehardness,0.5,0.7443573667711598,COMPLETE,2025-03-29 04:19:17.048813,2025-03-29 04:19:24.664520,7.615707
1328,copulagan,2,editednn,0.0625,0.46681309604265225,COMPLETE,2025-03-29 04:19:24.687127,2025-03-29 04:19:30.468181,5.781054
1329,ctgan,0.25,tomeklinks,0.25,0.7390472727272727,COMPLETE,2025-03-29 04:19:30.481392,2025-03-29 04:19:37.283826,6.802434
1330,fastml,2,instancehardness,0.0625,0.7138,COMPLETE,2025-03-29 04:19:37.306628,2025-03-29 04:19:45.765361,8.458733
1331,smote,0.5,tomeklinks,auto,0.7744359880402284,COMPLETE,2025-03-29 04:19:45.788923,2025-03-29 04:19:54.149841,8.360918
1332,tvae,0,tomeklinks,0.25,0.751313053523296,COMPLETE,2025-03-29 04:19:54.172491,2025-03-29 04:20:00.796445,6.623954
1333,random,auto,clustercentroid,0.5,0.7257904411764707,COMPLETE,2025-03-29 04:20:00.818558,2025-03-29 04:20:08.240217,7.421659
1334,random,0.5,random,0.5,0.7009103595167272,COMPLETE,2025-03-29 04:20:08.263211,2025-03-29 04:20:14.457594,6.194383
1335,ctgan,1,onesidedselection,auto,0.7204006229990483,COMPLETE,2025-03-29 04:20:14.480959,2025-03-29 04:20:21.750577,7.269618
1336,adasyn,1,condensednn,auto,0.7081169711960424,COMPLETE,2025-03-29 04:20:21.772900,2025-03-29 04:20:29.504474,7.731574
1337,random,0.5,clustercentroid,0,0.7587761049052938,COMPLETE,2025-03-29 04:20:29.526859,2025-03-29 04:20:37.587415,8.060556
1338,ctgan,0.25,random,0.5,0.75,COMPLETE,2025-03-29 04:20:37.609630,2025-03-29 04:20:44.145802,6.536172
1339,ctgan,auto,random,0,0.7648087774294672,COMPLETE,2025-03-29 04:20:44.168997,2025-03-29 04:20:52.219554,8.050557
1340,fastml,2,random,0.5,0.6973829565875342,COMPLETE,2025-03-29 04:20:52.232553,2025-03-29 04:20:59.133272,6.900719
1341,copulagan,auto,editednn,auto,0.46681309604265225,COMPLETE,2025-03-29 04:20:59.156039,2025-03-29 04:21:04.928211,5.772172
1342,ctgan,0,random,0.125,0.7541465062846331,COMPLETE,2025-03-29 04:21:04.941353,2025-03-29 04:21:11.664807,6.723454
1343,fastml,1,nearmiss,auto,0.7118315575849822,COMPLETE,2025-03-29 04:21:11.690126,2025-03-29 04:21:18.326905,6.636779
1344,adasyn,2,instancehardness,auto,0.7511904761904762,COMPLETE,2025-03-29 04:21:18.340190,2025-03-29 04:21:25.691436,7.351246
1345,ctgan,0.25,onesidedselection,0.125,0.7543858536438043,COMPLETE,2025-03-29 04:21:25.714274,2025-03-29 04:21:33.095336,7.381062
1346,ctgan,0,instancehardness,0,-1.0,ERROR,,,0.0
1347,ctgan,0.25,tomeklinks,0.0625,0.7390472727272727,COMPLETE,2025-03-29 04:21:41.373598,2025-03-29 04:21:48.356045,6.982447
1348,gaussiancopula,0.25,condensednn,0,0.7573318235462984,COMPLETE,2025-03-29 04:21:48.378915,2025-03-29 04:21:55.507466,7.128551
1349,ctgan,0,clustercentroid,0.5,0.7530938215102975,COMPLETE,2025-03-29 04:21:55.531344,2025-03-29 04:22:03.161671,7.630327
1350,smote,2,nearmiss,0,0.7622078075244721,COMPLETE,2025-03-29 04:22:03.184832,2025-03-29 04:22:11.417837,8.233005
1351,tvae,0.5,instancehardness,0.5,0.7379944821108861,COMPLETE,2025-03-29 04:22:11.432946,2025-03-29 04:22:19.137465,7.704519
1352,adasyn,1,onesidedselection,0.0625,0.7125091517920485,COMPLETE,2025-03-29 04:22:19.154047,2025-03-29 04:22:27.329160,8.175113
1353,ctgan,0.5,nearmiss,0.0625,0.716227225596208,COMPLETE,2025-03-29 04:22:27.352943,2025-03-29 04:22:34.608064,7.255121
1354,copulagan,auto,editednn,0.125,0.46681309604265225,COMPLETE,2025-03-29 04:22:34.631270,2025-03-29 04:22:40.489536,5.858266
1355,fastml,2,nearmiss,0,0.7052529761904762,COMPLETE,2025-03-29 04:22:40.503522,2025-03-29 04:22:48.895322,8.3918
1356,copulagan,0,onesidedselection,auto,0.7228604118993135,COMPLETE,2025-03-29 04:22:48.917629,2025-03-29 04:22:55.446945,6.529316
1357,tvae,0.25,clustercentroid,0.5,0.7386741136474015,COMPLETE,2025-03-29 04:22:55.469784,2025-03-29 04:23:02.886463,7.416679
1358,ctgan,1,nearmiss,0.25,0.7014253862079949,COMPLETE,2025-03-29 04:23:02.909186,2025-03-29 04:23:09.703054,6.793868
1359,random,0,nearmiss,0.25,0.7213670299493693,COMPLETE,2025-03-29 04:23:09.725296,2025-03-29 04:23:16.023204,6.297908
1360,adasyn,0.5,instancehardness,0.25,0.7355836397058824,COMPLETE,2025-03-29 04:23:16.046924,2025-03-29 04:23:23.330832,7.283908
1361,tvae,auto,nearmiss,auto,0.697643810400368,COMPLETE,2025-03-29 04:23:23.353353,2025-03-29 04:23:30.111895,6.758542
1362,tvae,0.25,editednn,0,0.7427067478437341,COMPLETE,2025-03-29 04:23:30.125016,2025-03-29 04:23:37.711354,7.586338
1363,ctgan,0.25,instancehardness,auto,0.761236414200176,COMPLETE,2025-03-29 04:23:37.734475,2025-03-29 04:23:45.938035,8.20356
1364,random,0.25,onesidedselection,auto,0.7529984779299848,COMPLETE,2025-03-29 04:23:45.952090,2025-03-29 04:23:54.033033,8.080943
1365,copulagan,0.5,tomeklinks,0.5,0.7423917914848449,COMPLETE,2025-03-29 04:23:54.056059,2025-03-29 04:24:01.514901,7.458842
1366,fastml,0.5,editednn,0.125,0.4168571428571429,COMPLETE,2025-03-29 04:24:01.528290,2025-03-29 04:24:07.274393,5.746103
1367,ctgan,auto,clustercentroid,0.125,0.775793142096599,COMPLETE,2025-03-29 04:24:07.298034,2025-03-29 04:24:15.995513,8.697479
1368,smote,0.5,condensednn,auto,0.6797255642053943,COMPLETE,2025-03-29 04:24:16.017874,2025-03-29 04:24:22.453195,6.435321
1369,random,auto,nearmiss,0.5,0.7556303470540761,COMPLETE,2025-03-29 04:24:22.475550,2025-03-29 04:24:28.762920,6.28737
1370,tvae,0.5,editednn,0.125,0.6497817567048336,COMPLETE,2025-03-29 04:24:28.787246,2025-03-29 04:24:34.101599,5.314353
1371,gaussiancopula,0.5,tomeklinks,0.125,0.7444583478160121,COMPLETE,2025-03-29 04:24:34.123573,2025-03-29 04:24:40.971774,6.848201
1372,random,2,editednn,0.25,0.6159590792838874,COMPLETE,2025-03-29 04:24:40.994660,2025-03-29 04:24:46.940275,5.945615
1373,tvae,2,editednn,auto,0.4895046904315196,COMPLETE,2025-03-29 04:24:46.963059,2025-03-29 04:24:52.404969,5.44191
1374,fastml,0.25,clustercentroid,0.125,0.7605104198127455,COMPLETE,2025-03-29 04:24:52.420510,2025-03-29 04:25:00.058452,7.637942
1375,copulagan,1,random,0.125,0.6860147261849977,COMPLETE,2025-03-29 04:25:00.081250,2025-03-29 04:25:06.863400,6.78215
1376,tvae,1,condensednn,0.25,0.7072494929006085,COMPLETE,2025-03-29 04:25:06.887866,2025-03-29 04:25:14.696268,7.808402
1377,adasyn,1,editednn,0.25,0.43810172980844064,COMPLETE,2025-03-29 04:25:14.720276,2025-03-29 04:25:21.038594,6.318318
1378,random,auto,condensednn,0,0.7706303189002152,COMPLETE,2025-03-29 04:25:21.061936,2025-03-29 04:25:30.331170,9.269234
1379,fastml,1,instancehardness,0,0.7052529761904762,COMPLETE,2025-03-29 04:25:30.354318,2025-03-29 04:25:38.883859,8.529541
1380,random,auto,tomeklinks,0,0.7706303189002152,COMPLETE,2025-03-29 04:25:38.906404,2025-03-29 04:25:48.064214,9.15781
1381,adasyn,0,condensednn,0.0625,0.7122316902168051,COMPLETE,2025-03-29 04:25:48.087651,2025-03-29 04:25:53.888438,5.800787
1382,fastml,auto,editednn,auto,0.483261935742168,COMPLETE,2025-03-29 04:25:53.910703,2025-03-29 04:25:59.539179,5.628476
1383,tvae,0.5,random,0.5,0.7498664384710897,COMPLETE,2025-03-29 04:25:59.563630,2025-03-29 04:26:06.504985,6.941355
1384,adasyn,2,instancehardness,0.25,0.7487251092763478,COMPLETE,2025-03-29 04:26:06.528676,2025-03-29 04:26:13.923542,7.394866
1385,fastml,0,nearmiss,auto,0.7710952380952381,COMPLETE,2025-03-29 04:26:13.946269,2025-03-29 04:26:20.278767,6.332498
1386,copulagan,0.5,onesidedselection,0.125,0.7355836397058824,COMPLETE,2025-03-29 04:26:20.301610,2025-03-29 04:26:27.314269,7.012659
1387,random,0.25,random,0.0625,0.745231638418079,COMPLETE,2025-03-29 04:26:27.338712,2025-03-29 04:26:34.060822,6.72211
1388,ctgan,0.25,onesidedselection,0.25,0.7543858536438043,COMPLETE,2025-03-29 04:26:34.082888,2025-03-29 04:26:41.139046,7.056158
1389,smote,1,onesidedselection,0.25,0.7662351190476191,COMPLETE,2025-03-29 04:26:41.161327,2025-03-29 04:26:49.085912,7.924585
1390,tvae,0.25,instancehardness,0,0.7427067478437341,COMPLETE,2025-03-29 04:26:49.108496,2025-03-29 04:26:56.296401,7.187905
1391,random,2,onesidedselection,0.5,0.7587761049052938,COMPLETE,2025-03-29 04:26:56.318514,2025-03-29 04:27:03.707159,7.388645
1392,gaussiancopula,2,condensednn,0.25,0.6072300007568303,COMPLETE,2025-03-29 04:27:03.730200,2025-03-29 04:27:10.372548,6.642348
1393,adasyn,0.25,clustercentroid,0,-1.0,COMPLETE,2025-03-29 04:27:10.395102,2025-03-29 04:27:10.475331,0.080229
1394,random,auto,tomeklinks,0.5,0.7676581289273069,COMPLETE,2025-03-29 04:27:10.487200,2025-03-29 04:27:17.777002,7.289802
1395,ctgan,2,tomeklinks,0.125,0.7453768382352942,COMPLETE,2025-03-29 04:27:17.789749,2025-03-29 04:27:24.804531,7.014782
1396,smote,auto,nearmiss,0.5,0.7307887678399946,COMPLETE,2025-03-29 04:27:24.828480,2025-03-29 04:27:31.685397,6.856917
1397,copulagan,0,clustercentroid,0.0625,0.7747739531234678,COMPLETE,2025-03-29 04:27:31.707797,2025-03-29 04:27:39.788077,8.08028
1398,adasyn,auto,onesidedselection,0.0625,0.7125091517920485,COMPLETE,2025-03-29 04:27:39.811767,2025-03-29 04:27:47.550818,7.739051
1399,ctgan,1,random,0,0.7648087774294672,COMPLETE,2025-03-29 04:27:47.573326,2025-03-29 04:27:55.561476,7.98815
1400,random,1,onesidedselection,0.25,0.7587761049052938,COMPLETE,2025-03-29 04:27:55.574390,2025-03-29 04:28:03.365373,7.790983
1401,gaussiancopula,auto,onesidedselection,0,0.7343357192473801,COMPLETE,2025-03-29 04:28:03.387719,2025-03-29 04:28:10.498834,7.111115
1402,smote,1,onesidedselection,0.5,0.7662351190476191,COMPLETE,2025-03-29 04:28:10.514241,2025-03-29 04:28:18.533166,8.018925
1403,smote,0.25,editednn,auto,0.5771043287754023,COMPLETE,2025-03-29 04:28:18.548164,2025-03-29 04:28:24.051431,5.503267
1404,ctgan,0.25,nearmiss,0.0625,0.7286486486486488,COMPLETE,2025-03-29 04:28:24.065605,2025-03-29 04:28:30.986508,6.920903
1405,copulagan,0.5,clustercentroid,0.125,0.7605104198127455,COMPLETE,2025-03-29 04:28:31.010169,2025-03-29 04:28:39.377167,8.366998
1406,gaussiancopula,2,nearmiss,0,0.7343357192473801,COMPLETE,2025-03-29 04:28:39.400164,2025-03-29 04:28:46.403964,7.0038
1407,copulagan,1,instancehardness,0.25,0.7648087774294672,COMPLETE,2025-03-29 04:28:46.426568,2025-03-29 04:28:54.461610,8.035042
1408,smote,1,editednn,0,0.7622078075244721,COMPLETE,2025-03-29 04:28:54.485145,2025-03-29 04:29:02.397638,7.912493
1409,copulagan,auto,editednn,0,0.7744359880402284,COMPLETE,2025-03-29 04:29:02.411649,2025-03-29 04:29:10.560905,8.149256
1410,gaussiancopula,0.5,instancehardness,0.0625,0.7676581289273069,COMPLETE,2025-03-29 04:29:10.583675,2025-03-29 04:29:18.632014,8.048339
1411,smote,2,clustercentroid,auto,0.7434572239491825,COMPLETE,2025-03-29 04:29:18.655093,2025-03-29 04:29:25.917979,7.262886
1412,smote,2,nearmiss,auto,0.7307887678399946,COMPLETE,2025-03-29 04:29:25.940374,2025-03-29 04:29:32.864393,6.924019
1413,ctgan,0.25,onesidedselection,0.0625,0.7543858536438043,COMPLETE,2025-03-29 04:29:32.887230,2025-03-29 04:29:40.169119,7.281889
1414,adasyn,0.5,onesidedselection,0.125,0.7877843209422157,COMPLETE,2025-03-29 04:29:40.192797,2025-03-29 04:29:47.891221,7.698424
1415,random,0.5,nearmiss,0.25,0.7298534867046977,COMPLETE,2025-03-29 04:29:47.903964,2025-03-29 04:29:54.178512,6.274548
1416,gaussiancopula,0.25,nearmiss,0.125,0.7237463330457291,COMPLETE,2025-03-29 04:29:54.201318,2025-03-29 04:30:00.714625,6.513307
1417,tvae,2,condensednn,0.5,0.7072494929006085,COMPLETE,2025-03-29 04:30:00.737606,2025-03-29 04:30:08.202350,7.464744
1418,smote,0.5,onesidedselection,0.25,0.7329382151029747,COMPLETE,2025-03-29 04:30:08.225338,2025-03-29 04:30:16.164066,7.938728
1419,fastml,0.5,editednn,0.25,0.4168571428571429,COMPLETE,2025-03-29 04:30:16.186364,2025-03-29 04:30:21.921210,5.734846
1420,random,auto,condensednn,auto,0.7081169711960424,COMPLETE,2025-03-29 04:30:21.943572,2025-03-29 04:30:28.747854,6.804282
1421,adasyn,0,clustercentroid,0.0625,0.7747739531234678,COMPLETE,2025-03-29 04:30:28.770903,2025-03-29 04:30:36.713478,7.942575
1422,ctgan,1,tomeklinks,auto,0.7453768382352942,COMPLETE,2025-03-29 04:30:36.736271,2025-03-29 04:30:43.778580,7.042309
1423,tvae,0.5,nearmiss,auto,0.7573318235462984,COMPLETE,2025-03-29 04:30:43.801666,2025-03-29 04:30:50.101657,6.299991
1424,gaussiancopula,0.5,onesidedselection,0.5,0.7133488214919319,COMPLETE,2025-03-29 04:30:50.124632,2025-03-29 04:30:57.303411,7.178779
1425,smote,auto,random,0.25,0.7529984779299848,COMPLETE,2025-03-29 04:30:57.326291,2025-03-29 04:31:03.811698,6.485407
1426,adasyn,1,clustercentroid,auto,0.726507099244915,COMPLETE,2025-03-29 04:31:03.834937,2025-03-29 04:31:11.854142,8.019205
1427,adasyn,0,nearmiss,0.5,0.7710952380952381,COMPLETE,2025-03-29 04:31:11.876990,2025-03-29 04:31:18.140912,6.263922
1428,tvae,0.25,onesidedselection,0.125,0.7423917914848449,COMPLETE,2025-03-29 04:31:18.164164,2025-03-29 04:31:25.415693,7.251529
1429,tvae,0.5,instancehardness,0.0625,0.7081818181818181,COMPLETE,2025-03-29 04:31:25.437755,2025-03-29 04:31:32.698501,7.260746
1430,random,auto,nearmiss,0.125,0.6655964325529543,COMPLETE,2025-03-29 04:31:32.720908,2025-03-29 04:31:39.914913,7.194005
1431,random,auto,onesidedselection,0.125,0.7587761049052938,COMPLETE,2025-03-29 04:31:39.929603,2025-03-29 04:31:47.212395,7.282792
1432,fastml,0,random,0.5,0.7502419028024565,COMPLETE,2025-03-29 04:31:47.234643,2025-03-29 04:31:53.646872,6.412229
1433,smote,0,clustercentroid,auto,0.75,COMPLETE,2025-03-29 04:31:53.668527,2025-03-29 04:32:01.020943,7.352416
1434,smote,0.5,random,0.5,0.7459077380952381,COMPLETE,2025-03-29 04:32:01.043426,2025-03-29 04:32:08.532238,7.488812
1435,gaussiancopula,2,condensednn,0.0625,0.6072300007568303,COMPLETE,2025-03-29 04:32:08.551262,2025-03-29 04:32:15.270275,6.719013
1436,fastml,0.5,nearmiss,0.0625,0.7179344944461223,COMPLETE,2025-03-29 04:32:15.293498,2025-03-29 04:32:22.148164,6.854666
1437,random,2,editednn,0.5,0.6159590792838874,COMPLETE,2025-03-29 04:32:22.170778,2025-03-29 04:32:28.260488,6.08971
1438,gaussiancopula,2,tomeklinks,0.5,0.7169401709401708,COMPLETE,2025-03-29 04:32:28.282649,2025-03-29 04:32:35.076690,6.794041
1439,copulagan,0.25,instancehardness,0,0.7427067478437341,COMPLETE,2025-03-29 04:32:35.091431,2025-03-29 04:32:42.690455,7.599024
1440,fastml,2,random,0.25,0.7371035662587182,COMPLETE,2025-03-29 04:32:42.713083,2025-03-29 04:32:50.239139,7.526056
1441,fastml,0,tomeklinks,0.125,0.751313053523296,COMPLETE,2025-03-29 04:32:50.261830,2025-03-29 04:32:56.964786,6.702956
1442,random,0,nearmiss,auto,0.7710952380952381,COMPLETE,2025-03-29 04:32:56.987170,2025-03-29 04:33:03.286495,6.299325
1443,random,auto,nearmiss,0.0625,0.6544345838375689,COMPLETE,2025-03-29 04:33:03.309257,2025-03-29 04:33:10.803208,7.493951
1444,smote,0,instancehardness,0,-1.0,ERROR,,,0.0
1445,smote,0.25,nearmiss,0.125,0.7498664384710897,COMPLETE,2025-03-29 04:33:18.751330,2025-03-29 04:33:25.293597,6.542267
1446,adasyn,2,instancehardness,0.0625,0.7562467644521139,COMPLETE,2025-03-29 04:33:25.316353,2025-03-29 04:33:33.253731,7.937378
1447,gaussiancopula,1,random,0,0.7343357192473801,COMPLETE,2025-03-29 04:33:33.276235,2025-03-29 04:33:40.342571,7.066336
1448,adasyn,0,tomeklinks,0,-1.0,ERROR,,,0.0
1449,adasyn,0,onesidedselection,0,-1.0,ERROR,,,0.0
1450,smote,auto,random,0.125,0.7434572239491825,COMPLETE,2025-03-29 04:33:56.500613,2025-03-29 04:34:03.823915,7.323302
1451,ctgan,0.5,nearmiss,0.25,0.7362168266516094,COMPLETE,2025-03-29 04:34:03.846825,2025-03-29 04:34:11.049727,7.202902
1452,copulagan,0,clustercentroid,auto,0.75,COMPLETE,2025-03-29 04:34:11.066347,2025-03-29 04:34:18.565116,7.498769
1453,gaussiancopula,1,clustercentroid,0.25,0.7265877089090671,COMPLETE,2025-03-29 04:34:18.578846,2025-03-29 04:34:25.920547,7.341701
1454,copulagan,0,editednn,0,-1.0,ERROR,,,0.0
1455,random,0.5,nearmiss,0.0625,0.705312226825282,COMPLETE,2025-03-29 04:34:34.274927,2025-03-29 04:34:41.961553,7.686626
1456,random,2,condensednn,auto,0.7081169711960424,COMPLETE,2025-03-29 04:34:41.985234,2025-03-29 04:34:48.786533,6.801299
1457,fastml,1,clustercentroid,0.125,0.7015476605131777,COMPLETE,2025-03-29 04:34:48.809143,2025-03-29 04:34:56.433024,7.623881
1458,adasyn,2,editednn,auto,0.43810172980844064,COMPLETE,2025-03-29 04:34:56.455236,2025-03-29 04:35:03.183378,6.728142
1459,adasyn,auto,tomeklinks,auto,0.7889290917921321,COMPLETE,2025-03-29 04:35:03.207336,2025-03-29 04:35:10.762327,7.554991
1460,smote,1,random,0.0625,0.7306293706293707,COMPLETE,2025-03-29 04:35:10.775074,2025-03-29 04:35:17.646571,6.871497
1461,copulagan,0,onesidedselection,0,-1.0,ERROR,,,0.0
1462,ctgan,auto,random,0.25,0.7244342211460855,COMPLETE,2025-03-29 04:35:25.630087,2025-03-29 04:35:33.193087,7.563
1463,smote,0.5,nearmiss,0.5,0.7324150177574835,COMPLETE,2025-03-29 04:35:33.206326,2025-03-29 04:35:39.920704,6.714378
1464,copulagan,0,instancehardness,0.5,0.7506968162704882,COMPLETE,2025-03-29 04:35:39.943595,2025-03-29 04:35:46.884766,6.941171
1465,fastml,1,tomeklinks,0.5,0.6691497060153776,COMPLETE,2025-03-29 04:35:46.908385,2025-03-29 04:35:53.975916,7.067531
1466,adasyn,0.25,random,auto,-1.0,COMPLETE,2025-03-29 04:35:53.999566,2025-03-29 04:35:54.084343,0.084777
1467,smote,1,instancehardness,0,0.7622078075244721,COMPLETE,2025-03-29 04:35:54.107733,2025-03-29 04:36:02.125180,8.017447
1468,fastml,0,clustercentroid,0.125,0.7660290556900726,COMPLETE,2025-03-29 04:36:02.147678,2025-03-29 04:36:09.501343,7.353665
1469,gaussiancopula,0.25,random,auto,0.7430160183066361,COMPLETE,2025-03-29 04:36:09.524357,2025-03-29 04:36:15.890402,6.366045
1470,random,2,nearmiss,0.25,0.7730179807278387,COMPLETE,2025-03-29 04:36:15.912577,2025-03-29 04:36:24.076751,8.164174
1471,tvae,0.25,nearmiss,0.125,0.6991168581741118,COMPLETE,2025-03-29 04:36:24.102036,2025-03-29 04:36:31.203831,7.101795
1472,copulagan,0.5,instancehardness,0.5,0.7730645161290322,COMPLETE,2025-03-29 04:36:31.227788,2025-03-29 04:36:38.680917,7.453129
1473,adasyn,0,clustercentroid,auto,0.75,COMPLETE,2025-03-29 04:36:38.705065,2025-03-29 04:36:46.426420,7.721355
1474,tvae,auto,tomeklinks,0.125,0.7324837834650313,COMPLETE,2025-03-29 04:36:46.450325,2025-03-29 04:36:53.165686,6.715361
1475,adasyn,auto,tomeklinks,0.25,0.7889290917921321,COMPLETE,2025-03-29 04:36:53.188791,2025-03-29 04:37:00.687387,7.498596
1476,gaussiancopula,2,instancehardness,0.125,0.7555934687042076,COMPLETE,2025-03-29 04:37:00.700202,2025-03-29 04:37:09.180059,8.479857
1477,smote,2,editednn,auto,0.45127585947491156,COMPLETE,2025-03-29 04:37:09.203135,2025-03-29 04:37:14.790272,5.587137
1478,copulagan,auto,condensednn,auto,0.5889968730456535,COMPLETE,2025-03-29 04:37:14.812972,2025-03-29 04:37:22.016494,7.203522
1479,copulagan,0,condensednn,auto,0.7122316902168051,COMPLETE,2025-03-29 04:37:22.039109,2025-03-29 04:37:27.792099,5.75299
1480,adasyn,1,random,0.25,0.7557132616487455,COMPLETE,2025-03-29 04:37:27.814387,2025-03-29 04:37:34.769178,6.954791
1481,fastml,0.5,nearmiss,0.5,0.73,COMPLETE,2025-03-29 04:37:34.792196,2025-03-29 04:37:41.504689,6.712493
1482,ctgan,2,condensednn,0.0625,0.6653125,COMPLETE,2025-03-29 04:37:41.527590,2025-03-29 04:37:48.978230,7.45064
1483,random,auto,editednn,auto,0.6159590792838874,COMPLETE,2025-03-29 04:37:49.001354,2025-03-29 04:37:54.892587,5.891233
1484,ctgan,0.25,clustercentroid,auto,0.7530938215102975,COMPLETE,2025-03-29 04:37:54.915808,2025-03-29 04:38:02.766908,7.8511
1485,ctgan,1,instancehardness,auto,0.7286231180184555,COMPLETE,2025-03-29 04:38:02.789504,2025-03-29 04:38:10.961617,8.172113
1486,copulagan,1,random,0.5,0.7281575711718529,COMPLETE,2025-03-29 04:38:10.984058,2025-03-29 04:38:17.440303,6.456245
1487,fastml,0.25,random,0.0625,0.7285784757877781,COMPLETE,2025-03-29 04:38:17.463183,2025-03-29 04:38:23.824045,6.360862
1488,copulagan,2,condensednn,0,0.7744359880402284,COMPLETE,2025-03-29 04:38:23.846671,2025-03-29 04:38:32.221191,8.37452
1489,copulagan,1,tomeklinks,0.5,0.7044206848357792,COMPLETE,2025-03-29 04:38:32.245553,2025-03-29 04:38:39.629295,7.383742
1490,smote,0,editednn,0.125,0.5500576354306227,COMPLETE,2025-03-29 04:38:39.652684,2025-03-29 04:38:44.477890,4.825206
1491,fastml,0.5,onesidedselection,0,0.7473622868359711,COMPLETE,2025-03-29 04:38:44.500520,2025-03-29 04:38:51.788089,7.287569
1492,copulagan,1,onesidedselection,auto,0.7289839572192512,COMPLETE,2025-03-29 04:38:51.810616,2025-03-29 04:38:59.327204,7.516588
1493,gaussiancopula,0,onesidedselection,0.0625,0.7228604118993135,COMPLETE,2025-03-29 04:38:59.350041,2025-03-29 04:39:06.051631,6.70159
1494,gaussiancopula,auto,condensednn,0.125,0.6072300007568303,COMPLETE,2025-03-29 04:39:06.077258,2025-03-29 04:39:12.996627,6.919369
1495,tvae,0.5,onesidedselection,0.0625,0.726930596285435,COMPLETE,2025-03-29 04:39:13.019678,2025-03-29 04:39:20.298938,7.27926
1496,adasyn,1,clustercentroid,0.125,0.7347695640997394,COMPLETE,2025-03-29 04:39:20.322905,2025-03-29 04:39:28.568058,8.245153
1497,adasyn,2,onesidedselection,0.25,0.7125091517920485,COMPLETE,2025-03-29 04:39:28.591884,2025-03-29 04:39:36.573807,7.981923
1498,tvae,0,tomeklinks,auto,0.751313053523296,COMPLETE,2025-03-29 04:39:36.598698,2025-03-29 04:39:43.305988,6.70729
1499,random,1,editednn,0.125,0.6159590792838874,COMPLETE,2025-03-29 04:39:43.329975,2025-03-29 04:39:49.275788,5.945813
1500,smote,2,onesidedselection,0.5,0.7662351190476191,COMPLETE,2025-03-29 04:39:49.290998,2025-03-29 04:39:57.368218,8.07722
1501,random,0,editednn,auto,0.5500576354306227,COMPLETE,2025-03-29 04:39:57.391309,2025-03-29 04:40:02.285793,4.894484
1502,smote,0,instancehardness,0.0625,0.7502419028024565,COMPLETE,2025-03-29 04:40:02.308458,2025-03-29 04:40:10.323396,8.014938
1503,fastml,auto,editednn,0.5,0.483261935742168,COMPLETE,2025-03-29 04:40:10.338016,2025-03-29 04:40:16.082652,5.744636
1504,ctgan,0.5,instancehardness,0.5,0.7355836397058824,COMPLETE,2025-03-29 04:40:16.096295,2025-03-29 04:40:23.700891,7.604596
1505,random,1,clustercentroid,0,0.7706303189002152,COMPLETE,2025-03-29 04:40:23.714533,2025-03-29 04:40:32.799505,9.084972
1506,gaussiancopula,auto,instancehardness,0,0.7343357192473801,COMPLETE,2025-03-29 04:40:32.815673,2025-03-29 04:40:39.784137,6.968464
1507,gaussiancopula,1,clustercentroid,0.0625,0.7170045890696705,COMPLETE,2025-03-29 04:40:39.797528,2025-03-29 04:40:47.728487,7.930959
1508,smote,0.5,editednn,0,0.7686511383076722,COMPLETE,2025-03-29 04:40:47.751189,2025-03-29 04:40:55.417389,7.6662
1509,smote,0.5,random,0.25,0.7459077380952381,COMPLETE,2025-03-29 04:40:55.440872,2025-03-29 04:41:02.553596,7.112724
1510,smote,0,random,0.5,0.7502419028024565,COMPLETE,2025-03-29 04:41:02.576328,2025-03-29 04:41:09.152061,6.575733
1511,ctgan,0,nearmiss,0.0625,0.7648357886200838,COMPLETE,2025-03-29 04:41:09.175375,2025-03-29 04:41:15.477035,6.30166
1512,gaussiancopula,auto,random,0.0625,0.7243999999999999,COMPLETE,2025-03-29 04:41:15.499604,2025-03-29 04:41:21.731915,6.232311
1513,copulagan,0,tomeklinks,0.125,0.751313053523296,COMPLETE,2025-03-29 04:41:21.755026,2025-03-29 04:41:28.450841,6.695815
1514,smote,auto,editednn,0.5,0.45127585947491156,COMPLETE,2025-03-29 04:41:28.473602,2025-03-29 04:41:34.138280,5.664678
1515,fastml,0.25,editednn,0.25,0.5727754813993345,COMPLETE,2025-03-29 04:41:34.161086,2025-03-29 04:41:40.416011,6.254925
1516,adasyn,1,instancehardness,0.125,0.7605423445974133,COMPLETE,2025-03-29 04:41:40.439164,2025-03-29 04:41:48.857165,8.418001
1517,adasyn,2,clustercentroid,0.5,0.7183111063693588,COMPLETE,2025-03-29 04:41:48.870480,2025-03-29 04:41:57.165568,8.295088
1518,copulagan,0.5,random,0.0625,0.7714267834793492,COMPLETE,2025-03-29 04:41:57.188900,2025-03-29 04:42:05.049804,7.860904
1519,random,auto,random,0,0.7706303189002152,COMPLETE,2025-03-29 04:42:05.073447,2025-03-29 04:42:14.632541,9.559094
1520,ctgan,0.5,instancehardness,0.125,0.745231638418079,COMPLETE,2025-03-29 04:42:14.655621,2025-03-29 04:42:22.657936,8.002315
1521,random,0.25,editednn,0,0.7574677953625323,COMPLETE,2025-03-29 04:42:22.681027,2025-03-29 04:42:30.208762,7.527735
1522,smote,2,random,0.25,0.7529984779299848,COMPLETE,2025-03-29 04:42:30.231959,2025-03-29 04:42:36.645653,6.413694
1523,tvae,1,nearmiss,0,0.7675733038890934,COMPLETE,2025-03-29 04:42:36.667662,2025-03-29 04:42:44.241940,7.574278
1524,copulagan,auto,instancehardness,0.25,0.7648087774294672,COMPLETE,2025-03-29 04:42:44.263628,2025-03-29 04:42:51.544444,7.280816
1525,gaussiancopula,auto,condensednn,auto,0.6072300007568303,COMPLETE,2025-03-29 04:42:51.566813,2025-03-29 04:42:57.997734,6.430921
1526,copulagan,0,clustercentroid,0.5,0.7530938215102975,COMPLETE,2025-03-29 04:42:58.019374,2025-03-29 04:43:05.225899,7.206525
1527,smote,auto,tomeklinks,auto,0.7852601880877742,COMPLETE,2025-03-29 04:43:05.248731,2025-03-29 04:43:12.562121,7.31339
1528,random,0.25,editednn,0.0625,0.504890042378194,COMPLETE,2025-03-29 04:43:12.584336,2025-03-29 04:43:17.809109,5.224773
1529,fastml,0,editednn,0.0625,0.5500576354306227,COMPLETE,2025-03-29 04:43:17.830696,2025-03-29 04:43:22.450897,4.620201
1530,tvae,2,onesidedselection,auto,0.7443607864455921,COMPLETE,2025-03-29 04:43:22.473250,2025-03-29 04:43:29.144600,6.67135
1531,random,0,clustercentroid,0,-1.0,ERROR,,,0.0
1532,gaussiancopula,2,onesidedselection,auto,0.7327827996958689,COMPLETE,2025-03-29 04:43:36.841015,2025-03-29 04:43:43.826255,6.98524
1533,fastml,0,condensednn,0.0625,0.7122316902168051,COMPLETE,2025-03-29 04:43:43.848161,2025-03-29 04:43:49.429303,5.581142
1534,ctgan,1,instancehardness,0.5,0.7286231180184555,COMPLETE,2025-03-29 04:43:49.450541,2025-03-29 04:43:57.021113,7.570572
1535,tvae,1,instancehardness,0.0625,0.7032439299830604,COMPLETE,2025-03-29 04:43:57.043536,2025-03-29 04:44:03.975088,6.931552
1536,smote,0,instancehardness,auto,0.7506968162704882,COMPLETE,2025-03-29 04:44:03.996760,2025-03-29 04:44:10.431891,6.435131
1537,adasyn,0,random,0.5,0.7502419028024565,COMPLETE,2025-03-29 04:44:10.453847,2025-03-29 04:44:16.688753,6.234906
1538,ctgan,2,random,0.25,0.7244342211460855,COMPLETE,2025-03-29 04:44:16.710560,2025-03-29 04:44:23.753173,7.042613
1539,ctgan,0,clustercentroid,0.0625,0.7747739531234678,COMPLETE,2025-03-29 04:44:23.774885,2025-03-29 04:44:31.253582,7.478697
1540,copulagan,0.25,editednn,0.5,0.4716523717836513,COMPLETE,2025-03-29 04:44:31.276030,2025-03-29 04:44:36.672048,5.396018
1541,copulagan,1,instancehardness,0.5,0.7443607864455921,COMPLETE,2025-03-29 04:44:36.685251,2025-03-29 04:44:44.474070,7.788819
1542,fastml,auto,random,0.125,0.7154976013065224,COMPLETE,2025-03-29 04:44:44.495993,2025-03-29 04:44:50.906316,6.410323
1543,ctgan,auto,onesidedselection,0.0625,0.7204006229990483,COMPLETE,2025-03-29 04:44:50.928055,2025-03-29 04:44:57.881737,6.953682
1544,ctgan,0,instancehardness,0.125,0.7083334800857035,COMPLETE,2025-03-29 04:44:57.903408,2025-03-29 04:45:04.762046,6.858638
1545,adasyn,auto,clustercentroid,auto,0.7183111063693588,COMPLETE,2025-03-29 04:45:04.784422,2025-03-29 04:45:12.388267,7.603845
1546,random,0.5,editednn,auto,0.49581923731358224,COMPLETE,2025-03-29 04:45:12.411730,2025-03-29 04:45:17.626816,5.215086
1547,copulagan,auto,instancehardness,0,0.7744359880402284,COMPLETE,2025-03-29 04:45:17.649271,2025-03-29 04:45:25.452246,7.802975
1548,random,0.25,nearmiss,0.0625,0.7411842105263159,COMPLETE,2025-03-29 04:45:25.475225,2025-03-29 04:45:31.985465,6.51024
1549,tvae,0,random,auto,0.7502419028024565,COMPLETE,2025-03-29 04:45:32.007551,2025-03-29 04:45:38.159388,6.151837
1550,random,0.5,nearmiss,0,0.7587761049052938,COMPLETE,2025-03-29 04:45:38.172873,2025-03-29 04:45:45.764458,7.591585
1551,adasyn,1,condensednn,0.0625,0.7081169711960424,COMPLETE,2025-03-29 04:45:45.786042,2025-03-29 04:45:53.269095,7.483053
1552,ctgan,0.5,random,0.5,0.7096741613960726,COMPLETE,2025-03-29 04:45:53.281498,2025-03-29 04:46:00.419914,7.138416
1553,fastml,1,editednn,0.0625,0.483261935742168,COMPLETE,2025-03-29 04:46:00.434035,2025-03-29 04:46:05.921546,5.487511
1554,tvae,auto,editednn,auto,0.4895046904315196,COMPLETE,2025-03-29 04:46:05.934128,2025-03-29 04:46:11.039589,5.105461
1555,adasyn,0.25,clustercentroid,auto,-1.0,COMPLETE,2025-03-29 04:46:11.059064,2025-03-29 04:46:11.144353,0.085289
1556,tvae,0,instancehardness,auto,0.7506968162704882,COMPLETE,2025-03-29 04:46:11.156731,2025-03-29 04:46:17.520236,6.363505
1557,gaussiancopula,auto,clustercentroid,0,0.7343357192473801,COMPLETE,2025-03-29 04:46:17.533394,2025-03-29 04:46:24.205389,6.671995
1558,copulagan,1,editednn,0,0.7744359880402284,COMPLETE,2025-03-29 04:46:24.218278,2025-03-29 04:46:32.204540,7.986262
1559,random,2,random,0.0625,0.7305891413169041,COMPLETE,2025-03-29 04:46:32.226617,2025-03-29 04:46:39.312883,7.086266
1560,gaussiancopula,0,nearmiss,0.125,0.735,COMPLETE,2025-03-29 04:46:39.325952,2025-03-29 04:46:45.709833,6.383881
1561,copulagan,0.5,onesidedselection,auto,0.7355836397058824,COMPLETE,2025-03-29 04:46:45.731001,2025-03-29 04:46:52.327049,6.596048
1562,adasyn,auto,instancehardness,0,0.7502419028024565,COMPLETE,2025-03-29 04:46:52.349190,2025-03-29 04:47:00.288819,7.939629
1563,adasyn,1,random,0,0.7502419028024565,COMPLETE,2025-03-29 04:47:00.310390,2025-03-29 04:47:08.231186,7.920796
1564,ctgan,auto,random,0.0625,0.6779856630824372,COMPLETE,2025-03-29 04:47:08.253187,2025-03-29 04:47:14.673915,6.420728
1565,gaussiancopula,0.5,clustercentroid,0.125,0.7371035662587182,COMPLETE,2025-03-29 04:47:14.695757,2025-03-29 04:47:22.063078,7.367321
1566,gaussiancopula,2,instancehardness,0.0625,0.7706303189002152,COMPLETE,2025-03-29 04:47:22.085281,2025-03-29 04:47:29.657504,7.572223
1567,gaussiancopula,0,condensednn,0,-1.0,ERROR,,,0.0
1568,ctgan,2,editednn,0.5,0.5799551569506726,COMPLETE,2025-03-29 04:47:37.212604,2025-03-29 04:47:42.705083,5.492479
1569,ctgan,0.25,instancehardness,0.25,0.7275350520126639,COMPLETE,2025-03-29 04:47:42.727000,2025-03-29 04:47:49.962565,7.235565
1570,smote,auto,condensednn,0.0625,0.6940563261874737,COMPLETE,2025-03-29 04:47:49.984267,2025-03-29 04:47:57.167968,7.183701
1571,adasyn,auto,random,0.125,0.7202314646180337,COMPLETE,2025-03-29 04:47:57.189947,2025-03-29 04:48:03.520809,6.330862
1572,smote,0.25,editednn,0,0.7529984779299848,COMPLETE,2025-03-29 04:48:03.542658,2025-03-29 04:48:11.109992,7.567334
1573,tvae,1,instancehardness,0.125,0.7327679416137316,COMPLETE,2025-03-29 04:48:11.131709,2025-03-29 04:48:18.419796,7.288087
1574,random,0.25,condensednn,0.5,0.6794071650841778,COMPLETE,2025-03-29 04:48:18.442005,2025-03-29 04:48:24.317688,5.875683
1575,tvae,0.25,clustercentroid,auto,0.7341316614420061,COMPLETE,2025-03-29 04:48:24.339539,2025-03-29 04:48:32.112047,7.772508
1576,adasyn,0,instancehardness,0.25,0.7469968340117593,COMPLETE,2025-03-29 04:48:32.133827,2025-03-29 04:48:38.596170,6.462343
1577,copulagan,auto,condensednn,0.125,0.5889968730456535,COMPLETE,2025-03-29 04:48:38.617970,2025-03-29 04:48:45.640368,7.022398
1578,smote,0.25,editednn,0.125,0.5771043287754023,COMPLETE,2025-03-29 04:48:45.663180,2025-03-29 04:48:50.851370,5.18819
1579,random,2,clustercentroid,0.25,0.6884191355026712,COMPLETE,2025-03-29 04:48:50.872871,2025-03-29 04:48:57.652348,6.779477
1580,tvae,0,nearmiss,0.0625,0.7648357886200838,COMPLETE,2025-03-29 04:48:57.674486,2025-03-29 04:49:03.642615,5.968129
1581,fastml,0.5,condensednn,0,0.7473622868359711,COMPLETE,2025-03-29 04:49:03.664444,2025-03-29 04:49:10.513117,6.848673
1582,fastml,auto,clustercentroid,0.125,0.7015476605131777,COMPLETE,2025-03-29 04:49:10.534624,2025-03-29 04:49:17.803725,7.269101
1583,gaussiancopula,auto,nearmiss,auto,0.7574677953625323,COMPLETE,2025-03-29 04:49:17.825857,2025-03-29 04:49:23.968328,6.142471
1584,smote,1,clustercentroid,0.5,0.7434572239491825,COMPLETE,2025-03-29 04:49:23.989743,2025-03-29 04:49:30.772962,6.783219
1585,fastml,2,editednn,auto,0.483261935742168,COMPLETE,2025-03-29 04:49:30.794708,2025-03-29 04:49:36.162910,5.368202
1586,fastml,1,condensednn,0.25,0.5992675635276532,COMPLETE,2025-03-29 04:49:36.184427,2025-03-29 04:49:43.257280,7.072853
1587,ctgan,0.25,tomeklinks,0.125,0.7390472727272727,COMPLETE,2025-03-29 04:49:43.279430,2025-03-29 04:49:49.717060,6.43763
1588,tvae,auto,onesidedselection,0.5,0.7443607864455921,COMPLETE,2025-03-29 04:49:49.738516,2025-03-29 04:49:56.288749,6.550233
1589,smote,auto,nearmiss,auto,0.7307887678399946,COMPLETE,2025-03-29 04:49:56.311031,2025-03-29 04:50:02.974759,6.663728
1590,tvae,0,onesidedselection,0.5,0.7228604118993135,COMPLETE,2025-03-29 04:50:02.996600,2025-03-29 04:50:09.246046,6.249446
1591,random,0.25,instancehardness,0.125,0.778878096163186,COMPLETE,2025-03-29 04:50:09.267516,2025-03-29 04:50:17.121451,7.853935
1592,smote,1,onesidedselection,0.0625,0.7662351190476191,COMPLETE,2025-03-29 04:50:17.143033,2025-03-29 04:50:24.617161,7.474128
1593,tvae,auto,instancehardness,0.25,0.7470055181652898,COMPLETE,2025-03-29 04:50:24.639982,2025-03-29 04:50:31.446749,6.806767
1594,smote,auto,onesidedselection,0,0.7622078075244721,COMPLETE,2025-03-29 04:50:31.468559,2025-03-29 04:50:38.985872,7.517313
1595,ctgan,0,tomeklinks,0.5,0.751313053523296,COMPLETE,2025-03-29 04:50:39.007714,2025-03-29 04:50:45.411674,6.40396
1596,random,0,editednn,0,-1.0,ERROR,,,0.0
1597,adasyn,1,onesidedselection,0.25,0.7125091517920485,COMPLETE,2025-03-29 04:50:53.048679,2025-03-29 04:51:00.578337,7.529658
1598,random,0.25,nearmiss,0.25,0.7502419028024565,COMPLETE,2025-03-29 04:51:00.600434,2025-03-29 04:51:06.796841,6.196407
1599,fastml,0,random,auto,0.7502419028024565,COMPLETE,2025-03-29 04:51:06.818496,2025-03-29 04:51:12.867745,6.049249
1600,smote,0.25,onesidedselection,auto,0.7844610552384403,COMPLETE,2025-03-29 04:51:12.889133,2025-03-29 04:51:19.901933,7.0128
1601,copulagan,auto,nearmiss,0.5,0.7281575711718529,COMPLETE,2025-03-29 04:51:19.924462,2025-03-29 04:51:26.059984,6.135522
1602,copulagan,0.25,editednn,0.125,0.4716523717836513,COMPLETE,2025-03-29 04:51:26.081595,2025-03-29 04:51:31.476521,5.394926
1603,fastml,0.25,condensednn,0,0.7495218295218296,COMPLETE,2025-03-29 04:51:31.489472,2025-03-29 04:51:38.753403,7.263931
1604,smote,0.25,tomeklinks,0.125,0.7502419028024565,COMPLETE,2025-03-29 04:51:38.768002,2025-03-29 04:51:45.346893,6.578891
1605,gaussiancopula,1,onesidedselection,0.0625,0.7327827996958689,COMPLETE,2025-03-29 04:51:45.362963,2025-03-29 04:51:52.287488,6.924525
1606,tvae,auto,editednn,0,0.7675733038890934,COMPLETE,2025-03-29 04:51:52.299583,2025-03-29 04:51:59.713785,7.414202
1607,ctgan,auto,instancehardness,0.25,0.7560714285714286,COMPLETE,2025-03-29 04:51:59.735945,2025-03-29 04:52:06.643925,6.90798
1608,fastml,0.5,condensednn,0.25,0.6346511627906977,COMPLETE,2025-03-29 04:52:06.665516,2025-03-29 04:52:13.020621,6.355105
1609,smote,0,onesidedselection,0.0625,0.7228604118993135,COMPLETE,2025-03-29 04:52:13.042327,2025-03-29 04:52:19.200317,6.15799
1610,random,2,clustercentroid,0.125,0.7265877089090671,COMPLETE,2025-03-29 04:52:19.222042,2025-03-29 04:52:26.676128,7.454086
1611,smote,auto,instancehardness,0.5,0.7453768382352942,COMPLETE,2025-03-29 04:52:26.689164,2025-03-29 04:52:33.610110,6.920946
1612,adasyn,0,editednn,0.0625,0.5500576354306227,COMPLETE,2025-03-29 04:52:33.632064,2025-03-29 04:52:38.130812,4.498748
1613,adasyn,1,onesidedselection,0,0.7502419028024565,COMPLETE,2025-03-29 04:52:38.143177,2025-03-29 04:52:46.081892,7.938715
1614,tvae,0,instancehardness,0.0625,0.7502419028024565,COMPLETE,2025-03-29 04:52:46.103984,2025-03-29 04:52:53.422876,7.318892
1615,ctgan,1,tomeklinks,0.5,0.7453768382352942,COMPLETE,2025-03-29 04:52:53.444529,2025-03-29 04:53:00.143768,6.699239
1616,copulagan,2,editednn,0.25,0.46681309604265225,COMPLETE,2025-03-29 04:53:00.165530,2025-03-29 04:53:05.620178,5.454648
1617,tvae,0,nearmiss,0,-1.0,ERROR,,,0.0
1618,ctgan,0,clustercentroid,0,-1.0,ERROR,,,0.0
1619,fastml,0,instancehardness,0.25,0.7469968340117593,COMPLETE,2025-03-29 04:53:20.603365,2025-03-29 04:53:27.000244,6.396879
1620,copulagan,0.25,nearmiss,0.0625,0.7032,COMPLETE,2025-03-29 04:53:27.021945,2025-03-29 04:53:33.648514,6.626569
1621,ctgan,1,editednn,0,0.7648087774294672,COMPLETE,2025-03-29 04:53:33.669982,2025-03-29 04:53:41.509984,7.840002
1622,copulagan,0.5,editednn,0.0625,0.4793958724202627,COMPLETE,2025-03-29 04:53:41.522672,2025-03-29 04:53:47.007559,5.484887
1623,ctgan,1,tomeklinks,0.125,0.7453768382352942,COMPLETE,2025-03-29 04:53:47.029151,2025-03-29 04:53:53.852965,6.823814
1624,smote,1,nearmiss,0,0.7622078075244721,COMPLETE,2025-03-29 04:53:53.869387,2025-03-29 04:54:01.522652,7.653265
1625,tvae,2,nearmiss,0.125,0.6728947368421052,COMPLETE,2025-03-29 04:54:01.544343,2025-03-29 04:54:07.956983,6.41264
1626,adasyn,2,clustercentroid,0.25,0.7009103595167272,COMPLETE,2025-03-29 04:54:07.978524,2025-03-29 04:54:14.963203,6.984679
1627,tvae,auto,editednn,0.5,0.4895046904315196,COMPLETE,2025-03-29 04:54:14.984713,2025-03-29 04:54:20.032783,5.04807
1628,copulagan,2,editednn,0.5,0.46681309604265225,COMPLETE,2025-03-29 04:54:20.055536,2025-03-29 04:54:25.619808,5.564272
1629,gaussiancopula,2,random,0,0.7343357192473801,COMPLETE,2025-03-29 04:54:25.634207,2025-03-29 04:54:32.275154,6.640947
1630,smote,0,onesidedselection,0.25,0.7228604118993135,COMPLETE,2025-03-29 04:54:32.296414,2025-03-29 04:54:38.460399,6.163985
1631,ctgan,auto,nearmiss,0.25,0.7014253862079949,COMPLETE,2025-03-29 04:54:38.482416,2025-03-29 04:54:44.820330,6.337914
1632,smote,auto,random,0,0.7622078075244721,COMPLETE,2025-03-29 04:54:44.842109,2025-03-29 04:54:52.441538,7.599429
1633,gaussiancopula,2,random,0.5,0.7182204807607644,COMPLETE,2025-03-29 04:54:52.463087,2025-03-29 04:54:58.525370,6.062283
1634,gaussiancopula,1,condensednn,0.125,0.6072300007568303,COMPLETE,2025-03-29 04:54:58.536997,2025-03-29 04:55:04.910809,6.373812
1635,gaussiancopula,1,tomeklinks,0.25,0.7169401709401708,COMPLETE,2025-03-29 04:55:04.931881,2025-03-29 04:55:11.315462,6.383581
1636,fastml,0,tomeklinks,0.0625,0.751313053523296,COMPLETE,2025-03-29 04:55:11.327940,2025-03-29 04:55:17.718714,6.390774
1637,adasyn,auto,editednn,0,0.7502419028024565,COMPLETE,2025-03-29 04:55:17.740070,2025-03-29 04:55:25.485318,7.745248
1638,fastml,2,instancehardness,auto,0.7085211267605636,COMPLETE,2025-03-29 04:55:25.497544,2025-03-29 04:55:33.590994,8.09345
1639,random,0,tomeklinks,0.25,0.751313053523296,COMPLETE,2025-03-29 04:55:33.612904,2025-03-29 04:55:39.931878,6.318974
1640,adasyn,0.25,editednn,0.5,-1.0,COMPLETE,2025-03-29 04:55:39.953248,2025-03-29 04:55:40.036564,0.083316
1641,copulagan,auto,onesidedselection,0,0.7744359880402284,COMPLETE,2025-03-29 04:55:40.058439,2025-03-29 04:55:47.723820,7.665381
1642,random,0.5,tomeklinks,0.25,0.7372567783094098,COMPLETE,2025-03-29 04:55:47.745658,2025-03-29 04:55:55.215977,7.470319
1643,smote,0.5,instancehardness,0.125,0.7624606775058776,COMPLETE,2025-03-29 04:55:55.237493,2025-03-29 04:56:02.393258,7.155765
1644,tvae,0.5,tomeklinks,0.125,0.7178993663104133,COMPLETE,2025-03-29 04:56:02.415441,2025-03-29 04:56:08.531146,6.115705
1645,random,0.25,tomeklinks,0.0625,0.769190390617611,COMPLETE,2025-03-29 04:56:08.552692,2025-03-29 04:56:15.419733,6.867041
1646,tvae,0.25,editednn,0.25,0.6436995219204558,COMPLETE,2025-03-29 04:56:15.442233,2025-03-29 04:56:20.557991,5.115758
1647,adasyn,0.5,onesidedselection,0.25,0.7877843209422157,COMPLETE,2025-03-29 04:56:20.579953,2025-03-29 04:56:27.963187,7.383234
1648,gaussiancopula,auto,onesidedselection,0.25,0.7327827996958689,COMPLETE,2025-03-29 04:56:27.986250,2025-03-29 04:56:34.958976,6.972726
1649,smote,2,nearmiss,0.125,0.6331562864380202,COMPLETE,2025-03-29 04:56:34.970730,2025-03-29 04:56:41.814854,6.844124
1650,random,0.25,onesidedselection,0.125,0.7529984779299848,COMPLETE,2025-03-29 04:56:41.827990,2025-03-29 04:56:49.410196,7.582206
1651,copulagan,2,nearmiss,0.125,0.7341316614420061,COMPLETE,2025-03-29 04:56:49.426395,2025-03-29 04:56:56.107241,6.680846
1652,random,0,random,0.5,0.7502419028024565,COMPLETE,2025-03-29 04:56:56.121922,2025-03-29 04:57:02.426828,6.304906
1653,tvae,0,editednn,0.125,0.5500576354306227,COMPLETE,2025-03-29 04:57:02.440717,2025-03-29 04:57:06.979643,4.538926
1654,random,0,onesidedselection,0.5,0.7228604118993135,COMPLETE,2025-03-29 04:57:06.996458,2025-03-29 04:57:13.131577,6.135119
1655,random,2,onesidedselection,0.125,0.7587761049052938,COMPLETE,2025-03-29 04:57:13.145576,2025-03-29 04:57:20.191397,7.045821
1656,copulagan,2,clustercentroid,0.5,0.7072644830897258,COMPLETE,2025-03-29 04:57:20.207422,2025-03-29 04:57:27.344206,7.136784
1657,ctgan,0.5,instancehardness,0.25,0.7522997995046586,COMPLETE,2025-03-29 04:57:27.366264,2025-03-29 04:57:34.360808,6.994544
1658,copulagan,0,onesidedselection,0.125,0.7228604118993135,COMPLETE,2025-03-29 04:57:34.383587,2025-03-29 04:57:40.584549,6.200962
1659,copulagan,0.5,clustercentroid,0,0.7372567783094098,COMPLETE,2025-03-29 04:57:40.606185,2025-03-29 04:57:47.290819,6.684634
1660,gaussiancopula,0,clustercentroid,0.0625,0.7747739531234678,COMPLETE,2025-03-29 04:57:47.312899,2025-03-29 04:57:54.832140,7.519241
1661,random,2,clustercentroid,0,0.7706303189002152,COMPLETE,2025-03-29 04:57:54.853747,2025-03-29 04:58:03.477871,8.624124
1662,adasyn,auto,clustercentroid,0.5,0.7183111063693588,COMPLETE,2025-03-29 04:58:03.499553,2025-03-29 04:58:11.187621,7.688068
1663,smote,2,nearmiss,0.0625,0.6975476162309239,COMPLETE,2025-03-29 04:58:11.209665,2025-03-29 04:58:18.631574,7.421909
1664,fastml,0.25,random,0.5,0.7415796614350466,COMPLETE,2025-03-29 04:58:18.653442,2025-03-29 04:58:25.098424,6.444982
1665,smote,0,editednn,0,-1.0,ERROR,,,0.0
1666,copulagan,2,tomeklinks,0.5,0.7044206848357792,COMPLETE,2025-03-29 04:58:32.820943,2025-03-29 04:58:39.611031,6.790088
1667,copulagan,0,tomeklinks,0,-1.0,ERROR,,,0.0
1668,smote,0,onesidedselection,auto,0.7228604118993135,COMPLETE,2025-03-29 04:58:47.300757,2025-03-29 04:58:53.354795,6.054038
1669,gaussiancopula,0.25,instancehardness,auto,0.755170036764706,COMPLETE,2025-03-29 04:58:53.376333,2025-03-29 04:59:00.539847,7.163514
1670,ctgan,0.5,onesidedselection,0.25,0.7324837834650313,COMPLETE,2025-03-29 04:59:00.561604,2025-03-29 04:59:07.510681,6.949077
1671,tvae,0.5,tomeklinks,0.25,0.7178993663104133,COMPLETE,2025-03-29 04:59:07.532821,2025-03-29 04:59:13.627591,6.09477
1672,gaussiancopula,0.5,condensednn,0.125,0.6584240279086349,COMPLETE,2025-03-29 04:59:13.649530,2025-03-29 04:59:19.205121,5.555591
1673,ctgan,0.5,condensednn,0.0625,0.6351611253196932,COMPLETE,2025-03-29 04:59:19.226917,2025-03-29 04:59:25.722778,6.495861
1674,random,2,clustercentroid,auto,0.7257904411764707,COMPLETE,2025-03-29 04:59:25.744408,2025-03-29 04:59:32.902677,7.158269
1675,adasyn,2,condensednn,auto,0.7081169711960424,COMPLETE,2025-03-29 04:59:32.924483,2025-03-29 04:59:40.356748,7.432265
1676,tvae,0,condensednn,0,-1.0,ERROR,,,0.0
1677,fastml,0,instancehardness,0.5,0.7506968162704882,COMPLETE,2025-03-29 04:59:48.136087,2025-03-29 04:59:54.571336,6.435249
1678,adasyn,2,random,0.5,0.7179344944461223,COMPLETE,2025-03-29 04:59:54.593878,2025-03-29 05:00:01.072914,6.479036
1679,fastml,0,editednn,auto,0.5500576354306227,COMPLETE,2025-03-29 05:00:01.094319,2025-03-29 05:00:05.646310,4.551991
1680,random,0.25,onesidedselection,0.0625,0.7529984779299848,COMPLETE,2025-03-29 05:00:05.668415,2025-03-29 05:00:13.051424,7.383009
1681,random,1,nearmiss,0.25,0.7730179807278387,COMPLETE,2025-03-29 05:00:13.073280,2025-03-29 05:00:20.509853,7.436573
1682,ctgan,0,onesidedselection,0,-1.0,ERROR,,,0.0
1683,fastml,1,instancehardness,0.0625,0.7138,COMPLETE,2025-03-29 05:00:28.099607,2025-03-29 05:00:35.713752,7.614145
1684,adasyn,0,condensednn,0.5,0.7122316902168051,COMPLETE,2025-03-29 05:00:35.735510,2025-03-29 05:00:41.280409,5.544899
1685,ctgan,0.5,nearmiss,auto,0.7327679416137316,COMPLETE,2025-03-29 05:00:41.301798,2025-03-29 05:00:47.346289,6.044491
1686,copulagan,0.25,onesidedselection,0.125,0.7456176919166243,COMPLETE,2025-03-29 05:00:47.367984,2025-03-29 05:00:54.095978,6.727994
1687,smote,0,editednn,0.25,0.5500576354306227,COMPLETE,2025-03-29 05:00:54.118016,2025-03-29 05:00:58.717649,4.599633
1688,ctgan,2,onesidedselection,0.25,0.7204006229990483,COMPLETE,2025-03-29 05:00:58.739858,2025-03-29 05:01:05.654372,6.914514
1689,adasyn,2,onesidedselection,0.125,0.7125091517920485,COMPLETE,2025-03-29 05:01:05.675889,2025-03-29 05:01:13.153066,7.477177
1690,gaussiancopula,2,tomeklinks,auto,0.7169401709401708,COMPLETE,2025-03-29 05:01:13.175654,2025-03-29 05:01:19.613322,6.437668
1691,random,0.5,nearmiss,0.5,0.6950401368601132,COMPLETE,2025-03-29 05:01:19.626171,2025-03-29 05:01:25.658006,6.031835
1692,adasyn,0.25,editednn,0,-1.0,COMPLETE,2025-03-29 05:01:25.679312,2025-03-29 05:01:25.765843,0.086531
1693,tvae,auto,tomeklinks,0.5,0.7324837834650313,COMPLETE,2025-03-29 05:01:25.787109,2025-03-29 05:01:32.098468,6.311359
1694,random,0,tomeklinks,auto,0.751313053523296,COMPLETE,2025-03-29 05:01:32.120165,2025-03-29 05:01:38.494084,6.373919
1695,fastml,1,editednn,0.25,0.483261935742168,COMPLETE,2025-03-29 05:01:38.516954,2025-03-29 05:01:43.839259,5.322305
1696,adasyn,2,nearmiss,0.0625,0.6692392746572314,COMPLETE,2025-03-29 05:01:43.861697,2025-03-29 05:01:50.654945,6.793248
1697,copulagan,1,random,auto,0.7281575711718529,COMPLETE,2025-03-29 05:01:50.667159,2025-03-29 05:01:56.749802,6.082643
1698,copulagan,2,nearmiss,0.5,0.7281575711718529,COMPLETE,2025-03-29 05:01:56.771720,2025-03-29 05:02:02.974139,6.202419
1699,fastml,0.5,condensednn,0.125,0.6346511627906977,COMPLETE,2025-03-29 05:02:02.996113,2025-03-29 05:02:09.430176,6.434063
1700,gaussiancopula,1,condensednn,auto,0.6072300007568303,COMPLETE,2025-03-29 05:02:09.452964,2025-03-29 05:02:15.934341,6.481377
1701,smote,auto,instancehardness,0.25,0.764298323036187,COMPLETE,2025-03-29 05:02:15.948825,2025-03-29 05:02:23.284666,7.335841
1702,random,0,nearmiss,0.0625,0.7648357886200838,COMPLETE,2025-03-29 05:02:23.313661,2025-03-29 05:02:29.276382,5.962721
1703,copulagan,0.25,clustercentroid,0.25,0.7668,COMPLETE,2025-03-29 05:02:29.290443,2025-03-29 05:02:36.445426,7.154983
1704,copulagan,2,instancehardness,auto,0.7443607864455921,COMPLETE,2025-03-29 05:02:36.467919,2025-03-29 05:02:44.381593,7.913674
1705,ctgan,2,clustercentroid,0.25,0.7686511383076722,COMPLETE,2025-03-29 05:02:44.403286,2025-03-29 05:02:51.766504,7.363218
1706,random,0,editednn,0.0625,0.5500576354306227,COMPLETE,2025-03-29 05:02:51.788225,2025-03-29 05:02:56.398405,4.61018
1707,adasyn,auto,instancehardness,auto,0.7511904761904762,COMPLETE,2025-03-29 05:02:56.421413,2025-03-29 05:03:02.949551,6.528138
1708,smote,0.5,onesidedselection,0.5,0.7329382151029747,COMPLETE,2025-03-29 05:03:02.971109,2025-03-29 05:03:10.282657,7.311548
1709,tvae,0.25,condensednn,0.0625,0.6926388888888888,COMPLETE,2025-03-29 05:03:10.305007,2025-03-29 05:03:15.939668,5.634661
1710,smote,2,random,auto,0.7562000000000001,COMPLETE,2025-03-29 05:03:15.962099,2025-03-29 05:03:23.028246,7.066147
1711,copulagan,0,condensednn,0.5,0.7122316902168051,COMPLETE,2025-03-29 05:03:23.050143,2025-03-29 05:03:28.619420,5.569277
1712,ctgan,auto,editednn,auto,0.5799551569506726,COMPLETE,2025-03-29 05:03:28.641005,2025-03-29 05:03:34.070144,5.429139
1713,gaussiancopula,0,instancehardness,0.5,0.7506968162704882,COMPLETE,2025-03-29 05:03:34.091799,2025-03-29 05:03:40.449127,6.357328
1714,random,2,instancehardness,0.125,0.7496579057154777,COMPLETE,2025-03-29 05:03:40.470985,2025-03-29 05:03:48.057059,7.586074
1715,gaussiancopula,auto,editednn,0.125,0.3464418675617943,COMPLETE,2025-03-29 05:03:48.078672,2025-03-29 05:03:53.087197,5.008525
1716,ctgan,0.25,tomeklinks,0.5,0.7390472727272727,COMPLETE,2025-03-29 05:03:53.110269,2025-03-29 05:03:59.646516,6.536247
1717,tvae,0,onesidedselection,0,-1.0,ERROR,,,0.0
1718,adasyn,0.5,instancehardness,0.125,0.7271512697828487,COMPLETE,2025-03-29 05:04:07.429485,2025-03-29 05:04:15.472757,8.043272
1719,fastml,auto,instancehardness,auto,0.7085211267605636,COMPLETE,2025-03-29 05:04:15.494542,2025-03-29 05:04:23.478831,7.984289
1720,gaussiancopula,auto,nearmiss,0.5,0.7574677953625323,COMPLETE,2025-03-29 05:04:23.500935,2025-03-29 05:04:29.651394,6.150459
1721,gaussiancopula,2,instancehardness,0.5,0.7409202208301153,COMPLETE,2025-03-29 05:04:29.673738,2025-03-29 05:04:37.054175,7.380437
1722,fastml,1,editednn,0.5,0.483261935742168,COMPLETE,2025-03-29 05:04:37.076530,2025-03-29 05:04:42.541384,5.464854
1723,random,2,condensednn,0.5,0.7081169711960424,COMPLETE,2025-03-29 05:04:42.562584,2025-03-29 05:04:49.056498,6.493914
1724,smote,auto,random,auto,0.7562000000000001,COMPLETE,2025-03-29 05:04:49.078429,2025-03-29 05:04:56.271216,7.192787
1725,random,1,random,0.0625,0.7305891413169041,COMPLETE,2025-03-29 05:04:56.283602,2025-03-29 05:05:03.278328,6.994726
1726,fastml,2,onesidedselection,0.125,0.6735273418655467,COMPLETE,2025-03-29 05:05:03.299816,2025-03-29 05:05:10.757683,7.457867
1727,ctgan,2,nearmiss,auto,0.6925999999999999,COMPLETE,2025-03-29 05:05:10.780288,2025-03-29 05:05:17.339464,6.559176
1728,fastml,auto,onesidedselection,auto,0.6735273418655467,COMPLETE,2025-03-29 05:05:17.361607,2025-03-29 05:05:24.987615,7.626008
1729,random,1,onesidedselection,0,0.7706303189002152,COMPLETE,2025-03-29 05:05:25.009437,2025-03-29 05:05:33.647849,8.638412
1730,copulagan,0.25,tomeklinks,0.25,0.7543858536438043,COMPLETE,2025-03-29 05:05:33.670161,2025-03-29 05:05:40.472713,6.802552
1731,copulagan,0.5,random,0.125,0.7434572239491825,COMPLETE,2025-03-29 05:05:40.494731,2025-03-29 05:05:48.138266,7.643535
1732,gaussiancopula,0.25,onesidedselection,0.0625,0.7732494279176201,COMPLETE,2025-03-29 05:05:48.159826,2025-03-29 05:05:55.014648,6.854822
1733,adasyn,2,random,0.0625,0.7404043529286248,COMPLETE,2025-03-29 05:05:55.036637,2025-03-29 05:06:02.045455,7.008818
1734,adasyn,2,editednn,0.25,0.43810172980844064,COMPLETE,2025-03-29 05:06:02.067612,2025-03-29 05:06:08.049923,5.982311
1735,tvae,0.25,condensednn,0,0.7427067478437341,COMPLETE,2025-03-29 05:06:08.070698,2025-03-29 05:06:14.927706,6.857008
1736,ctgan,1,random,0.5,0.6925999999999999,COMPLETE,2025-03-29 05:06:14.949376,2025-03-29 05:06:21.725270,6.775894
1737,adasyn,0.25,tomeklinks,0.25,-1.0,COMPLETE,2025-03-29 05:06:21.747028,2025-03-29 05:06:21.834186,0.087158
1738,smote,1,instancehardness,0.5,0.7453768382352942,COMPLETE,2025-03-29 05:06:21.855116,2025-03-29 05:06:28.974427,7.119311
1739,gaussiancopula,0,nearmiss,auto,0.7710952380952381,COMPLETE,2025-03-29 05:06:28.996168,2025-03-29 05:06:35.123394,6.127226
1740,gaussiancopula,auto,clustercentroid,0.0625,0.7170045890696705,COMPLETE,2025-03-29 05:06:35.136150,2025-03-29 05:06:42.727626,7.591476
1741,ctgan,1,clustercentroid,0.125,0.775793142096599,COMPLETE,2025-03-29 05:06:42.749582,2025-03-29 05:06:50.975996,8.226414
1742,ctgan,0,random,0.5,0.7502419028024565,COMPLETE,2025-03-29 05:06:50.997706,2025-03-29 05:06:57.225234,6.227528
1743,gaussiancopula,0,editednn,0,-1.0,ERROR,,,0.0
1744,copulagan,0.5,onesidedselection,0.0625,0.7355836397058824,COMPLETE,2025-03-29 05:07:04.844765,2025-03-29 05:07:11.559188,6.714423
1745,gaussiancopula,auto,tomeklinks,0,0.7343357192473801,COMPLETE,2025-03-29 05:07:11.581275,2025-03-29 05:07:18.423777,6.842502
1746,ctgan,auto,random,auto,0.6925999999999999,COMPLETE,2025-03-29 05:07:18.446078,2025-03-29 05:07:25.268845,6.822767
1747,gaussiancopula,0.5,random,0.5,0.7027636993104232,COMPLETE,2025-03-29 05:07:25.290907,2025-03-29 05:07:31.984398,6.693491
1748,adasyn,1,condensednn,0.5,0.7081169711960424,COMPLETE,2025-03-29 05:07:32.005942,2025-03-29 05:07:39.445053,7.439111
1749,adasyn,auto,nearmiss,0.125,0.6486647173489279,COMPLETE,2025-03-29 05:07:39.466911,2025-03-29 05:07:46.750996,7.284085
1750,ctgan,2,onesidedselection,auto,0.7204006229990483,COMPLETE,2025-03-29 05:07:46.763925,2025-03-29 05:07:53.742378,6.978453
1751,copulagan,0.5,editednn,auto,0.4793958724202627,COMPLETE,2025-03-29 05:07:53.763667,2025-03-29 05:07:59.328271,5.564604
1752,random,auto,onesidedselection,0.0625,0.7587761049052938,COMPLETE,2025-03-29 05:07:59.349544,2025-03-29 05:08:06.463740,7.114196
1753,smote,0.25,tomeklinks,auto,0.7502419028024565,COMPLETE,2025-03-29 05:08:06.496411,2025-03-29 05:08:12.952005,6.455594
1754,random,0,nearmiss,0.125,0.735,COMPLETE,2025-03-29 05:08:12.973472,2025-03-29 05:08:19.507570,6.534098
1755,random,0,editednn,0.125,0.5500576354306227,COMPLETE,2025-03-29 05:08:19.520672,2025-03-29 05:08:24.085917,4.565245
1756,copulagan,0.25,condensednn,0.0625,0.6792121212121214,COMPLETE,2025-03-29 05:08:24.100765,2025-03-29 05:08:29.769452,5.668687
1757,random,auto,tomeklinks,0.0625,0.7676581289273069,COMPLETE,2025-03-29 05:08:29.784842,2025-03-29 05:08:36.874558,7.089716
1758,adasyn,0.25,nearmiss,0.125,-1.0,COMPLETE,2025-03-29 05:08:36.891674,2025-03-29 05:08:36.996650,0.104976
1759,fastml,2,clustercentroid,0.5,0.7304002192982456,COMPLETE,2025-03-29 05:08:37.008819,2025-03-29 05:08:44.339912,7.331093
1760,tvae,2,tomeklinks,0,0.7675733038890934,COMPLETE,2025-03-29 05:08:44.362943,2025-03-29 05:08:51.754815,7.391872
1761,copulagan,2,tomeklinks,0.0625,0.7044206848357792,COMPLETE,2025-03-29 05:08:51.776421,2025-03-29 05:08:58.589213,6.812792
1762,smote,0,tomeklinks,auto,0.751313053523296,COMPLETE,2025-03-29 05:08:58.610866,2025-03-29 05:09:05.066836,6.45597
1763,tvae,2,condensednn,0.125,0.7072494929006085,COMPLETE,2025-03-29 05:09:05.088376,2025-03-29 05:09:12.301899,7.213523
1764,smote,2,clustercentroid,0.125,0.758198757763975,COMPLETE,2025-03-29 05:09:12.323995,2025-03-29 05:09:20.324126,8.000131
1765,fastml,0.25,editednn,auto,0.5727754813993345,COMPLETE,2025-03-29 05:09:20.345884,2025-03-29 05:09:26.463293,6.117409
1766,gaussiancopula,0.5,editednn,auto,0.3898191076993236,COMPLETE,2025-03-29 05:09:26.485095,2025-03-29 05:09:31.774675,5.28958
1767,gaussiancopula,0.5,tomeklinks,0.5,0.7444583478160121,COMPLETE,2025-03-29 05:09:31.786841,2025-03-29 05:09:38.437642,6.650801
1768,tvae,auto,clustercentroid,0.5,0.712196761044398,COMPLETE,2025-03-29 05:09:38.459229,2025-03-29 05:09:45.669197,7.209968
1769,ctgan,1,onesidedselection,0.25,0.7204006229990483,COMPLETE,2025-03-29 05:09:45.692066,2025-03-29 05:09:52.518041,6.825975
1770,fastml,2,tomeklinks,0.0625,0.6691497060153776,COMPLETE,2025-03-29 05:09:52.539773,2025-03-29 05:09:59.366072,6.826299
1771,tvae,0.25,clustercentroid,0,0.7427067478437341,COMPLETE,2025-03-29 05:09:59.388180,2025-03-29 05:10:06.239489,6.851309
1772,adasyn,0.5,nearmiss,auto,0.7706303189002152,COMPLETE,2025-03-29 05:10:06.261322,2025-03-29 05:10:12.320640,6.059318
1773,adasyn,0.25,condensednn,auto,-1.0,COMPLETE,2025-03-29 05:10:12.344440,2025-03-29 05:10:12.436838,0.092398
1774,tvae,0.25,nearmiss,0.25,0.7567199857815693,COMPLETE,2025-03-29 05:10:12.458383,2025-03-29 05:10:18.809828,6.351445
1775,random,1,tomeklinks,0.5,0.7676581289273069,COMPLETE,2025-03-29 05:10:18.831924,2025-03-29 05:10:25.687183,6.855259
1776,fastml,0.25,editednn,0.125,0.5727754813993345,COMPLETE,2025-03-29 05:10:25.699540,2025-03-29 05:10:31.676718,5.977178
1777,random,0.5,instancehardness,0.25,0.7560714285714286,COMPLETE,2025-03-29 05:10:31.698562,2025-03-29 05:10:39.619907,7.921345
1778,random,0.5,condensednn,auto,0.6939879632562558,COMPLETE,2025-03-29 05:10:39.642715,2025-03-29 05:10:45.875397,6.232682
1779,copulagan,auto,nearmiss,auto,0.7281575711718529,COMPLETE,2025-03-29 05:10:45.897093,2025-03-29 05:10:52.142713,6.24562
1780,tvae,0.5,instancehardness,0.25,0.7228604118993135,COMPLETE,2025-03-29 05:10:52.164304,2025-03-29 05:10:59.118014,6.95371
1781,gaussiancopula,2,editednn,0.5,0.3464418675617943,COMPLETE,2025-03-29 05:10:59.139902,2025-03-29 05:11:04.198091,5.058189
1782,random,1,nearmiss,auto,0.7556303470540761,COMPLETE,2025-03-29 05:11:04.220399,2025-03-29 05:11:10.429073,6.208674
1783,copulagan,0.25,clustercentroid,0.0625,0.758198757763975,COMPLETE,2025-03-29 05:11:10.441097,2025-03-29 05:11:18.716216,8.275119
1784,random,2,nearmiss,0.125,0.6655964325529543,COMPLETE,2025-03-29 05:11:18.729369,2025-03-29 05:11:25.487054,6.757685
1785,adasyn,0.5,random,0.0625,0.722078659278281,COMPLETE,2025-03-29 05:11:25.509131,2025-03-29 05:11:32.278456,6.769325
1786,copulagan,auto,condensednn,0.25,0.5889968730456535,COMPLETE,2025-03-29 05:11:32.299975,2025-03-29 05:11:39.336255,7.03628
1787,gaussiancopula,2,editednn,0,0.7343357192473801,COMPLETE,2025-03-29 05:11:39.359008,2025-03-29 05:11:46.176295,6.817287
1788,ctgan,0.5,random,0.25,0.7584413595998776,COMPLETE,2025-03-29 05:11:46.197608,2025-03-29 05:11:52.590858,6.39325
1789,fastml,0.5,editednn,0.5,0.4168571428571429,COMPLETE,2025-03-29 05:11:52.613153,2025-03-29 05:11:58.022463,5.40931
1790,tvae,0.25,nearmiss,0.5,0.7488945454545456,COMPLETE,2025-03-29 05:11:58.044430,2025-03-29 05:12:04.258942,6.214512
1791,ctgan,0.25,clustercentroid,0.125,0.7223958026870649,COMPLETE,2025-03-29 05:12:04.280520,2025-03-29 05:12:11.784812,7.504292
1792,adasyn,auto,condensednn,0.5,0.7081169711960424,COMPLETE,2025-03-29 05:12:11.806806,2025-03-29 05:12:19.118543,7.311737
1793,gaussiancopula,0.5,condensednn,0.25,0.6584240279086349,COMPLETE,2025-03-29 05:12:19.141474,2025-03-29 05:12:24.730370,5.588896
1794,gaussiancopula,0,clustercentroid,0.5,0.75,COMPLETE,2025-03-29 05:12:24.752381,2025-03-29 05:12:31.910628,7.158247
1795,gaussiancopula,2,clustercentroid,0.125,0.699234702812511,COMPLETE,2025-03-29 05:12:31.932230,2025-03-29 05:12:39.465410,7.53318
1796,gaussiancopula,2,condensednn,0,0.7343357192473801,COMPLETE,2025-03-29 05:12:39.487512,2025-03-29 05:12:46.231220,6.743708
1797,adasyn,1,condensednn,0.25,0.7081169711960424,COMPLETE,2025-03-29 05:12:46.252894,2025-03-29 05:12:53.586484,7.33359
1798,smote,0.5,editednn,0.25,0.6081147147298971,COMPLETE,2025-03-29 05:12:53.608790,2025-03-29 05:12:59.370150,5.76136
1799,gaussiancopula,0.5,nearmiss,0,0.7545830721003134,COMPLETE,2025-03-29 05:12:59.392680,2025-03-29 05:13:05.889239,6.496559
1800,gaussiancopula,0,random,auto,0.7502419028024565,COMPLETE,2025-03-29 05:13:05.901893,2025-03-29 05:13:12.108380,6.206487
1801,gaussiancopula,auto,clustercentroid,auto,0.7223958026870649,COMPLETE,2025-03-29 05:13:12.130344,2025-03-29 05:13:19.198573,7.068229
1802,random,1,condensednn,0,0.7706303189002152,COMPLETE,2025-03-29 05:13:19.220714,2025-03-29 05:13:27.912895,8.692181
1803,tvae,0.5,random,0,0.7459077380952381,COMPLETE,2025-03-29 05:13:27.934719,2025-03-29 05:13:35.245246,7.310527
1804,tvae,1,instancehardness,auto,0.7356419151290409,COMPLETE,2025-03-29 05:13:35.267238,2025-03-29 05:13:41.931970,6.664732
1805,tvae,auto,condensednn,0.25,0.7072494929006085,COMPLETE,2025-03-29 05:13:41.953446,2025-03-29 05:13:49.041982,7.088536
1806,ctgan,2,random,auto,0.6925999999999999,COMPLETE,2025-03-29 05:13:49.064041,2025-03-29 05:13:55.982705,6.918664
1807,copulagan,auto,instancehardness,0.125,0.7307887678399946,COMPLETE,2025-03-29 05:13:56.004568,2025-03-29 05:14:03.796230,7.791662
1808,smote,0.25,editednn,0.5,0.5771043287754023,COMPLETE,2025-03-29 05:14:03.818000,2025-03-29 05:14:09.080303,5.262303
1809,tvae,0.5,tomeklinks,0.0625,0.7178993663104133,COMPLETE,2025-03-29 05:14:09.101611,2025-03-29 05:14:15.154109,6.052498
1810,adasyn,0,condensednn,0,-1.0,ERROR,,,0.0
1811,ctgan,0,editednn,auto,0.5500576354306227,COMPLETE,2025-03-29 05:14:22.640257,2025-03-29 05:14:27.234398,4.594141
1812,ctgan,2,editednn,0.125,0.5799551569506726,COMPLETE,2025-03-29 05:14:27.249939,2025-03-29 05:14:32.617290,5.367351
1813,random,0.5,nearmiss,auto,0.6950401368601132,COMPLETE,2025-03-29 05:14:32.631128,2025-03-29 05:14:38.535947,5.904819
1814,tvae,2,random,0.25,0.7519682017543861,COMPLETE,2025-03-29 05:14:38.550326,2025-03-29 05:14:44.685875,6.135549
1815,gaussiancopula,0,condensednn,auto,0.7122316902168051,COMPLETE,2025-03-29 05:14:44.706772,2025-03-29 05:14:50.146272,5.4395
1816,adasyn,0.5,editednn,0.125,0.5887623549634723,COMPLETE,2025-03-29 05:14:50.159392,2025-03-29 05:14:55.426710,5.267318
1817,gaussiancopula,auto,condensednn,0.25,0.6072300007568303,COMPLETE,2025-03-29 05:14:55.441206,2025-03-29 05:15:01.880509,6.439303
1818,tvae,0,instancehardness,0,-1.0,ERROR,,,0.0
1819,ctgan,auto,condensednn,0.25,0.6653125,COMPLETE,2025-03-29 05:15:09.406458,2025-03-29 05:15:16.608305,7.201847
1820,fastml,0.25,random,0.25,0.73,COMPLETE,2025-03-29 05:15:16.630120,2025-03-29 05:15:23.477799,6.847679
1821,ctgan,2,instancehardness,0.25,0.7560714285714286,COMPLETE,2025-03-29 05:15:23.499553,2025-03-29 05:15:30.665813,7.16626
1822,copulagan,2,random,0.5,0.7281575711718529,COMPLETE,2025-03-29 05:15:30.687379,2025-03-29 05:15:36.681750,5.994371
1823,ctgan,0.25,editednn,0.125,0.42990384615384614,COMPLETE,2025-03-29 05:15:36.703498,2025-03-29 05:15:41.944041,5.240543
1824,ctgan,1,nearmiss,auto,0.6925999999999999,COMPLETE,2025-03-29 05:15:41.965519,2025-03-29 05:15:48.337371,6.371852
1825,adasyn,2,random,0.25,0.7557132616487455,COMPLETE,2025-03-29 05:15:48.359232,2025-03-29 05:15:55.035284,6.676052
1826,copulagan,0,random,0.0625,0.7427067478437341,COMPLETE,2025-03-29 05:15:55.057070,2025-03-29 05:16:00.955017,5.897947
1827,ctgan,2,onesidedselection,0.0625,0.7204006229990483,COMPLETE,2025-03-29 05:16:00.976543,2025-03-29 05:16:08.051175,7.074632
1828,copulagan,0.5,condensednn,auto,0.6781488291325111,COMPLETE,2025-03-29 05:16:08.072413,2025-03-29 05:16:13.924153,5.85174
1829,smote,0.5,random,0.125,0.6995032730073162,COMPLETE,2025-03-29 05:16:13.946124,2025-03-29 05:16:20.950286,7.004162
1830,tvae,auto,instancehardness,0.0625,0.7032439299830604,COMPLETE,2025-03-29 05:16:20.973059,2025-03-29 05:16:27.775200,6.802141
1831,random,0.5,editednn,0,0.7587761049052938,COMPLETE,2025-03-29 05:16:27.797156,2025-03-29 05:16:35.391146,7.59399
1832,ctgan,0,instancehardness,0.0625,0.7502419028024565,COMPLETE,2025-03-29 05:16:35.408097,2025-03-29 05:16:43.010935,7.602838
1833,ctgan,0.5,tomeklinks,0.5,0.7343357192473801,COMPLETE,2025-03-29 05:16:43.033111,2025-03-29 05:16:50.550389,7.517278
1834,copulagan,0.5,nearmiss,0.5,0.7502419028024565,COMPLETE,2025-03-29 05:16:50.562822,2025-03-29 05:16:56.580948,6.018126
1835,smote,auto,clustercentroid,0,0.7622078075244721,COMPLETE,2025-03-29 05:16:56.602673,2025-03-29 05:17:04.101909,7.499236
1836,copulagan,2,clustercentroid,0.125,0.716227225596208,COMPLETE,2025-03-29 05:17:04.123519,2025-03-29 05:17:11.819104,7.695585
1837,fastml,0,instancehardness,0.0625,0.7502419028024565,COMPLETE,2025-03-29 05:17:11.832333,2025-03-29 05:17:19.261835,7.429502
1838,random,0.25,editednn,0.125,0.504890042378194,COMPLETE,2025-03-29 05:17:19.283601,2025-03-29 05:17:24.516980,5.233379
1839,smote,0.5,editednn,0.5,0.6081147147298971,COMPLETE,2025-03-29 05:17:24.539795,2025-03-29 05:17:30.331793,5.791998
1840,fastml,1,onesidedselection,0.25,0.6735273418655467,COMPLETE,2025-03-29 05:17:30.353569,2025-03-29 05:17:37.779890,7.426321
1841,gaussiancopula,0,tomeklinks,0.25,0.751313053523296,COMPLETE,2025-03-29 05:17:37.801591,2025-03-29 05:17:44.178351,6.37676
1842,smote,0.25,random,0.25,0.7545830721003134,COMPLETE,2025-03-29 05:17:44.190410,2025-03-29 05:17:50.794248,6.603838
1843,smote,0,nearmiss,auto,0.7710952380952381,COMPLETE,2025-03-29 05:17:50.815731,2025-03-29 05:17:56.850527,6.034796
1844,copulagan,0.25,onesidedselection,auto,0.7456176919166243,COMPLETE,2025-03-29 05:17:56.872484,2025-03-29 05:18:03.528793,6.656309
1845,tvae,0.5,onesidedselection,0.5,0.726930596285435,COMPLETE,2025-03-29 05:18:03.550177,2025-03-29 05:18:10.497240,6.947063
1846,copulagan,0.5,random,0.5,0.7179344944461223,COMPLETE,2025-03-29 05:18:10.519070,2025-03-29 05:18:16.559226,6.040156
1847,smote,auto,tomeklinks,0.25,0.7852601880877742,COMPLETE,2025-03-29 05:18:16.581001,2025-03-29 05:18:23.825132,7.244131
1848,gaussiancopula,2,tomeklinks,0.25,0.7169401709401708,COMPLETE,2025-03-29 05:18:23.846692,2025-03-29 05:18:30.278349,6.431657
1849,random,1,condensednn,0.125,0.7081169711960424,COMPLETE,2025-03-29 05:18:30.300438,2025-03-29 05:18:36.771125,6.470687
1850,fastml,2,editednn,0,0.7052529761904762,COMPLETE,2025-03-29 05:18:36.793562,2025-03-29 05:18:44.853875,8.060313
1851,gaussiancopula,1,random,0.25,0.6815238095238095,COMPLETE,2025-03-29 05:18:44.875738,2025-03-29 05:18:51.409373,6.533635
1852,tvae,auto,instancehardness,0,0.7675733038890934,COMPLETE,2025-03-29 05:18:51.431822,2025-03-29 05:18:58.767988,7.336166
1853,random,1,tomeklinks,0.125,0.7676581289273069,COMPLETE,2025-03-29 05:18:58.789960,2025-03-29 05:19:05.793024,7.003064
1854,fastml,2,nearmiss,0.25,0.7196162280701754,COMPLETE,2025-03-29 05:19:05.805191,2025-03-29 05:19:12.393516,6.588325
1855,smote,0.5,nearmiss,auto,0.7324150177574835,COMPLETE,2025-03-29 05:19:12.407065,2025-03-29 05:19:18.803800,6.396735
1856,tvae,0,clustercentroid,0.25,0.7292000000000002,COMPLETE,2025-03-29 05:19:18.825583,2025-03-29 05:19:26.013837,7.188254
1857,tvae,1,random,0.5,0.7088322368421052,COMPLETE,2025-03-29 05:19:26.036165,2025-03-29 05:19:32.419498,6.383333
1858,random,0.25,nearmiss,0.125,0.7142348955392435,COMPLETE,2025-03-29 05:19:32.440757,2025-03-29 05:19:39.116870,6.676113
1859,random,auto,random,auto,0.7486739808947318,COMPLETE,2025-03-29 05:19:39.139345,2025-03-29 05:19:45.563286,6.423941
1860,adasyn,0.25,random,0.0625,-1.0,COMPLETE,2025-03-29 05:19:45.575576,2025-03-29 05:19:45.669463,0.093887
1861,random,0,tomeklinks,0.5,0.751313053523296,COMPLETE,2025-03-29 05:19:45.690394,2025-03-29 05:19:52.150740,6.460346
1862,ctgan,auto,instancehardness,0.0625,0.7446093189964158,COMPLETE,2025-03-29 05:19:52.172342,2025-03-29 05:19:59.930601,7.758259
1863,copulagan,0,random,0,-1.0,ERROR,,,0.0
1864,fastml,0,nearmiss,0,-1.0,ERROR,,,0.0
1865,ctgan,2,condensednn,auto,0.6653125,COMPLETE,2025-03-29 05:20:14.901321,2025-03-29 05:20:22.192208,7.290887
1866,smote,0,condensednn,0.125,0.7122316902168051,COMPLETE,2025-03-29 05:20:22.207914,2025-03-29 05:20:27.671631,5.463717
1867,adasyn,0.5,random,0,0.7676581289273069,COMPLETE,2025-03-29 05:20:27.693481,2025-03-29 05:20:34.967724,7.274243
1868,smote,0.25,instancehardness,0.125,0.7927608779360802,COMPLETE,2025-03-29 05:20:34.989689,2025-03-29 05:20:42.979651,7.989962
1869,gaussiancopula,1,instancehardness,auto,0.7409202208301153,COMPLETE,2025-03-29 05:20:42.992256,2025-03-29 05:20:50.383176,7.39092
1870,tvae,2,instancehardness,0.5,0.7356419151290409,COMPLETE,2025-03-29 05:20:50.405354,2025-03-29 05:20:56.933714,6.52836
1871,ctgan,0,clustercentroid,auto,0.7530938215102975,COMPLETE,2025-03-29 05:20:56.956731,2025-03-29 05:21:04.169499,7.212768
1872,copulagan,2,onesidedselection,0,0.7744359880402284,COMPLETE,2025-03-29 05:21:04.191643,2025-03-29 05:21:12.107603,7.91596
1873,gaussiancopula,0.25,random,0.0625,0.7328714327743454,COMPLETE,2025-03-29 05:21:12.129673,2025-03-29 05:21:18.390214,6.260541
1874,fastml,auto,clustercentroid,0.0625,0.7032439299830604,COMPLETE,2025-03-29 05:21:18.412482,2025-03-29 05:21:26.002231,7.589749
1875,random,0,clustercentroid,0.0625,0.7747739531234678,COMPLETE,2025-03-29 05:21:26.024905,2025-03-29 05:21:33.560645,7.53574
1876,copulagan,0.5,nearmiss,0,0.7372567783094098,COMPLETE,2025-03-29 05:21:33.583201,2025-03-29 05:21:40.227364,6.644163
1877,adasyn,auto,random,0,0.7502419028024565,COMPLETE,2025-03-29 05:21:40.249397,2025-03-29 05:21:48.051586,7.802189
1878,adasyn,0,instancehardness,0,-1.0,ERROR,,,0.0
1879,gaussiancopula,0,editednn,0.25,0.5500576354306227,COMPLETE,2025-03-29 05:21:55.722067,2025-03-29 05:22:00.337799,4.615732
1880,random,0.25,editednn,0.25,0.504890042378194,COMPLETE,2025-03-29 05:22:00.359924,2025-03-29 05:22:05.615525,5.255601
1881,gaussiancopula,2,clustercentroid,auto,0.7348329297820824,COMPLETE,2025-03-29 05:22:05.637418,2025-03-29 05:22:12.758343,7.120925
1882,smote,auto,condensednn,0,0.7622078075244721,COMPLETE,2025-03-29 05:22:12.780055,2025-03-29 05:22:20.267158,7.487103
1883,adasyn,0.25,instancehardness,0.0625,-1.0,COMPLETE,2025-03-29 05:22:20.289094,2025-03-29 05:22:20.385450,0.096356
1884,gaussiancopula,auto,tomeklinks,0.5,0.7169401709401708,COMPLETE,2025-03-29 05:22:20.407729,2025-03-29 05:22:26.876999,6.46927
1885,ctgan,auto,tomeklinks,0.0625,0.7453768382352942,COMPLETE,2025-03-29 05:22:26.889866,2025-03-29 05:22:33.664551,6.774685
1886,fastml,auto,random,0.25,0.7371035662587182,COMPLETE,2025-03-29 05:22:33.686592,2025-03-29 05:22:40.862918,7.176326
1887,adasyn,1,nearmiss,0.25,0.6632867132867133,COMPLETE,2025-03-29 05:22:40.884596,2025-03-29 05:22:47.237526,6.35293
1888,ctgan,0.25,instancehardness,0,0.7838736681887366,COMPLETE,2025-03-29 05:22:47.259375,2025-03-29 05:22:54.913492,7.654117
1889,copulagan,0.5,random,0.25,0.7392224571294338,COMPLETE,2025-03-29 05:22:54.935904,2025-03-29 05:23:01.204320,6.268416
1890,tvae,1,editednn,0,0.7675733038890934,COMPLETE,2025-03-29 05:23:01.226795,2025-03-29 05:23:08.654644,7.427849
1891,fastml,0.25,nearmiss,0.25,0.7213670299493693,COMPLETE,2025-03-29 05:23:08.689361,2025-03-29 05:23:14.718974,6.029613
1892,fastml,0.5,instancehardness,0.25,0.72,COMPLETE,2025-03-29 05:23:14.740725,2025-03-29 05:23:21.962110,7.221385
1893,fastml,1,clustercentroid,0.5,0.7390852390852394,COMPLETE,2025-03-29 05:23:21.984359,2025-03-29 05:23:29.738244,7.753885
1894,gaussiancopula,auto,instancehardness,0.125,0.7555934687042076,COMPLETE,2025-03-29 05:23:29.750584,2025-03-29 05:23:37.331077,7.580493
1895,gaussiancopula,0,editednn,0.125,0.5500576354306227,COMPLETE,2025-03-29 05:23:37.352827,2025-03-29 05:23:41.966194,4.613367
1896,gaussiancopula,0.25,clustercentroid,0.0625,0.7774000000000001,COMPLETE,2025-03-29 05:23:41.989123,2025-03-29 05:23:49.787238,7.798115
1897,tvae,0.25,nearmiss,0.0625,0.7434572239491825,COMPLETE,2025-03-29 05:23:49.809628,2025-03-29 05:23:56.343793,6.534165
1898,fastml,auto,editednn,0.25,0.483261935742168,COMPLETE,2025-03-29 05:23:56.365895,2025-03-29 05:24:01.775013,5.409118
1899,gaussiancopula,1,nearmiss,0.5,0.7574677953625323,COMPLETE,2025-03-29 05:24:01.788136,2025-03-29 05:24:08.380143,6.592007
1900,gaussiancopula,0.25,tomeklinks,0.0625,0.7529984779299848,COMPLETE,2025-03-29 05:24:08.402963,2025-03-29 05:24:15.622087,7.219124
1901,ctgan,2,tomeklinks,0.25,0.7453768382352942,COMPLETE,2025-03-29 05:24:15.635437,2025-03-29 05:24:22.458589,6.823152
1902,smote,1,tomeklinks,0.0625,0.7852601880877742,COMPLETE,2025-03-29 05:24:22.480350,2025-03-29 05:24:29.801725,7.321375
1903,tvae,0.25,random,0.5,0.7243106520491679,COMPLETE,2025-03-29 05:24:29.823811,2025-03-29 05:24:35.833657,6.009846
1904,fastml,1,random,0,0.7052529761904762,COMPLETE,2025-03-29 05:24:35.855496,2025-03-29 05:24:43.813855,7.958359
1905,fastml,2,clustercentroid,0.0625,0.7032439299830604,COMPLETE,2025-03-29 05:24:43.835842,2025-03-29 05:24:51.409585,7.573743
1906,tvae,2,instancehardness,0.25,0.7470055181652898,COMPLETE,2025-03-29 05:24:51.431446,2025-03-29 05:24:58.195376,6.76393
1907,copulagan,0.25,nearmiss,auto,0.7688271005342401,COMPLETE,2025-03-29 05:24:58.216849,2025-03-29 05:25:04.704510,6.487661
1908,adasyn,0.5,condensednn,0.0625,0.6842869269949066,COMPLETE,2025-03-29 05:25:04.717125,2025-03-29 05:25:10.917963,6.200838
1909,gaussiancopula,0,instancehardness,0.125,0.7083334800857035,COMPLETE,2025-03-29 05:25:10.940492,2025-03-29 05:25:17.954585,7.014093
1910,fastml,auto,condensednn,auto,0.5992675635276532,COMPLETE,2025-03-29 05:25:17.977186,2025-03-29 05:25:25.017478,7.040292
1911,copulagan,0.5,tomeklinks,0.25,0.7423917914848449,COMPLETE,2025-03-29 05:25:25.033202,2025-03-29 05:25:32.209282,7.17608
1912,ctgan,0,clustercentroid,0.25,0.7430160183066361,COMPLETE,2025-03-29 05:25:32.221870,2025-03-29 05:25:39.204457,6.982587
1913,ctgan,2,instancehardness,0,0.7648087774294672,COMPLETE,2025-03-29 05:25:39.226183,2025-03-29 05:25:47.069059,7.842876
1914,fastml,2,condensednn,auto,0.5992675635276532,COMPLETE,2025-03-29 05:25:47.091324,2025-03-29 05:25:54.183743,7.092419
1915,fastml,1,tomeklinks,0.25,0.6691497060153776,COMPLETE,2025-03-29 05:25:54.196961,2025-03-29 05:26:01.081407,6.884446
1916,adasyn,auto,onesidedselection,0.25,0.7125091517920485,COMPLETE,2025-03-29 05:26:01.095291,2025-03-29 05:26:08.602471,7.50718
1917,gaussiancopula,auto,onesidedselection,0.125,0.7327827996958689,COMPLETE,2025-03-29 05:26:08.617816,2025-03-29 05:26:15.586095,6.968279
1918,fastml,0,tomeklinks,auto,0.751313053523296,COMPLETE,2025-03-29 05:26:15.602176,2025-03-29 05:26:21.989909,6.387733
1919,random,1,instancehardness,0.0625,0.7293577296489918,COMPLETE,2025-03-29 05:26:22.004995,2025-03-29 05:26:29.923017,7.918022
1920,fastml,auto,clustercentroid,auto,0.7304002192982456,COMPLETE,2025-03-29 05:26:29.936489,2025-03-29 05:26:37.143799,7.20731
1921,copulagan,auto,tomeklinks,0.5,0.7044206848357792,COMPLETE,2025-03-29 05:26:37.165721,2025-03-29 05:26:43.835801,6.67008
1922,fastml,1,instancehardness,0.25,0.7069402527297265,COMPLETE,2025-03-29 05:26:43.858117,2025-03-29 05:26:51.330048,7.471931
1923,ctgan,0,nearmiss,auto,0.7710952380952381,COMPLETE,2025-03-29 05:26:51.352274,2025-03-29 05:26:57.385158,6.032884
1924,gaussiancopula,0.5,nearmiss,0.5,0.7644109208420162,COMPLETE,2025-03-29 05:26:57.406744,2025-03-29 05:27:03.771973,6.365229
1925,copulagan,0.25,nearmiss,0.125,0.7211085426079648,COMPLETE,2025-03-29 05:27:03.793742,2025-03-29 05:27:10.142720,6.348978
1926,tvae,0.5,editednn,0.5,0.6497817567048336,COMPLETE,2025-03-29 05:27:10.164662,2025-03-29 05:27:15.369915,5.205253
1927,fastml,2,random,0,0.7052529761904762,COMPLETE,2025-03-29 05:27:15.391737,2025-03-29 05:27:23.457593,8.065856
1928,fastml,2,instancehardness,0.5,0.7085211267605636,COMPLETE,2025-03-29 05:27:23.480564,2025-03-29 05:27:31.550917,8.070353
1929,fastml,0.5,instancehardness,auto,0.7156903615538742,COMPLETE,2025-03-29 05:27:31.572721,2025-03-29 05:27:38.839039,7.266318
1930,tvae,0,clustercentroid,0.125,0.7362168266516094,COMPLETE,2025-03-29 05:27:38.861416,2025-03-29 05:27:45.976254,7.114838
1931,random,0.5,random,0.25,0.7154976013065224,COMPLETE,2025-03-29 05:27:45.998834,2025-03-29 05:27:53.681963,7.683129
1932,gaussiancopula,2,onesidedselection,0,0.7343357192473801,COMPLETE,2025-03-29 05:27:53.703586,2025-03-29 05:28:00.474059,6.770473
1933,fastml,2,clustercentroid,auto,0.7390852390852394,COMPLETE,2025-03-29 05:28:00.495752,2025-03-29 05:28:08.379008,7.883256
1934,adasyn,0.5,nearmiss,0.0625,0.6706430770400214,COMPLETE,2025-03-29 05:28:08.403116,2025-03-29 05:28:15.270931,6.867815
1935,tvae,0.25,editednn,0.5,0.6436995219204558,COMPLETE,2025-03-29 05:28:15.293443,2025-03-29 05:28:20.376926,5.083483
1936,gaussiancopula,0.5,instancehardness,0.25,0.7453768382352942,COMPLETE,2025-03-29 05:28:20.399576,2025-03-29 05:28:26.965551,6.565975
1937,adasyn,0,nearmiss,0,-1.0,ERROR,,,0.0
1938,tvae,1,onesidedselection,auto,0.7443607864455921,COMPLETE,2025-03-29 05:28:34.629637,2025-03-29 05:28:41.330350,6.700713
1939,copulagan,0,onesidedselection,0.0625,0.7228604118993135,COMPLETE,2025-03-29 05:28:41.342748,2025-03-29 05:28:47.485707,6.142959
1940,smote,0.25,condensednn,0,0.7529984779299848,COMPLETE,2025-03-29 05:28:47.507534,2025-03-29 05:28:55.138401,7.630867
1941,fastml,0.25,onesidedselection,auto,0.7589321857561714,COMPLETE,2025-03-29 05:28:55.159886,2025-03-29 05:29:01.809940,6.650054
1942,smote,2,random,0.125,0.7434572239491825,COMPLETE,2025-03-29 05:29:01.832808,2025-03-29 05:29:08.927414,7.094606
1943,gaussiancopula,1,instancehardness,0.125,0.7555934687042076,COMPLETE,2025-03-29 05:29:08.950247,2025-03-29 05:29:16.630658,7.680411
1944,ctgan,0,random,0.0625,0.7427067478437341,COMPLETE,2025-03-29 05:29:16.643630,2025-03-29 05:29:22.635267,5.991637
1945,ctgan,0.25,editednn,0.0625,0.42990384615384614,COMPLETE,2025-03-29 05:29:22.657057,2025-03-29 05:29:27.941024,5.283967
1946,tvae,2,random,0.5,0.7088322368421052,COMPLETE,2025-03-29 05:29:27.963122,2025-03-29 05:29:34.384998,6.421876
1947,adasyn,0,editednn,0.125,0.5500576354306227,COMPLETE,2025-03-29 05:29:34.407152,2025-03-29 05:29:39.004714,4.597562
1948,tvae,auto,random,0.25,0.7519682017543861,COMPLETE,2025-03-29 05:29:39.027589,2025-03-29 05:29:45.193783,6.166194
1949,fastml,1,editednn,0.125,0.483261935742168,COMPLETE,2025-03-29 05:29:45.205991,2025-03-29 05:29:50.610226,5.404235
1950,gaussiancopula,2,random,0.25,0.6815238095238095,COMPLETE,2025-03-29 05:29:50.631896,2025-03-29 05:29:57.292964,6.661068
1951,copulagan,2,instancehardness,0,0.7744359880402284,COMPLETE,2025-03-29 05:29:57.315193,2025-03-29 05:30:05.358107,8.042914
1952,adasyn,0.5,clustercentroid,0,0.7676581289273069,COMPLETE,2025-03-29 05:30:05.380802,2025-03-29 05:30:12.696439,7.315637
1953,fastml,0,editednn,0.125,0.5500576354306227,COMPLETE,2025-03-29 05:30:12.718419,2025-03-29 05:30:17.352857,4.634438
1954,smote,2,condensednn,0.25,0.6940563261874737,COMPLETE,2025-03-29 05:30:17.375723,2025-03-29 05:30:24.548435,7.172712
1955,gaussiancopula,0.5,random,0.0625,0.7957252132980287,COMPLETE,2025-03-29 05:30:24.570071,2025-03-29 05:30:30.730566,6.160495
1956,ctgan,auto,nearmiss,0,0.7648087774294672,COMPLETE,2025-03-29 05:30:30.752570,2025-03-29 05:30:38.457089,7.704519
1957,random,0.5,editednn,0.125,0.49581923731358224,COMPLETE,2025-03-29 05:30:38.469273,2025-03-29 05:30:43.661212,5.191939
1958,gaussiancopula,0.5,tomeklinks,0.25,0.7444583478160121,COMPLETE,2025-03-29 05:30:43.682781,2025-03-29 05:30:50.305933,6.623152
1959,random,0,instancehardness,0.25,0.7469968340117593,COMPLETE,2025-03-29 05:30:50.327945,2025-03-29 05:30:56.948112,6.620167
1960,fastml,auto,instancehardness,0.5,0.7085211267605636,COMPLETE,2025-03-29 05:30:56.969797,2025-03-29 05:31:04.997835,8.028038
1961,smote,0.25,condensednn,auto,0.703421052631579,COMPLETE,2025-03-29 05:31:05.019796,2025-03-29 05:31:10.811735,5.791939
1962,smote,auto,random,0.0625,0.7306293706293707,COMPLETE,2025-03-29 05:31:10.833882,2025-03-29 05:31:17.422274,6.588392
1963,ctgan,auto,editednn,0.5,0.5799551569506726,COMPLETE,2025-03-29 05:31:17.444065,2025-03-29 05:31:22.855524,5.411459
1964,ctgan,auto,instancehardness,0.125,0.688297782914784,COMPLETE,2025-03-29 05:31:22.877566,2025-03-29 05:31:30.070387,7.192821
1965,gaussiancopula,2,nearmiss,0.0625,0.7061201501877347,COMPLETE,2025-03-29 05:31:30.092075,2025-03-29 05:31:36.660837,6.568762
1966,tvae,auto,instancehardness,auto,0.7356419151290409,COMPLETE,2025-03-29 05:31:36.683227,2025-03-29 05:31:43.182670,6.499443
1967,fastml,0.5,random,auto,0.7243106520491679,COMPLETE,2025-03-29 05:31:43.204779,2025-03-29 05:31:49.693253,6.488474
1968,smote,auto,tomeklinks,0.125,0.7852601880877742,COMPLETE,2025-03-29 05:31:49.715268,2025-03-29 05:31:57.029043,7.313775
1969,adasyn,2,random,0.125,0.7202314646180337,COMPLETE,2025-03-29 05:31:57.043690,2025-03-29 05:32:03.278613,6.234923
1970,random,auto,condensednn,0.25,0.7081169711960424,COMPLETE,2025-03-29 05:32:03.295337,2025-03-29 05:32:09.763269,6.467932
1971,adasyn,0.25,tomeklinks,0.125,-1.0,COMPLETE,2025-03-29 05:32:09.776509,2025-03-29 05:32:09.887096,0.110587
1972,gaussiancopula,0,random,0.125,0.7541465062846331,COMPLETE,2025-03-29 05:32:09.901722,2025-03-29 05:32:15.898103,5.996381
1973,copulagan,1,clustercentroid,0,0.7744359880402284,COMPLETE,2025-03-29 05:32:15.920165,2025-03-29 05:32:23.813366,7.893201
1974,random,1,random,0.125,0.7196162280701754,COMPLETE,2025-03-29 05:32:23.835581,2025-03-29 05:32:31.381197,7.545616
1975,tvae,1,random,0.125,0.697643810400368,COMPLETE,2025-03-29 05:32:31.393812,2025-03-29 05:32:38.082186,6.688374
1976,gaussiancopula,1,onesidedselection,0,0.7343357192473801,COMPLETE,2025-03-29 05:32:38.103906,2025-03-29 05:32:44.837165,6.733259
1977,adasyn,0.25,tomeklinks,auto,-1.0,COMPLETE,2025-03-29 05:32:44.859149,2025-03-29 05:32:44.952938,0.093789
1978,random,0.5,condensednn,0.5,0.6939879632562558,COMPLETE,2025-03-29 05:32:44.974237,2025-03-29 05:32:51.079039,6.104802
1979,tvae,2,onesidedselection,0.0625,0.7443607864455921,COMPLETE,2025-03-29 05:32:51.100695,2025-03-29 05:32:57.653233,6.552538
1980,copulagan,0,instancehardness,0.25,0.7469968340117593,COMPLETE,2025-03-29 05:32:57.675028,2025-03-29 05:33:04.196402,6.521374
1981,fastml,0.25,random,0,0.7495218295218296,COMPLETE,2025-03-29 05:33:04.217972,2025-03-29 05:33:11.500592,7.28262
1982,adasyn,1,onesidedselection,auto,0.7125091517920485,COMPLETE,2025-03-29 05:33:11.523282,2025-03-29 05:33:19.011065,7.487783
1983,copulagan,2,condensednn,0.5,0.5889968730456535,COMPLETE,2025-03-29 05:33:19.032916,2025-03-29 05:33:26.141160,7.108244
1984,fastml,1,random,0.0625,0.687264254385965,COMPLETE,2025-03-29 05:33:26.163057,2025-03-29 05:33:33.809015,7.645958
1985,tvae,1,random,0.0625,0.7211085426079648,COMPLETE,2025-03-29 05:33:33.831409,2025-03-29 05:33:40.727116,6.895707
1986,ctgan,0.5,nearmiss,0.5,0.7327679416137316,COMPLETE,2025-03-29 05:33:40.749280,2025-03-29 05:33:46.738590,5.98931
1987,fastml,2,nearmiss,0.0625,0.7001935483870967,COMPLETE,2025-03-29 05:33:46.760026,2025-03-29 05:33:53.402175,6.642149
1988,adasyn,0,onesidedselection,0.125,0.7228604118993135,COMPLETE,2025-03-29 05:33:53.424485,2025-03-29 05:33:59.547140,6.122655
1989,adasyn,1,nearmiss,0.0625,0.6692392746572314,COMPLETE,2025-03-29 05:33:59.569057,2025-03-29 05:34:06.400117,6.83106
1990,random,auto,nearmiss,0,0.7706303189002152,COMPLETE,2025-03-29 05:34:06.412293,2025-03-29 05:34:15.034619,8.622326
1991,ctgan,0.5,onesidedselection,0,0.7286486486486488,COMPLETE,2025-03-29 05:34:15.056352,2025-03-29 05:34:22.556203,7.499851
1992,tvae,auto,tomeklinks,auto,0.7324837834650313,COMPLETE,2025-03-29 05:34:22.568701,2025-03-29 05:34:28.864707,6.296006
1993,random,0.25,editednn,auto,0.504890042378194,COMPLETE,2025-03-29 05:34:28.886376,2025-03-29 05:34:34.147661,5.261285
1994,smote,0.25,instancehardness,0.0625,0.7823989218328841,COMPLETE,2025-03-29 05:34:34.170970,2025-03-29 05:34:41.478123,7.307153
1995,ctgan,2,nearmiss,0,0.7648087774294672,COMPLETE,2025-03-29 05:34:41.500439,2025-03-29 05:34:49.382288,7.881849
1996,copulagan,0.25,onesidedselection,0,0.7427067478437341,COMPLETE,2025-03-29 05:34:49.404825,2025-03-29 05:34:56.664967,7.260142
1997,fastml,2,editednn,0.0625,0.483261935742168,COMPLETE,2025-03-29 05:34:56.686439,2025-03-29 05:35:02.025024,5.338585
1998,ctgan,0.25,editednn,auto,0.42990384615384614,COMPLETE,2025-03-29 05:35:02.046564,2025-03-29 05:35:07.417953,5.371389
1999,ctgan,1,editednn,0.125,0.5799551569506726,COMPLETE,2025-03-29 05:35:07.440097,2025-03-29 05:35:12.878426,5.438329
2000,fastml,0,nearmiss,0.125,0.735,COMPLETE,2025-03-29 05:35:12.899977,2025-03-29 05:35:19.305337,6.40536
2001,copulagan,auto,nearmiss,0.125,0.7341316614420061,COMPLETE,2025-03-29 05:35:19.326905,2025-03-29 05:35:25.722565,6.39566
2002,smote,1,random,0.5,0.7562000000000001,COMPLETE,2025-03-29 05:35:25.744240,2025-03-29 05:35:32.965652,7.221412
2003,smote,auto,instancehardness,0.0625,0.7446093189964158,COMPLETE,2025-03-29 05:35:32.977991,2025-03-29 05:35:40.089609,7.111618
2004,gaussiancopula,0,nearmiss,0,-1.0,ERROR,,,0.0
2005,smote,0.25,condensednn,0.125,0.703421052631579,COMPLETE,2025-03-29 05:35:47.820379,2025-03-29 05:35:53.734740,5.914361
2006,ctgan,0.5,condensednn,0.5,0.6351611253196932,COMPLETE,2025-03-29 05:35:53.755814,2025-03-29 05:36:00.385580,6.629766
2007,smote,1,editednn,0.125,0.45127585947491156,COMPLETE,2025-03-29 05:36:00.407301,2025-03-29 05:36:05.753632,5.346331
2008,copulagan,0.25,editednn,0.25,0.4716523717836513,COMPLETE,2025-03-29 05:36:05.776050,2025-03-29 05:36:11.276022,5.499972
2009,random,0.5,random,auto,0.7009103595167272,COMPLETE,2025-03-29 05:36:11.288149,2025-03-29 05:36:17.305703,6.017554
2010,random,2,editednn,0.0625,0.6159590792838874,COMPLETE,2025-03-29 05:36:17.328156,2025-03-29 05:36:23.036290,5.708134
2011,adasyn,0.25,nearmiss,0.5,-1.0,COMPLETE,2025-03-29 05:36:23.058162,2025-03-29 05:36:23.152170,0.094008
2012,adasyn,0.25,onesidedselection,0.25,-1.0,COMPLETE,2025-03-29 05:36:23.173220,2025-03-29 05:36:23.267316,0.094096
2013,fastml,0.25,condensednn,0.25,0.646045232907978,COMPLETE,2025-03-29 05:36:23.288242,2025-03-29 05:36:29.272093,5.983851
2014,tvae,2,clustercentroid,0,0.7675733038890934,COMPLETE,2025-03-29 05:36:29.293763,2025-03-29 05:36:36.714357,7.420594
2015,copulagan,0.25,random,0.0625,0.7470055181652898,COMPLETE,2025-03-29 05:36:36.736932,2025-03-29 05:36:43.760293,7.023361
2016,smote,auto,nearmiss,0.125,0.6331562864380202,COMPLETE,2025-03-29 05:36:43.781995,2025-03-29 05:36:50.681500,6.899505
2017,fastml,1,nearmiss,0.125,0.7032,COMPLETE,2025-03-29 05:36:50.703446,2025-03-29 05:36:57.364593,6.661147
2018,smote,auto,nearmiss,0,0.7622078075244721,COMPLETE,2025-03-29 05:36:57.386847,2025-03-29 05:37:04.928425,7.541578
2019,fastml,0.25,instancehardness,0.25,0.7257904411764707,COMPLETE,2025-03-29 05:37:04.949986,2025-03-29 05:37:11.866829,6.916843
2020,tvae,0.25,onesidedselection,0.0625,0.7423917914848449,COMPLETE,2025-03-29 05:37:11.889048,2025-03-29 05:37:19.011092,7.122044
2021,fastml,1,random,0.5,0.6973829565875342,COMPLETE,2025-03-29 05:37:19.033008,2025-03-29 05:37:25.639632,6.606624
2022,ctgan,2,onesidedselection,0.5,0.7204006229990483,COMPLETE,2025-03-29 05:37:25.661963,2025-03-29 05:37:32.515594,6.853631
2023,tvae,1,random,0.25,0.7519682017543861,COMPLETE,2025-03-29 05:37:32.537804,2025-03-29 05:37:38.679187,6.141383
2024,copulagan,auto,instancehardness,0.0625,0.7747739531234678,COMPLETE,2025-03-29 05:37:38.691583,2025-03-29 05:37:46.257426,7.565843
2025,random,0.25,instancehardness,0.0625,0.7747739531234678,COMPLETE,2025-03-29 05:37:46.275529,2025-03-29 05:37:53.977275,7.701746
2026,fastml,0.25,editednn,0,0.7495218295218296,COMPLETE,2025-03-29 05:37:53.990083,2025-03-29 05:38:01.327317,7.337234
2027,smote,2,clustercentroid,0.5,0.7735361842105263,COMPLETE,2025-03-29 05:38:01.346126,2025-03-29 05:38:08.207168,6.861042
2028,fastml,auto,random,auto,0.6973829565875342,COMPLETE,2025-03-29 05:38:08.222266,2025-03-29 05:38:14.799948,6.577682
2029,ctgan,auto,tomeklinks,0.25,0.7453768382352942,COMPLETE,2025-03-29 05:38:14.813541,2025-03-29 05:38:21.550148,6.736607
2030,random,1,condensednn,0.5,0.7081169711960424,COMPLETE,2025-03-29 05:38:21.572538,2025-03-29 05:38:28.058415,6.485877
2031,fastml,2,onesidedselection,0.5,0.6735273418655467,COMPLETE,2025-03-29 05:38:28.080615,2025-03-29 05:38:35.598069,7.517454
2032,tvae,auto,onesidedselection,0.125,0.7443607864455921,COMPLETE,2025-03-29 05:38:35.619925,2025-03-29 05:38:42.180043,6.560118
2033,ctgan,1,tomeklinks,0.0625,0.7453768382352942,COMPLETE,2025-03-29 05:38:42.202369,2025-03-29 05:38:49.020431,6.818062
2034,gaussiancopula,0.25,editednn,0.25,0.57908617508026,COMPLETE,2025-03-29 05:38:49.042348,2025-03-29 05:38:54.235186,5.192838
2035,copulagan,2,onesidedselection,auto,0.7289839572192512,COMPLETE,2025-03-29 05:38:54.256989,2025-03-29 05:39:01.247386,6.990397
2036,gaussiancopula,2,random,0.0625,0.7243999999999999,COMPLETE,2025-03-29 05:39:01.261621,2025-03-29 05:39:07.193534,5.931913
2037,fastml,auto,tomeklinks,0.125,0.6691497060153776,COMPLETE,2025-03-29 05:39:07.215036,2025-03-29 05:39:14.093874,6.878838
2038,fastml,0.5,random,0.0625,0.7072905131044667,COMPLETE,2025-03-29 05:39:14.115850,2025-03-29 05:39:20.434386,6.318536
2039,random,0,condensednn,0.5,0.7122316902168051,COMPLETE,2025-03-29 05:39:20.456333,2025-03-29 05:39:26.048879,5.592546
2040,copulagan,0,condensednn,0.25,0.7122316902168051,COMPLETE,2025-03-29 05:39:26.070850,2025-03-29 05:39:31.688243,5.617393
2041,smote,2,instancehardness,0,0.7622078075244721,COMPLETE,2025-03-29 05:39:31.710842,2025-03-29 05:39:39.395863,7.685021
2042,random,0,tomeklinks,0.0625,0.751313053523296,COMPLETE,2025-03-29 05:39:39.418264,2025-03-29 05:39:45.842236,6.423972
2043,fastml,0.5,random,0.125,0.7307887678399946,COMPLETE,2025-03-29 05:39:45.864067,2025-03-29 05:39:53.440550,7.576483
2044,ctgan,auto,condensednn,0,0.7648087774294672,COMPLETE,2025-03-29 05:39:53.453118,2025-03-29 05:40:01.215056,7.761938
2045,copulagan,0.5,clustercentroid,0.0625,0.716227225596208,COMPLETE,2025-03-29 05:40:01.228287,2025-03-29 05:40:08.631094,7.402807
2046,ctgan,1,clustercentroid,0.0625,0.7358257986739,COMPLETE,2025-03-29 05:40:08.653244,2025-03-29 05:40:17.646846,8.993602
2047,fastml,1,clustercentroid,0.25,0.7243999999999999,COMPLETE,2025-03-29 05:40:17.669102,2025-03-29 05:40:25.149640,7.480538
2048,gaussiancopula,auto,tomeklinks,0.125,0.7169401709401708,COMPLETE,2025-03-29 05:40:25.172363,2025-03-29 05:40:31.527466,6.355103
2049,smote,0,clustercentroid,0.0625,0.7747739531234678,COMPLETE,2025-03-29 05:40:31.539688,2025-03-29 05:40:39.033727,7.494039
2050,smote,auto,onesidedselection,auto,0.7662351190476191,COMPLETE,2025-03-29 05:40:39.056213,2025-03-29 05:40:46.560606,7.504393
2051,random,2,tomeklinks,0.5,0.7676581289273069,COMPLETE,2025-03-29 05:40:46.582525,2025-03-29 05:40:53.637635,7.05511
2052,gaussiancopula,0.5,tomeklinks,0.0625,0.7444583478160121,COMPLETE,2025-03-29 05:40:53.650097,2025-03-29 05:41:00.301093,6.650996
2053,ctgan,0,nearmiss,0.125,0.735,COMPLETE,2025-03-29 05:41:00.323130,2025-03-29 05:41:06.622991,6.299861
2054,smote,1,tomeklinks,auto,0.7852601880877742,COMPLETE,2025-03-29 05:41:06.644514,2025-03-29 05:41:13.937367,7.292853
2055,copulagan,0.25,onesidedselection,0.5,0.7456176919166243,COMPLETE,2025-03-29 05:41:13.949924,2025-03-29 05:41:20.543466,6.593542
2056,random,0.25,condensednn,0.125,0.6794071650841778,COMPLETE,2025-03-29 05:41:20.565211,2025-03-29 05:41:26.407805,5.842594
2057,tvae,1,onesidedselection,0,0.7675733038890934,COMPLETE,2025-03-29 05:41:26.429737,2025-03-29 05:41:33.929435,7.499698
2058,random,2,random,0.5,0.7486739808947318,COMPLETE,2025-03-29 05:41:33.951230,2025-03-29 05:41:40.385542,6.434312
2059,gaussiancopula,0.5,nearmiss,0.125,0.7345798101811907,COMPLETE,2025-03-29 05:41:40.398273,2025-03-29 05:41:46.764159,6.365886
2060,adasyn,0.25,onesidedselection,0.125,-1.0,COMPLETE,2025-03-29 05:41:46.786460,2025-03-29 05:41:46.882207,0.095747
2061,copulagan,0.25,instancehardness,auto,0.7882836363636363,COMPLETE,2025-03-29 05:41:46.903161,2025-03-29 05:41:54.796884,7.893723
2062,adasyn,2,nearmiss,0,0.7502419028024565,COMPLETE,2025-03-29 05:41:54.819624,2025-03-29 05:42:02.692244,7.87262
2063,tvae,0.25,condensednn,auto,0.6926388888888888,COMPLETE,2025-03-29 05:42:02.709609,2025-03-29 05:42:08.337656,5.628047
2064,gaussiancopula,0.25,onesidedselection,0.25,0.7732494279176201,COMPLETE,2025-03-29 05:42:08.359361,2025-03-29 05:42:15.126973,6.767612
2065,adasyn,1,onesidedselection,0.125,0.7125091517920485,COMPLETE,2025-03-29 05:42:15.148620,2025-03-29 05:42:22.393365,7.244745
2066,ctgan,auto,instancehardness,auto,0.7286231180184555,COMPLETE,2025-03-29 05:42:22.415885,2025-03-29 05:42:30.169594,7.753709
2067,gaussiancopula,2,tomeklinks,0.125,0.7169401709401708,COMPLETE,2025-03-29 05:42:30.192001,2025-03-29 05:42:36.614010,6.422009
2068,copulagan,0,onesidedselection,0.25,0.7228604118993135,COMPLETE,2025-03-29 05:42:36.626988,2025-03-29 05:42:42.748926,6.121938
2069,copulagan,auto,clustercentroid,0.25,0.7101716227102378,COMPLETE,2025-03-29 05:42:42.770616,2025-03-29 05:42:50.043745,7.273129
2070,fastml,auto,onesidedselection,0.25,0.6735273418655467,COMPLETE,2025-03-29 05:42:50.065897,2025-03-29 05:42:57.584052,7.518155
2071,tvae,auto,condensednn,0,0.7675733038890934,COMPLETE,2025-03-29 05:42:57.605914,2025-03-29 05:43:05.080093,7.474179
2072,smote,0.25,instancehardness,0.25,0.7533309957924265,COMPLETE,2025-03-29 05:43:05.101997,2025-03-29 05:43:11.957926,6.855929
2073,gaussiancopula,1,random,0.0625,0.7243999999999999,COMPLETE,2025-03-29 05:43:11.980120,2025-03-29 05:43:18.022156,6.042036
2074,adasyn,0.5,random,auto,0.7265877089090671,COMPLETE,2025-03-29 05:43:18.043777,2025-03-29 05:43:24.287647,6.24387
2075,random,2,condensednn,0.125,0.7081169711960424,COMPLETE,2025-03-29 05:43:24.309729,2025-03-29 05:43:30.875302,6.565573
2076,gaussiancopula,0.25,clustercentroid,0,0.7573318235462984,COMPLETE,2025-03-29 05:43:30.897072,2025-03-29 05:43:37.450213,6.553141
2077,random,0.5,onesidedselection,0.0625,0.7556303470540761,COMPLETE,2025-03-29 05:43:37.465930,2025-03-29 05:43:44.407894,6.941964
2078,copulagan,0,instancehardness,auto,0.7506968162704882,COMPLETE,2025-03-29 05:43:44.460417,2025-03-29 05:43:51.254400,6.793983
2079,gaussiancopula,auto,instancehardness,0.25,0.7149727725640135,COMPLETE,2025-03-29 05:43:51.268089,2025-03-29 05:43:58.764577,7.496488
2080,fastml,auto,clustercentroid,0.5,0.7304002192982456,COMPLETE,2025-03-29 05:43:58.777827,2025-03-29 05:44:06.028754,7.250927
2081,smote,auto,clustercentroid,0.25,0.751313053523296,COMPLETE,2025-03-29 05:44:06.041936,2025-03-29 05:44:13.344083,7.302147
2082,adasyn,0.25,onesidedselection,0.0625,-1.0,COMPLETE,2025-03-29 05:44:13.366045,2025-03-29 05:44:13.462321,0.096276
2083,gaussiancopula,0.5,onesidedselection,0.25,0.7133488214919319,COMPLETE,2025-03-29 05:44:13.484299,2025-03-29 05:44:20.405661,6.921362
2084,adasyn,auto,random,auto,0.7179344944461223,COMPLETE,2025-03-29 05:44:20.427571,2025-03-29 05:44:26.961732,6.534161
2085,tvae,0.5,onesidedselection,auto,0.726930596285435,COMPLETE,2025-03-29 05:44:26.983535,2025-03-29 05:44:33.895393,6.911858
2086,ctgan,0.5,random,0.0625,0.726507099244915,COMPLETE,2025-03-29 05:44:33.911944,2025-03-29 05:44:40.687304,6.77536
2087,adasyn,auto,instancehardness,0.125,0.7605423445974133,COMPLETE,2025-03-29 05:44:40.708848,2025-03-29 05:44:48.606157,7.897309
2088,tvae,0.25,nearmiss,auto,0.7488945454545456,COMPLETE,2025-03-29 05:44:48.618902,2025-03-29 05:44:54.724218,6.105316
2089,fastml,0.5,onesidedselection,0.25,0.7237307152875174,COMPLETE,2025-03-29 05:44:54.746602,2025-03-29 05:45:02.422799,7.676197
2090,adasyn,0.5,editednn,0.5,0.5887623549634723,COMPLETE,2025-03-29 05:45:02.444662,2025-03-29 05:45:07.790060,5.345398
2091,adasyn,auto,instancehardness,0.5,0.7511904761904762,COMPLETE,2025-03-29 05:45:07.811899,2025-03-29 05:45:14.492524,6.680625
2092,tvae,0,editednn,0.5,0.5500576354306227,COMPLETE,2025-03-29 05:45:14.514745,2025-03-29 05:45:19.117592,4.602847
2093,smote,0.25,random,0,0.7529984779299848,COMPLETE,2025-03-29 05:45:19.139946,2025-03-29 05:45:26.701008,7.561062
2094,adasyn,2,tomeklinks,0,0.7502419028024565,COMPLETE,2025-03-29 05:45:26.723248,2025-03-29 05:45:34.505484,7.782236
2095,copulagan,auto,editednn,0.0625,0.46681309604265225,COMPLETE,2025-03-29 05:45:34.527622,2025-03-29 05:45:40.125555,5.597933
2096,smote,1,tomeklinks,0.25,0.7852601880877742,COMPLETE,2025-03-29 05:45:40.137825,2025-03-29 05:45:47.379924,7.242099
2097,fastml,auto,condensednn,0,0.7052529761904762,COMPLETE,2025-03-29 05:45:47.401686,2025-03-29 05:45:55.430327,8.028641
2098,fastml,auto,random,0.5,0.6973829565875342,COMPLETE,2025-03-29 05:45:55.452593,2025-03-29 05:46:02.154799,6.702206
2099,copulagan,2,clustercentroid,0,0.7744359880402284,COMPLETE,2025-03-29 05:46:02.176877,2025-03-29 05:46:10.160583,7.983706
2100,smote,1,nearmiss,0.5,0.7307887678399946,COMPLETE,2025-03-29 05:46:10.182618,2025-03-29 05:46:16.856613,6.673995
2101,copulagan,0.5,clustercentroid,auto,0.7427067478437341,COMPLETE,2025-03-29 05:46:16.879295,2025-03-29 05:46:24.198415,7.31912
2102,gaussiancopula,0,random,0,-1.0,ERROR,,,0.0
2103,fastml,1,condensednn,0.125,0.5992675635276532,COMPLETE,2025-03-29 05:46:31.743773,2025-03-29 05:46:38.814651,7.070878
2104,smote,0,clustercentroid,0.125,0.7660290556900726,COMPLETE,2025-03-29 05:46:38.827383,2025-03-29 05:46:45.831770,7.004387
2105,random,0,onesidedselection,0.0625,0.7228604118993135,COMPLETE,2025-03-29 05:46:45.854118,2025-03-29 05:46:52.014937,6.160819
2106,ctgan,1,editednn,auto,0.5799551569506726,COMPLETE,2025-03-29 05:46:52.037012,2025-03-29 05:46:57.432874,5.395862
2107,random,0.5,condensednn,0.25,0.6939879632562558,COMPLETE,2025-03-29 05:46:57.454417,2025-03-29 05:47:03.542691,6.088274
2108,smote,0.5,onesidedselection,auto,0.7329382151029747,COMPLETE,2025-03-29 05:47:03.564685,2025-03-29 05:47:10.997748,7.433063
2109,copulagan,2,nearmiss,0.25,0.7153441237038911,COMPLETE,2025-03-29 05:47:11.020929,2025-03-29 05:47:17.058316,6.037387
2110,gaussiancopula,auto,onesidedselection,auto,0.7327827996958689,COMPLETE,2025-03-29 05:47:17.079921,2025-03-29 05:47:24.074033,6.994112
2111,adasyn,0.5,random,0.5,0.7265877089090671,COMPLETE,2025-03-29 05:47:24.086428,2025-03-29 05:47:30.314728,6.2283
2112,gaussiancopula,0,nearmiss,0.5,0.7710952380952381,COMPLETE,2025-03-29 05:47:30.336825,2025-03-29 05:47:36.290609,5.953784
2113,ctgan,0,onesidedselection,0.5,0.7228604118993135,COMPLETE,2025-03-29 05:47:36.312733,2025-03-29 05:47:42.552087,6.239354
2114,fastml,1,clustercentroid,0,0.7052529761904762,COMPLETE,2025-03-29 05:47:42.573852,2025-03-29 05:47:50.590476,8.016624
2115,ctgan,1,editednn,0.25,0.5799551569506726,COMPLETE,2025-03-29 05:47:50.602751,2025-03-29 05:47:56.035489,5.432738
2116,tvae,1,clustercentroid,0.5,0.712196761044398,COMPLETE,2025-03-29 05:47:56.058253,2025-03-29 05:48:03.348581,7.290328
2117,random,0,onesidedselection,0.25,0.7228604118993135,COMPLETE,2025-03-29 05:48:03.371924,2025-03-29 05:48:09.619219,6.247295
2118,tvae,1,nearmiss,0.125,0.6728947368421052,COMPLETE,2025-03-29 05:48:09.632430,2025-03-29 05:48:16.065898,6.433468
2119,copulagan,0,editednn,0.125,0.5500576354306227,COMPLETE,2025-03-29 05:48:16.089452,2025-03-29 05:48:20.792834,4.703382
2120,gaussiancopula,0,instancehardness,0.25,0.7469968340117593,COMPLETE,2025-03-29 05:48:20.814620,2025-03-29 05:48:27.464147,6.649527
2121,adasyn,0.25,instancehardness,0.125,-1.0,COMPLETE,2025-03-29 05:48:27.487228,2025-03-29 05:48:27.586090,0.098862
2122,fastml,0,onesidedselection,auto,0.7228604118993135,COMPLETE,2025-03-29 05:48:27.607402,2025-03-29 05:48:33.821734,6.214332
2123,tvae,2,tomeklinks,auto,0.7324837834650313,COMPLETE,2025-03-29 05:48:33.844455,2025-03-29 05:48:40.147056,6.302601
2124,adasyn,0,random,0.0625,0.7427067478437341,COMPLETE,2025-03-29 05:48:40.168815,2025-03-29 05:48:46.031463,5.862648
2125,smote,0.5,condensednn,0.0625,0.6797255642053943,COMPLETE,2025-03-29 05:48:46.053419,2025-03-29 05:48:52.021614,5.968195
2126,ctgan,0,condensednn,0.5,0.7122316902168051,COMPLETE,2025-03-29 05:48:52.045698,2025-03-29 05:48:57.618014,5.572316
2127,adasyn,2,condensednn,0.5,0.7081169711960424,COMPLETE,2025-03-29 05:48:57.639524,2025-03-29 05:49:04.941098,7.301574
2128,adasyn,0.5,nearmiss,0.125,0.7072644830897258,COMPLETE,2025-03-29 05:49:04.963636,2025-03-29 05:49:11.285198,6.321562
2129,copulagan,0.5,onesidedselection,0,0.7372567783094098,COMPLETE,2025-03-29 05:49:11.307357,2025-03-29 05:49:17.940604,6.633247
2130,ctgan,auto,clustercentroid,0.5,0.7456,COMPLETE,2025-03-29 05:49:17.962176,2025-03-29 05:49:24.954538,6.992362
2131,fastml,1,instancehardness,0.125,0.7517137923591626,COMPLETE,2025-03-29 05:49:24.977103,2025-03-29 05:49:32.689142,7.712039
2132,gaussiancopula,auto,tomeklinks,auto,0.7169401709401708,COMPLETE,2025-03-29 05:49:32.704202,2025-03-29 05:49:39.048014,6.343812
2133,ctgan,0,editednn,0,-1.0,ERROR,,,0.0
2134,random,auto,nearmiss,auto,0.7556303470540761,COMPLETE,2025-03-29 05:49:46.799491,2025-03-29 05:49:52.891405,6.091914
2135,tvae,0.5,condensednn,0.0625,0.7168478701825559,COMPLETE,2025-03-29 05:49:52.913146,2025-03-29 05:49:58.880429,5.967283
2136,fastml,1,random,0.25,0.7371035662587182,COMPLETE,2025-03-29 05:49:58.902069,2025-03-29 05:50:06.011467,7.109398
2137,adasyn,0.5,editednn,auto,0.5887623549634723,COMPLETE,2025-03-29 05:50:06.023764,2025-03-29 05:50:11.396597,5.372833
2138,gaussiancopula,0.5,instancehardness,0.5,0.7275350520126639,COMPLETE,2025-03-29 05:50:11.418416,2025-03-29 05:50:18.555110,7.136694
2139,adasyn,1,editednn,0.0625,0.43810172980844064,COMPLETE,2025-03-29 05:50:18.578627,2025-03-29 05:50:24.491439,5.912812
2140,tvae,auto,random,0.125,0.697643810400368,COMPLETE,2025-03-29 05:50:24.513201,2025-03-29 05:50:31.237864,6.724663
2141,gaussiancopula,1,clustercentroid,0.5,0.7348329297820824,COMPLETE,2025-03-29 05:50:31.260016,2025-03-29 05:50:38.320001,7.059985
2142,random,1,clustercentroid,0.0625,0.7487251092763478,COMPLETE,2025-03-29 05:50:38.341878,2025-03-29 05:50:46.015551,7.673673
2143,copulagan,2,clustercentroid,0.25,0.7101716227102378,COMPLETE,2025-03-29 05:50:46.037658,2025-03-29 05:50:53.266603,7.228945
2144,gaussiancopula,0.25,editednn,0.5,0.57908617508026,COMPLETE,2025-03-29 05:50:53.279219,2025-03-29 05:50:58.467151,5.187932
2145,smote,0.25,tomeklinks,0.0625,0.7502419028024565,COMPLETE,2025-03-29 05:50:58.489240,2025-03-29 05:51:05.034023,6.544783
2146,random,1,editednn,0.25,0.6159590792838874,COMPLETE,2025-03-29 05:51:05.056291,2025-03-29 05:51:10.786545,5.730254
2147,gaussiancopula,0,tomeklinks,0.5,0.751313053523296,COMPLETE,2025-03-29 05:51:10.808454,2025-03-29 05:51:17.300345,6.491891
2148,tvae,0,random,0,-1.0,ERROR,,,0.0
2149,tvae,0.5,onesidedselection,0.25,0.726930596285435,COMPLETE,2025-03-29 05:51:25.061069,2025-03-29 05:51:31.895914,6.834845
2150,gaussiancopula,0,onesidedselection,0,-1.0,ERROR,,,0.0
2151,smote,1,instancehardness,0.0625,0.7446093189964158,COMPLETE,2025-03-29 05:51:39.592156,2025-03-29 05:51:46.937010,7.344854
2152,gaussiancopula,2,nearmiss,0.25,0.6932380952380953,COMPLETE,2025-03-29 05:51:46.959150,2025-03-29 05:51:53.173259,6.214109
2153,copulagan,1,onesidedselection,0.0625,0.7289839572192512,COMPLETE,2025-03-29 05:51:53.195830,2025-03-29 05:52:00.375842,7.180012
2154,copulagan,0,nearmiss,0.5,0.7710952380952381,COMPLETE,2025-03-29 05:52:00.398757,2025-03-29 05:52:06.509295,6.110538
2155,tvae,0.25,condensednn,0.25,0.6926388888888888,COMPLETE,2025-03-29 05:52:06.531142,2025-03-29 05:52:12.074246,5.543104
2156,gaussiancopula,1,nearmiss,auto,0.7574677953625323,COMPLETE,2025-03-29 05:52:12.096063,2025-03-29 05:52:18.295029,6.198966
2157,random,0.5,instancehardness,0,0.7587761049052938,COMPLETE,2025-03-29 05:52:18.317108,2025-03-29 05:52:26.019907,7.702799
2158,random,0,instancehardness,0,-1.0,ERROR,,,0.0
2159,copulagan,auto,onesidedselection,0.25,0.7289839572192512,COMPLETE,2025-03-29 05:52:33.636570,2025-03-29 05:52:40.854404,7.217834
2160,smote,0.25,clustercentroid,0.25,0.7305891413169041,COMPLETE,2025-03-29 05:52:40.876480,2025-03-29 05:52:48.190906,7.314426
2161,copulagan,1,clustercentroid,0.25,0.7101716227102378,COMPLETE,2025-03-29 05:52:48.213771,2025-03-29 05:52:55.419260,7.205489
2162,random,2,instancehardness,0.25,0.7459077380952381,COMPLETE,2025-03-29 05:52:55.441343,2025-03-29 05:53:02.305799,6.864456
2163,fastml,0.25,onesidedselection,0,0.7495218295218296,COMPLETE,2025-03-29 05:53:02.327744,2025-03-29 05:53:09.700044,7.3723
2164,gaussiancopula,auto,nearmiss,0.125,0.7263529074032726,COMPLETE,2025-03-29 05:53:09.712840,2025-03-29 05:53:15.999388,6.286548
2165,smote,2,tomeklinks,auto,0.7852601880877742,COMPLETE,2025-03-29 05:53:16.020995,2025-03-29 05:53:23.319962,7.298967
2166,copulagan,auto,nearmiss,0.0625,0.7142348955392435,COMPLETE,2025-03-29 05:53:23.342385,2025-03-29 05:53:30.122975,6.78059
2167,tvae,0.5,clustercentroid,auto,0.7153441237038911,COMPLETE,2025-03-29 05:53:30.145806,2025-03-29 05:53:37.045859,6.900053
2168,gaussiancopula,2,onesidedselection,0.5,0.7327827996958689,COMPLETE,2025-03-29 05:53:37.068071,2025-03-29 05:53:44.056950,6.988879
2169,smote,0,condensednn,0.0625,0.7122316902168051,COMPLETE,2025-03-29 05:53:44.069896,2025-03-29 05:53:49.627677,5.557781
2170,adasyn,0,editednn,0.5,0.5500576354306227,COMPLETE,2025-03-29 05:53:49.649340,2025-03-29 05:53:54.281058,4.631718
2171,ctgan,0.25,condensednn,0.0625,0.6700174644756689,COMPLETE,2025-03-29 05:53:54.303584,2025-03-29 05:53:59.874839,5.571255
2172,tvae,2,tomeklinks,0.125,0.7324837834650313,COMPLETE,2025-03-29 05:53:59.897091,2025-03-29 05:54:06.265788,6.368697
2173,fastml,0,editednn,0,-1.0,ERROR,,,0.0
2174,copulagan,1,nearmiss,0.0625,0.7142348955392435,COMPLETE,2025-03-29 05:54:13.879866,2025-03-29 05:54:20.596431,6.716565
2175,copulagan,0,editednn,auto,0.5500576354306227,COMPLETE,2025-03-29 05:54:20.618295,2025-03-29 05:54:25.150297,4.532002
2176,gaussiancopula,auto,random,auto,0.7182204807607644,COMPLETE,2025-03-29 05:54:25.173357,2025-03-29 05:54:31.260236,6.086879
2177,gaussiancopula,1,nearmiss,0,0.7343357192473801,COMPLETE,2025-03-29 05:54:31.282302,2025-03-29 05:54:38.102290,6.819988
2178,smote,0,instancehardness,0.125,0.7083334800857035,COMPLETE,2025-03-29 05:54:38.125528,2025-03-29 05:54:45.507181,7.381653
2179,copulagan,0.25,condensednn,0.125,0.6792121212121214,COMPLETE,2025-03-29 05:54:45.529576,2025-03-29 05:54:51.229768,5.700192
2180,gaussiancopula,2,clustercentroid,0.25,0.7179344944461223,COMPLETE,2025-03-29 05:54:51.252269,2025-03-29 05:54:58.031984,6.779715
2181,adasyn,0.25,nearmiss,auto,-1.0,COMPLETE,2025-03-29 05:54:58.054982,2025-03-29 05:54:58.158959,0.103977
2182,gaussiancopula,0.5,clustercentroid,0.0625,0.7389290475485113,COMPLETE,2025-03-29 05:54:58.181043,2025-03-29 05:55:06.497379,8.316336
2183,fastml,auto,tomeklinks,auto,0.6691497060153776,COMPLETE,2025-03-29 05:55:06.520101,2025-03-29 05:55:13.318257,6.798156
2184,tvae,0,condensednn,0.0625,0.7122316902168051,COMPLETE,2025-03-29 05:55:13.340110,2025-03-29 05:55:18.835497,5.495387
2185,fastml,2,nearmiss,auto,0.7118315575849822,COMPLETE,2025-03-29 05:55:18.856824,2025-03-29 05:55:24.900143,6.043319
2186,adasyn,auto,nearmiss,0,0.7502419028024565,COMPLETE,2025-03-29 05:55:24.922414,2025-03-29 05:55:32.741502,7.819088
2187,fastml,1,condensednn,auto,0.5992675635276532,COMPLETE,2025-03-29 05:55:32.755496,2025-03-29 05:55:39.869773,7.114277
2188,tvae,1,tomeklinks,0.5,0.7324837834650313,COMPLETE,2025-03-29 05:55:39.882795,2025-03-29 05:55:46.180026,6.297231
2189,copulagan,0.5,instancehardness,0.125,0.7763988095238095,COMPLETE,2025-03-29 05:55:46.202354,2025-03-29 05:55:54.188251,7.985897
2190,ctgan,auto,condensednn,0.5,0.6653125,COMPLETE,2025-03-29 05:55:54.210250,2025-03-29 05:56:01.521527,7.311277
2191,ctgan,0.5,clustercentroid,0.0625,0.782311222361285,COMPLETE,2025-03-29 05:56:01.544572,2025-03-29 05:56:09.620409,8.075837
2192,tvae,2,onesidedselection,0.125,0.7443607864455921,COMPLETE,2025-03-29 05:56:09.643413,2025-03-29 05:56:16.149255,6.505842
2193,copulagan,0,nearmiss,0.125,0.735,COMPLETE,2025-03-29 05:56:16.171125,2025-03-29 05:56:22.519145,6.34802
2194,ctgan,2,instancehardness,0.5,0.7286231180184555,COMPLETE,2025-03-29 05:56:22.540595,2025-03-29 05:56:30.154982,7.614387
2195,gaussiancopula,0.5,clustercentroid,0,0.7545830721003134,COMPLETE,2025-03-29 05:56:30.177317,2025-03-29 05:56:36.735793,6.558476
2196,gaussiancopula,0,tomeklinks,0,-1.0,ERROR,,,0.0
2197,ctgan,1,instancehardness,0,0.7648087774294672,COMPLETE,2025-03-29 05:56:44.380527,2025-03-29 05:56:52.185267,7.80474
2198,random,1,clustercentroid,auto,0.7257904411764707,COMPLETE,2025-03-29 05:56:52.197810,2025-03-29 05:56:59.403956,7.206146
2199,tvae,0.25,onesidedselection,0.25,0.7423917914848449,COMPLETE,2025-03-29 05:56:59.426297,2025-03-29 05:57:06.431815,7.005518
2200,random,0.25,random,auto,0.7042605176527437,COMPLETE,2025-03-29 05:57:06.453897,2025-03-29 05:57:12.652499,6.198602
2201,smote,2,editednn,0.5,0.45127585947491156,COMPLETE,2025-03-29 05:57:12.675588,2025-03-29 05:57:17.933397,5.257809
2202,ctgan,1,editednn,0.5,0.5799551569506726,COMPLETE,2025-03-29 05:57:17.955745,2025-03-29 05:57:23.460399,5.504654
2203,ctgan,0,editednn,0.25,0.5500576354306227,COMPLETE,2025-03-29 05:57:23.481880,2025-03-29 05:57:28.056131,4.574251
2204,fastml,1,onesidedselection,0.0625,0.6735273418655467,COMPLETE,2025-03-29 05:57:28.078357,2025-03-29 05:57:35.543477,7.46512
2205,adasyn,auto,condensednn,auto,0.7081169711960424,COMPLETE,2025-03-29 05:57:35.565812,2025-03-29 05:57:42.926898,7.361086
2206,fastml,auto,onesidedselection,0.5,0.6735273418655467,COMPLETE,2025-03-29 05:57:42.949143,2025-03-29 05:57:50.431348,7.482205
2207,copulagan,0.5,nearmiss,0.25,0.7154166666666667,COMPLETE,2025-03-29 05:57:50.453492,2025-03-29 05:57:57.005880,6.552388
2208,ctgan,1,nearmiss,0.5,0.6925999999999999,COMPLETE,2025-03-29 05:57:57.027911,2025-03-29 05:58:03.638287,6.610376
2209,random,auto,condensednn,0.5,0.7081169711960424,COMPLETE,2025-03-29 05:58:03.660792,2025-03-29 05:58:10.086755,6.425963
2210,gaussiancopula,0,instancehardness,auto,0.7506968162704882,COMPLETE,2025-03-29 05:58:10.109005,2025-03-29 05:58:16.590507,6.481502
2211,smote,0,random,0.125,0.7541465062846331,COMPLETE,2025-03-29 05:58:16.612495,2025-03-29 05:58:22.713765,6.10127
2212,fastml,0,clustercentroid,0.25,0.7292000000000002,COMPLETE,2025-03-29 05:58:22.736193,2025-03-29 05:58:29.848489,7.112296
2213,copulagan,1,instancehardness,0.0625,0.7747739531234678,COMPLETE,2025-03-29 05:58:29.870815,2025-03-29 05:58:37.559541,7.688726
2214,gaussiancopula,0.5,instancehardness,auto,0.7275350520126639,COMPLETE,2025-03-29 05:58:37.573282,2025-03-29 05:58:44.596898,7.023616
2215,adasyn,auto,onesidedselection,auto,0.7125091517920485,COMPLETE,2025-03-29 05:58:44.619366,2025-03-29 05:58:52.121903,7.502537
2216,ctgan,2,clustercentroid,0,0.7648087774294672,COMPLETE,2025-03-29 05:58:52.144488,2025-03-29 05:58:59.905569,7.761081
2217,fastml,0.5,instancehardness,0,0.7473622868359711,COMPLETE,2025-03-29 05:58:59.918511,2025-03-29 05:59:06.843550,6.925039
2218,fastml,0,condensednn,auto,0.7122316902168051,COMPLETE,2025-03-29 05:59:06.865360,2025-03-29 05:59:12.523094,5.657734
2219,adasyn,1,tomeklinks,0,0.7502419028024565,COMPLETE,2025-03-29 05:59:12.544803,2025-03-29 05:59:20.317072,7.772269
2220,random,0,onesidedselection,0.125,0.7228604118993135,COMPLETE,2025-03-29 05:59:20.339104,2025-03-29 05:59:26.614294,6.27519
2221,tvae,auto,onesidedselection,0,0.7675733038890934,COMPLETE,2025-03-29 05:59:26.637597,2025-03-29 05:59:33.963186,7.325589
2222,fastml,0.25,random,auto,0.7415796614350466,COMPLETE,2025-03-29 05:59:33.978430,2025-03-29 05:59:40.434300,6.45587
2223,smote,0.5,editednn,auto,0.6081147147298971,COMPLETE,2025-03-29 05:59:40.456522,2025-03-29 05:59:46.308309,5.851787
2224,gaussiancopula,auto,nearmiss,0,0.7343357192473801,COMPLETE,2025-03-29 05:59:46.329968,2025-03-29 05:59:52.975462,6.645494
2225,adasyn,0.25,onesidedselection,auto,-1.0,COMPLETE,2025-03-29 05:59:52.996800,2025-03-29 05:59:53.099008,0.102208
2226,random,auto,editednn,0.0625,0.6159590792838874,COMPLETE,2025-03-29 05:59:53.120155,2025-03-29 05:59:58.838869,5.718714
2227,adasyn,2,condensednn,0.125,0.7081169711960424,COMPLETE,2025-03-29 05:59:58.861688,2025-03-29 06:00:06.229157,7.367469
2228,smote,auto,clustercentroid,0.5,0.7735361842105263,COMPLETE,2025-03-29 06:00:06.259090,2025-03-29 06:00:13.114392,6.855302
2229,copulagan,1,onesidedselection,0.5,0.7289839572192512,COMPLETE,2025-03-29 06:00:13.137114,2025-03-29 06:00:20.424019,7.286905
2230,random,1,editednn,0,0.7706303189002152,COMPLETE,2025-03-29 06:00:20.446606,2025-03-29 06:00:29.111861,8.665255
2231,adasyn,auto,clustercentroid,0,0.7502419028024565,COMPLETE,2025-03-29 06:00:29.134766,2025-03-29 06:00:36.783380,7.648614
2232,smote,0.5,condensednn,0.25,0.6797255642053943,COMPLETE,2025-03-29 06:00:36.805809,2025-03-29 06:00:42.852170,6.046361
2233,smote,0,onesidedselection,0,-1.0,ERROR,,,0.0
2234,adasyn,0,onesidedselection,0.5,0.7228604118993135,COMPLETE,2025-03-29 06:00:50.611877,2025-03-29 06:00:56.866418,6.254541
2235,fastml,0,nearmiss,0.0625,0.7648357886200838,COMPLETE,2025-03-29 06:00:56.889057,2025-03-29 06:01:02.844148,5.955091
2236,adasyn,1,nearmiss,0.5,0.7142348955392435,COMPLETE,2025-03-29 06:01:02.866416,2025-03-29 06:01:08.978559,6.112143
2237,tvae,2,instancehardness,0,0.7675733038890934,COMPLETE,2025-03-29 06:01:09.000672,2025-03-29 06:01:16.427966,7.427294
2238,random,0.5,clustercentroid,0.5,0.6984701311316174,COMPLETE,2025-03-29 06:01:16.450339,2025-03-29 06:01:23.529523,7.079184
2239,copulagan,2,condensednn,0.125,0.5889968730456535,COMPLETE,2025-03-29 06:01:23.547267,2025-03-29 06:01:30.535329,6.988062
2240,gaussiancopula,1,editednn,0.0625,0.3464418675617943,COMPLETE,2025-03-29 06:01:30.550893,2025-03-29 06:01:35.629235,5.078342
2241,adasyn,0,tomeklinks,0.0625,0.751313053523296,COMPLETE,2025-03-29 06:01:35.643786,2025-03-29 06:01:41.885067,6.241281
2242,random,0,condensednn,0.125,0.7122316902168051,COMPLETE,2025-03-29 06:01:41.900378,2025-03-29 06:01:47.365838,5.46546
2243,smote,0.5,nearmiss,0.25,0.7304002192982456,COMPLETE,2025-03-29 06:01:47.381610,2025-03-29 06:01:53.598531,6.216921
2244,tvae,0.5,tomeklinks,0.5,0.7178993663104133,COMPLETE,2025-03-29 06:01:53.617460,2025-03-29 06:01:59.753228,6.135768
2245,smote,0.25,condensednn,0.0625,0.703421052631579,COMPLETE,2025-03-29 06:01:59.775400,2025-03-29 06:02:05.689948,5.914548
2246,random,2,tomeklinks,0.25,0.7676581289273069,COMPLETE,2025-03-29 06:02:05.712776,2025-03-29 06:02:12.612695,6.899919
2247,gaussiancopula,1,nearmiss,0.0625,0.7061201501877347,COMPLETE,2025-03-29 06:02:12.625925,2025-03-29 06:02:19.214424,6.588499
2248,gaussiancopula,1,tomeklinks,0.0625,0.7169401709401708,COMPLETE,2025-03-29 06:02:19.236589,2025-03-29 06:02:25.725941,6.489352
2249,smote,1,editednn,0.0625,0.45127585947491156,COMPLETE,2025-03-29 06:02:25.738461,2025-03-29 06:02:31.024000,5.285539
2250,ctgan,0,instancehardness,auto,0.7506968162704882,COMPLETE,2025-03-29 06:02:31.045691,2025-03-29 06:02:37.700105,6.654414
2251,fastml,2,tomeklinks,0,0.7052529761904762,COMPLETE,2025-03-29 06:02:37.722427,2025-03-29 06:02:45.829271,8.106844
2252,fastml,0,clustercentroid,auto,0.75,COMPLETE,2025-03-29 06:02:45.851416,2025-03-29 06:02:52.996027,7.144611
2253,copulagan,2,instancehardness,0.0625,0.7747739531234678,COMPLETE,2025-03-29 06:02:53.018321,2025-03-29 06:03:00.525528,7.507207
2254,adasyn,1,random,0.0625,0.7404043529286248,COMPLETE,2025-03-29 06:03:00.538535,2025-03-29 06:03:07.602086,7.063551
2255,random,0.5,condensednn,0,0.7587761049052938,COMPLETE,2025-03-29 06:03:07.624794,2025-03-29 06:03:15.200146,7.575352
2256,copulagan,0,onesidedselection,0.5,0.7228604118993135,COMPLETE,2025-03-29 06:03:15.223122,2025-03-29 06:03:21.584744,6.361622
2257,gaussiancopula,auto,editednn,auto,0.3464418675617943,COMPLETE,2025-03-29 06:03:21.607278,2025-03-29 06:03:26.644405,5.037127
2258,ctgan,auto,clustercentroid,auto,0.7456,COMPLETE,2025-03-29 06:03:26.667697,2025-03-29 06:03:33.685302,7.017605
2259,adasyn,auto,nearmiss,0.0625,0.6692392746572314,COMPLETE,2025-03-29 06:03:33.708844,2025-03-29 06:03:40.563541,6.854697
2260,copulagan,2,editednn,0.125,0.46681309604265225,COMPLETE,2025-03-29 06:03:40.586070,2025-03-29 06:03:46.151095,5.565025
2261,random,0,tomeklinks,0.125,0.751313053523296,COMPLETE,2025-03-29 06:03:46.164009,2025-03-29 06:03:52.498194,6.334185
2262,copulagan,0.5,nearmiss,0.125,0.7328714327743454,COMPLETE,2025-03-29 06:03:52.520085,2025-03-29 06:03:59.022869,6.502784
2263,random,1,instancehardness,0,0.7706303189002152,COMPLETE,2025-03-29 06:03:59.045254,2025-03-29 06:04:07.849461,8.804207
2264,smote,auto,onesidedselection,0.5,0.7662351190476191,COMPLETE,2025-03-29 06:04:07.871565,2025-03-29 06:04:15.374892,7.503327
2265,gaussiancopula,1,nearmiss,0.25,0.6932380952380953,COMPLETE,2025-03-29 06:04:15.397240,2025-03-29 06:04:21.796592,6.399352
2266,ctgan,2,nearmiss,0.5,0.6925999999999999,COMPLETE,2025-03-29 06:04:21.819570,2025-03-29 06:04:28.446689,6.627119
2267,smote,0,clustercentroid,0.5,0.7530938215102975,COMPLETE,2025-03-29 06:04:28.469043,2025-03-29 06:04:35.589129,7.120086
2268,copulagan,0,tomeklinks,0.5,0.751313053523296,COMPLETE,2025-03-29 06:04:35.612032,2025-03-29 06:04:41.989279,6.377247
2269,smote,auto,nearmiss,0.0625,0.6975476162309239,COMPLETE,2025-03-29 06:04:42.011317,2025-03-29 06:04:49.422538,7.411221
2270,fastml,1,tomeklinks,0,0.7052529761904762,COMPLETE,2025-03-29 06:04:49.444837,2025-03-29 06:04:57.631608,8.186771
2271,fastml,0.5,tomeklinks,0.0625,0.6941304347826087,COMPLETE,2025-03-29 06:04:57.653792,2025-03-29 06:05:05.649076,7.995284
2272,tvae,0.25,tomeklinks,auto,0.7541465062846331,COMPLETE,2025-03-29 06:05:05.671362,2025-03-29 06:05:11.922613,6.251251
2273,smote,auto,onesidedselection,0.25,0.7662351190476191,COMPLETE,2025-03-29 06:05:11.944140,2025-03-29 06:05:19.439380,7.49524
2274,fastml,1,random,0.125,0.7154976013065224,COMPLETE,2025-03-29 06:05:19.461523,2025-03-29 06:05:25.859385,6.397862
2275,ctgan,1,random,0.25,0.7244342211460855,COMPLETE,2025-03-29 06:05:25.881570,2025-03-29 06:05:33.046360,7.16479
2276,ctgan,0.25,onesidedselection,auto,0.7543858536438043,COMPLETE,2025-03-29 06:05:33.068301,2025-03-29 06:05:39.806016,6.737715
2277,ctgan,auto,tomeklinks,0.125,0.7453768382352942,COMPLETE,2025-03-29 06:05:39.829775,2025-03-29 06:05:46.644203,6.814428
2278,copulagan,auto,random,0.125,0.6860147261849977,COMPLETE,2025-03-29 06:05:46.666116,2025-03-29 06:05:52.979481,6.313365
2279,adasyn,auto,tomeklinks,0.0625,0.7889290917921321,COMPLETE,2025-03-29 06:05:53.001732,2025-03-29 06:06:00.158959,7.157227
2280,fastml,1,editednn,0,0.7052529761904762,COMPLETE,2025-03-29 06:06:00.171845,2025-03-29 06:06:08.274809,8.102964
2281,adasyn,1,editednn,0.5,0.43810172980844064,COMPLETE,2025-03-29 06:06:08.296958,2025-03-29 06:06:14.282100,5.985142
2282,tvae,0,clustercentroid,0,-1.0,ERROR,,,0.0
2283,tvae,0.25,condensednn,0.5,0.6926388888888888,COMPLETE,2025-03-29 06:06:21.996397,2025-03-29 06:06:27.641670,5.645273
2284,ctgan,1,random,0.0625,0.6779856630824372,COMPLETE,2025-03-29 06:06:27.663586,2025-03-29 06:06:34.159795,6.496209
2285,adasyn,2,onesidedselection,0.0625,0.7125091517920485,COMPLETE,2025-03-29 06:06:34.184409,2025-03-29 06:06:41.557872,7.373463
2286,adasyn,2,tomeklinks,0.25,0.7889290917921321,COMPLETE,2025-03-29 06:06:41.580320,2025-03-29 06:06:48.732866,7.152546
2287,fastml,0.5,tomeklinks,0.5,0.6941304347826087,COMPLETE,2025-03-29 06:06:48.745481,2025-03-29 06:06:56.704510,7.959029
2288,tvae,0.25,condensednn,0.125,0.6926388888888888,COMPLETE,2025-03-29 06:06:56.726670,2025-03-29 06:07:02.487674,5.761004
2289,copulagan,0.5,instancehardness,0.0625,0.7616750096264923,COMPLETE,2025-03-29 06:07:02.510439,2025-03-29 06:07:09.786268,7.275829
2290,smote,0.5,clustercentroid,0.25,0.7662351190476191,COMPLETE,2025-03-29 06:07:09.801920,2025-03-29 06:07:17.264608,7.462688
2291,random,2,nearmiss,auto,0.7556303470540761,COMPLETE,2025-03-29 06:07:17.280890,2025-03-29 06:07:23.468590,6.1877
2292,ctgan,2,random,0.125,0.722078659278281,COMPLETE,2025-03-29 06:07:23.496232,2025-03-29 06:07:30.750068,7.253836
2293,random,auto,onesidedselection,0.5,0.7587761049052938,COMPLETE,2025-03-29 06:07:30.773372,2025-03-29 06:07:37.930988,7.157616
2294,smote,0,tomeklinks,0.5,0.751313053523296,COMPLETE,2025-03-29 06:07:37.948586,2025-03-29 06:07:44.320215,6.371629
2295,random,0.5,clustercentroid,0.0625,0.7384157760332924,COMPLETE,2025-03-29 06:07:44.342220,2025-03-29 06:07:52.642789,8.300569
2296,smote,2,tomeklinks,0.125,0.7852601880877742,COMPLETE,2025-03-29 06:07:52.665785,2025-03-29 06:08:00.095039,7.429254
2297,ctgan,1,onesidedselection,0,0.7648087774294672,COMPLETE,2025-03-29 06:08:00.117309,2025-03-29 06:08:07.915100,7.797791
2298,fastml,1,tomeklinks,auto,0.6691497060153776,COMPLETE,2025-03-29 06:08:07.927579,2025-03-29 06:08:14.864718,6.937139
2299,adasyn,auto,onesidedselection,0.125,0.7125091517920485,COMPLETE,2025-03-29 06:08:14.886946,2025-03-29 06:08:22.405928,7.518982
2300,smote,2,tomeklinks,0.25,0.7852601880877742,COMPLETE,2025-03-29 06:08:22.430033,2025-03-29 06:08:29.762371,7.332338
2301,gaussiancopula,1,onesidedselection,auto,0.7327827996958689,COMPLETE,2025-03-29 06:08:29.784091,2025-03-29 06:08:36.835193,7.051102
2302,ctgan,0.5,editednn,0.5,0.39360025141420496,COMPLETE,2025-03-29 06:08:36.849166,2025-03-29 06:08:42.989706,6.14054
2303,gaussiancopula,auto,editednn,0.5,0.3464418675617943,COMPLETE,2025-03-29 06:08:43.011469,2025-03-29 06:08:48.078942,5.067473
2304,tvae,1,nearmiss,0.0625,0.667051154933715,COMPLETE,2025-03-29 06:08:48.102280,2025-03-29 06:08:54.980282,6.878002
