trial_id,oversampling_method,oversampling_threshold,undersampling_method,undersampling_threshold,value,state,start_time,complete_time,total_time
1,fastml,auto,instancehardness,0.125,0.7653386691376887,COMPLETE,2025-03-29 15:54:51.909878,2025-03-29 15:55:05.637851,13.727973
2,gaussiancopula,2,random,0.25,0.8162475007892245,COMPLETE,2025-03-29 15:55:05.654901,2025-03-29 15:55:18.222637,12.567736
3,ctgan,1,onesidedselection,auto,0.8277893045653577,COMPLETE,2025-03-29 15:55:18.246870,2025-03-29 15:55:44.662706,26.415836
4,copulagan,0.5,tomeklinks,0,0.7694685439375929,COMPLETE,2025-03-29 15:55:44.688773,2025-03-29 15:56:11.054789,26.366016
5,copulagan,0.5,clustercentroid,0,0.7694685439375929,COMPLETE,2025-03-29 15:56:11.068028,2025-03-29 15:56:21.388495,10.320467
6,smote,0.5,clustercentroid,0.5,0.8176119647856219,COMPLETE,2025-03-29 15:56:21.402267,2025-03-29 15:56:32.510690,11.108423
7,adasyn,2,onesidedselection,0.0625,-1.0,COMPLETE,2025-03-29 15:56:32.526182,2025-03-29 15:56:32.575742,0.04956
8,adasyn,auto,random,0.125,-1.0,COMPLETE,2025-03-29 15:56:32.588618,2025-03-29 15:56:32.634126,0.045508
9,smote,0.25,condensednn,0.0625,0.7754168660676761,COMPLETE,2025-03-29 15:56:32.647140,2025-03-29 15:56:41.122394,8.475254
10,copulagan,1,instancehardness,0.0625,0.7109619862773654,COMPLETE,2025-03-29 15:56:41.137245,2025-03-29 15:56:53.839718,12.702473
11,gaussiancopula,0.5,nearmiss,0.0625,0.8177270480384667,COMPLETE,2025-03-29 15:56:53.853967,2025-03-29 15:57:05.265305,11.411338
12,ctgan,0,random,auto,0.7113235120907087,COMPLETE,2025-03-29 15:57:05.278825,2025-03-29 15:57:14.837313,9.558488
13,gaussiancopula,0,editednn,0.25,0.6570439510152107,COMPLETE,2025-03-29 15:57:14.850439,2025-03-29 15:57:21.367783,6.517344
14,gaussiancopula,0.5,condensednn,0.0625,0.718110189461217,COMPLETE,2025-03-29 15:57:21.391250,2025-03-29 15:57:29.624120,8.23287
15,smote,2,random,0.25,0.7725855759746558,COMPLETE,2025-03-29 15:57:29.637338,2025-03-29 15:57:40.555369,10.918031
16,smote,2,editednn,0.25,0.6971297649494581,COMPLETE,2025-03-29 15:57:40.567709,2025-03-29 15:57:47.208823,6.641114
17,tvae,1,clustercentroid,auto,0.7731140780966501,COMPLETE,2025-03-29 15:57:47.221858,2025-03-29 15:58:05.713874,18.492016
18,gaussiancopula,auto,instancehardness,auto,0.7779200348215397,COMPLETE,2025-03-29 15:58:05.726992,2025-03-29 15:58:16.508781,10.781789
19,gaussiancopula,auto,instancehardness,0.125,0.7779200348215397,COMPLETE,2025-03-29 15:58:16.521261,2025-03-29 15:58:26.962524,10.441263
20,tvae,0.5,onesidedselection,0.0625,0.8099656204534335,COMPLETE,2025-03-29 15:58:26.975704,2025-03-29 15:58:36.693825,9.718121
21,random,1,clustercentroid,0.25,0.8252368888666506,COMPLETE,2025-03-29 15:58:36.716750,2025-03-29 15:58:49.007091,12.290341
22,fastml,1,clustercentroid,0.25,0.8101183341922502,COMPLETE,2025-03-29 15:58:49.020787,2025-03-29 15:59:01.049242,12.028455
23,ctgan,auto,clustercentroid,0.5,0.817772055470615,COMPLETE,2025-03-29 15:59:01.063714,2025-03-29 15:59:14.315749,13.252035
24,tvae,auto,onesidedselection,0.5,0.8099656204534335,COMPLETE,2025-03-29 15:59:14.344783,2025-03-29 15:59:23.856323,9.51154
25,gaussiancopula,auto,onesidedselection,0.125,0.8402321388325446,COMPLETE,2025-03-29 15:59:23.871312,2025-03-29 15:59:32.855142,8.98383
26,tvae,0.25,instancehardness,auto,0.7854833841430398,COMPLETE,2025-03-29 15:59:32.868370,2025-03-29 15:59:45.019773,12.151403
27,ctgan,auto,clustercentroid,0.0625,0.817772055470615,COMPLETE,2025-03-29 15:59:45.043074,2025-03-29 15:59:58.172287,13.129213
28,random,0.5,tomeklinks,0.25,0.7885046901945817,COMPLETE,2025-03-29 15:59:58.196221,2025-03-29 16:00:07.522248,9.326027
29,copulagan,1,clustercentroid,auto,0.8031625042974624,COMPLETE,2025-03-29 16:00:07.536764,2025-03-29 16:00:18.633054,11.09629
30,smote,0,editednn,auto,0.6570439510152107,COMPLETE,2025-03-29 16:00:18.647429,2025-03-29 16:00:25.113471,6.466042
31,fastml,0,condensednn,0.25,0.6046872437128007,COMPLETE,2025-03-29 16:00:25.129110,2025-03-29 16:00:31.485102,6.355992
32,smote,1,tomeklinks,0,0.8031668039219165,COMPLETE,2025-03-29 16:00:31.501496,2025-03-29 16:00:41.207725,9.706229
33,smote,auto,nearmiss,0.25,0.7842776712680902,COMPLETE,2025-03-29 16:00:41.222911,2025-03-29 16:00:52.864612,11.641701
34,adasyn,0.5,clustercentroid,0.0625,-1.0,COMPLETE,2025-03-29 16:00:52.877196,2025-03-29 16:00:52.921917,0.044721
35,smote,2,clustercentroid,0.125,0.8176119647856219,COMPLETE,2025-03-29 16:00:52.934515,2025-03-29 16:01:03.170609,10.236094
36,gaussiancopula,1,condensednn,0.25,0.718110189461217,COMPLETE,2025-03-29 16:01:03.182710,2025-03-29 16:01:11.371927,8.189217
37,random,0,onesidedselection,auto,0.8145856661046565,COMPLETE,2025-03-29 16:01:11.384608,2025-03-29 16:01:19.608085,8.223477
38,gaussiancopula,auto,instancehardness,0.0625,0.7779200348215397,COMPLETE,2025-03-29 16:01:19.622235,2025-03-29 16:01:29.894453,10.272218
39,random,auto,onesidedselection,0.0625,0.7997081741787624,COMPLETE,2025-03-29 16:01:29.907133,2025-03-29 16:01:38.995317,9.088184
40,tvae,auto,editednn,0,0.7729649486430071,COMPLETE,2025-03-29 16:01:39.008826,2025-03-29 16:01:48.990660,9.981834
41,ctgan,auto,onesidedselection,0.5,0.8277893045653577,COMPLETE,2025-03-29 16:01:49.003606,2025-03-29 16:01:58.290422,9.286816
42,fastml,0,condensednn,0.125,0.6046872437128007,COMPLETE,2025-03-29 16:01:58.313173,2025-03-29 16:02:04.702793,6.38962
43,tvae,2,nearmiss,0.125,0.8535353923282728,COMPLETE,2025-03-29 16:02:04.714955,2025-03-29 16:02:15.562523,10.847568
44,tvae,0.5,condensednn,0.0625,0.7537101641234796,COMPLETE,2025-03-29 16:02:15.575443,2025-03-29 16:02:24.014022,8.438579
45,ctgan,0,instancehardness,0.25,0.816446228697218,COMPLETE,2025-03-29 16:02:24.026956,2025-03-29 16:02:34.991120,10.964164
46,adasyn,0,instancehardness,0.5,0.816446228697218,COMPLETE,2025-03-29 16:02:35.016307,2025-03-29 16:02:46.182511,11.166204
47,gaussiancopula,auto,condensednn,0.125,0.718110189461217,COMPLETE,2025-03-29 16:02:46.206250,2025-03-29 16:02:54.527569,8.321319
48,gaussiancopula,0.5,tomeklinks,0.125,0.7388116091110345,COMPLETE,2025-03-29 16:02:54.540125,2025-03-29 16:03:03.028548,8.488423
49,copulagan,2,random,0.0625,0.790953418553617,COMPLETE,2025-03-29 16:03:03.041816,2025-03-29 16:03:14.125615,11.083799
50,fastml,0,nearmiss,auto,0.8261824381926683,COMPLETE,2025-03-29 16:03:14.138678,2025-03-29 16:03:22.814821,8.676143
51,gaussiancopula,0,tomeklinks,0,-1.0,ERROR,,,0.0
52,fastml,0,onesidedselection,0.5,0.8145856661046565,COMPLETE,2025-03-29 16:03:33.096869,2025-03-29 16:03:41.291764,8.194895
53,copulagan,0.5,editednn,0.0625,0.7193117069444186,COMPLETE,2025-03-29 16:03:41.305560,2025-03-29 16:03:48.853539,7.547979
54,tvae,0,random,0.0625,0.7113235120907087,COMPLETE,2025-03-29 16:03:48.867430,2025-03-29 16:03:58.397092,9.529662
55,ctgan,2,nearmiss,0.5,0.7994233065016635,COMPLETE,2025-03-29 16:03:58.410076,2025-03-29 16:04:08.226624,9.816548
56,adasyn,0,tomeklinks,0.5,0.8106420236121931,COMPLETE,2025-03-29 16:04:08.241815,2025-03-29 16:04:16.040501,7.798686
57,random,0,condensednn,auto,0.6046872437128007,COMPLETE,2025-03-29 16:04:16.053169,2025-03-29 16:04:22.290313,6.237144
58,copulagan,auto,condensednn,0.5,0.7106211998941325,COMPLETE,2025-03-29 16:04:22.303293,2025-03-29 16:04:30.895078,8.591785
59,random,auto,condensednn,auto,0.764847388838482,COMPLETE,2025-03-29 16:04:30.907600,2025-03-29 16:04:38.720022,7.812422
60,copulagan,2,nearmiss,0.25,0.7577816279768611,COMPLETE,2025-03-29 16:04:38.743210,2025-03-29 16:04:49.197219,10.454009
61,copulagan,1,editednn,auto,0.7193117069444186,COMPLETE,2025-03-29 16:04:49.221029,2025-03-29 16:04:56.905461,7.684432
62,copulagan,0,nearmiss,0.5,0.8261824381926683,COMPLETE,2025-03-29 16:04:56.919097,2025-03-29 16:05:05.523857,8.60476
63,ctgan,0.5,onesidedselection,0,0.8302957919410648,COMPLETE,2025-03-29 16:05:05.537217,2025-03-29 16:05:15.466297,9.92908
64,tvae,0.25,nearmiss,auto,0.8535353923282728,COMPLETE,2025-03-29 16:05:15.480500,2025-03-29 16:05:26.335896,10.855396
65,fastml,0.5,editednn,0,0.7655436586619666,COMPLETE,2025-03-29 16:05:26.352107,2025-03-29 16:05:36.468524,10.116417
66,gaussiancopula,2,clustercentroid,0.0625,0.8130003938195579,COMPLETE,2025-03-29 16:05:36.482255,2025-03-29 16:05:48.790336,12.308081
67,gaussiancopula,1,random,0.5,0.8162475007892245,COMPLETE,2025-03-29 16:05:48.803557,2025-03-29 16:05:59.611805,10.808248
68,tvae,2,tomeklinks,auto,0.7290738343974288,COMPLETE,2025-03-29 16:05:59.624606,2025-03-29 16:06:09.017350,9.392744
69,random,auto,clustercentroid,0.0625,0.8252368888666506,COMPLETE,2025-03-29 16:06:09.039630,2025-03-29 16:06:20.896975,11.857345
70,ctgan,2,nearmiss,0.25,0.7994233065016635,COMPLETE,2025-03-29 16:06:20.911484,2025-03-29 16:06:30.847061,9.935577
71,random,1,onesidedselection,0,0.8501211295328943,COMPLETE,2025-03-29 16:06:30.864789,2025-03-29 16:06:40.629884,9.765095
72,gaussiancopula,2,onesidedselection,0,0.8061522907211869,COMPLETE,2025-03-29 16:06:40.643837,2025-03-29 16:06:50.628323,9.984486
73,gaussiancopula,0.25,nearmiss,0.0625,0.8177270480384667,COMPLETE,2025-03-29 16:06:50.641164,2025-03-29 16:07:01.945536,11.304372
74,random,1,random,0.25,0.786526759244812,COMPLETE,2025-03-29 16:07:01.957749,2025-03-29 16:07:12.071660,10.113911
75,fastml,1,onesidedselection,0.25,0.8129974458686009,COMPLETE,2025-03-29 16:07:12.083591,2025-03-29 16:07:20.764951,8.68136
76,smote,0.25,clustercentroid,0,0.8031668039219165,COMPLETE,2025-03-29 16:07:20.788329,2025-03-29 16:07:30.691949,9.90362
77,random,0.5,onesidedselection,auto,0.7997081741787624,COMPLETE,2025-03-29 16:07:30.716332,2025-03-29 16:07:40.286608,9.570276
78,gaussiancopula,0,clustercentroid,0.5,0.7713935923059568,COMPLETE,2025-03-29 16:07:40.299889,2025-03-29 16:07:49.569948,9.270059
79,fastml,0,clustercentroid,0,-1.0,ERROR,,,0.0
80,tvae,0.5,tomeklinks,0.5,0.7290738343974288,COMPLETE,2025-03-29 16:07:59.792477,2025-03-29 16:08:09.062081,9.269604
81,copulagan,0.5,condensednn,0.125,0.7106211998941325,COMPLETE,2025-03-29 16:08:09.084214,2025-03-29 16:08:17.540082,8.455868
82,tvae,0.5,nearmiss,0.125,0.8535353923282728,COMPLETE,2025-03-29 16:08:17.552251,2025-03-29 16:08:27.936526,10.384275
83,fastml,auto,condensednn,0,0.7655436586619666,COMPLETE,2025-03-29 16:08:27.949880,2025-03-29 16:08:37.712726,9.762846
84,ctgan,0.5,random,0.0625,0.7598153069181577,COMPLETE,2025-03-29 16:08:37.725507,2025-03-29 16:08:48.812509,11.087002
85,fastml,0.25,clustercentroid,0,0.7655436586619666,COMPLETE,2025-03-29 16:08:48.830252,2025-03-29 16:08:58.820800,9.990548
86,adasyn,0.5,random,0.5,-1.0,COMPLETE,2025-03-29 16:08:58.833731,2025-03-29 16:08:58.878741,0.04501
87,smote,0.5,editednn,0,0.8031668039219165,COMPLETE,2025-03-29 16:08:58.894838,2025-03-29 16:09:08.595871,9.701033
88,random,0.5,condensednn,0.25,0.764847388838482,COMPLETE,2025-03-29 16:09:08.618297,2025-03-29 16:09:16.225101,7.606804
89,adasyn,2,editednn,0.25,-1.0,COMPLETE,2025-03-29 16:09:16.246709,2025-03-29 16:09:16.288895,0.042186
90,adasyn,0.25,condensednn,0.5,-1.0,COMPLETE,2025-03-29 16:09:16.300029,2025-03-29 16:09:16.343670,0.043641
91,fastml,auto,clustercentroid,0.125,0.8051711830799735,COMPLETE,2025-03-29 16:09:16.354770,2025-03-29 16:09:28.295982,11.941212
92,copulagan,auto,clustercentroid,0.25,0.8031625042974624,COMPLETE,2025-03-29 16:09:28.308501,2025-03-29 16:09:39.763606,11.455105
93,fastml,2,random,0.125,0.7832957688664595,COMPLETE,2025-03-29 16:09:39.776370,2025-03-29 16:09:50.183819,10.407449
94,gaussiancopula,0,editednn,0.0625,0.6570439510152107,COMPLETE,2025-03-29 16:09:50.195533,2025-03-29 16:09:56.506724,6.311191
95,copulagan,2,onesidedselection,auto,0.8118367096054723,COMPLETE,2025-03-29 16:09:56.529570,2025-03-29 16:10:06.243816,9.714246
96,random,0.25,random,auto,0.786526759244812,COMPLETE,2025-03-29 16:10:06.260945,2025-03-29 16:10:15.894438,9.633493
97,gaussiancopula,0,random,0.25,0.7113235120907087,COMPLETE,2025-03-29 16:10:15.909299,2025-03-29 16:10:25.177873,9.268574
98,adasyn,0.5,editednn,auto,-1.0,COMPLETE,2025-03-29 16:10:25.193693,2025-03-29 16:10:25.262071,0.068378
99,copulagan,2,tomeklinks,0,0.7694685439375929,COMPLETE,2025-03-29 16:10:25.276650,2025-03-29 16:10:35.090843,9.814193
100,gaussiancopula,0.5,random,0.25,0.8162475007892245,COMPLETE,2025-03-29 16:10:35.103694,2025-03-29 16:10:46.197469,11.093775
101,random,0.5,nearmiss,0,0.8501211295328943,COMPLETE,2025-03-29 16:10:46.218700,2025-03-29 16:10:55.691116,9.472416
102,ctgan,0.5,nearmiss,0,0.8302957919410648,COMPLETE,2025-03-29 16:10:55.703414,2025-03-29 16:11:05.685477,9.982063
103,tvae,1,tomeklinks,0.25,0.7290738343974288,COMPLETE,2025-03-29 16:11:05.697934,2025-03-29 16:11:14.870492,9.172558
104,random,auto,random,0.5,0.786526759244812,COMPLETE,2025-03-29 16:11:14.892824,2025-03-29 16:11:24.715071,9.822247
105,fastml,2,condensednn,0.0625,0.7354233403685049,COMPLETE,2025-03-29 16:11:24.729017,2025-03-29 16:11:32.225308,7.496291
106,fastml,0.25,editednn,0.0625,0.6027242045716767,COMPLETE,2025-03-29 16:11:32.238966,2025-03-29 16:11:40.069269,7.830303
107,fastml,0.25,clustercentroid,0.0625,0.8051711830799735,COMPLETE,2025-03-29 16:11:40.091056,2025-03-29 16:11:52.558619,12.467563
108,gaussiancopula,auto,instancehardness,0,0.8061522907211869,COMPLETE,2025-03-29 16:11:52.570632,2025-03-29 16:12:02.480577,9.909945
109,adasyn,0,condensednn,auto,0.6046872437128007,COMPLETE,2025-03-29 16:12:02.493329,2025-03-29 16:12:08.436255,5.942926
110,gaussiancopula,1,random,0.125,0.8162475007892245,COMPLETE,2025-03-29 16:12:08.448091,2025-03-29 16:12:19.016006,10.567915
111,adasyn,0.25,onesidedselection,0.25,-1.0,COMPLETE,2025-03-29 16:12:19.037227,2025-03-29 16:12:19.082016,0.044789
112,adasyn,0.25,condensednn,0,-1.0,COMPLETE,2025-03-29 16:12:19.093275,2025-03-29 16:12:19.137078,0.043803
113,copulagan,2,random,0.5,0.790953418553617,COMPLETE,2025-03-29 16:12:19.148896,2025-03-29 16:12:29.998013,10.849117
114,ctgan,0.5,nearmiss,0.0625,0.7994233065016635,COMPLETE,2025-03-29 16:12:30.011025,2025-03-29 16:12:39.749781,9.738756
115,tvae,1,condensednn,0.125,0.7537101641234796,COMPLETE,2025-03-29 16:12:39.761994,2025-03-29 16:12:47.955904,8.19391
116,tvae,0.5,nearmiss,0.25,0.8535353923282728,COMPLETE,2025-03-29 16:12:47.968263,2025-03-29 16:12:58.781058,10.812795
117,fastml,0,onesidedselection,0,-1.0,ERROR,,,0.0
118,fastml,0,nearmiss,0,-1.0,ERROR,,,0.0
119,adasyn,1,condensednn,0.125,-1.0,COMPLETE,2025-03-29 16:13:19.490349,2025-03-29 16:13:19.541646,0.051297
120,smote,0.5,nearmiss,0.0625,0.7842776712680902,COMPLETE,2025-03-29 16:13:19.553919,2025-03-29 16:13:30.816289,11.26237
121,fastml,2,instancehardness,auto,0.7653386691376887,COMPLETE,2025-03-29 16:13:30.829821,2025-03-29 16:13:41.690927,10.861106
122,copulagan,1,random,0,0.7694685439375929,COMPLETE,2025-03-29 16:13:41.704450,2025-03-29 16:13:51.293136,9.588686
123,random,auto,random,0.125,0.786526759244812,COMPLETE,2025-03-29 16:13:51.305435,2025-03-29 16:14:01.072451,9.767016
124,adasyn,auto,nearmiss,auto,-1.0,COMPLETE,2025-03-29 16:14:01.085458,2025-03-29 16:14:01.133176,0.047718
125,adasyn,0.5,tomeklinks,0,-1.0,COMPLETE,2025-03-29 16:14:01.146381,2025-03-29 16:14:01.191864,0.045483
126,tvae,0.5,onesidedselection,0.5,0.8099656204534335,COMPLETE,2025-03-29 16:14:01.204057,2025-03-29 16:14:10.880812,9.676755
127,ctgan,2,onesidedselection,0.0625,0.8277893045653577,COMPLETE,2025-03-29 16:14:10.915573,2025-03-29 16:14:19.833096,8.917523
128,fastml,1,clustercentroid,0.5,0.8101183341922502,COMPLETE,2025-03-29 16:14:19.858749,2025-03-29 16:14:31.469066,11.610317
129,ctgan,0.25,clustercentroid,0.0625,0.817772055470615,COMPLETE,2025-03-29 16:14:31.481682,2025-03-29 16:14:44.152871,12.671189
130,copulagan,0,editednn,0.25,0.6570439510152107,COMPLETE,2025-03-29 16:14:44.179281,2025-03-29 16:14:50.368552,6.189271
131,smote,0,condensednn,0.125,0.6046872437128007,COMPLETE,2025-03-29 16:14:50.390741,2025-03-29 16:14:56.248728,5.857987
132,adasyn,0,onesidedselection,0.125,0.8145856661046565,COMPLETE,2025-03-29 16:14:56.268381,2025-03-29 16:15:04.128726,7.860345
133,copulagan,2,random,0,0.7694685439375929,COMPLETE,2025-03-29 16:15:04.142829,2025-03-29 16:15:13.393253,9.250424
134,copulagan,2,clustercentroid,0.5,0.8031625042974624,COMPLETE,2025-03-29 16:15:13.408769,2025-03-29 16:15:23.781747,10.372978
135,adasyn,2,condensednn,0.125,-1.0,COMPLETE,2025-03-29 16:15:23.796990,2025-03-29 16:15:23.859536,0.062546
136,tvae,0.5,clustercentroid,0.0625,0.7573177473098316,COMPLETE,2025-03-29 16:15:23.871648,2025-03-29 16:15:33.803997,9.932349
137,gaussiancopula,0.25,editednn,0.125,0.7508349577159428,COMPLETE,2025-03-29 16:15:33.818763,2025-03-29 16:15:40.726532,6.907769
138,smote,0.5,condensednn,0.0625,0.7754168660676761,COMPLETE,2025-03-29 16:15:40.738667,2025-03-29 16:15:48.384221,7.645554
139,tvae,0,onesidedselection,0.125,0.8145856661046565,COMPLETE,2025-03-29 16:15:48.398097,2025-03-29 16:15:56.664103,8.266006
140,adasyn,0.5,clustercentroid,auto,-1.0,COMPLETE,2025-03-29 16:15:56.677739,2025-03-29 16:15:56.733033,0.055294
141,random,0.5,tomeklinks,auto,0.7885046901945817,COMPLETE,2025-03-29 16:15:56.745983,2025-03-29 16:16:05.573810,8.827827
142,copulagan,auto,condensednn,0.25,0.7106211998941325,COMPLETE,2025-03-29 16:16:05.587614,2025-03-29 16:16:13.815099,8.227485
143,random,auto,instancehardness,0.25,0.7895467277820218,COMPLETE,2025-03-29 16:16:13.827589,2025-03-29 16:16:24.503764,10.676175
144,smote,0.5,tomeklinks,0,0.8031668039219165,COMPLETE,2025-03-29 16:16:24.525384,2025-03-29 16:16:33.749610,9.224226
145,ctgan,1,instancehardness,0,0.8302957919410648,COMPLETE,2025-03-29 16:16:33.771531,2025-03-29 16:16:43.604639,9.833108
146,copulagan,0.5,clustercentroid,0.0625,0.8031625042974624,COMPLETE,2025-03-29 16:16:43.617921,2025-03-29 16:16:54.159406,10.541485
147,ctgan,auto,editednn,auto,0.7014190188143578,COMPLETE,2025-03-29 16:16:54.172921,2025-03-29 16:17:00.727987,6.555066
148,fastml,auto,random,0.5,0.7832957688664595,COMPLETE,2025-03-29 16:17:00.741141,2025-03-29 16:17:10.523105,9.781964
149,copulagan,2,editednn,auto,0.7193117069444186,COMPLETE,2025-03-29 16:17:10.535709,2025-03-29 16:17:17.738432,7.202723
150,smote,0.5,condensednn,0.125,0.7754168660676761,COMPLETE,2025-03-29 16:17:17.750968,2025-03-29 16:17:25.510665,7.759697
151,ctgan,1,clustercentroid,0,0.8302957919410648,COMPLETE,2025-03-29 16:17:25.522640,2025-03-29 16:17:35.216663,9.694023
152,fastml,auto,nearmiss,auto,0.8292455911829185,COMPLETE,2025-03-29 16:17:35.229908,2025-03-29 16:17:45.661930,10.432022
153,tvae,auto,nearmiss,0.0625,0.8535353923282728,COMPLETE,2025-03-29 16:17:45.673666,2025-03-29 16:17:56.068177,10.394511
154,adasyn,0.25,clustercentroid,0.5,-1.0,COMPLETE,2025-03-29 16:17:56.080444,2025-03-29 16:17:56.128220,0.047776
155,fastml,2,clustercentroid,0.25,0.8051711830799735,COMPLETE,2025-03-29 16:17:56.140258,2025-03-29 16:18:08.136872,11.996614
156,random,0.25,tomeklinks,0.0625,0.7885046901945817,COMPLETE,2025-03-29 16:18:08.149558,2025-03-29 16:18:16.996312,8.846754
157,random,0.5,instancehardness,auto,0.7895467277820218,COMPLETE,2025-03-29 16:18:17.010025,2025-03-29 16:18:27.825336,10.815311
158,random,1,clustercentroid,0.125,0.8252368888666506,COMPLETE,2025-03-29 16:18:27.846698,2025-03-29 16:18:39.223927,11.377229
159,smote,2,condensednn,0.25,0.7754168660676761,COMPLETE,2025-03-29 16:18:39.235747,2025-03-29 16:18:46.816251,7.580504
160,gaussiancopula,0.25,tomeklinks,0.0625,0.7388116091110345,COMPLETE,2025-03-29 16:18:46.828075,2025-03-29 16:18:54.790125,7.96205
161,random,0,editednn,0.0625,0.6570439510152107,COMPLETE,2025-03-29 16:18:54.803752,2025-03-29 16:19:00.988876,6.185124
162,adasyn,2,editednn,0.0625,-1.0,COMPLETE,2025-03-29 16:19:01.010236,2025-03-29 16:19:01.057351,0.047115
163,tvae,2,random,0.0625,0.8029873404004259,COMPLETE,2025-03-29 16:19:01.068999,2025-03-29 16:19:13.012127,11.943128
164,fastml,0.25,clustercentroid,0.5,0.7917240159221584,COMPLETE,2025-03-29 16:19:13.025033,2025-03-29 16:19:23.183971,10.158938
165,tvae,1,condensednn,auto,0.7537101641234796,COMPLETE,2025-03-29 16:19:23.195808,2025-03-29 16:19:31.107518,7.91171
166,copulagan,1,onesidedselection,auto,0.8118367096054723,COMPLETE,2025-03-29 16:19:31.120170,2025-03-29 16:19:40.671214,9.551044
167,ctgan,0.25,tomeklinks,0.0625,0.7417472653791874,COMPLETE,2025-03-29 16:19:40.684867,2025-03-29 16:19:48.719344,8.034477
168,smote,0.25,condensednn,auto,0.7754168660676761,COMPLETE,2025-03-29 16:19:48.734466,2025-03-29 16:19:56.275530,7.541064
169,copulagan,0,nearmiss,0.125,0.8261824381926683,COMPLETE,2025-03-29 16:19:56.288707,2025-03-29 16:20:04.430964,8.142257
170,fastml,2,condensednn,0.25,0.7354233403685049,COMPLETE,2025-03-29 16:20:04.444078,2025-03-29 16:20:11.578740,7.134662
171,random,1,condensednn,0,0.8501211295328943,COMPLETE,2025-03-29 16:20:11.590861,2025-03-29 16:20:20.767771,9.17691
172,smote,1,instancehardness,0.0625,0.7420406460456523,COMPLETE,2025-03-29 16:20:20.781216,2025-03-29 16:20:30.733093,9.951877
173,tvae,0,clustercentroid,0.0625,0.7713935923059568,COMPLETE,2025-03-29 16:20:30.745864,2025-03-29 16:20:39.633059,8.887195
174,random,auto,nearmiss,0.5,0.8311536381867213,COMPLETE,2025-03-29 16:20:39.645961,2025-03-29 16:20:49.627546,9.981585
175,gaussiancopula,0.5,onesidedselection,0.0625,0.8402321388325446,COMPLETE,2025-03-29 16:20:49.654165,2025-03-29 16:20:58.203432,8.549267
176,copulagan,0.25,instancehardness,0,0.7694685439375929,COMPLETE,2025-03-29 16:20:58.216394,2025-03-29 16:21:07.858965,9.642571
177,ctgan,2,clustercentroid,0,0.8302957919410648,COMPLETE,2025-03-29 16:21:07.871571,2025-03-29 16:21:17.707012,9.835441
178,gaussiancopula,0.5,clustercentroid,0,0.8061522907211869,COMPLETE,2025-03-29 16:21:17.720307,2025-03-29 16:21:27.450691,9.730384
179,copulagan,auto,instancehardness,auto,0.7109619862773654,COMPLETE,2025-03-29 16:21:27.463601,2025-03-29 16:21:38.984808,11.521207
180,random,1,tomeklinks,auto,0.7885046901945817,COMPLETE,2025-03-29 16:21:39.007232,2025-03-29 16:21:47.725956,8.718724
181,gaussiancopula,1,nearmiss,auto,0.8177270480384667,COMPLETE,2025-03-29 16:21:47.740596,2025-03-29 16:21:58.552620,10.812024
182,random,2,tomeklinks,auto,0.7885046901945817,COMPLETE,2025-03-29 16:21:58.578688,2025-03-29 16:22:07.473588,8.8949
183,random,auto,tomeklinks,0,0.8501211295328943,COMPLETE,2025-03-29 16:22:07.486516,2025-03-29 16:22:16.767056,9.28054
184,fastml,0.5,editednn,0.25,0.6027242045716767,COMPLETE,2025-03-29 16:22:16.779262,2025-03-29 16:22:23.963215,7.183953
185,tvae,1,editednn,0.25,0.6930653400462047,COMPLETE,2025-03-29 16:22:23.984860,2025-03-29 16:22:30.947581,6.962721
186,copulagan,2,instancehardness,0.0625,0.7109619862773654,COMPLETE,2025-03-29 16:22:30.959965,2025-03-29 16:22:42.688790,11.728825
187,smote,1,editednn,0.5,0.6971297649494581,COMPLETE,2025-03-29 16:22:42.700478,2025-03-29 16:22:48.792268,6.09179
188,fastml,0.25,clustercentroid,0.25,0.8051711830799735,COMPLETE,2025-03-29 16:22:48.804003,2025-03-29 16:23:01.316661,12.512658
189,random,1,onesidedselection,0.125,0.7997081741787624,COMPLETE,2025-03-29 16:23:01.328913,2025-03-29 16:23:10.223882,8.894969
190,adasyn,auto,nearmiss,0.25,-1.0,COMPLETE,2025-03-29 16:23:10.236576,2025-03-29 16:23:10.283491,0.046915
191,ctgan,2,random,0.25,0.7598153069181577,COMPLETE,2025-03-29 16:23:10.294918,2025-03-29 16:23:21.109861,10.814943
192,gaussiancopula,auto,random,0.5,0.8162475007892245,COMPLETE,2025-03-29 16:23:21.121604,2025-03-29 16:23:31.635816,10.514212
193,fastml,2,clustercentroid,0,0.7655436586619666,COMPLETE,2025-03-29 16:23:31.647789,2025-03-29 16:23:41.299908,9.652119
194,random,0,random,0.25,0.7113235120907087,COMPLETE,2025-03-29 16:23:41.312563,2025-03-29 16:23:50.519936,9.207373
195,random,1,nearmiss,0.125,0.8311536381867213,COMPLETE,2025-03-29 16:23:50.559224,2025-03-29 16:24:00.604740,10.045516
196,ctgan,1,clustercentroid,0.25,0.817772055470615,COMPLETE,2025-03-29 16:24:00.642164,2025-03-29 16:24:12.983907,12.341743
197,fastml,0.25,condensednn,0.125,0.7354233403685049,COMPLETE,2025-03-29 16:24:12.997942,2025-03-29 16:24:20.168320,7.170378
198,copulagan,0,tomeklinks,0.125,0.8106420236121931,COMPLETE,2025-03-29 16:24:20.182300,2025-03-29 16:24:27.513828,7.331528
199,smote,2,nearmiss,0.0625,0.7842776712680902,COMPLETE,2025-03-29 16:24:27.544295,2025-03-29 16:24:38.153181,10.608886
200,ctgan,1,random,auto,0.7598153069181577,COMPLETE,2025-03-29 16:24:38.164581,2025-03-29 16:24:48.843844,10.679263
201,copulagan,0.25,editednn,auto,0.7193117069444186,COMPLETE,2025-03-29 16:24:48.855549,2025-03-29 16:24:56.197669,7.34212
202,ctgan,1,onesidedselection,0.5,0.8277893045653577,COMPLETE,2025-03-29 16:24:56.209760,2025-03-29 16:25:04.737236,8.527476
203,fastml,1,tomeklinks,0,0.7655436586619666,COMPLETE,2025-03-29 16:25:04.758855,2025-03-29 16:25:14.273912,9.515057
204,tvae,2,onesidedselection,0.0625,0.8099656204534335,COMPLETE,2025-03-29 16:25:14.286022,2025-03-29 16:25:23.374342,9.08832
205,ctgan,1,random,0.0625,0.7598153069181577,COMPLETE,2025-03-29 16:25:23.396002,2025-03-29 16:25:33.984335,10.588333
206,fastml,1,editednn,0.125,0.6027242045716767,COMPLETE,2025-03-29 16:25:33.996104,2025-03-29 16:25:41.275146,7.279042
207,tvae,0.5,clustercentroid,0.125,0.7731140780966501,COMPLETE,2025-03-29 16:25:41.296262,2025-03-29 16:25:51.496120,10.199858
208,gaussiancopula,auto,nearmiss,0,0.8061522907211869,COMPLETE,2025-03-29 16:25:51.512774,2025-03-29 16:26:01.096306,9.583532
209,tvae,0.25,clustercentroid,0,0.7729649486430071,COMPLETE,2025-03-29 16:26:01.108514,2025-03-29 16:26:10.733827,9.625313
210,smote,0.25,editednn,0.25,0.6971297649494581,COMPLETE,2025-03-29 16:26:10.745866,2025-03-29 16:26:16.775987,6.030121
211,smote,2,onesidedselection,0,0.8031668039219165,COMPLETE,2025-03-29 16:26:16.788313,2025-03-29 16:26:25.897928,9.109615
212,gaussiancopula,2,onesidedselection,0.0625,0.8402321388325446,COMPLETE,2025-03-29 16:26:25.920470,2025-03-29 16:26:34.503029,8.582559
213,tvae,auto,condensednn,0.25,0.7537101641234796,COMPLETE,2025-03-29 16:26:34.515596,2025-03-29 16:26:42.499217,7.983621
214,gaussiancopula,2,editednn,auto,0.7508349577159428,COMPLETE,2025-03-29 16:26:42.512046,2025-03-29 16:26:49.332686,6.82064
215,fastml,0,tomeklinks,0.5,0.8106420236121931,COMPLETE,2025-03-29 16:26:49.344462,2025-03-29 16:26:56.748080,7.403618
216,random,1,condensednn,0.5,0.764847388838482,COMPLETE,2025-03-29 16:26:56.760817,2025-03-29 16:27:03.959661,7.198844
217,smote,auto,condensednn,0.125,0.7754168660676761,COMPLETE,2025-03-29 16:27:03.981224,2025-03-29 16:27:11.478699,7.497475
218,adasyn,0.5,nearmiss,0.25,-1.0,COMPLETE,2025-03-29 16:27:11.490951,2025-03-29 16:27:11.536728,0.045777
219,random,2,clustercentroid,0.125,0.8252368888666506,COMPLETE,2025-03-29 16:27:11.548924,2025-03-29 16:27:22.647956,11.099032
220,adasyn,0,editednn,0.0625,0.6570439510152107,COMPLETE,2025-03-29 16:27:22.660365,2025-03-29 16:27:28.792751,6.132386
221,gaussiancopula,0.25,random,0.125,0.8162475007892245,COMPLETE,2025-03-29 16:27:28.814249,2025-03-29 16:27:39.103496,10.289247
222,random,1,editednn,0.125,0.6829269964523792,COMPLETE,2025-03-29 16:27:39.125087,2025-03-29 16:27:45.461257,6.33617
223,copulagan,0,editednn,0.125,0.6570439510152107,COMPLETE,2025-03-29 16:27:45.472796,2025-03-29 16:27:51.597102,6.124306
224,random,0.25,editednn,0.0625,0.6829269964523792,COMPLETE,2025-03-29 16:27:51.618378,2025-03-29 16:27:57.926011,6.307633
225,copulagan,0.5,random,auto,0.790953418553617,COMPLETE,2025-03-29 16:27:57.937845,2025-03-29 16:28:08.293013,10.355168
226,random,2,tomeklinks,0,0.8501211295328943,COMPLETE,2025-03-29 16:28:08.306194,2025-03-29 16:28:17.590641,9.284447
227,ctgan,0,tomeklinks,0.25,0.8106420236121931,COMPLETE,2025-03-29 16:28:17.607991,2025-03-29 16:28:24.975595,7.367604
228,fastml,2,condensednn,0.125,0.7354233403685049,COMPLETE,2025-03-29 16:28:24.987520,2025-03-29 16:28:32.047950,7.06043
229,smote,0.5,tomeklinks,auto,0.8021280045174569,COMPLETE,2025-03-29 16:28:32.060392,2025-03-29 16:28:40.662580,8.602188
230,adasyn,0,random,0.125,0.7113235120907087,COMPLETE,2025-03-29 16:28:40.674922,2025-03-29 16:28:49.689123,9.014201
231,tvae,0.25,instancehardness,0,0.7729649486430071,COMPLETE,2025-03-29 16:28:49.701840,2025-03-29 16:28:59.414663,9.712823
232,copulagan,0,condensednn,0.125,0.6046872437128007,COMPLETE,2025-03-29 16:28:59.427654,2025-03-29 16:29:05.490442,6.062788
233,smote,0.25,tomeklinks,0.25,0.8021280045174569,COMPLETE,2025-03-29 16:29:05.502590,2025-03-29 16:29:14.199960,8.69737
234,gaussiancopula,0.25,nearmiss,0,0.8061522907211869,COMPLETE,2025-03-29 16:29:14.214720,2025-03-29 16:29:24.057185,9.842465
235,adasyn,auto,tomeklinks,0.5,-1.0,COMPLETE,2025-03-29 16:29:24.069599,2025-03-29 16:29:24.119782,0.050183
236,fastml,0.5,tomeklinks,0.25,0.8189820072173013,COMPLETE,2025-03-29 16:29:24.131113,2025-03-29 16:29:32.613578,8.482465
237,copulagan,1,tomeklinks,auto,0.7836642273347322,COMPLETE,2025-03-29 16:29:32.625756,2025-03-29 16:29:41.743614,9.117858
238,adasyn,auto,editednn,0.125,-1.0,COMPLETE,2025-03-29 16:29:41.757851,2025-03-29 16:29:41.805463,0.047612
239,fastml,0,onesidedselection,auto,0.8145856661046565,COMPLETE,2025-03-29 16:29:41.816842,2025-03-29 16:29:49.751681,7.934839
240,copulagan,2,instancehardness,0.5,0.7109619862773654,COMPLETE,2025-03-29 16:29:49.765529,2025-03-29 16:30:02.125083,12.359554
241,adasyn,1,random,0.125,-1.0,COMPLETE,2025-03-29 16:30:02.137832,2025-03-29 16:30:02.186677,0.048845
242,fastml,0.5,tomeklinks,0.125,0.8189820072173013,COMPLETE,2025-03-29 16:30:02.197895,2025-03-29 16:30:10.580082,8.382187
243,ctgan,1,instancehardness,0.5,0.7782441490453788,COMPLETE,2025-03-29 16:30:10.592762,2025-03-29 16:30:21.160967,10.568205
244,ctgan,0.25,onesidedselection,0.25,0.8277893045653577,COMPLETE,2025-03-29 16:30:21.172630,2025-03-29 16:30:29.730981,8.558351
245,ctgan,1,tomeklinks,0.25,0.7417472653791874,COMPLETE,2025-03-29 16:30:29.753322,2025-03-29 16:30:37.986233,8.232911
246,random,auto,instancehardness,0.0625,0.7895467277820218,COMPLETE,2025-03-29 16:30:37.999211,2025-03-29 16:30:48.937337,10.938126
247,random,auto,editednn,0.5,0.6829269964523792,COMPLETE,2025-03-29 16:30:48.959183,2025-03-29 16:30:55.359583,6.4004
248,random,2,random,0.25,0.786526759244812,COMPLETE,2025-03-29 16:30:55.371358,2025-03-29 16:31:04.847337,9.475979
249,ctgan,2,condensednn,0.25,0.6856216672517259,COMPLETE,2025-03-29 16:31:04.859961,2025-03-29 16:31:12.028150,7.168189
250,copulagan,2,nearmiss,0.5,0.7577816279768611,COMPLETE,2025-03-29 16:31:12.040969,2025-03-29 16:31:22.179610,10.138641
251,random,0,clustercentroid,0,-1.0,ERROR,,,0.0
252,smote,2,tomeklinks,0.25,0.8021280045174569,COMPLETE,2025-03-29 16:31:32.123664,2025-03-29 16:31:40.754755,8.631091
253,fastml,0.25,condensednn,0.5,0.7354233403685049,COMPLETE,2025-03-29 16:31:40.767538,2025-03-29 16:31:47.863951,7.096413
254,adasyn,auto,instancehardness,0.5,-1.0,COMPLETE,2025-03-29 16:31:47.876813,2025-03-29 16:31:47.923274,0.046461
255,tvae,1,tomeklinks,0.0625,0.7290738343974288,COMPLETE,2025-03-29 16:31:47.934463,2025-03-29 16:31:56.936671,9.002208
256,fastml,1,condensednn,0.125,0.7354233403685049,COMPLETE,2025-03-29 16:31:56.958945,2025-03-29 16:32:03.987876,7.028931
257,smote,1,random,0.125,0.7725855759746558,COMPLETE,2025-03-29 16:32:03.999790,2025-03-29 16:32:13.989064,9.989274
258,ctgan,0,tomeklinks,0.5,0.8106420236121931,COMPLETE,2025-03-29 16:32:14.001352,2025-03-29 16:32:21.448604,7.447252
259,adasyn,1,editednn,0,-1.0,COMPLETE,2025-03-29 16:32:21.461219,2025-03-29 16:32:21.513691,0.052472
260,copulagan,0.5,tomeklinks,0.25,0.7836642273347322,COMPLETE,2025-03-29 16:32:21.524973,2025-03-29 16:32:30.439544,8.914571
261,fastml,auto,clustercentroid,0.0625,0.8051711830799735,COMPLETE,2025-03-29 16:32:30.452017,2025-03-29 16:32:42.522114,12.070097
262,ctgan,auto,clustercentroid,0.125,0.817772055470615,COMPLETE,2025-03-29 16:32:42.534800,2025-03-29 16:32:54.887740,12.35294
263,adasyn,2,tomeklinks,0.125,-1.0,COMPLETE,2025-03-29 16:32:54.909642,2025-03-29 16:32:54.957902,0.04826
264,smote,2,tomeklinks,auto,0.8021280045174569,COMPLETE,2025-03-29 16:32:54.969426,2025-03-29 16:33:03.473048,8.503622
265,adasyn,1,random,0,-1.0,COMPLETE,2025-03-29 16:33:03.485266,2025-03-29 16:33:03.534317,0.049051
266,copulagan,0.25,nearmiss,0.125,0.7577816279768611,COMPLETE,2025-03-29 16:33:03.546353,2025-03-29 16:33:13.632411,10.086058
267,fastml,0.25,onesidedselection,auto,0.8129974458686009,COMPLETE,2025-03-29 16:33:13.655205,2025-03-29 16:33:22.112876,8.457671
268,copulagan,0.25,onesidedselection,0.25,0.8118367096054723,COMPLETE,2025-03-29 16:33:22.135312,2025-03-29 16:33:31.652056,9.516744
269,gaussiancopula,0.5,condensednn,0.125,0.718110189461217,COMPLETE,2025-03-29 16:33:31.664652,2025-03-29 16:33:39.593938,7.929286
270,fastml,0,instancehardness,auto,0.816446228697218,COMPLETE,2025-03-29 16:33:39.606061,2025-03-29 16:33:50.193507,10.587446
271,adasyn,1,nearmiss,0,-1.0,COMPLETE,2025-03-29 16:33:50.208306,2025-03-29 16:33:50.355027,0.146721
272,copulagan,0,instancehardness,0,-1.0,ERROR,,,0.0
273,adasyn,0,editednn,0,-1.0,ERROR,,,0.0
274,smote,0.25,editednn,auto,0.6971297649494581,COMPLETE,2025-03-29 16:34:10.346122,2025-03-29 16:34:16.498406,6.152284
275,random,0.25,condensednn,auto,0.764847388838482,COMPLETE,2025-03-29 16:34:16.510744,2025-03-29 16:34:23.836014,7.32527
276,gaussiancopula,1,tomeklinks,0.5,0.7388116091110345,COMPLETE,2025-03-29 16:34:23.857799,2025-03-29 16:34:31.901961,8.044162
277,gaussiancopula,2,instancehardness,auto,0.7779200348215397,COMPLETE,2025-03-29 16:34:31.914402,2025-03-29 16:34:42.047012,10.13261
278,adasyn,1,condensednn,0,-1.0,COMPLETE,2025-03-29 16:34:42.059451,2025-03-29 16:34:42.107667,0.048216
279,smote,0,condensednn,0.0625,0.6046872437128007,COMPLETE,2025-03-29 16:34:42.119032,2025-03-29 16:34:48.099462,5.98043
280,smote,1,onesidedselection,0.25,0.7442952177818234,COMPLETE,2025-03-29 16:34:48.111797,2025-03-29 16:34:56.539965,8.428168
281,fastml,0,condensednn,0,-1.0,ERROR,,,0.0
282,ctgan,0,instancehardness,0.125,0.816446228697218,COMPLETE,2025-03-29 16:35:06.583195,2025-03-29 16:35:17.143635,10.56044
283,fastml,0,tomeklinks,0.0625,0.8106420236121931,COMPLETE,2025-03-29 16:35:17.155866,2025-03-29 16:35:24.535214,7.379348
284,tvae,0.25,condensednn,0,0.7729649486430071,COMPLETE,2025-03-29 16:35:24.547450,2025-03-29 16:35:34.213176,9.665726
285,gaussiancopula,0.25,onesidedselection,0.0625,0.8402321388325446,COMPLETE,2025-03-29 16:35:34.225551,2025-03-29 16:35:42.905846,8.680295
286,tvae,0.5,nearmiss,auto,0.8535353923282728,COMPLETE,2025-03-29 16:35:42.918885,2025-03-29 16:35:53.023846,10.104961
287,copulagan,0.5,onesidedselection,0.5,0.8118367096054723,COMPLETE,2025-03-29 16:35:53.036972,2025-03-29 16:36:02.392401,9.355429
288,smote,0.5,random,0.125,0.7725855759746558,COMPLETE,2025-03-29 16:36:02.406019,2025-03-29 16:36:12.509006,10.102987
289,smote,auto,condensednn,0.25,0.7754168660676761,COMPLETE,2025-03-29 16:36:12.521361,2025-03-29 16:36:20.086512,7.565151
290,adasyn,0.25,instancehardness,0.5,-1.0,COMPLETE,2025-03-29 16:36:20.098652,2025-03-29 16:36:20.149009,0.050357
291,fastml,1,nearmiss,auto,0.8292455911829185,COMPLETE,2025-03-29 16:36:20.161246,2025-03-29 16:36:30.697159,10.535913
292,copulagan,0.5,instancehardness,auto,0.7109619862773654,COMPLETE,2025-03-29 16:36:30.709010,2025-03-29 16:36:42.458070,11.74906
293,ctgan,0,nearmiss,0.5,0.8261824381926683,COMPLETE,2025-03-29 16:36:42.471471,2025-03-29 16:36:50.670580,8.199109
294,ctgan,0,editednn,0.5,0.6570439510152107,COMPLETE,2025-03-29 16:36:50.683399,2025-03-29 16:36:56.936099,6.2527
295,ctgan,0.25,editednn,0,0.8302957919410648,COMPLETE,2025-03-29 16:36:56.958073,2025-03-29 16:37:06.804507,9.846434
296,fastml,0.25,tomeklinks,0.125,0.8189820072173013,COMPLETE,2025-03-29 16:37:06.821578,2025-03-29 16:37:15.187390,8.365812
297,gaussiancopula,0.25,random,0.5,0.8162475007892245,COMPLETE,2025-03-29 16:37:15.200305,2025-03-29 16:37:25.439272,10.238967
298,gaussiancopula,0,editednn,0.125,0.6570439510152107,COMPLETE,2025-03-29 16:37:25.460634,2025-03-29 16:37:31.624283,6.163649
299,gaussiancopula,0.25,condensednn,0.125,0.718110189461217,COMPLETE,2025-03-29 16:37:31.647273,2025-03-29 16:37:39.397222,7.749949
300,ctgan,0.5,tomeklinks,0.125,0.7417472653791874,COMPLETE,2025-03-29 16:37:39.409844,2025-03-29 16:37:47.747719,8.337875
301,fastml,auto,tomeklinks,0.25,0.8189820072173013,COMPLETE,2025-03-29 16:37:47.761236,2025-03-29 16:37:56.152510,8.391274
302,random,0,tomeklinks,auto,0.8106420236121931,COMPLETE,2025-03-29 16:37:56.164801,2025-03-29 16:38:03.489041,7.32424
303,gaussiancopula,0.25,editednn,0.0625,0.7508349577159428,COMPLETE,2025-03-29 16:38:03.501902,2025-03-29 16:38:10.397903,6.896001
304,tvae,1,condensednn,0.25,0.7537101641234796,COMPLETE,2025-03-29 16:38:10.410261,2025-03-29 16:38:18.442119,8.031858
305,gaussiancopula,0.25,instancehardness,0.0625,0.7779200348215397,COMPLETE,2025-03-29 16:38:18.455191,2025-03-29 16:38:28.271559,9.816368
306,gaussiancopula,2,instancehardness,0.5,0.7779200348215397,COMPLETE,2025-03-29 16:38:28.284187,2025-03-29 16:38:38.360933,10.076746
307,gaussiancopula,auto,onesidedselection,0.5,0.8402321388325446,COMPLETE,2025-03-29 16:38:38.372714,2025-03-29 16:38:47.039291,8.666577
308,smote,0.5,editednn,auto,0.6971297649494581,COMPLETE,2025-03-29 16:38:47.052999,2025-03-29 16:38:53.198699,6.1457
309,fastml,0.25,random,0.0625,0.7832957688664595,COMPLETE,2025-03-29 16:38:53.226229,2025-03-29 16:39:03.095070,9.868841
310,copulagan,0,random,0,-1.0,ERROR,,,0.0
311,tvae,0,nearmiss,0.0625,0.8261824381926683,COMPLETE,2025-03-29 16:39:13.186557,2025-03-29 16:39:21.553487,8.36693
312,copulagan,auto,clustercentroid,0,0.7694685439375929,COMPLETE,2025-03-29 16:39:21.565854,2025-03-29 16:39:30.940425,9.374571
313,tvae,2,editednn,0.25,0.6930653400462047,COMPLETE,2025-03-29 16:39:30.953104,2025-03-29 16:39:38.019187,7.066083
314,smote,0,random,0.5,0.7113235120907087,COMPLETE,2025-03-29 16:39:38.032001,2025-03-29 16:39:47.103346,9.071345
315,random,1,random,auto,0.786526759244812,COMPLETE,2025-03-29 16:39:47.115551,2025-03-29 16:39:56.658127,9.542576
316,fastml,1,clustercentroid,0.0625,0.8051711830799735,COMPLETE,2025-03-29 16:39:56.670753,2025-03-29 16:40:08.518607,11.847854
317,tvae,0.5,nearmiss,0.5,0.8535353923282728,COMPLETE,2025-03-29 16:40:08.531118,2025-03-29 16:40:18.844364,10.313246
318,smote,2,clustercentroid,0,0.8031668039219165,COMPLETE,2025-03-29 16:40:18.857224,2025-03-29 16:40:28.044663,9.187439
319,tvae,0,clustercentroid,0.25,0.7713935923059568,COMPLETE,2025-03-29 16:40:28.066922,2025-03-29 16:40:37.012553,8.945631
320,gaussiancopula,0,onesidedselection,0.125,0.8145856661046565,COMPLETE,2025-03-29 16:40:37.025214,2025-03-29 16:40:44.831222,7.806008
321,fastml,0.25,nearmiss,0.0625,0.8292455911829185,COMPLETE,2025-03-29 16:40:44.844498,2025-03-29 16:40:55.217109,10.372611
322,ctgan,0.25,clustercentroid,0.25,0.817772055470615,COMPLETE,2025-03-29 16:40:55.229316,2025-03-29 16:41:07.361910,12.132594
323,gaussiancopula,auto,tomeklinks,auto,0.7388116091110345,COMPLETE,2025-03-29 16:41:07.383558,2025-03-29 16:41:15.500263,8.116705
324,random,0,random,0.5,0.7113235120907087,COMPLETE,2025-03-29 16:41:15.513115,2025-03-29 16:41:24.615798,9.102683
325,adasyn,2,editednn,0,-1.0,COMPLETE,2025-03-29 16:41:24.628389,2025-03-29 16:41:24.678738,0.050349
326,smote,0.25,random,0,0.8031668039219165,COMPLETE,2025-03-29 16:41:24.690035,2025-03-29 16:41:33.920507,9.230472
327,tvae,0.25,nearmiss,0.25,0.8535353923282728,COMPLETE,2025-03-29 16:41:33.950597,2025-03-29 16:41:44.224235,10.273638
328,copulagan,0.5,editednn,0,0.7694685439375929,COMPLETE,2025-03-29 16:41:44.236300,2025-03-29 16:41:53.718385,9.482085
329,tvae,2,condensednn,0.0625,0.7537101641234796,COMPLETE,2025-03-29 16:41:53.730688,2025-03-29 16:42:01.688567,7.957879
330,adasyn,0.5,onesidedselection,auto,-1.0,COMPLETE,2025-03-29 16:42:01.701514,2025-03-29 16:42:01.750265,0.048751
331,copulagan,0.5,nearmiss,auto,0.7577816279768611,COMPLETE,2025-03-29 16:42:01.761596,2025-03-29 16:42:11.896757,10.135161
332,gaussiancopula,1,onesidedselection,0.125,0.8402321388325446,COMPLETE,2025-03-29 16:42:11.919508,2025-03-29 16:42:20.471391,8.551883
333,copulagan,2,clustercentroid,0.125,0.8031625042974624,COMPLETE,2025-03-29 16:42:20.484305,2025-03-29 16:42:30.850494,10.366189
334,smote,auto,tomeklinks,0.125,0.8021280045174569,COMPLETE,2025-03-29 16:42:30.863168,2025-03-29 16:42:39.318456,8.455288
335,random,0.5,random,0.125,0.786526759244812,COMPLETE,2025-03-29 16:42:39.331206,2025-03-29 16:42:48.862604,9.531398
336,gaussiancopula,0.25,tomeklinks,0,0.8061522907211869,COMPLETE,2025-03-29 16:42:48.876254,2025-03-29 16:42:58.622053,9.745799
337,adasyn,0,instancehardness,0,-1.0,ERROR,,,0.0
338,tvae,2,nearmiss,0.25,0.8535353923282728,COMPLETE,2025-03-29 16:43:08.556357,2025-03-29 16:43:18.891485,10.335128
339,smote,1,condensednn,0.5,0.7754168660676761,COMPLETE,2025-03-29 16:43:18.904953,2025-03-29 16:43:26.447179,7.542226
340,copulagan,auto,onesidedselection,auto,0.8118367096054723,COMPLETE,2025-03-29 16:43:26.459725,2025-03-29 16:43:35.831702,9.371977
341,tvae,0,random,auto,0.7113235120907087,COMPLETE,2025-03-29 16:43:35.847445,2025-03-29 16:43:44.900259,9.052814
342,copulagan,2,condensednn,0.25,0.7106211998941325,COMPLETE,2025-03-29 16:43:44.913272,2025-03-29 16:43:53.284975,8.371703
343,tvae,0,random,0.125,0.7113235120907087,COMPLETE,2025-03-29 16:43:53.298094,2025-03-29 16:44:02.266869,8.968775
344,tvae,0.25,clustercentroid,0.25,0.7731140780966501,COMPLETE,2025-03-29 16:44:02.279853,2025-03-29 16:44:12.535379,10.255526
345,tvae,0,nearmiss,0.125,0.8261824381926683,COMPLETE,2025-03-29 16:44:12.547174,2025-03-29 16:44:20.745107,8.197933
346,smote,0.5,onesidedselection,0.125,0.7442952177818234,COMPLETE,2025-03-29 16:44:20.758525,2025-03-29 16:44:29.176674,8.418149
347,tvae,0.25,onesidedselection,0.125,0.8099656204534335,COMPLETE,2025-03-29 16:44:29.189137,2025-03-29 16:44:38.242127,9.05299
348,copulagan,0.5,nearmiss,0.125,0.7577816279768611,COMPLETE,2025-03-29 16:44:38.264389,2025-03-29 16:44:48.291233,10.026844
349,adasyn,0.5,onesidedselection,0.25,-1.0,COMPLETE,2025-03-29 16:44:48.314637,2025-03-29 16:44:48.368033,0.053396
350,tvae,0,nearmiss,0.25,0.8261824381926683,COMPLETE,2025-03-29 16:44:48.380255,2025-03-29 16:44:56.630443,8.250188
351,adasyn,0.25,random,auto,-1.0,COMPLETE,2025-03-29 16:44:56.642992,2025-03-29 16:44:56.691701,0.048709
352,gaussiancopula,auto,tomeklinks,0.5,0.7388116091110345,COMPLETE,2025-03-29 16:44:56.703066,2025-03-29 16:45:04.762974,8.059908
353,fastml,0.5,nearmiss,0,0.7655436586619666,COMPLETE,2025-03-29 16:45:04.776053,2025-03-29 16:45:14.314721,9.538668
354,smote,0,tomeklinks,0,-1.0,ERROR,,,0.0
355,smote,0.25,condensednn,0.25,0.7754168660676761,COMPLETE,2025-03-29 16:45:24.260838,2025-03-29 16:45:31.934897,7.674059
356,ctgan,1,editednn,auto,0.7014190188143578,COMPLETE,2025-03-29 16:45:31.948078,2025-03-29 16:45:38.667212,6.719134
357,random,0.25,onesidedselection,0.125,0.7997081741787624,COMPLETE,2025-03-29 16:45:38.679417,2025-03-29 16:45:47.446491,8.767074
358,adasyn,0.5,instancehardness,0.0625,-1.0,COMPLETE,2025-03-29 16:45:47.460363,2025-03-29 16:45:47.509626,0.049263
359,copulagan,0.25,random,0.25,0.790953418553617,COMPLETE,2025-03-29 16:45:47.521068,2025-03-29 16:45:57.922081,10.401013
360,random,0,tomeklinks,0.125,0.8106420236121931,COMPLETE,2025-03-29 16:45:57.934003,2025-03-29 16:46:05.302056,7.368053
361,gaussiancopula,2,nearmiss,0,0.8061522907211869,COMPLETE,2025-03-29 16:46:05.314123,2025-03-29 16:46:15.008839,9.694716
362,random,0,onesidedselection,0.125,0.8145856661046565,COMPLETE,2025-03-29 16:46:15.021718,2025-03-29 16:46:22.936994,7.915276
363,adasyn,1,editednn,0.0625,-1.0,COMPLETE,2025-03-29 16:46:22.950548,2025-03-29 16:46:23.001055,0.050507
364,random,1,nearmiss,0.5,0.8311536381867213,COMPLETE,2025-03-29 16:46:23.012621,2025-03-29 16:46:32.930929,9.918308
365,gaussiancopula,0.5,onesidedselection,0.5,0.8402321388325446,COMPLETE,2025-03-29 16:46:32.943739,2025-03-29 16:46:41.559221,8.615482
366,fastml,0,onesidedselection,0.0625,0.8145856661046565,COMPLETE,2025-03-29 16:46:41.572090,2025-03-29 16:46:49.414082,7.841992
367,gaussiancopula,1,tomeklinks,0,0.8061522907211869,COMPLETE,2025-03-29 16:46:49.426264,2025-03-29 16:46:59.263358,9.837094
368,ctgan,0,onesidedselection,0.125,0.8145856661046565,COMPLETE,2025-03-29 16:46:59.276685,2025-03-29 16:47:07.344631,8.067946
369,smote,0,nearmiss,0.0625,0.8261824381926683,COMPLETE,2025-03-29 16:47:07.357620,2025-03-29 16:47:15.629363,8.271743
370,copulagan,1,onesidedselection,0.0625,0.8118367096054723,COMPLETE,2025-03-29 16:47:15.641841,2025-03-29 16:47:25.155070,9.513229
371,adasyn,2,onesidedselection,auto,-1.0,COMPLETE,2025-03-29 16:47:25.167895,2025-03-29 16:47:25.218359,0.050464
372,ctgan,0.5,condensednn,0.125,0.6856216672517259,COMPLETE,2025-03-29 16:47:25.229911,2025-03-29 16:47:32.393305,7.163394
373,tvae,0.5,onesidedselection,0,0.7729649486430071,COMPLETE,2025-03-29 16:47:32.405821,2025-03-29 16:47:42.137931,9.73211
374,fastml,0.5,clustercentroid,auto,0.8051711830799735,COMPLETE,2025-03-29 16:47:42.150907,2025-03-29 16:47:54.156129,12.005222
375,ctgan,1,editednn,0,0.8302957919410648,COMPLETE,2025-03-29 16:47:54.170182,2025-03-29 16:48:03.794387,9.624205
376,random,auto,instancehardness,auto,0.7895467277820218,COMPLETE,2025-03-29 16:48:03.806899,2025-03-29 16:48:15.128455,11.321556
377,ctgan,2,nearmiss,0.0625,0.7994233065016635,COMPLETE,2025-03-29 16:48:15.140808,2025-03-29 16:48:24.799301,9.658493
378,fastml,auto,editednn,0.25,0.6027242045716767,COMPLETE,2025-03-29 16:48:24.815518,2025-03-29 16:48:32.153321,7.337803
379,random,0.25,random,0.25,0.786526759244812,COMPLETE,2025-03-29 16:48:32.165985,2025-03-29 16:48:41.706679,9.540694
380,adasyn,1,clustercentroid,0.125,-1.0,COMPLETE,2025-03-29 16:48:41.722443,2025-03-29 16:48:41.789329,0.066886
381,gaussiancopula,0,condensednn,auto,0.6046872437128007,COMPLETE,2025-03-29 16:48:41.801432,2025-03-29 16:48:47.737673,5.936241
382,random,0.25,nearmiss,0.25,0.8311536381867213,COMPLETE,2025-03-29 16:48:47.761626,2025-03-29 16:48:58.074801,10.313175
383,tvae,auto,onesidedselection,0.125,0.8099656204534335,COMPLETE,2025-03-29 16:48:58.097261,2025-03-29 16:49:07.280314,9.183053
384,ctgan,0.5,clustercentroid,0.0625,0.817772055470615,COMPLETE,2025-03-29 16:49:07.302781,2025-03-29 16:49:19.584725,12.281944
385,ctgan,0.5,onesidedselection,0.25,0.8277893045653577,COMPLETE,2025-03-29 16:49:19.607700,2025-03-29 16:49:28.252000,8.6443
386,copulagan,0.25,tomeklinks,0.25,0.7836642273347322,COMPLETE,2025-03-29 16:49:28.274117,2025-03-29 16:49:37.152627,8.87851
387,smote,auto,tomeklinks,0.0625,0.8021280045174569,COMPLETE,2025-03-29 16:49:37.166352,2025-03-29 16:49:45.729569,8.563217
388,ctgan,1,tomeklinks,0.0625,0.7417472653791874,COMPLETE,2025-03-29 16:49:45.742419,2025-03-29 16:49:53.941103,8.198684
389,random,0.5,random,0.5,0.786526759244812,COMPLETE,2025-03-29 16:49:53.954347,2025-03-29 16:50:03.491697,9.53735
390,copulagan,1,instancehardness,0.5,0.7109619862773654,COMPLETE,2025-03-29 16:50:03.504826,2025-03-29 16:50:15.094655,11.589829
391,tvae,0.25,random,0.0625,0.8029873404004259,COMPLETE,2025-03-29 16:50:15.107019,2025-03-29 16:50:27.277691,12.170672
392,fastml,auto,condensednn,0.25,0.7354233403685049,COMPLETE,2025-03-29 16:50:27.290083,2025-03-29 16:50:34.424238,7.134155
393,ctgan,0.25,condensednn,0.5,0.6856216672517259,COMPLETE,2025-03-29 16:50:34.436765,2025-03-29 16:50:41.662818,7.226053
394,random,1,instancehardness,0.0625,0.7895467277820218,COMPLETE,2025-03-29 16:50:41.675370,2025-03-29 16:50:52.479692,10.804322
395,fastml,auto,nearmiss,0.125,0.8292455911829185,COMPLETE,2025-03-29 16:50:52.501812,2025-03-29 16:51:03.054989,10.553177
396,smote,0.25,instancehardness,0.5,0.7420406460456523,COMPLETE,2025-03-29 16:51:03.068288,2025-03-29 16:51:13.199278,10.13099
397,fastml,auto,condensednn,0.0625,0.7354233403685049,COMPLETE,2025-03-29 16:51:13.221736,2025-03-29 16:51:20.435953,7.214217
398,copulagan,2,tomeklinks,0.25,0.7836642273347322,COMPLETE,2025-03-29 16:51:20.448498,2025-03-29 16:51:29.456448,9.00795
399,random,0,random,0.125,0.7113235120907087,COMPLETE,2025-03-29 16:51:29.469103,2025-03-29 16:51:38.629248,9.160145
400,tvae,0.5,random,0.125,0.8029873404004259,COMPLETE,2025-03-29 16:51:38.641566,2025-03-29 16:51:50.873167,12.231601
401,fastml,0.5,condensednn,0.5,0.7354233403685049,COMPLETE,2025-03-29 16:51:50.885830,2025-03-29 16:51:58.032685,7.146855
402,tvae,auto,nearmiss,0,0.7729649486430071,COMPLETE,2025-03-29 16:51:58.045708,2025-03-29 16:52:07.830338,9.78463
403,tvae,0,clustercentroid,0.125,0.7713935923059568,COMPLETE,2025-03-29 16:52:07.843207,2025-03-29 16:52:16.873233,9.030026
404,fastml,2,instancehardness,0.0625,0.7653386691376887,COMPLETE,2025-03-29 16:52:16.887571,2025-03-29 16:52:26.820883,9.933312
405,ctgan,2,clustercentroid,0.0625,0.817772055470615,COMPLETE,2025-03-29 16:52:26.834791,2025-03-29 16:52:39.153948,12.319157
406,ctgan,0.25,condensednn,0.125,0.6856216672517259,COMPLETE,2025-03-29 16:52:39.176032,2025-03-29 16:52:46.386401,7.210369
407,tvae,auto,random,0.0625,0.8029873404004259,COMPLETE,2025-03-29 16:52:46.399512,2025-03-29 16:52:58.610822,12.21131
408,smote,1,nearmiss,0.125,0.7842776712680902,COMPLETE,2025-03-29 16:52:58.623865,2025-03-29 16:53:09.300890,10.677025
409,adasyn,auto,condensednn,0.5,-1.0,COMPLETE,2025-03-29 16:53:09.313722,2025-03-29 16:53:09.381784,0.068062
410,copulagan,2,tomeklinks,0.0625,0.7836642273347322,COMPLETE,2025-03-29 16:53:09.393528,2025-03-29 16:53:18.403060,9.009532
411,fastml,0.25,nearmiss,0.5,0.8292455911829185,COMPLETE,2025-03-29 16:53:18.431589,2025-03-29 16:53:28.828412,10.396823
412,gaussiancopula,2,condensednn,0.5,0.718110189461217,COMPLETE,2025-03-29 16:53:28.840284,2025-03-29 16:53:36.631980,7.791696
413,ctgan,auto,condensednn,auto,0.6856216672517259,COMPLETE,2025-03-29 16:53:36.644493,2025-03-29 16:53:43.686568,7.042075
414,adasyn,0.25,editednn,0.25,-1.0,COMPLETE,2025-03-29 16:53:43.698531,2025-03-29 16:53:43.748918,0.050387
415,random,0.5,instancehardness,0,0.8501211295328943,COMPLETE,2025-03-29 16:53:43.760045,2025-03-29 16:53:52.977889,9.217844
416,fastml,auto,nearmiss,0,0.7655436586619666,COMPLETE,2025-03-29 16:53:52.990026,2025-03-29 16:54:02.530604,9.540578
417,ctgan,auto,onesidedselection,0,0.8302957919410648,COMPLETE,2025-03-29 16:54:02.543081,2025-03-29 16:54:12.214987,9.671906
418,copulagan,auto,clustercentroid,auto,0.8031625042974624,COMPLETE,2025-03-29 16:54:12.227468,2025-03-29 16:54:22.632529,10.405061
419,smote,auto,nearmiss,0.125,0.7842776712680902,COMPLETE,2025-03-29 16:54:22.644995,2025-03-29 16:54:33.279117,10.634122
420,random,0,editednn,0.25,0.6570439510152107,COMPLETE,2025-03-29 16:54:33.291692,2025-03-29 16:54:39.532707,6.241015
421,tvae,0.5,random,0,0.7729649486430071,COMPLETE,2025-03-29 16:54:39.554224,2025-03-29 16:54:49.369447,9.815223
422,adasyn,auto,editednn,0.25,-1.0,COMPLETE,2025-03-29 16:54:49.382020,2025-03-29 16:54:49.433486,0.051466
423,adasyn,2,random,auto,-1.0,COMPLETE,2025-03-29 16:54:49.444755,2025-03-29 16:54:49.496877,0.052122
424,gaussiancopula,0,random,auto,0.7113235120907087,COMPLETE,2025-03-29 16:54:49.508996,2025-03-29 16:54:58.698473,9.189477
425,tvae,0,tomeklinks,0.0625,0.8106420236121931,COMPLETE,2025-03-29 16:54:58.710914,2025-03-29 16:55:06.152536,7.441622
426,tvae,0,tomeklinks,0.125,0.8106420236121931,COMPLETE,2025-03-29 16:55:06.164806,2025-03-29 16:55:13.455451,7.290645
427,adasyn,1,editednn,0.125,-1.0,COMPLETE,2025-03-29 16:55:13.467808,2025-03-29 16:55:13.523695,0.055887
428,random,2,onesidedselection,0.25,0.7997081741787624,COMPLETE,2025-03-29 16:55:13.535634,2025-03-29 16:55:22.132948,8.597314
429,ctgan,auto,nearmiss,0,0.8302957919410648,COMPLETE,2025-03-29 16:55:22.146759,2025-03-29 16:55:32.230508,10.083749
430,tvae,auto,instancehardness,0.25,0.7854833841430398,COMPLETE,2025-03-29 16:55:32.243863,2025-03-29 16:55:44.237191,11.993328
431,copulagan,0.5,condensednn,auto,0.7106211998941325,COMPLETE,2025-03-29 16:55:44.259144,2025-03-29 16:55:52.446869,8.187725
432,adasyn,0.5,tomeklinks,0.25,-1.0,COMPLETE,2025-03-29 16:55:52.459403,2025-03-29 16:55:52.511847,0.052444
433,random,0.25,nearmiss,0,0.8501211295328943,COMPLETE,2025-03-29 16:55:52.523139,2025-03-29 16:56:01.852115,9.328976
434,fastml,1,onesidedselection,auto,0.8129974458686009,COMPLETE,2025-03-29 16:56:01.865069,2025-03-29 16:56:10.291940,8.426871
435,tvae,0.5,tomeklinks,0,0.7729649486430071,COMPLETE,2025-03-29 16:56:10.313616,2025-03-29 16:56:20.021902,9.708286
436,gaussiancopula,0,condensednn,0,-1.0,ERROR,,,0.0
437,gaussiancopula,auto,condensednn,0.25,0.718110189461217,COMPLETE,2025-03-29 16:56:30.134252,2025-03-29 16:56:37.957640,7.823388
438,fastml,0.25,instancehardness,0.25,0.7653386691376887,COMPLETE,2025-03-29 16:56:37.971401,2025-03-29 16:56:48.146461,10.17506
439,smote,0.5,editednn,0.25,0.6971297649494581,COMPLETE,2025-03-29 16:56:48.162974,2025-03-29 16:56:54.356679,6.193705
440,ctgan,0,editednn,0.0625,0.6570439510152107,COMPLETE,2025-03-29 16:56:54.369666,2025-03-29 16:57:00.622637,6.252971
441,adasyn,1,editednn,auto,-1.0,COMPLETE,2025-03-29 16:57:00.645096,2025-03-29 16:57:00.700963,0.055867
442,copulagan,1,random,0.0625,0.790953418553617,COMPLETE,2025-03-29 16:57:00.712767,2025-03-29 16:57:11.102532,10.389765
443,random,0,condensednn,0.25,0.6046872437128007,COMPLETE,2025-03-29 16:57:11.115033,2025-03-29 16:57:17.049284,5.934251
444,copulagan,0.5,tomeklinks,0.0625,0.7836642273347322,COMPLETE,2025-03-29 16:57:17.061774,2025-03-29 16:57:25.980770,8.918996
445,adasyn,auto,condensednn,0.0625,-1.0,COMPLETE,2025-03-29 16:57:25.994275,2025-03-29 16:57:26.048431,0.054156
446,random,2,random,0.5,0.786526759244812,COMPLETE,2025-03-29 16:57:26.060922,2025-03-29 16:57:35.724543,9.663621
447,smote,1,tomeklinks,0.125,0.8021280045174569,COMPLETE,2025-03-29 16:57:35.737149,2025-03-29 16:57:44.360833,8.623684
448,smote,0.25,random,0.125,0.7725855759746558,COMPLETE,2025-03-29 16:57:44.373382,2025-03-29 16:57:54.526036,10.152654
449,adasyn,1,clustercentroid,0.0625,-1.0,COMPLETE,2025-03-29 16:57:54.538589,2025-03-29 16:57:54.590461,0.051872
450,gaussiancopula,auto,random,0.0625,0.8162475007892245,COMPLETE,2025-03-29 16:57:54.601848,2025-03-29 16:58:05.098288,10.49644
451,ctgan,2,editednn,0,0.8302957919410648,COMPLETE,2025-03-29 16:58:05.110649,2025-03-29 16:58:14.842047,9.731398
452,smote,0,tomeklinks,0.25,0.8106420236121931,COMPLETE,2025-03-29 16:58:14.854416,2025-03-29 16:58:22.277778,7.423362
453,smote,2,tomeklinks,0.5,0.8021280045174569,COMPLETE,2025-03-29 16:58:22.290383,2025-03-29 16:58:30.804081,8.513698
454,adasyn,2,clustercentroid,0.25,-1.0,COMPLETE,2025-03-29 16:58:30.816863,2025-03-29 16:58:30.869622,0.052759
455,ctgan,0.5,random,0.125,0.7598153069181577,COMPLETE,2025-03-29 16:58:30.881065,2025-03-29 16:58:41.839453,10.958388
456,random,0.5,clustercentroid,0.5,0.8252368888666506,COMPLETE,2025-03-29 16:58:41.851324,2025-03-29 16:58:53.219188,11.367864
457,fastml,1,nearmiss,0.0625,0.8292455911829185,COMPLETE,2025-03-29 16:58:53.231620,2025-03-29 16:59:03.897538,10.665918
458,smote,2,random,0.5,0.7725855759746558,COMPLETE,2025-03-29 16:59:03.909169,2025-03-29 16:59:14.176975,10.267806
459,gaussiancopula,auto,random,0,0.8061522907211869,COMPLETE,2025-03-29 16:59:14.188435,2025-03-29 16:59:24.120092,9.931657
460,random,0.25,instancehardness,0.5,0.7895467277820218,COMPLETE,2025-03-29 16:59:24.133414,2025-03-29 16:59:35.000842,10.867428
461,tvae,0.5,random,auto,0.8029873404004259,COMPLETE,2025-03-29 16:59:35.022681,2025-03-29 16:59:47.148979,12.126298
462,gaussiancopula,0.5,editednn,auto,0.7508349577159428,COMPLETE,2025-03-29 16:59:47.161289,2025-03-29 16:59:54.051465,6.890176
463,random,2,condensednn,0.125,0.764847388838482,COMPLETE,2025-03-29 16:59:54.063965,2025-03-29 17:00:01.467052,7.403087
464,copulagan,auto,instancehardness,0.125,0.7109619862773654,COMPLETE,2025-03-29 17:00:01.488904,2025-03-29 17:00:13.473720,11.984816
465,adasyn,1,nearmiss,0.125,-1.0,COMPLETE,2025-03-29 17:00:13.486883,2025-03-29 17:00:13.541506,0.054623
466,adasyn,2,random,0.25,-1.0,COMPLETE,2025-03-29 17:00:13.552958,2025-03-29 17:00:13.605176,0.052218
467,tvae,0.25,onesidedselection,0,0.7729649486430071,COMPLETE,2025-03-29 17:00:13.616143,2025-03-29 17:00:23.311209,9.695066
468,random,2,nearmiss,auto,0.8311536381867213,COMPLETE,2025-03-29 17:00:23.323542,2025-03-29 17:00:33.352831,10.029289
469,copulagan,0,editednn,auto,0.6570439510152107,COMPLETE,2025-03-29 17:00:33.371466,2025-03-29 17:00:39.606820,6.235354
470,smote,0,nearmiss,0.5,0.8261824381926683,COMPLETE,2025-03-29 17:00:39.628066,2025-03-29 17:00:47.918450,8.290384
471,ctgan,0.5,tomeklinks,0.5,0.7417472653791874,COMPLETE,2025-03-29 17:00:47.930372,2025-03-29 17:00:56.132819,8.202447
472,copulagan,0,clustercentroid,0.25,0.7713935923059568,COMPLETE,2025-03-29 17:00:56.145399,2025-03-29 17:01:05.029939,8.88454
473,random,2,editednn,0.125,0.6829269964523792,COMPLETE,2025-03-29 17:01:05.042620,2025-03-29 17:01:11.414221,6.371601
474,ctgan,2,editednn,0.25,0.7014190188143578,COMPLETE,2025-03-29 17:01:11.426463,2025-03-29 17:01:18.120475,6.694012
475,random,0.5,condensednn,0.125,0.764847388838482,COMPLETE,2025-03-29 17:01:18.132353,2025-03-29 17:01:25.407471,7.275118
476,smote,0,instancehardness,0.0625,0.816446228697218,COMPLETE,2025-03-29 17:01:25.429261,2025-03-29 17:01:36.228921,10.79966
477,gaussiancopula,0,instancehardness,0.0625,0.816446228697218,COMPLETE,2025-03-29 17:01:36.251576,2025-03-29 17:01:46.641847,10.390271
478,adasyn,auto,tomeklinks,auto,-1.0,COMPLETE,2025-03-29 17:01:46.663363,2025-03-29 17:01:46.717901,0.054538
479,gaussiancopula,0.25,editednn,0.25,0.7508349577159428,COMPLETE,2025-03-29 17:01:46.729386,2025-03-29 17:01:53.619664,6.890278
480,copulagan,1,random,0.5,0.790953418553617,COMPLETE,2025-03-29 17:01:53.670351,2025-03-29 17:02:04.087849,10.417498
481,fastml,0,editednn,0.125,0.6570439510152107,COMPLETE,2025-03-29 17:02:04.100521,2025-03-29 17:02:10.318734,6.218213
482,gaussiancopula,0.25,clustercentroid,0,0.8061522907211869,COMPLETE,2025-03-29 17:02:10.340360,2025-03-29 17:02:20.071646,9.731286
483,fastml,0.5,instancehardness,auto,0.7653386691376887,COMPLETE,2025-03-29 17:02:20.084158,2025-03-29 17:02:29.924419,9.840261
484,tvae,2,clustercentroid,0.25,0.7731140780966501,COMPLETE,2025-03-29 17:02:29.947025,2025-03-29 17:02:40.343532,10.396507
485,smote,1,clustercentroid,auto,0.8176119647856219,COMPLETE,2025-03-29 17:02:40.355874,2025-03-29 17:02:50.417947,10.062073
486,adasyn,0.5,clustercentroid,0.25,-1.0,COMPLETE,2025-03-29 17:02:50.430341,2025-03-29 17:02:50.487338,0.056997
487,adasyn,0.25,tomeklinks,auto,-1.0,COMPLETE,2025-03-29 17:02:50.498758,2025-03-29 17:02:50.555188,0.05643
488,adasyn,0.25,instancehardness,0.25,-1.0,COMPLETE,2025-03-29 17:02:50.566555,2025-03-29 17:02:50.619598,0.053043
489,smote,0.25,condensednn,0.5,0.7754168660676761,COMPLETE,2025-03-29 17:02:50.631666,2025-03-29 17:02:58.290773,7.659107
490,smote,auto,nearmiss,0,0.8031668039219165,COMPLETE,2025-03-29 17:02:58.308906,2025-03-29 17:03:07.588569,9.279663
491,random,auto,editednn,0.0625,0.6829269964523792,COMPLETE,2025-03-29 17:03:07.606470,2025-03-29 17:03:13.986219,6.379749
492,adasyn,auto,nearmiss,0.0625,-1.0,COMPLETE,2025-03-29 17:03:14.000375,2025-03-29 17:03:14.067111,0.066736
493,fastml,auto,condensednn,0.125,0.7354233403685049,COMPLETE,2025-03-29 17:03:14.079834,2025-03-29 17:03:21.337274,7.25744
494,tvae,0.5,condensednn,0.125,0.7537101641234796,COMPLETE,2025-03-29 17:03:21.367921,2025-03-29 17:03:29.537701,8.16978
495,ctgan,1,instancehardness,0.125,0.7782441490453788,COMPLETE,2025-03-29 17:03:29.550031,2025-03-29 17:03:40.052408,10.502377
496,adasyn,auto,nearmiss,0.5,-1.0,COMPLETE,2025-03-29 17:03:40.064895,2025-03-29 17:03:40.119637,0.054742
497,gaussiancopula,0.25,condensednn,0.0625,0.718110189461217,COMPLETE,2025-03-29 17:03:40.130964,2025-03-29 17:03:47.999450,7.868486
498,adasyn,1,onesidedselection,0.125,-1.0,COMPLETE,2025-03-29 17:03:48.011582,2025-03-29 17:03:48.067840,0.056258
499,adasyn,0,editednn,0.25,0.6570439510152107,COMPLETE,2025-03-29 17:03:48.080096,2025-03-29 17:03:54.303173,6.223077
500,ctgan,auto,nearmiss,auto,0.7994233065016635,COMPLETE,2025-03-29 17:03:54.324892,2025-03-29 17:04:03.833327,9.508435
501,copulagan,1,instancehardness,0.25,0.7109619862773654,COMPLETE,2025-03-29 17:04:03.845934,2025-03-29 17:04:15.851249,12.005315
502,ctgan,auto,nearmiss,0.5,0.7994233065016635,COMPLETE,2025-03-29 17:04:15.864591,2025-03-29 17:04:25.296856,9.432265
503,ctgan,0.25,instancehardness,0.25,0.7782441490453788,COMPLETE,2025-03-29 17:04:25.309423,2025-03-29 17:04:35.717510,10.408087
504,tvae,2,onesidedselection,0.125,0.8099656204534335,COMPLETE,2025-03-29 17:04:35.729439,2025-03-29 17:04:44.845079,9.11564
505,fastml,0.25,onesidedselection,0.5,0.8129974458686009,COMPLETE,2025-03-29 17:04:44.866738,2025-03-29 17:04:53.132562,8.265824
506,fastml,1,editednn,0,0.7655436586619666,COMPLETE,2025-03-29 17:04:53.154730,2025-03-29 17:05:02.713283,9.558553
507,smote,0,nearmiss,0.25,0.8261824381926683,COMPLETE,2025-03-29 17:05:02.726132,2025-03-29 17:05:10.910672,8.18454
508,ctgan,1,nearmiss,0,0.8302957919410648,COMPLETE,2025-03-29 17:05:10.923001,2025-03-29 17:05:20.687823,9.764822
509,fastml,1,instancehardness,0.125,0.7653386691376887,COMPLETE,2025-03-29 17:05:20.700821,2025-03-29 17:05:30.556753,9.855932
510,gaussiancopula,0.25,condensednn,0,0.8061522907211869,COMPLETE,2025-03-29 17:05:30.569523,2025-03-29 17:05:40.257830,9.688307
511,fastml,0.25,editednn,0.25,0.6027242045716767,COMPLETE,2025-03-29 17:05:40.270152,2025-03-29 17:05:47.531723,7.261571
512,smote,1,editednn,auto,0.6971297649494581,COMPLETE,2025-03-29 17:05:47.553924,2025-03-29 17:05:53.634839,6.080915
513,tvae,1,condensednn,0,0.7729649486430071,COMPLETE,2025-03-29 17:05:53.646830,2025-03-29 17:06:03.395850,9.74902
514,smote,1,tomeklinks,0.5,0.8021280045174569,COMPLETE,2025-03-29 17:06:03.408602,2025-03-29 17:06:11.982988,8.574386
515,adasyn,0.25,nearmiss,0,-1.0,COMPLETE,2025-03-29 17:06:11.995962,2025-03-29 17:06:12.050053,0.054091
516,smote,1,instancehardness,0.25,0.7420406460456523,COMPLETE,2025-03-29 17:06:12.061581,2025-03-29 17:06:21.642975,9.581394
517,copulagan,0,onesidedselection,0.0625,0.8145856661046565,COMPLETE,2025-03-29 17:06:21.665253,2025-03-29 17:06:29.484071,7.818818
518,random,auto,clustercentroid,auto,0.8252368888666506,COMPLETE,2025-03-29 17:06:29.506276,2025-03-29 17:06:40.870617,11.364341
519,gaussiancopula,0.25,nearmiss,auto,0.8177270480384667,COMPLETE,2025-03-29 17:06:40.939154,2025-03-29 17:06:51.829408,10.890254
520,smote,0.5,tomeklinks,0.0625,0.8021280045174569,COMPLETE,2025-03-29 17:06:51.851055,2025-03-29 17:07:00.335267,8.484212
521,gaussiancopula,0.25,instancehardness,0,0.8061522907211869,COMPLETE,2025-03-29 17:07:00.348471,2025-03-29 17:07:10.029500,9.681029
522,ctgan,1,nearmiss,0.5,0.7994233065016635,COMPLETE,2025-03-29 17:07:10.043223,2025-03-29 17:07:19.564080,9.520857
523,tvae,0.5,instancehardness,0.0625,0.7854833841430398,COMPLETE,2025-03-29 17:07:19.578255,2025-03-29 17:07:31.110371,11.532116
524,adasyn,0.5,condensednn,0,-1.0,COMPLETE,2025-03-29 17:07:31.122335,2025-03-29 17:07:31.176311,0.053976
525,tvae,2,random,0,0.7729649486430071,COMPLETE,2025-03-29 17:07:31.188208,2025-03-29 17:07:40.917653,9.729445
526,tvae,2,instancehardness,auto,0.7854833841430398,COMPLETE,2025-03-29 17:07:40.935919,2025-03-29 17:07:52.375776,11.439857
527,tvae,0,tomeklinks,0.5,0.8106420236121931,COMPLETE,2025-03-29 17:07:52.389122,2025-03-29 17:07:59.850201,7.461079
528,copulagan,2,condensednn,0.125,0.7106211998941325,COMPLETE,2025-03-29 17:07:59.862527,2025-03-29 17:08:08.157252,8.294725
529,random,0,editednn,0.125,0.6570439510152107,COMPLETE,2025-03-29 17:08:08.169874,2025-03-29 17:08:14.332815,6.162941
530,ctgan,2,onesidedselection,0.5,0.8277893045653577,COMPLETE,2025-03-29 17:08:14.354315,2025-03-29 17:08:22.976150,8.621835
531,tvae,2,tomeklinks,0.25,0.7290738343974288,COMPLETE,2025-03-29 17:08:22.998335,2025-03-29 17:08:32.089212,9.090877
532,fastml,auto,editednn,0.0625,0.6027242045716767,COMPLETE,2025-03-29 17:08:32.111765,2025-03-29 17:08:39.691757,7.579992
533,adasyn,0.25,onesidedselection,0.0625,-1.0,COMPLETE,2025-03-29 17:08:39.713471,2025-03-29 17:08:39.768499,0.055028
534,gaussiancopula,1,nearmiss,0,0.8061522907211869,COMPLETE,2025-03-29 17:08:39.779938,2025-03-29 17:08:49.501333,9.721395
535,tvae,auto,condensednn,0,0.7729649486430071,COMPLETE,2025-03-29 17:08:49.514260,2025-03-29 17:08:59.184913,9.670653
536,random,auto,clustercentroid,0.25,0.8252368888666506,COMPLETE,2025-03-29 17:08:59.197780,2025-03-29 17:09:10.409675,11.211895
537,tvae,0.5,onesidedselection,0.25,0.8099656204534335,COMPLETE,2025-03-29 17:09:10.421532,2025-03-29 17:09:19.609115,9.187583
538,smote,0.5,tomeklinks,0.5,0.8021280045174569,COMPLETE,2025-03-29 17:09:19.621777,2025-03-29 17:09:28.050846,8.429069
539,gaussiancopula,1,condensednn,0,0.8061522907211869,COMPLETE,2025-03-29 17:09:28.064402,2025-03-29 17:09:37.775881,9.711479
540,ctgan,1,clustercentroid,0.125,0.817772055470615,COMPLETE,2025-03-29 17:09:37.788994,2025-03-29 17:09:50.038116,12.249122
541,smote,auto,random,0.0625,0.7725855759746558,COMPLETE,2025-03-29 17:09:50.059983,2025-03-29 17:10:00.205372,10.145389
542,smote,1,random,auto,0.7725855759746558,COMPLETE,2025-03-29 17:10:00.217846,2025-03-29 17:10:10.300966,10.08312
543,ctgan,2,random,auto,0.7598153069181577,COMPLETE,2025-03-29 17:10:10.314226,2025-03-29 17:10:21.124669,10.810443
544,adasyn,0,instancehardness,0.0625,0.816446228697218,COMPLETE,2025-03-29 17:10:21.136975,2025-03-29 17:10:31.585491,10.448516
545,random,0.5,clustercentroid,auto,0.8252368888666506,COMPLETE,2025-03-29 17:10:31.607438,2025-03-29 17:10:42.845993,11.238555
546,ctgan,0.25,onesidedselection,0.5,0.8277893045653577,COMPLETE,2025-03-29 17:10:42.859593,2025-03-29 17:10:51.384135,8.524542
547,copulagan,0.25,onesidedselection,0.125,0.8118367096054723,COMPLETE,2025-03-29 17:10:51.407487,2025-03-29 17:11:00.933449,9.525962
548,adasyn,0.25,editednn,auto,-1.0,COMPLETE,2025-03-29 17:11:00.946413,2025-03-29 17:11:01.002765,0.056352
549,ctgan,0.25,nearmiss,0.25,0.7994233065016635,COMPLETE,2025-03-29 17:11:01.014376,2025-03-29 17:11:10.485257,9.470881
550,random,0,instancehardness,0.5,0.816446228697218,COMPLETE,2025-03-29 17:11:10.497977,2025-03-29 17:11:20.846897,10.34892
551,random,2,nearmiss,0.0625,0.8311536381867213,COMPLETE,2025-03-29 17:11:20.868154,2025-03-29 17:11:30.855443,9.987289
552,random,1,instancehardness,auto,0.7895467277820218,COMPLETE,2025-03-29 17:11:30.877951,2025-03-29 17:11:41.308871,10.43092
553,fastml,1,nearmiss,0.5,0.8292455911829185,COMPLETE,2025-03-29 17:11:41.330417,2025-03-29 17:11:51.853678,10.523261
554,adasyn,2,tomeklinks,0.5,-1.0,COMPLETE,2025-03-29 17:11:51.865716,2025-03-29 17:11:51.919660,0.053944
555,adasyn,auto,editednn,0.0625,-1.0,COMPLETE,2025-03-29 17:11:51.930945,2025-03-29 17:11:51.989590,0.058645
556,tvae,1,onesidedselection,auto,0.8099656204534335,COMPLETE,2025-03-29 17:11:52.001325,2025-03-29 17:12:01.253320,9.251995
557,copulagan,2,clustercentroid,0.25,0.8031625042974624,COMPLETE,2025-03-29 17:12:01.275183,2025-03-29 17:12:11.823857,10.548674
558,gaussiancopula,0.5,nearmiss,auto,0.8177270480384667,COMPLETE,2025-03-29 17:12:11.836059,2025-03-29 17:12:22.682956,10.846897
559,adasyn,2,condensednn,auto,-1.0,COMPLETE,2025-03-29 17:12:22.704681,2025-03-29 17:12:22.761580,0.056899
560,smote,2,clustercentroid,0.25,0.8176119647856219,COMPLETE,2025-03-29 17:12:22.773786,2025-03-29 17:12:32.750473,9.976687
561,gaussiancopula,2,onesidedselection,0.25,0.8402321388325446,COMPLETE,2025-03-29 17:12:32.767430,2025-03-29 17:12:41.683791,8.916361
562,smote,0,clustercentroid,0,-1.0,ERROR,,,0.0
563,gaussiancopula,0.5,onesidedselection,0,0.8061522907211869,COMPLETE,2025-03-29 17:12:51.649148,2025-03-29 17:13:01.393354,9.744206
564,fastml,auto,random,0,0.7655436586619666,COMPLETE,2025-03-29 17:13:01.406133,2025-03-29 17:13:11.037207,9.631074
565,ctgan,0,instancehardness,auto,0.816446228697218,COMPLETE,2025-03-29 17:13:11.050014,2025-03-29 17:13:21.998046,10.948032
566,smote,auto,instancehardness,0.125,0.7420406460456523,COMPLETE,2025-03-29 17:13:22.020125,2025-03-29 17:13:31.662401,9.642276
567,tvae,0.5,clustercentroid,0.5,0.7670911578161921,COMPLETE,2025-03-29 17:13:31.684809,2025-03-29 17:13:41.814069,10.12926
568,tvae,0,instancehardness,0.0625,0.816446228697218,COMPLETE,2025-03-29 17:13:41.826516,2025-03-29 17:13:52.390000,10.563484
569,copulagan,2,editednn,0.0625,0.7193117069444186,COMPLETE,2025-03-29 17:13:52.411928,2025-03-29 17:13:59.732844,7.320916
570,random,auto,onesidedselection,0.125,0.7997081741787624,COMPLETE,2025-03-29 17:13:59.746766,2025-03-29 17:14:08.416032,8.669266
571,tvae,0.5,editednn,0.25,0.6930653400462047,COMPLETE,2025-03-29 17:14:08.429020,2025-03-29 17:14:15.404010,6.97499
572,adasyn,0,nearmiss,0.5,0.8261824381926683,COMPLETE,2025-03-29 17:14:15.416999,2025-03-29 17:14:23.737267,8.320268
573,adasyn,1,tomeklinks,0,-1.0,COMPLETE,2025-03-29 17:14:23.750982,2025-03-29 17:14:23.809833,0.058851
574,smote,0.5,tomeklinks,0.25,0.8021280045174569,COMPLETE,2025-03-29 17:14:23.821761,2025-03-29 17:14:32.405661,8.5839
575,copulagan,auto,instancehardness,0.25,0.7109619862773654,COMPLETE,2025-03-29 17:14:32.418320,2025-03-29 17:14:44.263073,11.844753
576,random,auto,editednn,auto,0.6829269964523792,COMPLETE,2025-03-29 17:14:44.275427,2025-03-29 17:14:50.746180,6.470753
577,adasyn,auto,instancehardness,0,-1.0,COMPLETE,2025-03-29 17:14:50.759429,2025-03-29 17:14:50.817143,0.057714
578,ctgan,0.5,random,0.25,0.7598153069181577,COMPLETE,2025-03-29 17:14:50.828626,2025-03-29 17:15:01.638640,10.810014
579,gaussiancopula,0.5,instancehardness,0.125,0.7779200348215397,COMPLETE,2025-03-29 17:15:01.651085,2025-03-29 17:15:12.023924,10.372839
580,tvae,0.5,instancehardness,0,0.7729649486430071,COMPLETE,2025-03-29 17:15:12.036239,2025-03-29 17:15:21.781513,9.745274
581,random,2,random,0,0.8501211295328943,COMPLETE,2025-03-29 17:15:21.794301,2025-03-29 17:15:31.182800,9.388499
582,smote,2,random,0.0625,0.7725855759746558,COMPLETE,2025-03-29 17:15:31.196048,2025-03-29 17:15:41.494780,10.298732
583,copulagan,0.5,nearmiss,0.0625,0.7577816279768611,COMPLETE,2025-03-29 17:15:41.508054,2025-03-29 17:15:51.757269,10.249215
584,smote,1,condensednn,0.25,0.7754168660676761,COMPLETE,2025-03-29 17:15:51.779874,2025-03-29 17:15:59.475975,7.696101
585,adasyn,0.25,condensednn,0.25,-1.0,COMPLETE,2025-03-29 17:15:59.488425,2025-03-29 17:15:59.547653,0.059228
586,copulagan,1,editednn,0.0625,0.7193117069444186,COMPLETE,2025-03-29 17:15:59.560156,2025-03-29 17:16:07.177060,7.616904
587,smote,2,instancehardness,0.5,0.7420406460456523,COMPLETE,2025-03-29 17:16:07.190181,2025-03-29 17:16:17.067334,9.877153
588,fastml,1,editednn,0.0625,0.6027242045716767,COMPLETE,2025-03-29 17:16:17.089830,2025-03-29 17:16:24.407815,7.317985
589,ctgan,1,instancehardness,0.25,0.7782441490453788,COMPLETE,2025-03-29 17:16:24.429990,2025-03-29 17:16:34.857334,10.427344
590,smote,auto,tomeklinks,0.25,0.8021280045174569,COMPLETE,2025-03-29 17:16:34.869183,2025-03-29 17:16:43.567652,8.698469
591,fastml,1,clustercentroid,0.125,0.8051711830799735,COMPLETE,2025-03-29 17:16:43.581085,2025-03-29 17:16:55.609565,12.02848
592,smote,0.25,editednn,0.5,0.6971297649494581,COMPLETE,2025-03-29 17:16:55.631947,2025-03-29 17:17:02.505336,6.873389
593,gaussiancopula,0,clustercentroid,auto,0.7713935923059568,COMPLETE,2025-03-29 17:17:02.519107,2025-03-29 17:17:11.610070,9.090963
594,gaussiancopula,2,editednn,0.125,0.7508349577159428,COMPLETE,2025-03-29 17:17:11.625941,2025-03-29 17:17:18.516751,6.89081
595,random,auto,onesidedselection,0,0.8501211295328943,COMPLETE,2025-03-29 17:17:18.541680,2025-03-29 17:17:27.939759,9.398079
596,gaussiancopula,1,onesidedselection,auto,0.8402321388325446,COMPLETE,2025-03-29 17:17:27.952571,2025-03-29 17:17:36.744174,8.791603
597,fastml,0.5,nearmiss,0.0625,0.8292455911829185,COMPLETE,2025-03-29 17:17:36.757425,2025-03-29 17:17:47.610549,10.853124
598,random,1,condensednn,auto,0.764847388838482,COMPLETE,2025-03-29 17:17:47.623835,2025-03-29 17:17:54.897425,7.27359
599,copulagan,0.5,condensednn,0.0625,0.7106211998941325,COMPLETE,2025-03-29 17:17:54.920813,2025-03-29 17:18:04.471921,9.551108
600,adasyn,0.25,tomeklinks,0.25,-1.0,COMPLETE,2025-03-29 17:18:04.487900,2025-03-29 17:18:04.549495,0.061595
601,copulagan,auto,tomeklinks,0,0.7694685439375929,COMPLETE,2025-03-29 17:18:04.562012,2025-03-29 17:18:14.197828,9.635816
602,fastml,2,clustercentroid,auto,0.8051711830799735,COMPLETE,2025-03-29 17:18:14.211992,2025-03-29 17:18:26.336993,12.125001
603,smote,0,random,auto,0.7113235120907087,COMPLETE,2025-03-29 17:18:26.350316,2025-03-29 17:18:35.523509,9.173193
604,random,0.5,random,0,0.8501211295328943,COMPLETE,2025-03-29 17:18:35.536675,2025-03-29 17:18:44.980531,9.443856
605,ctgan,0.25,tomeklinks,0.125,0.7417472653791874,COMPLETE,2025-03-29 17:18:44.995721,2025-03-29 17:18:54.148045,9.152324
606,adasyn,0.5,onesidedselection,0,-1.0,COMPLETE,2025-03-29 17:18:54.163331,2025-03-29 17:18:54.232181,0.06885
607,ctgan,1,nearmiss,0.0625,0.7994233065016635,COMPLETE,2025-03-29 17:18:54.246287,2025-03-29 17:19:05.302976,11.056689
608,copulagan,auto,onesidedselection,0.25,0.8118367096054723,COMPLETE,2025-03-29 17:19:05.316517,2025-03-29 17:19:16.107760,10.791243
609,gaussiancopula,2,instancehardness,0,0.8061522907211869,COMPLETE,2025-03-29 17:19:16.120965,2025-03-29 17:19:27.020684,10.899719
610,random,2,editednn,0.25,0.6829269964523792,COMPLETE,2025-03-29 17:19:27.036126,2025-03-29 17:19:33.933221,6.897095
611,adasyn,0,instancehardness,0.125,0.816446228697218,COMPLETE,2025-03-29 17:19:33.946791,2025-03-29 17:19:45.416871,11.47008
612,adasyn,0.25,nearmiss,auto,-1.0,COMPLETE,2025-03-29 17:19:45.439950,2025-03-29 17:19:45.503879,0.063929
613,fastml,1,random,0,0.7655436586619666,COMPLETE,2025-03-29 17:19:45.516849,2025-03-29 17:19:55.815926,10.299077
614,ctgan,0.25,onesidedselection,0.0625,0.8277893045653577,COMPLETE,2025-03-29 17:19:55.830970,2025-03-29 17:20:05.215875,9.384905
615,ctgan,0.25,tomeklinks,auto,0.7417472653791874,COMPLETE,2025-03-29 17:20:05.240021,2025-03-29 17:20:14.094203,8.854182
616,copulagan,0,random,0.5,0.7113235120907087,COMPLETE,2025-03-29 17:20:14.108300,2025-03-29 17:20:24.029965,9.921665
617,smote,1,clustercentroid,0.0625,0.8176119647856219,COMPLETE,2025-03-29 17:20:24.044044,2025-03-29 17:20:34.780313,10.736269
618,fastml,2,onesidedselection,auto,0.8129974458686009,COMPLETE,2025-03-29 17:20:34.803661,2025-03-29 17:20:43.847481,9.04382
619,fastml,auto,onesidedselection,0,0.7655436586619666,COMPLETE,2025-03-29 17:20:43.870801,2025-03-29 17:20:54.112254,10.241453
620,random,1,tomeklinks,0.25,0.7885046901945817,COMPLETE,2025-03-29 17:20:54.125838,2025-03-29 17:21:03.915785,9.789947
621,random,2,instancehardness,auto,0.7895467277820218,COMPLETE,2025-03-29 17:21:03.929799,2025-03-29 17:21:15.546997,11.617198
622,smote,0,random,0,-1.0,ERROR,,,0.0
623,adasyn,2,condensednn,0.25,-1.0,COMPLETE,2025-03-29 17:21:25.823903,2025-03-29 17:21:25.882523,0.05862
624,fastml,1,onesidedselection,0.0625,0.8129974458686009,COMPLETE,2025-03-29 17:21:25.894572,2025-03-29 17:21:35.237115,9.342543
625,smote,auto,tomeklinks,0.5,0.8021280045174569,COMPLETE,2025-03-29 17:21:35.250439,2025-03-29 17:21:44.488179,9.23774
626,tvae,0.5,clustercentroid,auto,0.7573177473098316,COMPLETE,2025-03-29 17:21:44.502579,2025-03-29 17:21:55.016417,10.513838
627,gaussiancopula,auto,tomeklinks,0,0.8061522907211869,COMPLETE,2025-03-29 17:21:55.029969,2025-03-29 17:22:06.332789,11.30282
628,gaussiancopula,0,clustercentroid,0,-1.0,ERROR,,,0.0
629,gaussiancopula,2,nearmiss,auto,0.8177270480384667,COMPLETE,2025-03-29 17:22:17.550667,2025-03-29 17:22:29.512443,11.961776
630,fastml,0.25,instancehardness,0.125,0.7653386691376887,COMPLETE,2025-03-29 17:22:29.528433,2025-03-29 17:22:40.677860,11.149427
631,copulagan,0.25,tomeklinks,0.0625,0.7836642273347322,COMPLETE,2025-03-29 17:22:40.701044,2025-03-29 17:22:50.424785,9.723741
632,random,0.5,clustercentroid,0.125,0.8252368888666506,COMPLETE,2025-03-29 17:22:50.438399,2025-03-29 17:23:02.978508,12.540109
633,random,1,random,0.125,0.786526759244812,COMPLETE,2025-03-29 17:23:02.992778,2025-03-29 17:23:13.312802,10.320024
634,adasyn,1,random,0.5,-1.0,COMPLETE,2025-03-29 17:23:13.325842,2025-03-29 17:23:13.393479,0.067637
635,copulagan,auto,clustercentroid,0.0625,0.8031625042974624,COMPLETE,2025-03-29 17:23:13.406453,2025-03-29 17:23:24.658980,11.252527
636,adasyn,2,clustercentroid,0.125,-1.0,COMPLETE,2025-03-29 17:23:24.673221,2025-03-29 17:23:24.736407,0.063186
637,tvae,0.25,random,auto,0.8029873404004259,COMPLETE,2025-03-29 17:23:24.750576,2025-03-29 17:23:37.809579,13.059003
638,smote,auto,condensednn,0,0.8031668039219165,COMPLETE,2025-03-29 17:23:37.823796,2025-03-29 17:23:47.644364,9.820568
639,random,0.25,condensednn,0,0.8501211295328943,COMPLETE,2025-03-29 17:23:47.668311,2025-03-29 17:23:57.769558,10.101247
640,ctgan,0,clustercentroid,0.0625,0.7713935923059568,COMPLETE,2025-03-29 17:23:57.784211,2025-03-29 17:24:07.354348,9.570137
641,copulagan,auto,editednn,0.125,0.7193117069444186,COMPLETE,2025-03-29 17:24:07.369340,2025-03-29 17:24:15.120252,7.750912
642,adasyn,2,random,0.125,-1.0,COMPLETE,2025-03-29 17:24:15.134102,2025-03-29 17:24:15.196763,0.062661
643,tvae,0.25,tomeklinks,auto,0.7290738343974288,COMPLETE,2025-03-29 17:24:15.209173,2025-03-29 17:24:24.827574,9.618401
644,copulagan,2,editednn,0.25,0.7193117069444186,COMPLETE,2025-03-29 17:24:24.850980,2025-03-29 17:24:32.961442,8.110462
645,gaussiancopula,2,random,0.125,0.8162475007892245,COMPLETE,2025-03-29 17:24:32.975211,2025-03-29 17:24:44.139708,11.164497
646,smote,1,tomeklinks,auto,0.8021280045174569,COMPLETE,2025-03-29 17:24:44.162349,2025-03-29 17:24:53.379910,9.217561
647,random,1,condensednn,0.25,0.764847388838482,COMPLETE,2025-03-29 17:24:53.394456,2025-03-29 17:25:01.205939,7.811483
648,random,0.25,condensednn,0.0625,0.764847388838482,COMPLETE,2025-03-29 17:25:01.229166,2025-03-29 17:25:08.992418,7.763252
649,smote,2,instancehardness,0,0.8031668039219165,COMPLETE,2025-03-29 17:25:09.016341,2025-03-29 17:25:18.806555,9.790214
650,fastml,0.5,random,auto,0.7832957688664595,COMPLETE,2025-03-29 17:25:18.830262,2025-03-29 17:25:29.478334,10.648072
651,fastml,0.25,nearmiss,0.25,0.8292455911829185,COMPLETE,2025-03-29 17:25:29.491256,2025-03-29 17:25:41.661629,12.170373
652,smote,2,condensednn,auto,0.7754168660676761,COMPLETE,2025-03-29 17:25:41.675769,2025-03-29 17:25:50.442804,8.767035
653,copulagan,0,clustercentroid,0.5,0.7713935923059568,COMPLETE,2025-03-29 17:25:50.457341,2025-03-29 17:26:00.679268,10.221927
654,adasyn,0.5,random,0.25,-1.0,COMPLETE,2025-03-29 17:26:00.692953,2025-03-29 17:26:00.756905,0.063952
655,ctgan,0,editednn,0.125,0.6570439510152107,COMPLETE,2025-03-29 17:26:00.769373,2025-03-29 17:26:07.535019,6.765646
656,adasyn,0.5,clustercentroid,0.125,-1.0,COMPLETE,2025-03-29 17:26:07.557492,2025-03-29 17:26:07.622869,0.065377
657,smote,0.25,clustercentroid,0.0625,0.8176119647856219,COMPLETE,2025-03-29 17:26:07.636199,2025-03-29 17:26:18.178531,10.542332
658,random,2,clustercentroid,auto,0.8252368888666506,COMPLETE,2025-03-29 17:26:18.201662,2025-03-29 17:26:30.398411,12.196749
659,smote,auto,instancehardness,auto,0.7420406460456523,COMPLETE,2025-03-29 17:26:30.411652,2025-03-29 17:26:41.359684,10.948032
660,adasyn,2,nearmiss,0.25,-1.0,COMPLETE,2025-03-29 17:26:41.383500,2025-03-29 17:26:41.452653,0.069153
661,fastml,2,instancehardness,0.25,0.7653386691376887,COMPLETE,2025-03-29 17:26:41.466628,2025-03-29 17:26:51.911572,10.444944
662,adasyn,1,clustercentroid,auto,-1.0,COMPLETE,2025-03-29 17:26:51.936450,2025-03-29 17:26:52.002748,0.066298
663,gaussiancopula,1,onesidedselection,0.5,0.8402321388325446,COMPLETE,2025-03-29 17:26:52.016048,2025-03-29 17:27:01.281786,9.265738
664,fastml,0,random,0,-1.0,ERROR,,,0.0
665,ctgan,0,onesidedselection,0.5,0.8145856661046565,COMPLETE,2025-03-29 17:27:11.886602,2025-03-29 17:27:20.299544,8.412942
666,ctgan,0.5,onesidedselection,auto,0.8277893045653577,COMPLETE,2025-03-29 17:27:20.322975,2025-03-29 17:27:29.513607,9.190632
667,adasyn,0.5,tomeklinks,0.125,-1.0,COMPLETE,2025-03-29 17:27:29.528038,2025-03-29 17:27:29.608854,0.080816
668,adasyn,1,onesidedselection,0,-1.0,COMPLETE,2025-03-29 17:27:29.623655,2025-03-29 17:27:29.710117,0.086462
669,tvae,0.5,tomeklinks,auto,0.7290738343974288,COMPLETE,2025-03-29 17:27:29.724820,2025-03-29 17:27:39.453570,9.72875
670,adasyn,1,onesidedselection,0.25,-1.0,COMPLETE,2025-03-29 17:27:39.471843,2025-03-29 17:27:39.535305,0.063462
671,smote,auto,onesidedselection,auto,0.7442952177818234,COMPLETE,2025-03-29 17:27:39.547838,2025-03-29 17:27:48.536423,8.988585
672,gaussiancopula,0.5,instancehardness,0.5,0.7779200348215397,COMPLETE,2025-03-29 17:27:48.551086,2025-03-29 17:27:59.571286,11.0202
673,ctgan,0.25,random,0,0.8302957919410648,COMPLETE,2025-03-29 17:27:59.598776,2025-03-29 17:28:10.205839,10.607063
674,fastml,auto,onesidedselection,0.5,0.8129974458686009,COMPLETE,2025-03-29 17:28:10.219733,2025-03-29 17:28:19.319483,9.09975
675,gaussiancopula,2,condensednn,0.25,0.718110189461217,COMPLETE,2025-03-29 17:28:19.343342,2025-03-29 17:28:27.818970,8.475628
676,tvae,auto,nearmiss,0.5,0.8535353923282728,COMPLETE,2025-03-29 17:28:27.832798,2025-03-29 17:28:39.036475,11.203677
677,ctgan,auto,onesidedselection,0.125,0.8277893045653577,COMPLETE,2025-03-29 17:28:39.050322,2025-03-29 17:28:48.363073,9.312751
678,fastml,0,clustercentroid,0.125,0.7713935923059568,COMPLETE,2025-03-29 17:28:48.388711,2025-03-29 17:28:58.005846,9.617135
679,fastml,2,editednn,0.5,0.6027242045716767,COMPLETE,2025-03-29 17:28:58.020104,2025-03-29 17:29:05.925366,7.905262
680,fastml,0.25,random,0,0.7655436586619666,COMPLETE,2025-03-29 17:29:05.941711,2025-03-29 17:29:16.194137,10.252426
681,gaussiancopula,0,onesidedselection,0.25,0.8145856661046565,COMPLETE,2025-03-29 17:29:16.208186,2025-03-29 17:29:24.698686,8.4905
682,copulagan,2,random,0.25,0.790953418553617,COMPLETE,2025-03-29 17:29:24.713616,2025-03-29 17:29:36.114729,11.401113
683,fastml,0.25,condensednn,0.0625,0.7354233403685049,COMPLETE,2025-03-29 17:29:36.128106,2025-03-29 17:29:43.879119,7.751013
684,tvae,auto,tomeklinks,0.125,0.7290738343974288,COMPLETE,2025-03-29 17:29:43.898266,2025-03-29 17:29:53.725177,9.826911
685,ctgan,0,nearmiss,0,-1.0,ERROR,,,0.0
686,adasyn,0.25,onesidedselection,0,-1.0,COMPLETE,2025-03-29 17:30:04.493508,2025-03-29 17:30:04.561229,0.067721
687,copulagan,0.25,condensednn,0.0625,0.7106211998941325,COMPLETE,2025-03-29 17:30:04.574764,2025-03-29 17:30:13.674838,9.100074
688,ctgan,0,editednn,0.25,0.6570439510152107,COMPLETE,2025-03-29 17:30:13.688763,2025-03-29 17:30:20.467147,6.778384
689,ctgan,1,editednn,0.5,0.7014190188143578,COMPLETE,2025-03-29 17:30:20.490808,2025-03-29 17:30:27.904708,7.4139
690,tvae,auto,condensednn,0.5,0.7537101641234796,COMPLETE,2025-03-29 17:30:27.918573,2025-03-29 17:30:36.848430,8.929857
691,smote,0.5,clustercentroid,0,0.8031668039219165,COMPLETE,2025-03-29 17:30:36.862279,2025-03-29 17:30:46.929509,10.06723
692,copulagan,0,instancehardness,0.5,0.816446228697218,COMPLETE,2025-03-29 17:30:46.954652,2025-03-29 17:30:58.453854,11.499202
693,random,0.5,tomeklinks,0.125,0.7885046901945817,COMPLETE,2025-03-29 17:30:58.478221,2025-03-29 17:31:07.954526,9.476305
694,tvae,auto,editednn,0.5,0.6930653400462047,COMPLETE,2025-03-29 17:31:07.968846,2025-03-29 17:31:15.786267,7.817421
695,random,0,random,0,-1.0,ERROR,,,0.0
696,fastml,auto,onesidedselection,0.0625,0.8129974458686009,COMPLETE,2025-03-29 17:31:26.604745,2025-03-29 17:31:35.626628,9.021883
697,copulagan,2,onesidedselection,0.0625,0.8118367096054723,COMPLETE,2025-03-29 17:31:35.650057,2025-03-29 17:31:45.720325,10.070268
698,gaussiancopula,auto,clustercentroid,auto,0.8130003938195579,COMPLETE,2025-03-29 17:31:45.734468,2025-03-29 17:31:58.437189,12.702721
699,smote,0,instancehardness,0,-1.0,ERROR,,,0.0
700,tvae,0,condensednn,auto,0.6046872437128007,COMPLETE,2025-03-29 17:32:09.118117,2025-03-29 17:32:15.556506,6.438389
701,tvae,0.5,clustercentroid,0.25,0.7731140780966501,COMPLETE,2025-03-29 17:32:15.570063,2025-03-29 17:32:26.598129,11.028066
702,gaussiancopula,2,clustercentroid,0.25,0.8130003938195579,COMPLETE,2025-03-29 17:32:26.613403,2025-03-29 17:32:39.287512,12.674109
703,gaussiancopula,1,instancehardness,0.125,0.7779200348215397,COMPLETE,2025-03-29 17:32:39.302394,2025-03-29 17:32:50.423812,11.121418
704,gaussiancopula,0,editednn,auto,0.6570439510152107,COMPLETE,2025-03-29 17:32:50.452729,2025-03-29 17:32:57.265066,6.812337
705,gaussiancopula,0.5,editednn,0.125,0.7508349577159428,COMPLETE,2025-03-29 17:32:57.282590,2025-03-29 17:33:04.749239,7.466649
706,adasyn,0.25,nearmiss,0.25,-1.0,COMPLETE,2025-03-29 17:33:04.764048,2025-03-29 17:33:04.848865,0.084817
707,smote,auto,random,0.25,0.7725855759746558,COMPLETE,2025-03-29 17:33:04.863450,2025-03-29 17:33:15.792876,10.929426
708,tvae,0,instancehardness,auto,0.816446228697218,COMPLETE,2025-03-29 17:33:15.805757,2025-03-29 17:33:27.027516,11.221759
709,tvae,0.25,nearmiss,0.125,0.8535353923282728,COMPLETE,2025-03-29 17:33:27.050033,2025-03-29 17:33:38.228318,11.178285
710,ctgan,2,random,0,0.8302957919410648,COMPLETE,2025-03-29 17:33:38.241915,2025-03-29 17:33:48.819948,10.578033
711,random,2,random,0.0625,0.786526759244812,COMPLETE,2025-03-29 17:33:48.834453,2025-03-29 17:33:59.232841,10.398388
712,copulagan,1,nearmiss,0.125,0.7577816279768611,COMPLETE,2025-03-29 17:33:59.258349,2025-03-29 17:34:10.379039,11.12069
713,tvae,0,editednn,0.25,0.6570439510152107,COMPLETE,2025-03-29 17:34:10.402723,2025-03-29 17:34:17.235763,6.83304
714,copulagan,0.25,clustercentroid,0.0625,0.8031625042974624,COMPLETE,2025-03-29 17:34:17.258890,2025-03-29 17:34:28.591329,11.332439
715,random,0.25,clustercentroid,0.0625,0.8252368888666506,COMPLETE,2025-03-29 17:34:28.604925,2025-03-29 17:34:40.962968,12.358043
716,copulagan,0.25,random,0,0.7694685439375929,COMPLETE,2025-03-29 17:34:40.977066,2025-03-29 17:34:51.292829,10.315763
717,tvae,1,onesidedselection,0.5,0.8099656204534335,COMPLETE,2025-03-29 17:34:51.307630,2025-03-29 17:35:01.206291,9.898661
718,tvae,auto,random,0.5,0.8029873404004259,COMPLETE,2025-03-29 17:35:01.229981,2025-03-29 17:35:14.357649,13.127668
719,ctgan,0,tomeklinks,0.0625,0.8106420236121931,COMPLETE,2025-03-29 17:35:14.385312,2025-03-29 17:35:22.430656,8.045344
720,smote,auto,clustercentroid,0,0.8031668039219165,COMPLETE,2025-03-29 17:35:22.445621,2025-03-29 17:35:32.428139,9.982518
721,copulagan,0,instancehardness,0.0625,0.816446228697218,COMPLETE,2025-03-29 17:35:32.452290,2025-03-29 17:35:44.499083,12.046793
722,ctgan,0.25,editednn,auto,0.7014190188143578,COMPLETE,2025-03-29 17:35:44.512633,2025-03-29 17:35:51.945894,7.433261
723,gaussiancopula,0.5,random,0,0.8061522907211869,COMPLETE,2025-03-29 17:35:51.960087,2025-03-29 17:36:02.723382,10.763295
724,adasyn,0.5,nearmiss,0.5,-1.0,COMPLETE,2025-03-29 17:36:02.736949,2025-03-29 17:36:02.804017,0.067068
725,ctgan,0.5,condensednn,auto,0.6856216672517259,COMPLETE,2025-03-29 17:36:02.817746,2025-03-29 17:36:10.734804,7.917058
726,copulagan,1,clustercentroid,0.5,0.8031625042974624,COMPLETE,2025-03-29 17:36:10.749319,2025-03-29 17:36:22.099203,11.349884
727,copulagan,1,editednn,0,0.7694685439375929,COMPLETE,2025-03-29 17:36:22.127367,2025-03-29 17:36:32.362813,10.235446
728,adasyn,1,condensednn,auto,-1.0,COMPLETE,2025-03-29 17:36:32.376634,2025-03-29 17:36:32.446267,0.069633
729,smote,0.25,tomeklinks,0.5,0.8021280045174569,COMPLETE,2025-03-29 17:36:32.460860,2025-03-29 17:36:41.781783,9.320923
730,smote,2,random,0,0.8031668039219165,COMPLETE,2025-03-29 17:36:41.796223,2025-03-29 17:36:51.703276,9.907053
731,fastml,0.25,instancehardness,0.5,0.7653386691376887,COMPLETE,2025-03-29 17:36:51.729270,2025-03-29 17:37:02.684409,10.955139
732,smote,0,clustercentroid,0.125,0.7713935923059568,COMPLETE,2025-03-29 17:37:02.707645,2025-03-29 17:37:12.292719,9.585074
733,fastml,0.5,clustercentroid,0.0625,0.8051711830799735,COMPLETE,2025-03-29 17:37:12.317395,2025-03-29 17:37:25.175357,12.857962
734,adasyn,0,nearmiss,0.125,0.8261824381926683,COMPLETE,2025-03-29 17:37:25.200021,2025-03-29 17:37:34.058016,8.857995
735,ctgan,2,random,0.125,0.7598153069181577,COMPLETE,2025-03-29 17:37:34.071539,2025-03-29 17:37:45.634590,11.563051
736,tvae,0.5,instancehardness,0.25,0.7854833841430398,COMPLETE,2025-03-29 17:37:45.647897,2025-03-29 17:37:58.159011,12.511114
737,tvae,2,onesidedselection,0,0.7729649486430071,COMPLETE,2025-03-29 17:37:58.183274,2025-03-29 17:38:08.561675,10.378401
738,fastml,0.5,random,0.125,0.7832957688664595,COMPLETE,2025-03-29 17:38:08.575951,2025-03-29 17:38:19.087226,10.511275
739,random,0,random,auto,0.7113235120907087,COMPLETE,2025-03-29 17:38:19.101765,2025-03-29 17:38:28.990268,9.888503
740,ctgan,1,tomeklinks,0.5,0.7417472653791874,COMPLETE,2025-03-29 17:38:29.005648,2025-03-29 17:38:37.847593,8.841945
741,tvae,0.5,instancehardness,0.125,0.7854833841430398,COMPLETE,2025-03-29 17:38:37.861436,2025-03-29 17:38:50.397387,12.535951
742,random,0.5,condensednn,0.5,0.764847388838482,COMPLETE,2025-03-29 17:38:50.420666,2025-03-29 17:38:58.239918,7.819252
743,tvae,auto,condensednn,0.0625,0.7537101641234796,COMPLETE,2025-03-29 17:38:58.262801,2025-03-29 17:39:06.924893,8.662092
744,gaussiancopula,2,editednn,0.0625,0.7508349577159428,COMPLETE,2025-03-29 17:39:06.938705,2025-03-29 17:39:14.333336,7.394631
745,fastml,0.25,tomeklinks,auto,0.8189820072173013,COMPLETE,2025-03-29 17:39:14.346114,2025-03-29 17:39:23.347585,9.001471
746,gaussiancopula,auto,tomeklinks,0.125,0.7388116091110345,COMPLETE,2025-03-29 17:39:23.360555,2025-03-29 17:39:31.992939,8.632384
747,gaussiancopula,0,random,0,-1.0,ERROR,,,0.0
748,copulagan,0,tomeklinks,0.5,0.8106420236121931,COMPLETE,2025-03-29 17:39:42.727726,2025-03-29 17:39:50.872236,8.14451
749,copulagan,0.25,random,0.0625,0.790953418553617,COMPLETE,2025-03-29 17:39:50.885783,2025-03-29 17:40:02.230669,11.344886
750,ctgan,0,onesidedselection,0.25,0.8145856661046565,COMPLETE,2025-03-29 17:40:02.243697,2025-03-29 17:40:10.795611,8.551914
751,fastml,0.25,editednn,0,0.7655436586619666,COMPLETE,2025-03-29 17:40:10.818852,2025-03-29 17:40:21.160533,10.341681
752,fastml,0,editednn,0.25,0.6570439510152107,COMPLETE,2025-03-29 17:40:21.174802,2025-03-29 17:40:27.873691,6.698889
753,adasyn,0.5,nearmiss,auto,-1.0,COMPLETE,2025-03-29 17:40:27.896616,2025-03-29 17:40:27.960911,0.064295
754,adasyn,0.5,editednn,0,-1.0,COMPLETE,2025-03-29 17:40:27.973985,2025-03-29 17:40:28.042259,0.068274
755,gaussiancopula,auto,onesidedselection,0.25,0.8402321388325446,COMPLETE,2025-03-29 17:40:28.054632,2025-03-29 17:40:37.595168,9.540536
756,smote,0,onesidedselection,0.5,0.8145856661046565,COMPLETE,2025-03-29 17:40:37.610187,2025-03-29 17:40:46.064612,8.454425
757,copulagan,2,clustercentroid,0,0.7694685439375929,COMPLETE,2025-03-29 17:40:46.088114,2025-03-29 17:40:56.717501,10.629387
758,smote,0,clustercentroid,0.0625,0.7713935923059568,COMPLETE,2025-03-29 17:40:56.730230,2025-03-29 17:41:06.786242,10.056012
759,smote,2,editednn,0.5,0.6971297649494581,COMPLETE,2025-03-29 17:41:06.800550,2025-03-29 17:41:13.325219,6.524669
760,smote,0,random,0.25,0.7113235120907087,COMPLETE,2025-03-29 17:41:13.339006,2025-03-29 17:41:23.192336,9.85333
761,ctgan,0.25,random,0.5,0.7598153069181577,COMPLETE,2025-03-29 17:41:23.207029,2025-03-29 17:41:34.778865,11.571836
762,random,auto,nearmiss,0.125,0.8311536381867213,COMPLETE,2025-03-29 17:41:34.792564,2025-03-29 17:41:45.689977,10.897413
763,adasyn,0,editednn,0.5,0.6570439510152107,COMPLETE,2025-03-29 17:41:45.712449,2025-03-29 17:41:52.775858,7.063409
764,random,0.25,nearmiss,0.125,0.8311536381867213,COMPLETE,2025-03-29 17:41:52.801740,2025-03-29 17:42:04.255000,11.45326
765,copulagan,0,random,0.125,0.7113235120907087,COMPLETE,2025-03-29 17:42:04.279639,2025-03-29 17:42:14.743187,10.463548
766,copulagan,auto,nearmiss,0.0625,0.7577816279768611,COMPLETE,2025-03-29 17:42:14.756811,2025-03-29 17:42:25.740887,10.984076
767,fastml,auto,editednn,0,0.7655436586619666,COMPLETE,2025-03-29 17:42:25.764472,2025-03-29 17:42:35.958056,10.193584
768,smote,2,instancehardness,0.125,0.7420406460456523,COMPLETE,2025-03-29 17:42:35.971237,2025-03-29 17:42:46.867764,10.896527
769,smote,2,editednn,0,0.8031668039219165,COMPLETE,2025-03-29 17:42:46.883596,2025-03-29 17:42:56.772828,9.889232
770,tvae,0.25,editednn,auto,0.6930653400462047,COMPLETE,2025-03-29 17:42:56.797378,2025-03-29 17:43:04.433295,7.635917
771,copulagan,0.5,onesidedselection,auto,0.8118367096054723,COMPLETE,2025-03-29 17:43:04.451444,2025-03-29 17:43:14.625741,10.174297
772,smote,1,condensednn,0.125,0.7754168660676761,COMPLETE,2025-03-29 17:43:14.641613,2025-03-29 17:43:22.799167,8.157554
773,gaussiancopula,0.25,instancehardness,auto,0.7779200348215397,COMPLETE,2025-03-29 17:43:22.822661,2025-03-29 17:43:33.472905,10.650244
774,smote,auto,onesidedselection,0.5,0.7442952177818234,COMPLETE,2025-03-29 17:43:33.486953,2025-03-29 17:43:42.627731,9.140778
775,ctgan,auto,condensednn,0.0625,0.6856216672517259,COMPLETE,2025-03-29 17:43:42.642281,2025-03-29 17:43:50.402655,7.760374
776,ctgan,auto,tomeklinks,auto,0.7417472653791874,COMPLETE,2025-03-29 17:43:50.416934,2025-03-29 17:43:59.339009,8.922075
777,ctgan,0.5,editednn,0.125,0.7014190188143578,COMPLETE,2025-03-29 17:43:59.353780,2025-03-29 17:44:06.598476,7.244696
778,ctgan,0.25,editednn,0.25,0.7014190188143578,COMPLETE,2025-03-29 17:44:06.611711,2025-03-29 17:44:13.916280,7.304569
779,ctgan,auto,editednn,0.0625,0.7014190188143578,COMPLETE,2025-03-29 17:44:13.929911,2025-03-29 17:44:21.293800,7.363889
780,smote,auto,clustercentroid,auto,0.8176119647856219,COMPLETE,2025-03-29 17:44:21.306655,2025-03-29 17:44:32.057963,10.751308
781,tvae,0.5,random,0.25,0.8029873404004259,COMPLETE,2025-03-29 17:44:32.081283,2025-03-29 17:44:45.339480,13.258197
782,random,auto,editednn,0,0.8501211295328943,COMPLETE,2025-03-29 17:44:45.353787,2025-03-29 17:44:55.437936,10.084149
783,copulagan,0.25,tomeklinks,0.125,0.7836642273347322,COMPLETE,2025-03-29 17:44:55.452338,2025-03-29 17:45:05.044092,9.591754
784,random,2,editednn,0.5,0.6829269964523792,COMPLETE,2025-03-29 17:45:05.057683,2025-03-29 17:45:11.888219,6.830536
785,ctgan,auto,onesidedselection,0.25,0.8277893045653577,COMPLETE,2025-03-29 17:45:11.903543,2025-03-29 17:45:21.166922,9.263379
786,gaussiancopula,1,onesidedselection,0.0625,0.8402321388325446,COMPLETE,2025-03-29 17:45:21.190053,2025-03-29 17:45:30.588024,9.397971
787,copulagan,0.5,random,0.25,0.790953418553617,COMPLETE,2025-03-29 17:45:30.602741,2025-03-29 17:45:42.265251,11.66251
788,gaussiancopula,2,tomeklinks,0.25,0.7388116091110345,COMPLETE,2025-03-29 17:45:42.290202,2025-03-29 17:45:51.023739,8.733537
789,gaussiancopula,0.5,tomeklinks,0,0.8061522907211869,COMPLETE,2025-03-29 17:45:51.037235,2025-03-29 17:46:01.457092,10.419857
790,adasyn,0.5,editednn,0.5,-1.0,COMPLETE,2025-03-29 17:46:01.470915,2025-03-29 17:46:01.537452,0.066537
791,fastml,0.25,clustercentroid,auto,0.7917240159221584,COMPLETE,2025-03-29 17:46:01.550132,2025-03-29 17:46:12.408613,10.858481
792,smote,0.25,onesidedselection,0.25,0.7442952177818234,COMPLETE,2025-03-29 17:46:12.432864,2025-03-29 17:46:21.680420,9.247556
793,random,auto,condensednn,0.125,0.764847388838482,COMPLETE,2025-03-29 17:46:21.694321,2025-03-29 17:46:29.517254,7.822933
794,gaussiancopula,0.5,tomeklinks,auto,0.7388116091110345,COMPLETE,2025-03-29 17:46:29.540209,2025-03-29 17:46:38.239736,8.699527
795,ctgan,0.5,instancehardness,0.25,0.7782441490453788,COMPLETE,2025-03-29 17:46:38.253169,2025-03-29 17:46:49.636860,11.383691
796,random,0.5,nearmiss,0.25,0.8311536381867213,COMPLETE,2025-03-29 17:46:49.649674,2025-03-29 17:47:00.594979,10.945305
797,fastml,1,nearmiss,0.25,0.8292455911829185,COMPLETE,2025-03-29 17:47:00.609269,2025-03-29 17:47:11.978557,11.369288
798,random,0.25,tomeklinks,0.25,0.7885046901945817,COMPLETE,2025-03-29 17:47:11.992786,2025-03-29 17:47:21.569513,9.576727
799,random,0,condensednn,0,-1.0,ERROR,,,0.0
800,fastml,0,editednn,0,-1.0,ERROR,,,0.0
801,copulagan,2,clustercentroid,0.0625,0.8031625042974624,COMPLETE,2025-03-29 17:47:42.925317,2025-03-29 17:47:54.158046,11.232729
802,smote,2,editednn,auto,0.6971297649494581,COMPLETE,2025-03-29 17:47:54.171972,2025-03-29 17:48:01.052044,6.880072
803,copulagan,2,condensednn,auto,0.7106211998941325,COMPLETE,2025-03-29 17:48:01.065331,2025-03-29 17:48:09.932849,8.867518
804,ctgan,2,instancehardness,0.5,0.7782441490453788,COMPLETE,2025-03-29 17:48:09.946213,2025-03-29 17:48:21.349613,11.4034
805,smote,1,random,0.0625,0.7725855759746558,COMPLETE,2025-03-29 17:48:21.364719,2025-03-29 17:48:32.349543,10.984824
806,gaussiancopula,0,nearmiss,0,-1.0,ERROR,,,0.0
807,ctgan,0,nearmiss,0.25,0.8261824381926683,COMPLETE,2025-03-29 17:48:43.002712,2025-03-29 17:48:51.770248,8.767536
808,gaussiancopula,2,nearmiss,0.0625,0.8177270480384667,COMPLETE,2025-03-29 17:48:51.785204,2025-03-29 17:49:03.390068,11.604864
809,random,0.25,condensednn,0.125,0.764847388838482,COMPLETE,2025-03-29 17:49:03.413335,2025-03-29 17:49:11.215401,7.802066
810,tvae,auto,nearmiss,0.25,0.8535353923282728,COMPLETE,2025-03-29 17:49:11.238803,2025-03-29 17:49:22.384769,11.145966
811,fastml,1,onesidedselection,0,0.7655436586619666,COMPLETE,2025-03-29 17:49:22.399772,2025-03-29 17:49:32.610537,10.210765
812,random,2,nearmiss,0.125,0.8311536381867213,COMPLETE,2025-03-29 17:49:32.624786,2025-03-29 17:49:44.225242,11.600456
813,gaussiancopula,0,condensednn,0.5,0.6046872437128007,COMPLETE,2025-03-29 17:49:44.249451,2025-03-29 17:49:50.741600,6.492149
814,copulagan,2,onesidedselection,0.5,0.8118367096054723,COMPLETE,2025-03-29 17:49:50.754899,2025-03-29 17:50:01.967115,11.212216
815,smote,auto,clustercentroid,0.25,0.8176119647856219,COMPLETE,2025-03-29 17:50:01.995457,2025-03-29 17:50:12.889168,10.893711
816,adasyn,auto,editednn,0,-1.0,COMPLETE,2025-03-29 17:50:12.911906,2025-03-29 17:50:12.979170,0.067264
817,smote,1,instancehardness,0.5,0.7420406460456523,COMPLETE,2025-03-29 17:50:12.992806,2025-03-29 17:50:24.137025,11.144219
818,ctgan,auto,instancehardness,0,0.8302957919410648,COMPLETE,2025-03-29 17:50:24.151313,2025-03-29 17:50:35.042140,10.890827
819,copulagan,2,editednn,0.125,0.7193117069444186,COMPLETE,2025-03-29 17:50:35.056608,2025-03-29 17:50:43.915327,8.858719
820,ctgan,auto,tomeklinks,0.5,0.7417472653791874,COMPLETE,2025-03-29 17:50:43.944952,2025-03-29 17:50:53.345133,9.400181
821,gaussiancopula,0,instancehardness,0.125,0.816446228697218,COMPLETE,2025-03-29 17:50:53.359804,2025-03-29 17:51:04.752378,11.392574
822,copulagan,1,tomeklinks,0.5,0.7836642273347322,COMPLETE,2025-03-29 17:51:04.775714,2025-03-29 17:51:14.391475,9.615761
823,tvae,0.5,editednn,0.5,0.6930653400462047,COMPLETE,2025-03-29 17:51:14.407713,2025-03-29 17:51:21.934446,7.526733
824,fastml,2,editednn,auto,0.6027242045716767,COMPLETE,2025-03-29 17:51:21.957564,2025-03-29 17:51:29.852862,7.895298
825,gaussiancopula,2,tomeklinks,auto,0.7388116091110345,COMPLETE,2025-03-29 17:51:29.876032,2025-03-29 17:51:38.538403,8.662371
826,fastml,0.5,clustercentroid,0.5,0.8051711830799735,COMPLETE,2025-03-29 17:51:38.553098,2025-03-29 17:51:51.298316,12.745218
827,tvae,2,editednn,0.5,0.6930653400462047,COMPLETE,2025-03-29 17:51:51.322097,2025-03-29 17:51:58.911090,7.588993
828,gaussiancopula,0.5,onesidedselection,0.125,0.8402321388325446,COMPLETE,2025-03-29 17:51:58.935016,2025-03-29 17:52:08.672843,9.737827
829,gaussiancopula,0.5,editednn,0.5,0.7508349577159428,COMPLETE,2025-03-29 17:52:08.686301,2025-03-29 17:52:16.715672,8.029371
830,gaussiancopula,0.5,onesidedselection,0.25,0.8402321388325446,COMPLETE,2025-03-29 17:52:16.729730,2025-03-29 17:52:25.986626,9.256896
831,gaussiancopula,0.5,clustercentroid,0.5,0.8130003938195579,COMPLETE,2025-03-29 17:52:26.011350,2025-03-29 17:52:38.789126,12.777776
832,random,auto,instancehardness,0.125,0.7895467277820218,COMPLETE,2025-03-29 17:52:38.804464,2025-03-29 17:52:50.295437,11.490973
833,smote,0.5,onesidedselection,0,0.8031668039219165,COMPLETE,2025-03-29 17:52:50.318122,2025-03-29 17:53:00.163817,9.845695
834,fastml,2,random,0,0.7655436586619666,COMPLETE,2025-03-29 17:53:00.177001,2025-03-29 17:53:10.403292,10.226291
835,adasyn,auto,onesidedselection,0,-1.0,COMPLETE,2025-03-29 17:53:10.416947,2025-03-29 17:53:10.484278,0.067331
836,ctgan,0.25,condensednn,0.0625,0.6856216672517259,COMPLETE,2025-03-29 17:53:10.496686,2025-03-29 17:53:18.260879,7.764193
837,smote,0.5,editednn,0.125,0.6971297649494581,COMPLETE,2025-03-29 17:53:18.274945,2025-03-29 17:53:24.877678,6.602733
838,smote,auto,onesidedselection,0.125,0.7442952177818234,COMPLETE,2025-03-29 17:53:24.893581,2025-03-29 17:53:33.832582,8.939001
839,random,1,editednn,0,0.8501211295328943,COMPLETE,2025-03-29 17:53:33.849151,2025-03-29 17:53:43.818928,9.969777
840,adasyn,0.25,onesidedselection,0.125,-1.0,COMPLETE,2025-03-29 17:53:43.837794,2025-03-29 17:53:43.908343,0.070549
841,copulagan,2,instancehardness,auto,0.7109619862773654,COMPLETE,2025-03-29 17:53:43.920987,2025-03-29 17:53:56.504712,12.583725
842,tvae,0.25,random,0.5,0.8029873404004259,COMPLETE,2025-03-29 17:53:56.518207,2025-03-29 17:54:10.485404,13.967197
843,ctgan,2,condensednn,0.0625,0.6856216672517259,COMPLETE,2025-03-29 17:54:10.509388,2025-03-29 17:54:18.292714,7.783326
844,smote,1,instancehardness,0,0.8031668039219165,COMPLETE,2025-03-29 17:54:18.306812,2025-03-29 17:54:28.920779,10.613967
845,random,auto,nearmiss,0.25,0.8311536381867213,COMPLETE,2025-03-29 17:54:28.934840,2025-03-29 17:54:40.681290,11.74645
846,tvae,1,tomeklinks,auto,0.7290738343974288,COMPLETE,2025-03-29 17:54:40.706679,2025-03-29 17:54:50.766209,10.05953
847,fastml,0,clustercentroid,0.5,0.7713935923059568,COMPLETE,2025-03-29 17:54:50.789744,2025-03-29 17:55:00.486200,9.696456
848,adasyn,2,condensednn,0,-1.0,COMPLETE,2025-03-29 17:55:00.510405,2025-03-29 17:55:00.584632,0.074227
849,copulagan,0.5,instancehardness,0.0625,0.7109619862773654,COMPLETE,2025-03-29 17:55:00.598048,2025-03-29 17:55:13.685621,13.087573
850,ctgan,0.5,instancehardness,0.125,0.7782441490453788,COMPLETE,2025-03-29 17:55:13.700823,2025-03-29 17:55:24.728162,11.027339
851,random,0.5,instancehardness,0.125,0.7895467277820218,COMPLETE,2025-03-29 17:55:24.751479,2025-03-29 17:55:36.052706,11.301227
852,fastml,0.5,onesidedselection,0.0625,0.8129974458686009,COMPLETE,2025-03-29 17:55:36.075935,2025-03-29 17:55:45.513294,9.437359
853,ctgan,0,onesidedselection,0,-1.0,ERROR,,,0.0
854,random,auto,tomeklinks,0.0625,0.7885046901945817,COMPLETE,2025-03-29 17:55:56.655055,2025-03-29 17:56:06.360539,9.705484
855,fastml,0.5,nearmiss,0.5,0.8292455911829185,COMPLETE,2025-03-29 17:56:06.384848,2025-03-29 17:56:17.823466,11.438618
856,gaussiancopula,0,tomeklinks,0.25,0.8106420236121931,COMPLETE,2025-03-29 17:56:17.837037,2025-03-29 17:56:26.216608,8.379571
857,ctgan,1,condensednn,0,0.8302957919410648,COMPLETE,2025-03-29 17:56:26.230753,2025-03-29 17:56:36.890925,10.660172
858,tvae,0.25,instancehardness,0.0625,0.7854833841430398,COMPLETE,2025-03-29 17:56:36.904724,2025-03-29 17:56:49.546923,12.642199
859,tvae,0.25,clustercentroid,0.5,0.7731140780966501,COMPLETE,2025-03-29 17:56:49.570440,2025-03-29 17:57:00.808569,11.238129
860,ctgan,auto,clustercentroid,0,0.8302957919410648,COMPLETE,2025-03-29 17:57:00.822595,2025-03-29 17:57:11.333815,10.51122
861,copulagan,0.5,onesidedselection,0.125,0.8118367096054723,COMPLETE,2025-03-29 17:57:11.357436,2025-03-29 17:57:21.822086,10.46465
862,adasyn,0.25,condensednn,auto,-1.0,COMPLETE,2025-03-29 17:57:21.835256,2025-03-29 17:57:21.908179,0.072923
863,smote,0.25,clustercentroid,0.125,0.8176119647856219,COMPLETE,2025-03-29 17:57:21.921818,2025-03-29 17:57:32.725775,10.803957
864,fastml,auto,clustercentroid,0,0.7655436586619666,COMPLETE,2025-03-29 17:57:32.749601,2025-03-29 17:57:43.195921,10.44632
865,ctgan,0.25,tomeklinks,0.5,0.7417472653791874,COMPLETE,2025-03-29 17:57:43.211163,2025-03-29 17:57:52.196587,8.985424
866,copulagan,auto,tomeklinks,0.0625,0.7836642273347322,COMPLETE,2025-03-29 17:57:52.226005,2025-03-29 17:58:01.956850,9.730845
867,ctgan,0.5,tomeklinks,0.0625,0.7417472653791874,COMPLETE,2025-03-29 17:58:01.970928,2025-03-29 17:58:11.321891,9.350963
868,ctgan,0.5,condensednn,0.0625,0.6856216672517259,COMPLETE,2025-03-29 17:58:11.335629,2025-03-29 17:58:20.001687,8.666058
869,adasyn,0.5,tomeklinks,0.0625,-1.0,COMPLETE,2025-03-29 17:58:20.031218,2025-03-29 17:58:20.105639,0.074421
870,adasyn,2,condensednn,0.5,-1.0,COMPLETE,2025-03-29 17:58:20.119964,2025-03-29 17:58:20.194034,0.07407
871,copulagan,2,nearmiss,0.125,0.7577816279768611,COMPLETE,2025-03-29 17:58:20.210246,2025-03-29 17:58:31.242978,11.032732
872,ctgan,auto,instancehardness,0.25,0.7782441490453788,COMPLETE,2025-03-29 17:58:31.258832,2025-03-29 17:58:42.470716,11.211884
873,adasyn,2,nearmiss,0,-1.0,COMPLETE,2025-03-29 17:58:42.486433,2025-03-29 17:58:42.562140,0.075707
874,gaussiancopula,1,nearmiss,0.25,0.8177270480384667,COMPLETE,2025-03-29 17:58:42.576956,2025-03-29 17:58:54.726397,12.149441
875,fastml,2,nearmiss,0.0625,0.8292455911829185,COMPLETE,2025-03-29 17:58:54.743079,2025-03-29 17:59:06.140950,11.397871
876,gaussiancopula,1,tomeklinks,0.0625,0.7388116091110345,COMPLETE,2025-03-29 17:59:06.155285,2025-03-29 17:59:15.027799,8.872514
877,random,2,instancehardness,0.0625,0.7895467277820218,COMPLETE,2025-03-29 17:59:15.041875,2025-03-29 17:59:26.727244,11.685369
878,tvae,0.25,onesidedselection,auto,0.8099656204534335,COMPLETE,2025-03-29 17:59:26.751630,2025-03-29 17:59:36.706294,9.954664
879,ctgan,2,condensednn,0.5,0.6856216672517259,COMPLETE,2025-03-29 17:59:36.731178,2025-03-29 17:59:44.576663,7.845485
880,ctgan,2,editednn,0.125,0.7014190188143578,COMPLETE,2025-03-29 17:59:44.590685,2025-03-29 17:59:51.864403,7.273718
881,smote,0.25,random,0.25,0.7725855759746558,COMPLETE,2025-03-29 17:59:51.888464,2025-03-29 18:00:02.878564,10.9901
882,fastml,2,random,0.5,0.7832957688664595,COMPLETE,2025-03-29 18:00:02.892975,2025-03-29 18:00:13.493112,10.600137
883,random,1,nearmiss,0,0.8501211295328943,COMPLETE,2025-03-29 18:00:13.517296,2025-03-29 18:00:23.581637,10.064341
884,tvae,1,condensednn,0.0625,0.7537101641234796,COMPLETE,2025-03-29 18:00:23.601280,2025-03-29 18:00:32.150616,8.549336
885,random,auto,onesidedselection,0.25,0.7997081741787624,COMPLETE,2025-03-29 18:00:32.175622,2025-03-29 18:00:41.589408,9.413786
886,gaussiancopula,2,instancehardness,0.0625,0.7779200348215397,COMPLETE,2025-03-29 18:00:41.669582,2025-03-29 18:00:52.302393,10.632811
887,smote,auto,random,auto,0.7725855759746558,COMPLETE,2025-03-29 18:00:52.326394,2025-03-29 18:01:03.146335,10.819941
888,random,auto,clustercentroid,0,0.8501211295328943,COMPLETE,2025-03-29 18:01:03.170670,2025-03-29 18:01:13.218169,10.047499
889,fastml,0,nearmiss,0.25,0.8261824381926683,COMPLETE,2025-03-29 18:01:13.246484,2025-03-29 18:01:21.975060,8.728576
890,fastml,0.25,nearmiss,0.125,0.8292455911829185,COMPLETE,2025-03-29 18:01:21.989091,2025-03-29 18:01:33.136804,11.147713
891,copulagan,0.25,clustercentroid,0.25,0.8031625042974624,COMPLETE,2025-03-29 18:01:33.160516,2025-03-29 18:01:44.496870,11.336354
892,ctgan,1,random,0.125,0.7598153069181577,COMPLETE,2025-03-29 18:01:44.520448,2025-03-29 18:01:56.358366,11.837918
893,ctgan,auto,nearmiss,0.125,0.7994233065016635,COMPLETE,2025-03-29 18:01:56.381530,2025-03-29 18:02:06.611371,10.229841
894,ctgan,auto,random,0,0.8302957919410648,COMPLETE,2025-03-29 18:02:06.626748,2025-03-29 18:02:17.078628,10.45188
895,gaussiancopula,1,condensednn,0.0625,0.718110189461217,COMPLETE,2025-03-29 18:02:17.101147,2025-03-29 18:02:25.464734,8.363587
896,smote,1,onesidedselection,0.5,0.7442952177818234,COMPLETE,2025-03-29 18:02:25.478374,2025-03-29 18:02:34.574327,9.095953
897,smote,0,onesidedselection,0.125,0.8145856661046565,COMPLETE,2025-03-29 18:02:34.599519,2025-03-29 18:02:43.309408,8.709889
898,copulagan,0.25,instancehardness,auto,0.7109619862773654,COMPLETE,2025-03-29 18:02:43.333123,2025-03-29 18:02:55.859233,12.52611
899,gaussiancopula,auto,nearmiss,auto,0.8177270480384667,COMPLETE,2025-03-29 18:02:55.873301,2025-03-29 18:03:07.691386,11.818085
900,tvae,0,onesidedselection,0.25,0.8145856661046565,COMPLETE,2025-03-29 18:03:07.714680,2025-03-29 18:03:16.392525,8.677845
901,tvae,0.5,instancehardness,auto,0.7854833841430398,COMPLETE,2025-03-29 18:03:16.416039,2025-03-29 18:03:28.992664,12.576625
902,tvae,0.25,condensednn,0.125,0.7537101641234796,COMPLETE,2025-03-29 18:03:29.010580,2025-03-29 18:03:37.882428,8.871848
903,random,0.5,nearmiss,0.5,0.8311536381867213,COMPLETE,2025-03-29 18:03:37.917532,2025-03-29 18:03:49.270945,11.353413
904,gaussiancopula,0,condensednn,0.0625,0.6046872437128007,COMPLETE,2025-03-29 18:03:49.295709,2025-03-29 18:03:55.839045,6.543336
905,adasyn,0.5,condensednn,auto,-1.0,COMPLETE,2025-03-29 18:03:55.854216,2025-03-29 18:03:55.927073,0.072857
906,smote,2,nearmiss,0.25,0.7842776712680902,COMPLETE,2025-03-29 18:03:55.940048,2025-03-29 18:04:07.766971,11.826923
907,fastml,1,random,0.0625,0.7832957688664595,COMPLETE,2025-03-29 18:04:07.781206,2025-03-29 18:04:18.542947,10.761741
908,ctgan,1,onesidedselection,0,0.8302957919410648,COMPLETE,2025-03-29 18:04:18.566593,2025-03-29 18:04:29.246887,10.680294
909,fastml,0.5,condensednn,0.125,0.7354233403685049,COMPLETE,2025-03-29 18:04:29.270427,2025-03-29 18:04:37.133109,7.862682
910,gaussiancopula,1,clustercentroid,0.5,0.8130003938195579,COMPLETE,2025-03-29 18:04:37.157442,2025-03-29 18:04:50.139823,12.982381
911,copulagan,0.25,editednn,0.25,0.7193117069444186,COMPLETE,2025-03-29 18:04:50.168921,2025-03-29 18:04:58.167646,7.998725
912,copulagan,1,editednn,0.125,0.7193117069444186,COMPLETE,2025-03-29 18:04:58.196923,2025-03-29 18:05:06.315368,8.118445
913,tvae,2,condensednn,0.5,0.7537101641234796,COMPLETE,2025-03-29 18:05:06.339959,2025-03-29 18:05:15.064692,8.724733
914,ctgan,2,instancehardness,0.0625,0.7782441490453788,COMPLETE,2025-03-29 18:05:15.089296,2025-03-29 18:05:26.448369,11.359073
915,fastml,2,random,auto,0.7832957688664595,COMPLETE,2025-03-29 18:05:26.471536,2025-03-29 18:05:37.085555,10.614019
916,random,auto,condensednn,0.0625,0.764847388838482,COMPLETE,2025-03-29 18:05:37.109166,2025-03-29 18:05:44.958676,7.84951
917,random,1,tomeklinks,0.0625,0.7885046901945817,COMPLETE,2025-03-29 18:05:44.982925,2025-03-29 18:05:54.343627,9.360702
918,ctgan,2,tomeklinks,0.25,0.7417472653791874,COMPLETE,2025-03-29 18:05:54.357649,2025-03-29 18:06:03.171536,8.813887
919,random,0.25,nearmiss,auto,0.8311536381867213,COMPLETE,2025-03-29 18:06:03.184822,2025-03-29 18:06:13.987134,10.802312
920,copulagan,2,editednn,0,0.7694685439375929,COMPLETE,2025-03-29 18:06:14.011403,2025-03-29 18:06:24.189844,10.178441
921,fastml,auto,nearmiss,0.25,0.8292455911829185,COMPLETE,2025-03-29 18:06:24.213818,2025-03-29 18:06:35.541392,11.327574
922,ctgan,1,random,0,0.8302957919410648,COMPLETE,2025-03-29 18:06:35.556819,2025-03-29 18:06:46.105108,10.548289
923,random,auto,onesidedselection,auto,0.7997081741787624,COMPLETE,2025-03-29 18:06:46.128414,2025-03-29 18:06:55.552078,9.423664
924,ctgan,1,editednn,0.0625,0.7014190188143578,COMPLETE,2025-03-29 18:06:55.570611,2025-03-29 18:07:02.856812,7.286201
925,tvae,1,random,auto,0.8029873404004259,COMPLETE,2025-03-29 18:07:02.871241,2025-03-29 18:07:15.884828,13.013587
926,gaussiancopula,0.5,condensednn,auto,0.718110189461217,COMPLETE,2025-03-29 18:07:15.908996,2025-03-29 18:07:24.348832,8.439836
927,tvae,2,condensednn,0,0.7729649486430071,COMPLETE,2025-03-29 18:07:24.362793,2025-03-29 18:07:35.008029,10.645236
928,ctgan,0.25,instancehardness,0.0625,0.7782441490453788,COMPLETE,2025-03-29 18:07:35.031340,2025-03-29 18:07:46.639141,11.607801
929,gaussiancopula,2,condensednn,0.125,0.718110189461217,COMPLETE,2025-03-29 18:07:46.662800,2025-03-29 18:07:55.192849,8.530049
930,tvae,0,tomeklinks,0.25,0.8106420236121931,COMPLETE,2025-03-29 18:07:55.207385,2025-03-29 18:08:03.523718,8.316333
931,smote,auto,instancehardness,0.5,0.7420406460456523,COMPLETE,2025-03-29 18:08:03.537382,2025-03-29 18:08:14.009128,10.471746
932,gaussiancopula,1,condensednn,auto,0.718110189461217,COMPLETE,2025-03-29 18:08:14.037167,2025-03-29 18:08:22.542720,8.505553
933,copulagan,0.5,tomeklinks,0.125,0.7836642273347322,COMPLETE,2025-03-29 18:08:22.572279,2025-03-29 18:08:32.194848,9.622569
934,copulagan,0.25,nearmiss,0,0.7694685439375929,COMPLETE,2025-03-29 18:08:32.223898,2025-03-29 18:08:42.338100,10.114202
935,tvae,0,onesidedselection,auto,0.8145856661046565,COMPLETE,2025-03-29 18:08:42.362163,2025-03-29 18:08:50.932544,8.570381
936,smote,2,tomeklinks,0.125,0.8021280045174569,COMPLETE,2025-03-29 18:08:50.957411,2025-03-29 18:09:00.217560,9.260149
937,smote,0.5,instancehardness,0.125,0.7420406460456523,COMPLETE,2025-03-29 18:09:00.242000,2025-03-29 18:09:10.686878,10.444878
938,adasyn,0.25,editednn,0.0625,-1.0,COMPLETE,2025-03-29 18:09:10.700127,2025-03-29 18:09:10.774717,0.07459
939,ctgan,0,random,0.125,0.7113235120907087,COMPLETE,2025-03-29 18:09:10.787735,2025-03-29 18:09:20.565875,9.77814
940,adasyn,2,clustercentroid,auto,-1.0,COMPLETE,2025-03-29 18:09:20.589870,2025-03-29 18:09:20.668172,0.078302
941,copulagan,0.5,tomeklinks,auto,0.7836642273347322,COMPLETE,2025-03-29 18:09:20.681553,2025-03-29 18:09:30.366636,9.685083
942,fastml,auto,random,0.25,0.7832957688664595,COMPLETE,2025-03-29 18:09:30.386606,2025-03-29 18:09:41.064857,10.678251
943,adasyn,2,onesidedselection,0.5,-1.0,COMPLETE,2025-03-29 18:09:41.088488,2025-03-29 18:09:41.163878,0.07539
944,gaussiancopula,1,tomeklinks,auto,0.7388116091110345,COMPLETE,2025-03-29 18:09:41.177975,2025-03-29 18:09:49.917272,8.739297
945,smote,0,clustercentroid,0.5,0.7713935923059568,COMPLETE,2025-03-29 18:09:49.931360,2025-03-29 18:09:59.569978,9.638618
946,gaussiancopula,0,nearmiss,0.5,0.8261824381926683,COMPLETE,2025-03-29 18:09:59.594744,2025-03-29 18:10:08.955668,9.360924
947,random,0,tomeklinks,0.25,0.8106420236121931,COMPLETE,2025-03-29 18:10:08.980159,2025-03-29 18:10:17.087542,8.107383
948,random,0.25,onesidedselection,0,0.8501211295328943,COMPLETE,2025-03-29 18:10:17.112725,2025-03-29 18:10:27.575916,10.463191
949,smote,2,onesidedselection,0.25,0.7442952177818234,COMPLETE,2025-03-29 18:10:27.600409,2025-03-29 18:10:37.022186,9.421777
950,gaussiancopula,1,random,0.25,0.8162475007892245,COMPLETE,2025-03-29 18:10:37.047016,2025-03-29 18:10:48.827540,11.780524
951,adasyn,0.5,editednn,0.25,-1.0,COMPLETE,2025-03-29 18:10:48.841184,2025-03-29 18:10:48.917129,0.075945
952,fastml,0.5,nearmiss,auto,0.8292455911829185,COMPLETE,2025-03-29 18:10:48.930372,2025-03-29 18:11:00.918869,11.988497
953,adasyn,0.25,tomeklinks,0,-1.0,COMPLETE,2025-03-29 18:11:00.943130,2025-03-29 18:11:01.017168,0.074038
954,adasyn,1,random,0.0625,-1.0,COMPLETE,2025-03-29 18:11:01.032025,2025-03-29 18:11:01.107800,0.075775
955,ctgan,0.25,nearmiss,0.125,0.7994233065016635,COMPLETE,2025-03-29 18:11:01.122434,2025-03-29 18:11:11.364254,10.24182
956,adasyn,0.5,instancehardness,0.125,-1.0,COMPLETE,2025-03-29 18:11:11.390185,2025-03-29 18:11:11.465112,0.074927
957,fastml,0,random,0.5,0.7113235120907087,COMPLETE,2025-03-29 18:11:11.479337,2025-03-29 18:11:21.280242,9.800905
958,tvae,auto,tomeklinks,0.25,0.7290738343974288,COMPLETE,2025-03-29 18:11:21.304235,2025-03-29 18:11:31.235014,9.930779
959,smote,1,clustercentroid,0,0.8031668039219165,COMPLETE,2025-03-29 18:11:31.259775,2025-03-29 18:11:41.308648,10.048873
960,random,0.25,onesidedselection,auto,0.7997081741787624,COMPLETE,2025-03-29 18:11:41.332977,2025-03-29 18:11:50.724898,9.391921
961,tvae,2,editednn,0.125,0.6930653400462047,COMPLETE,2025-03-29 18:11:50.748052,2025-03-29 18:11:58.241307,7.493255
962,smote,2,instancehardness,0.25,0.7420406460456523,COMPLETE,2025-03-29 18:11:58.264571,2025-03-29 18:12:09.119127,10.854556
963,copulagan,0.5,nearmiss,0.5,0.7577816279768611,COMPLETE,2025-03-29 18:12:09.142152,2025-03-29 18:12:20.190808,11.048656
964,smote,0.5,instancehardness,auto,0.7420406460456523,COMPLETE,2025-03-29 18:12:20.204570,2025-03-29 18:12:30.975577,10.771007
965,fastml,1,tomeklinks,0.25,0.8189820072173013,COMPLETE,2025-03-29 18:12:31.011900,2025-03-29 18:12:40.095705,9.083805
966,tvae,0.5,condensednn,0.5,0.7537101641234796,COMPLETE,2025-03-29 18:12:40.110259,2025-03-29 18:12:48.714410,8.604151
967,ctgan,1,clustercentroid,auto,0.817772055470615,COMPLETE,2025-03-29 18:12:48.739510,2025-03-29 18:13:01.909594,13.170084
968,ctgan,1,condensednn,0.125,0.6856216672517259,COMPLETE,2025-03-29 18:13:01.934411,2025-03-29 18:13:09.652134,7.717723
969,ctgan,0.5,instancehardness,0,0.8302957919410648,COMPLETE,2025-03-29 18:13:09.679366,2025-03-29 18:13:20.306881,10.627515
970,smote,1,onesidedselection,auto,0.7442952177818234,COMPLETE,2025-03-29 18:13:20.330707,2025-03-29 18:13:29.335463,9.004756
971,smote,2,editednn,0.125,0.6971297649494581,COMPLETE,2025-03-29 18:13:29.359259,2025-03-29 18:13:36.002950,6.643691
972,tvae,0,nearmiss,auto,0.8261824381926683,COMPLETE,2025-03-29 18:13:36.027395,2025-03-29 18:13:45.168044,9.140649
973,smote,1,editednn,0,0.8031668039219165,COMPLETE,2025-03-29 18:13:45.192334,2025-03-29 18:13:55.262726,10.070392
974,fastml,1,instancehardness,0,0.7655436586619666,COMPLETE,2025-03-29 18:13:55.276205,2025-03-29 18:14:05.933160,10.656955
975,smote,0.25,random,0.5,0.7725855759746558,COMPLETE,2025-03-29 18:14:05.952713,2025-03-29 18:14:17.254370,11.301657
976,copulagan,0,onesidedselection,0.25,0.8145856661046565,COMPLETE,2025-03-29 18:14:17.278515,2025-03-29 18:14:25.817810,8.539295
977,gaussiancopula,auto,onesidedselection,0.0625,0.8402321388325446,COMPLETE,2025-03-29 18:14:25.841966,2025-03-29 18:14:35.157867,9.315901
978,adasyn,1,onesidedselection,0.5,-1.0,COMPLETE,2025-03-29 18:14:35.173069,2025-03-29 18:14:35.248984,0.075915
979,random,0.5,onesidedselection,0.125,0.7997081741787624,COMPLETE,2025-03-29 18:14:35.263114,2025-03-29 18:14:44.583435,9.320321
980,ctgan,1,condensednn,0.0625,0.6856216672517259,COMPLETE,2025-03-29 18:14:44.607239,2025-03-29 18:14:52.828566,8.221327
981,copulagan,auto,tomeklinks,auto,0.7836642273347322,COMPLETE,2025-03-29 18:14:52.853116,2025-03-29 18:15:02.729095,9.875979
982,tvae,0.5,condensednn,0,0.7729649486430071,COMPLETE,2025-03-29 18:15:02.744350,2025-03-29 18:15:13.100440,10.35609
983,random,0,nearmiss,auto,0.8261824381926683,COMPLETE,2025-03-29 18:15:13.125933,2025-03-29 18:15:22.520768,9.394835
984,fastml,0,nearmiss,0.0625,0.8261824381926683,COMPLETE,2025-03-29 18:15:22.544658,2025-03-29 18:15:31.350710,8.806052
985,random,0.5,random,auto,0.786526759244812,COMPLETE,2025-03-29 18:15:31.375545,2025-03-29 18:15:42.353431,10.977886
986,ctgan,0.5,editednn,0.5,0.7014190188143578,COMPLETE,2025-03-29 18:15:42.378654,2025-03-29 18:15:49.836918,7.458264
987,fastml,2,tomeklinks,0.0625,0.8189820072173013,COMPLETE,2025-03-29 18:15:49.866124,2025-03-29 18:15:59.241724,9.3756
988,fastml,0.25,random,0.125,0.7832957688664595,COMPLETE,2025-03-29 18:15:59.266133,2025-03-29 18:16:10.109141,10.843008
989,adasyn,0,onesidedselection,0.0625,0.8145856661046565,COMPLETE,2025-03-29 18:16:10.133083,2025-03-29 18:16:18.810601,8.677518
990,fastml,0,instancehardness,0.25,0.816446228697218,COMPLETE,2025-03-29 18:16:18.835351,2025-03-29 18:16:30.531805,11.696454
991,tvae,auto,onesidedselection,0,0.7729649486430071,COMPLETE,2025-03-29 18:16:30.555783,2025-03-29 18:16:41.132605,10.576822
992,fastml,0.25,condensednn,0.25,0.7354233403685049,COMPLETE,2025-03-29 18:16:41.155195,2025-03-29 18:16:48.968395,7.8132
993,gaussiancopula,auto,random,auto,0.8162475007892245,COMPLETE,2025-03-29 18:16:48.992508,2025-03-29 18:17:00.264259,11.271751
994,fastml,0.25,editednn,0.125,0.6027242045716767,COMPLETE,2025-03-29 18:17:00.287623,2025-03-29 18:17:08.292148,8.004525
995,random,2,instancehardness,0,0.8501211295328943,COMPLETE,2025-03-29 18:17:08.315782,2025-03-29 18:17:18.570398,10.254616
996,fastml,auto,tomeklinks,0.0625,0.8189820072173013,COMPLETE,2025-03-29 18:17:18.594516,2025-03-29 18:17:27.683727,9.089211
997,adasyn,0,clustercentroid,0,-1.0,ERROR,,,0.0
998,ctgan,0,condensednn,0.25,0.6046872437128007,COMPLETE,2025-03-29 18:17:38.502540,2025-03-29 18:17:44.934796,6.432256
999,smote,0.25,editednn,0,0.8031668039219165,COMPLETE,2025-03-29 18:17:44.950805,2025-03-29 18:17:54.766696,9.815891
1000,smote,0,condensednn,auto,0.6046872437128007,COMPLETE,2025-03-29 18:17:54.795834,2025-03-29 18:18:01.375733,6.579899
1001,adasyn,0.5,random,auto,-1.0,COMPLETE,2025-03-29 18:18:01.399717,2025-03-29 18:18:01.475879,0.076162
1002,fastml,auto,random,auto,0.7832957688664595,COMPLETE,2025-03-29 18:18:01.489610,2025-03-29 18:18:12.051433,10.561823
1003,gaussiancopula,2,editednn,0.5,0.7508349577159428,COMPLETE,2025-03-29 18:18:12.074368,2025-03-29 18:18:19.605274,7.530906
1004,adasyn,0.25,random,0,-1.0,COMPLETE,2025-03-29 18:18:19.629062,2025-03-29 18:18:19.702735,0.073673
1005,copulagan,0.5,editednn,auto,0.7193117069444186,COMPLETE,2025-03-29 18:18:19.716214,2025-03-29 18:18:27.601264,7.88505
1006,tvae,2,tomeklinks,0.125,0.7290738343974288,COMPLETE,2025-03-29 18:18:27.630453,2025-03-29 18:18:37.396912,9.766459
1007,ctgan,0.25,clustercentroid,0.5,0.817772055470615,COMPLETE,2025-03-29 18:18:37.422276,2025-03-29 18:18:50.874063,13.451787
1008,adasyn,0.5,nearmiss,0.125,-1.0,COMPLETE,2025-03-29 18:18:50.897927,2025-03-29 18:18:50.971541,0.073614
1009,adasyn,auto,instancehardness,0.25,-1.0,COMPLETE,2025-03-29 18:18:50.984611,2025-03-29 18:18:51.062502,0.077891
1010,random,2,editednn,0,0.8501211295328943,COMPLETE,2025-03-29 18:18:51.075127,2025-03-29 18:19:01.313872,10.238745
1011,smote,2,instancehardness,auto,0.7420406460456523,COMPLETE,2025-03-29 18:19:01.338163,2025-03-29 18:19:12.409643,11.07148
1012,smote,1,nearmiss,0,0.8031668039219165,COMPLETE,2025-03-29 18:19:12.433897,2025-03-29 18:19:22.381301,9.947404
1013,gaussiancopula,2,tomeklinks,0.5,0.7388116091110345,COMPLETE,2025-03-29 18:19:22.404880,2025-03-29 18:19:31.006809,8.601929
1014,adasyn,1,instancehardness,0.25,-1.0,COMPLETE,2025-03-29 18:19:31.021219,2025-03-29 18:19:31.096599,0.07538
1015,smote,0,onesidedselection,0.25,0.8145856661046565,COMPLETE,2025-03-29 18:19:31.110119,2025-03-29 18:19:39.598348,8.488229
1016,random,0.25,random,0.0625,0.786526759244812,COMPLETE,2025-03-29 18:19:39.622475,2025-03-29 18:19:49.862533,10.240058
1017,copulagan,0.25,condensednn,0.5,0.7106211998941325,COMPLETE,2025-03-29 18:19:49.886937,2025-03-29 18:19:58.742749,8.855812
1018,copulagan,1,condensednn,0.5,0.7106211998941325,COMPLETE,2025-03-29 18:19:58.761776,2025-03-29 18:20:07.667776,8.906
1019,smote,auto,editednn,0.0625,0.6971297649494581,COMPLETE,2025-03-29 18:20:07.692537,2025-03-29 18:20:14.265045,6.572508
1020,smote,0,tomeklinks,auto,0.8106420236121931,COMPLETE,2025-03-29 18:20:14.293721,2025-03-29 18:20:22.256556,7.962835
1021,tvae,2,random,0.25,0.8029873404004259,COMPLETE,2025-03-29 18:20:22.280746,2025-03-29 18:20:35.579527,13.298781
1022,random,0,instancehardness,0.25,0.816446228697218,COMPLETE,2025-03-29 18:20:35.604784,2025-03-29 18:20:47.726815,12.122031
1023,random,0.5,instancehardness,0.0625,0.7895467277820218,COMPLETE,2025-03-29 18:20:47.751197,2025-03-29 18:20:59.752227,12.00103
1024,ctgan,2,condensednn,auto,0.6856216672517259,COMPLETE,2025-03-29 18:20:59.766896,2025-03-29 18:21:07.755243,7.988347
1025,fastml,2,tomeklinks,0,0.7655436586619666,COMPLETE,2025-03-29 18:21:07.779528,2025-03-29 18:21:18.332048,10.55252
1026,ctgan,auto,tomeklinks,0.125,0.7417472653791874,COMPLETE,2025-03-29 18:21:18.357398,2025-03-29 18:21:27.463490,9.106092
1027,adasyn,0,instancehardness,0.25,0.816446228697218,COMPLETE,2025-03-29 18:21:27.488820,2025-03-29 18:21:39.269740,11.78092
1028,fastml,auto,onesidedselection,0.125,0.8129974458686009,COMPLETE,2025-03-29 18:21:39.296233,2025-03-29 18:21:48.348955,9.052722
1029,adasyn,2,instancehardness,0,-1.0,COMPLETE,2025-03-29 18:21:48.373241,2025-03-29 18:21:48.446444,0.073203
1030,copulagan,0.25,instancehardness,0.125,0.7109619862773654,COMPLETE,2025-03-29 18:21:48.459818,2025-03-29 18:22:01.119218,12.6594
1031,smote,1,onesidedselection,0.0625,0.7442952177818234,COMPLETE,2025-03-29 18:22:01.132854,2025-03-29 18:22:10.239449,9.106595
1032,adasyn,2,editednn,0.125,-1.0,COMPLETE,2025-03-29 18:22:10.253822,2025-03-29 18:22:10.328847,0.075025
1033,tvae,1,nearmiss,0.5,0.8535353923282728,COMPLETE,2025-03-29 18:22:10.341980,2025-03-29 18:22:21.558461,11.216481
1034,smote,0,onesidedselection,0,-1.0,ERROR,,,0.0
1035,gaussiancopula,0.5,tomeklinks,0.0625,0.7388116091110345,COMPLETE,2025-03-29 18:22:32.412711,2025-03-29 18:22:41.202839,8.790128
1036,smote,0.25,random,0.0625,0.7725855759746558,COMPLETE,2025-03-29 18:22:41.221050,2025-03-29 18:22:52.154677,10.933627
1037,smote,0.5,clustercentroid,auto,0.8176119647856219,COMPLETE,2025-03-29 18:22:52.196811,2025-03-29 18:23:02.933495,10.736684
1038,ctgan,1,editednn,0.125,0.7014190188143578,COMPLETE,2025-03-29 18:23:02.957034,2025-03-29 18:23:10.214464,7.25743
1039,ctgan,0,nearmiss,0.0625,0.8261824381926683,COMPLETE,2025-03-29 18:23:10.238304,2025-03-29 18:23:19.183057,8.944753
1040,gaussiancopula,0,onesidedselection,0,-1.0,ERROR,,,0.0
1041,adasyn,0.5,condensednn,0.5,-1.0,COMPLETE,2025-03-29 18:23:30.201776,2025-03-29 18:23:30.278570,0.076794
1042,copulagan,auto,editednn,0.0625,0.7193117069444186,COMPLETE,2025-03-29 18:23:30.291981,2025-03-29 18:23:38.444123,8.152142
1043,adasyn,auto,editednn,auto,-1.0,COMPLETE,2025-03-29 18:23:38.469755,2025-03-29 18:23:38.546324,0.076569
1044,smote,1,random,0.25,0.7725855759746558,COMPLETE,2025-03-29 18:23:38.561566,2025-03-29 18:23:49.588952,11.027386
1045,copulagan,0.25,tomeklinks,0.5,0.7836642273347322,COMPLETE,2025-03-29 18:23:49.612520,2025-03-29 18:23:59.212537,9.600017
1046,tvae,auto,clustercentroid,0,0.7729649486430071,COMPLETE,2025-03-29 18:23:59.236181,2025-03-29 18:24:09.667574,10.431393
1047,smote,0,editednn,0.25,0.6570439510152107,COMPLETE,2025-03-29 18:24:09.692656,2025-03-29 18:24:16.420630,6.727974
1048,adasyn,0.5,instancehardness,0.25,-1.0,COMPLETE,2025-03-29 18:24:16.444103,2025-03-29 18:24:16.518891,0.074788
1049,adasyn,2,random,0.5,-1.0,COMPLETE,2025-03-29 18:24:16.531948,2025-03-29 18:24:16.605106,0.073158
1050,smote,2,condensednn,0.0625,0.7754168660676761,COMPLETE,2025-03-29 18:24:16.618244,2025-03-29 18:24:25.174734,8.55649
1051,fastml,0.25,random,0.25,0.7832957688664595,COMPLETE,2025-03-29 18:24:25.198535,2025-03-29 18:24:35.812184,10.613649
1052,copulagan,2,onesidedselection,0,0.7694685439375929,COMPLETE,2025-03-29 18:24:35.835623,2025-03-29 18:24:46.052505,10.216882
1053,fastml,0,editednn,0.0625,0.6570439510152107,COMPLETE,2025-03-29 18:24:46.077381,2025-03-29 18:24:52.866355,6.788974
1054,fastml,auto,condensednn,0.5,0.7354233403685049,COMPLETE,2025-03-29 18:24:52.889447,2025-03-29 18:25:00.870974,7.981527
1055,random,2,clustercentroid,0.5,0.8252368888666506,COMPLETE,2025-03-29 18:25:00.886177,2025-03-29 18:25:13.386231,12.500054
1056,gaussiancopula,0,clustercentroid,0.0625,0.7713935923059568,COMPLETE,2025-03-29 18:25:13.409472,2025-03-29 18:25:23.106339,9.696867
1057,gaussiancopula,2,clustercentroid,0.125,0.8130003938195579,COMPLETE,2025-03-29 18:25:23.130726,2025-03-29 18:25:36.100341,12.969615
1058,ctgan,0.25,condensednn,auto,0.6856216672517259,COMPLETE,2025-03-29 18:25:36.124278,2025-03-29 18:25:43.997420,7.873142
1059,smote,1,editednn,0.0625,0.6971297649494581,COMPLETE,2025-03-29 18:25:44.022399,2025-03-29 18:25:50.871845,6.849446
1060,tvae,0.25,nearmiss,0,0.7729649486430071,COMPLETE,2025-03-29 18:25:50.895154,2025-03-29 18:26:01.466979,10.571825
1061,gaussiancopula,0,random,0.5,0.7113235120907087,COMPLETE,2025-03-29 18:26:01.481956,2025-03-29 18:26:11.509965,10.028009
1062,ctgan,0.25,editednn,0.5,0.7014190188143578,COMPLETE,2025-03-29 18:26:11.534223,2025-03-29 18:26:18.863662,7.329439
1063,copulagan,0.5,instancehardness,0,0.7694685439375929,COMPLETE,2025-03-29 18:26:18.888629,2025-03-29 18:26:29.174792,10.286163
1064,random,0.25,condensednn,0.25,0.764847388838482,COMPLETE,2025-03-29 18:26:29.200558,2025-03-29 18:26:37.120483,7.919925
1065,tvae,1,instancehardness,0,0.7729649486430071,COMPLETE,2025-03-29 18:26:37.144247,2025-03-29 18:26:47.757649,10.613402
1066,ctgan,0,condensednn,0,-1.0,ERROR,,,0.0
1067,copulagan,auto,tomeklinks,0.125,0.7836642273347322,COMPLETE,2025-03-29 18:26:58.678428,2025-03-29 18:27:08.434586,9.756158
1068,tvae,0.25,tomeklinks,0,0.7729649486430071,COMPLETE,2025-03-29 18:27:08.459264,2025-03-29 18:27:18.824242,10.364978
1069,gaussiancopula,1,instancehardness,auto,0.7779200348215397,COMPLETE,2025-03-29 18:27:18.849641,2025-03-29 18:27:30.063656,11.214015
1070,tvae,0.5,random,0.5,0.8029873404004259,COMPLETE,2025-03-29 18:27:30.088971,2025-03-29 18:27:43.243447,13.154476
1071,random,1,onesidedselection,auto,0.7997081741787624,COMPLETE,2025-03-29 18:27:43.259173,2025-03-29 18:27:52.810417,9.551244
1072,copulagan,auto,onesidedselection,0,0.7694685439375929,COMPLETE,2025-03-29 18:27:52.834076,2025-03-29 18:28:03.022876,10.1888
1073,tvae,2,random,0.5,0.8029873404004259,COMPLETE,2025-03-29 18:28:03.046728,2025-03-29 18:28:16.176562,13.129834
1074,random,1,clustercentroid,0,0.8501211295328943,COMPLETE,2025-03-29 18:28:16.196111,2025-03-29 18:28:26.410952,10.214841
1075,ctgan,0,tomeklinks,0,-1.0,ERROR,,,0.0
1076,tvae,0,condensednn,0.125,0.6046872437128007,COMPLETE,2025-03-29 18:28:37.130705,2025-03-29 18:28:43.505092,6.374387
1077,tvae,0.25,random,0.25,0.8029873404004259,COMPLETE,2025-03-29 18:28:43.528727,2025-03-29 18:28:56.605786,13.077059
1078,tvae,auto,tomeklinks,0.0625,0.7290738343974288,COMPLETE,2025-03-29 18:28:56.630090,2025-03-29 18:29:06.470855,9.840765
1079,tvae,1,instancehardness,0.25,0.7854833841430398,COMPLETE,2025-03-29 18:29:06.494164,2025-03-29 18:29:19.311055,12.816891
1080,fastml,0.5,tomeklinks,0.5,0.8189820072173013,COMPLETE,2025-03-29 18:29:19.333749,2025-03-29 18:29:28.283221,8.949472
1081,adasyn,2,tomeklinks,0.0625,-1.0,COMPLETE,2025-03-29 18:29:28.307080,2025-03-29 18:29:28.385850,0.07877
1082,adasyn,auto,onesidedselection,0.5,-1.0,COMPLETE,2025-03-29 18:29:28.399287,2025-03-29 18:29:28.474749,0.075462
1083,adasyn,0,random,0,-1.0,ERROR,,,0.0
1084,random,2,tomeklinks,0.125,0.7885046901945817,COMPLETE,2025-03-29 18:29:39.199324,2025-03-29 18:29:48.632253,9.432929
1085,fastml,0,condensednn,0.5,0.6046872437128007,COMPLETE,2025-03-29 18:29:48.655396,2025-03-29 18:29:55.184131,6.528735
1086,smote,auto,editednn,0.5,0.6971297649494581,COMPLETE,2025-03-29 18:29:55.208228,2025-03-29 18:30:02.381640,7.173412
1087,tvae,0.25,tomeklinks,0.25,0.7290738343974288,COMPLETE,2025-03-29 18:30:02.405687,2025-03-29 18:30:12.273308,9.867621
1088,copulagan,1,nearmiss,0.0625,0.7577816279768611,COMPLETE,2025-03-29 18:30:12.298404,2025-03-29 18:30:23.104537,10.806133
1089,random,0.25,tomeklinks,0,0.8501211295328943,COMPLETE,2025-03-29 18:30:23.128354,2025-03-29 18:30:33.092809,9.964455
1090,adasyn,2,editednn,auto,-1.0,COMPLETE,2025-03-29 18:30:33.117019,2025-03-29 18:30:33.193587,0.076568
1091,gaussiancopula,0.25,clustercentroid,auto,0.8130003938195579,COMPLETE,2025-03-29 18:30:33.206113,2025-03-29 18:30:45.996967,12.790854
1092,adasyn,0.5,clustercentroid,0.5,-1.0,COMPLETE,2025-03-29 18:30:46.017072,2025-03-29 18:30:46.098921,0.081849
1093,smote,0,instancehardness,auto,0.816446228697218,COMPLETE,2025-03-29 18:30:46.112894,2025-03-29 18:30:58.014517,11.901623
1094,smote,1,nearmiss,auto,0.7842776712680902,COMPLETE,2025-03-29 18:30:58.029018,2025-03-29 18:31:09.850283,11.821265
1095,smote,0.25,editednn,0.0625,0.6971297649494581,COMPLETE,2025-03-29 18:31:09.874413,2025-03-29 18:31:16.643850,6.769437
1096,copulagan,0.5,condensednn,0.25,0.7106211998941325,COMPLETE,2025-03-29 18:31:16.657745,2025-03-29 18:31:25.671723,9.013978
1097,fastml,2,instancehardness,0,0.7655436586619666,COMPLETE,2025-03-29 18:31:25.696640,2025-03-29 18:31:36.209483,10.512843
1098,copulagan,1,tomeklinks,0.25,0.7836642273347322,COMPLETE,2025-03-29 18:31:36.233420,2025-03-29 18:31:46.035177,9.801757
1099,fastml,0.5,instancehardness,0.125,0.7653386691376887,COMPLETE,2025-03-29 18:31:46.059400,2025-03-29 18:31:57.110475,11.051075
1100,fastml,0.25,random,0.5,0.7832957688664595,COMPLETE,2025-03-29 18:31:57.135760,2025-03-29 18:32:08.206131,11.070371
1101,adasyn,0,clustercentroid,0.25,0.7713935923059568,COMPLETE,2025-03-29 18:32:08.230436,2025-03-29 18:32:18.004122,9.773686
1102,tvae,1,clustercentroid,0.25,0.7731140780966501,COMPLETE,2025-03-29 18:32:18.028640,2025-03-29 18:32:29.325394,11.296754
1103,fastml,0,random,0.125,0.7113235120907087,COMPLETE,2025-03-29 18:32:29.349953,2025-03-29 18:32:39.359502,10.009549
1104,ctgan,1,editednn,0.25,0.7014190188143578,COMPLETE,2025-03-29 18:32:39.383786,2025-03-29 18:32:46.756118,7.372332
1105,fastml,1,nearmiss,0,0.7655436586619666,COMPLETE,2025-03-29 18:32:46.778895,2025-03-29 18:32:57.147576,10.368681
1106,smote,0.25,onesidedselection,0.125,0.7442952177818234,COMPLETE,2025-03-29 18:32:57.171684,2025-03-29 18:33:06.298066,9.126382
1107,fastml,2,tomeklinks,0.125,0.8189820072173013,COMPLETE,2025-03-29 18:33:06.330613,2025-03-29 18:33:15.536860,9.206247
1108,smote,0,random,0.125,0.7113235120907087,COMPLETE,2025-03-29 18:33:15.561223,2025-03-29 18:33:25.345083,9.78386
1109,smote,auto,tomeklinks,auto,0.8021280045174569,COMPLETE,2025-03-29 18:33:25.369644,2025-03-29 18:33:34.652321,9.282677
1110,gaussiancopula,0.25,onesidedselection,0.25,0.8402321388325446,COMPLETE,2025-03-29 18:33:34.677124,2025-03-29 18:33:44.284840,9.607716
1111,smote,0.5,random,auto,0.7725855759746558,COMPLETE,2025-03-29 18:33:44.299973,2025-03-29 18:33:55.563899,11.263926
1112,gaussiancopula,0,tomeklinks,0.125,0.8106420236121931,COMPLETE,2025-03-29 18:33:55.588160,2025-03-29 18:34:03.811976,8.223816
1113,smote,0,clustercentroid,0.25,0.7713935923059568,COMPLETE,2025-03-29 18:34:03.836910,2025-03-29 18:34:13.715934,9.879024
1114,copulagan,0.25,instancehardness,0.25,0.7109619862773654,COMPLETE,2025-03-29 18:34:13.741694,2025-03-29 18:34:27.102660,13.360966
1115,fastml,0,nearmiss,0.5,0.8261824381926683,COMPLETE,2025-03-29 18:34:27.118244,2025-03-29 18:34:36.394760,9.276516
1116,adasyn,0.25,random,0.5,-1.0,COMPLETE,2025-03-29 18:34:36.419302,2025-03-29 18:34:36.497350,0.078048
1117,copulagan,0.5,random,0.0625,0.790953418553617,COMPLETE,2025-03-29 18:34:36.511727,2025-03-29 18:34:48.353743,11.842016
1118,copulagan,auto,nearmiss,0,0.7694685439375929,COMPLETE,2025-03-29 18:34:48.378182,2025-03-29 18:34:58.869037,10.490855
1119,fastml,auto,tomeklinks,0,0.7655436586619666,COMPLETE,2025-03-29 18:34:58.893277,2025-03-29 18:35:09.623639,10.730362
1120,ctgan,0.5,tomeklinks,0.25,0.7417472653791874,COMPLETE,2025-03-29 18:35:09.647152,2025-03-29 18:35:18.712802,9.06565
1121,gaussiancopula,0.5,condensednn,0.5,0.718110189461217,COMPLETE,2025-03-29 18:35:18.736978,2025-03-29 18:35:27.309170,8.572192
1122,smote,1,nearmiss,0.0625,0.7842776712680902,COMPLETE,2025-03-29 18:35:27.334285,2025-03-29 18:35:39.185547,11.851262
1123,adasyn,0.5,condensednn,0.0625,-1.0,COMPLETE,2025-03-29 18:35:39.209534,2025-03-29 18:35:39.286911,0.077377
1124,gaussiancopula,auto,editednn,0.0625,0.7508349577159428,COMPLETE,2025-03-29 18:35:39.301922,2025-03-29 18:35:47.039485,7.737563
1125,copulagan,2,onesidedselection,0.125,0.8118367096054723,COMPLETE,2025-03-29 18:35:47.054445,2025-03-29 18:35:57.512538,10.458093
1126,smote,2,instancehardness,0.0625,0.7420406460456523,COMPLETE,2025-03-29 18:35:57.526381,2025-03-29 18:36:08.304267,10.777886
1127,ctgan,0.5,tomeklinks,auto,0.7417472653791874,COMPLETE,2025-03-29 18:36:08.327937,2025-03-29 18:36:17.581401,9.253464
1128,adasyn,2,onesidedselection,0.25,-1.0,COMPLETE,2025-03-29 18:36:17.610649,2025-03-29 18:36:17.686147,0.075498
1129,ctgan,2,onesidedselection,0.25,0.8277893045653577,COMPLETE,2025-03-29 18:36:17.700567,2025-03-29 18:36:27.339361,9.638794
1130,copulagan,auto,tomeklinks,0.25,0.7836642273347322,COMPLETE,2025-03-29 18:36:27.360995,2025-03-29 18:36:37.491138,10.130143
1131,fastml,auto,tomeklinks,auto,0.8189820072173013,COMPLETE,2025-03-29 18:36:37.515712,2025-03-29 18:36:46.980819,9.465107
1132,ctgan,1,instancehardness,0.0625,0.7782441490453788,COMPLETE,2025-03-29 18:36:47.004978,2025-03-29 18:36:58.967944,11.962966
1133,ctgan,auto,nearmiss,0.0625,0.7994233065016635,COMPLETE,2025-03-29 18:36:58.991479,2025-03-29 18:37:09.765514,10.774035
1134,copulagan,0,instancehardness,0.125,0.816446228697218,COMPLETE,2025-03-29 18:37:09.789094,2025-03-29 18:37:21.965256,12.176162
1135,fastml,0.25,instancehardness,0.0625,0.7653386691376887,COMPLETE,2025-03-29 18:37:21.988976,2025-03-29 18:37:33.451479,11.462503
1136,adasyn,1,onesidedselection,auto,-1.0,COMPLETE,2025-03-29 18:37:33.474587,2025-03-29 18:37:33.551996,0.077409
1137,random,0.5,nearmiss,0.0625,0.8311536381867213,COMPLETE,2025-03-29 18:37:33.565464,2025-03-29 18:37:44.727504,11.16204
1138,smote,0.5,random,0.25,0.7725855759746558,COMPLETE,2025-03-29 18:37:44.751552,2025-03-29 18:37:55.921418,11.169866
1139,fastml,2,editednn,0.125,0.6027242045716767,COMPLETE,2025-03-29 18:37:55.945669,2025-03-29 18:38:03.970352,8.024683
1140,fastml,0,random,0.0625,0.7113235120907087,COMPLETE,2025-03-29 18:38:03.996003,2025-03-29 18:38:13.801853,9.80585
1141,tvae,1,editednn,0,0.7729649486430071,COMPLETE,2025-03-29 18:38:13.825613,2025-03-29 18:38:24.456156,10.630543
1142,tvae,auto,instancehardness,0,0.7729649486430071,COMPLETE,2025-03-29 18:38:24.470226,2025-03-29 18:38:35.159494,10.689268
1143,smote,1,onesidedselection,0.125,0.7442952177818234,COMPLETE,2025-03-29 18:38:35.183307,2025-03-29 18:38:44.522006,9.338699
1144,random,1,clustercentroid,0.5,0.8252368888666506,COMPLETE,2025-03-29 18:38:44.546492,2025-03-29 18:38:57.234885,12.688393
1145,ctgan,0,clustercentroid,0.5,0.7713935923059568,COMPLETE,2025-03-29 18:38:57.259353,2025-03-29 18:39:07.240836,9.981483
1146,smote,auto,nearmiss,0.0625,0.7842776712680902,COMPLETE,2025-03-29 18:39:07.265475,2025-03-29 18:39:19.112846,11.847371
1147,fastml,0.5,tomeklinks,auto,0.8189820072173013,COMPLETE,2025-03-29 18:39:19.136843,2025-03-29 18:39:28.405501,9.268658
1148,tvae,auto,onesidedselection,auto,0.8099656204534335,COMPLETE,2025-03-29 18:39:28.431006,2025-03-29 18:39:38.432065,10.001059
1149,random,1,editednn,auto,0.6829269964523792,COMPLETE,2025-03-29 18:39:38.455742,2025-03-29 18:39:45.439511,6.983769
1150,random,0.25,instancehardness,0.25,0.7895467277820218,COMPLETE,2025-03-29 18:39:45.454210,2025-03-29 18:39:57.153645,11.699435
1151,random,0.5,editednn,0.25,0.6829269964523792,COMPLETE,2025-03-29 18:39:57.168724,2025-03-29 18:40:04.167288,6.998564
1152,fastml,2,editednn,0.0625,0.6027242045716767,COMPLETE,2025-03-29 18:40:04.191837,2025-03-29 18:40:12.344052,8.152215
1153,gaussiancopula,auto,editednn,0.25,0.7508349577159428,COMPLETE,2025-03-29 18:40:12.368366,2025-03-29 18:40:20.007509,7.639143
1154,smote,2,random,auto,0.7725855759746558,COMPLETE,2025-03-29 18:40:20.030598,2025-03-29 18:40:31.145183,11.114585
1155,gaussiancopula,2,tomeklinks,0.0625,0.7388116091110345,COMPLETE,2025-03-29 18:40:31.168833,2025-03-29 18:40:40.391728,9.222895
1156,copulagan,0.25,condensednn,0.25,0.7106211998941325,COMPLETE,2025-03-29 18:40:40.414869,2025-03-29 18:40:49.518501,9.103632
1157,copulagan,0,editednn,0,-1.0,ERROR,,,0.0
1158,tvae,1,nearmiss,0.0625,0.8535353923282728,COMPLETE,2025-03-29 18:41:00.523738,2025-03-29 18:41:11.719632,11.195894
1159,tvae,0,editednn,0.5,0.6570439510152107,COMPLETE,2025-03-29 18:41:11.743202,2025-03-29 18:41:18.540855,6.797653
1160,gaussiancopula,0.5,random,0.125,0.8162475007892245,COMPLETE,2025-03-29 18:41:18.564164,2025-03-29 18:41:29.825530,11.261366
1161,adasyn,2,nearmiss,0.5,-1.0,COMPLETE,2025-03-29 18:41:29.849128,2025-03-29 18:41:29.928011,0.078883
1162,gaussiancopula,2,clustercentroid,0,0.8061522907211869,COMPLETE,2025-03-29 18:41:29.940999,2025-03-29 18:41:40.648366,10.707367
1163,fastml,1,onesidedselection,0.125,0.8129974458686009,COMPLETE,2025-03-29 18:41:40.671942,2025-03-29 18:41:49.871002,9.19906
1164,adasyn,auto,condensednn,0.25,-1.0,COMPLETE,2025-03-29 18:41:49.885312,2025-03-29 18:41:49.963423,0.078111
1165,ctgan,1,instancehardness,auto,0.7782441490453788,COMPLETE,2025-03-29 18:41:49.976680,2025-03-29 18:42:01.074051,11.097371
1166,fastml,1,editednn,auto,0.6027242045716767,COMPLETE,2025-03-29 18:42:01.098601,2025-03-29 18:42:08.955496,7.856895
1167,ctgan,auto,tomeklinks,0.0625,0.7417472653791874,COMPLETE,2025-03-29 18:42:08.979234,2025-03-29 18:42:17.773656,8.794422
1168,fastml,2,clustercentroid,0.0625,0.8051711830799735,COMPLETE,2025-03-29 18:42:17.798395,2025-03-29 18:42:30.711284,12.912889
1169,adasyn,auto,instancehardness,auto,-1.0,COMPLETE,2025-03-29 18:42:30.735825,2025-03-29 18:42:30.816196,0.080371
1170,tvae,auto,tomeklinks,0.5,0.7290738343974288,COMPLETE,2025-03-29 18:42:30.829358,2025-03-29 18:42:40.794037,9.964679
1171,random,0.5,onesidedselection,0.5,0.7997081741787624,COMPLETE,2025-03-29 18:42:40.818667,2025-03-29 18:42:50.303156,9.484489
1172,tvae,0.5,condensednn,0.25,0.7537101641234796,COMPLETE,2025-03-29 18:42:50.328141,2025-03-29 18:42:58.919634,8.591493
1173,random,0,clustercentroid,0.125,0.7713935923059568,COMPLETE,2025-03-29 18:42:58.943194,2025-03-29 18:43:08.580875,9.637681
1174,gaussiancopula,0,instancehardness,0,-1.0,ERROR,,,0.0
1175,adasyn,auto,clustercentroid,0.125,-1.0,COMPLETE,2025-03-29 18:43:19.209790,2025-03-29 18:43:19.292861,0.083071
1176,smote,0.25,tomeklinks,0.125,0.8021280045174569,COMPLETE,2025-03-29 18:43:19.306215,2025-03-29 18:43:28.521685,9.21547
1177,smote,0,random,0.0625,0.7113235120907087,COMPLETE,2025-03-29 18:43:28.538295,2025-03-29 18:43:38.207281,9.668986
1178,adasyn,0,random,0.25,0.7113235120907087,COMPLETE,2025-03-29 18:43:38.223408,2025-03-29 18:43:47.899681,9.676273
1179,fastml,0.25,condensednn,auto,0.7354233403685049,COMPLETE,2025-03-29 18:43:47.924241,2025-03-29 18:43:55.563538,7.639297
1180,copulagan,0,clustercentroid,0.125,0.7713935923059568,COMPLETE,2025-03-29 18:43:55.587323,2025-03-29 18:44:05.288222,9.700899
1181,fastml,2,onesidedselection,0.125,0.8129974458686009,COMPLETE,2025-03-29 18:44:05.312746,2025-03-29 18:44:14.383214,9.070468
1182,fastml,auto,instancehardness,0.25,0.7653386691376887,COMPLETE,2025-03-29 18:44:14.406576,2025-03-29 18:44:25.566525,11.159949
1183,ctgan,0.5,clustercentroid,0,0.8302957919410648,COMPLETE,2025-03-29 18:44:25.590402,2025-03-29 18:44:36.080505,10.490103
1184,adasyn,auto,clustercentroid,0.5,-1.0,COMPLETE,2025-03-29 18:44:36.104643,2025-03-29 18:44:36.185164,0.080521
1185,random,0,onesidedselection,0,-1.0,ERROR,,,0.0
1186,copulagan,0.5,onesidedselection,0.0625,0.8118367096054723,COMPLETE,2025-03-29 18:44:46.955286,2025-03-29 18:44:57.120193,10.164907
1187,copulagan,0.5,onesidedselection,0,0.7694685439375929,COMPLETE,2025-03-29 18:44:57.134776,2025-03-29 18:45:07.248113,10.113337
1188,random,auto,editednn,0.25,0.6829269964523792,COMPLETE,2025-03-29 18:45:07.262666,2025-03-29 18:45:14.117356,6.85469
1189,adasyn,0,onesidedselection,0,-1.0,ERROR,,,0.0
1190,smote,1,condensednn,auto,0.7754168660676761,COMPLETE,2025-03-29 18:45:24.772651,2025-03-29 18:45:32.920779,8.148128
1191,gaussiancopula,2,condensednn,auto,0.718110189461217,COMPLETE,2025-03-29 18:45:32.945182,2025-03-29 18:45:41.294502,8.34932
1192,ctgan,1,onesidedselection,0.0625,0.8277893045653577,COMPLETE,2025-03-29 18:45:41.318462,2025-03-29 18:45:50.546407,9.227945
1193,fastml,0,tomeklinks,0,-1.0,ERROR,,,0.0
1194,fastml,0.5,condensednn,auto,0.7354233403685049,COMPLETE,2025-03-29 18:46:01.320997,2025-03-29 18:46:09.112086,7.791089
1195,smote,0.25,tomeklinks,0,0.8031668039219165,COMPLETE,2025-03-29 18:46:09.136320,2025-03-29 18:46:19.184465,10.048145
1196,smote,auto,editednn,0,0.8031668039219165,COMPLETE,2025-03-29 18:46:19.210283,2025-03-29 18:46:29.236820,10.026537
1197,fastml,0.5,random,0.25,0.7832957688664595,COMPLETE,2025-03-29 18:46:29.260508,2025-03-29 18:46:39.994983,10.734475
1198,adasyn,1,condensednn,0.25,-1.0,COMPLETE,2025-03-29 18:46:40.018243,2025-03-29 18:46:40.100984,0.082741
1199,tvae,0.25,nearmiss,0.0625,0.8535353923282728,COMPLETE,2025-03-29 18:46:40.114512,2025-03-29 18:46:51.335442,11.22093
1200,gaussiancopula,1,random,auto,0.8162475007892245,COMPLETE,2025-03-29 18:46:51.358324,2025-03-29 18:47:02.430386,11.072062
1201,smote,auto,nearmiss,auto,0.7842776712680902,COMPLETE,2025-03-29 18:47:02.454194,2025-03-29 18:47:13.987762,11.533568
1202,gaussiancopula,0,editednn,0,-1.0,ERROR,,,0.0
1203,ctgan,0.5,random,auto,0.7598153069181577,COMPLETE,2025-03-29 18:47:24.714259,2025-03-29 18:47:36.306192,11.591933
1204,gaussiancopula,0.5,instancehardness,auto,0.7779200348215397,COMPLETE,2025-03-29 18:47:36.331109,2025-03-29 18:47:47.731035,11.399926
1205,tvae,0,condensednn,0.0625,0.6046872437128007,COMPLETE,2025-03-29 18:47:47.757139,2025-03-29 18:47:54.284694,6.527555
1206,fastml,0.5,editednn,0.0625,0.6027242045716767,COMPLETE,2025-03-29 18:47:54.308994,2025-03-29 18:48:02.327477,8.018483
1207,copulagan,auto,random,0.0625,0.790953418553617,COMPLETE,2025-03-29 18:48:02.350934,2025-03-29 18:48:13.667810,11.316876
1208,copulagan,2,tomeklinks,0.125,0.7836642273347322,COMPLETE,2025-03-29 18:48:13.692445,2025-03-29 18:48:23.547969,9.855524
1209,copulagan,auto,condensednn,0,0.7694685439375929,COMPLETE,2025-03-29 18:48:23.562479,2025-03-29 18:48:33.765189,10.20271
1210,tvae,0.5,editednn,0,0.7729649486430071,COMPLETE,2025-03-29 18:48:33.790260,2025-03-29 18:48:44.300939,10.510679
1211,copulagan,auto,condensednn,0.0625,0.7106211998941325,COMPLETE,2025-03-29 18:48:44.316237,2025-03-29 18:48:53.289941,8.973704
1212,fastml,auto,nearmiss,0.0625,0.8292455911829185,COMPLETE,2025-03-29 18:48:53.305416,2025-03-29 18:49:04.750927,11.445511
1213,tvae,0.25,editednn,0.25,0.6930653400462047,COMPLETE,2025-03-29 18:49:04.768330,2025-03-29 18:49:12.422715,7.654385
1214,adasyn,0,clustercentroid,0.125,0.7713935923059568,COMPLETE,2025-03-29 18:49:12.446152,2025-03-29 18:49:22.034185,9.588033
1215,ctgan,0,nearmiss,0.125,0.8261824381926683,COMPLETE,2025-03-29 18:49:22.059356,2025-03-29 18:49:30.982591,8.923235
1216,adasyn,1,tomeklinks,0.25,-1.0,COMPLETE,2025-03-29 18:49:31.006916,2025-03-29 18:49:31.089041,0.082125
1217,gaussiancopula,1,tomeklinks,0.125,0.7388116091110345,COMPLETE,2025-03-29 18:49:31.103128,2025-03-29 18:49:39.843974,8.740846
1218,copulagan,0.25,editednn,0.0625,0.7193117069444186,COMPLETE,2025-03-29 18:49:39.867826,2025-03-29 18:49:47.709956,7.84213
1219,copulagan,0.5,instancehardness,0.5,0.7109619862773654,COMPLETE,2025-03-29 18:49:47.724710,2025-03-29 18:50:00.751831,13.027121
1220,tvae,1,clustercentroid,0.125,0.7731140780966501,COMPLETE,2025-03-29 18:50:00.766948,2025-03-29 18:50:12.121209,11.354261
1221,random,0,clustercentroid,0.5,0.7713935923059568,COMPLETE,2025-03-29 18:50:12.147263,2025-03-29 18:50:21.815376,9.668113
1222,tvae,0.25,nearmiss,0.5,0.8535353923282728,COMPLETE,2025-03-29 18:50:21.840620,2025-03-29 18:50:33.043839,11.203219
1223,adasyn,0.25,tomeklinks,0.5,-1.0,COMPLETE,2025-03-29 18:50:33.057310,2025-03-29 18:50:33.142005,0.084695
1224,random,0.25,onesidedselection,0.25,0.7997081741787624,COMPLETE,2025-03-29 18:50:33.171333,2025-03-29 18:50:42.737638,9.566305
1225,adasyn,1,clustercentroid,0.25,-1.0,COMPLETE,2025-03-29 18:50:42.762272,2025-03-29 18:50:42.846634,0.084362
1226,smote,2,tomeklinks,0.0625,0.8021280045174569,COMPLETE,2025-03-29 18:50:42.859996,2025-03-29 18:50:52.245224,9.385228
1227,gaussiancopula,1,editednn,0.125,0.7508349577159428,COMPLETE,2025-03-29 18:50:52.269689,2025-03-29 18:50:59.825992,7.556303
1228,fastml,0.25,instancehardness,0,0.7655436586619666,COMPLETE,2025-03-29 18:50:59.850440,2025-03-29 18:51:10.183314,10.332874
1229,tvae,1,instancehardness,0.125,0.7854833841430398,COMPLETE,2025-03-29 18:51:10.207050,2025-03-29 18:51:23.086384,12.879334
1230,ctgan,0,instancehardness,0.0625,0.816446228697218,COMPLETE,2025-03-29 18:51:23.110756,2025-03-29 18:51:34.761264,11.650508
1231,adasyn,0,tomeklinks,0.25,0.8106420236121931,COMPLETE,2025-03-29 18:51:34.785064,2025-03-29 18:51:42.890953,8.105889
1232,tvae,1,editednn,auto,0.6930653400462047,COMPLETE,2025-03-29 18:51:42.915021,2025-03-29 18:51:50.585852,7.670831
1233,random,0.25,editednn,0.125,0.6829269964523792,COMPLETE,2025-03-29 18:51:50.609892,2025-03-29 18:51:57.501165,6.891273
1234,gaussiancopula,0.25,nearmiss,0.125,0.8177270480384667,COMPLETE,2025-03-29 18:51:57.525008,2025-03-29 18:52:09.539914,12.014906
1235,ctgan,0.25,tomeklinks,0,0.8302957919410648,COMPLETE,2025-03-29 18:52:09.563662,2025-03-29 18:52:20.122442,10.55878
1236,ctgan,2,editednn,0.5,0.7014190188143578,COMPLETE,2025-03-29 18:52:20.146960,2025-03-29 18:52:27.449527,7.302567
1237,tvae,1,nearmiss,0.125,0.8535353923282728,COMPLETE,2025-03-29 18:52:27.473670,2025-03-29 18:52:38.673249,11.199579
1238,gaussiancopula,0.25,tomeklinks,0.125,0.7388116091110345,COMPLETE,2025-03-29 18:52:38.697943,2025-03-29 18:52:47.474435,8.776492
1239,random,2,instancehardness,0.5,0.7895467277820218,COMPLETE,2025-03-29 18:52:47.500137,2025-03-29 18:52:59.411947,11.91181
1240,copulagan,1,onesidedselection,0.25,0.8118367096054723,COMPLETE,2025-03-29 18:52:59.437069,2025-03-29 18:53:09.736002,10.298933
1241,fastml,0.5,onesidedselection,0.5,0.8129974458686009,COMPLETE,2025-03-29 18:53:09.751733,2025-03-29 18:53:19.040666,9.288933
1242,random,1,condensednn,0.0625,0.764847388838482,COMPLETE,2025-03-29 18:53:19.059103,2025-03-29 18:53:26.888781,7.829678
1243,random,0,editednn,0,-1.0,ERROR,,,0.0
1244,ctgan,0.5,clustercentroid,0.125,0.817772055470615,COMPLETE,2025-03-29 18:53:37.785681,2025-03-29 18:53:51.128941,13.34326
1245,smote,0.5,onesidedselection,auto,0.7442952177818234,COMPLETE,2025-03-29 18:53:51.155014,2025-03-29 18:54:00.254126,9.099112
1246,gaussiancopula,1,instancehardness,0.0625,0.7779200348215397,COMPLETE,2025-03-29 18:54:00.278462,2025-03-29 18:54:11.066721,10.788259
1247,gaussiancopula,2,instancehardness,0.125,0.7779200348215397,COMPLETE,2025-03-29 18:54:11.090771,2025-03-29 18:54:21.839376,10.748605
1248,adasyn,0.5,tomeklinks,0.5,-1.0,COMPLETE,2025-03-29 18:54:21.864332,2025-03-29 18:54:21.947480,0.083148
1249,copulagan,1,instancehardness,0.125,0.7109619862773654,COMPLETE,2025-03-29 18:54:21.965447,2025-03-29 18:54:34.763423,12.797976
1250,smote,0.25,nearmiss,0.25,0.7842776712680902,COMPLETE,2025-03-29 18:54:34.778236,2025-03-29 18:54:46.439283,11.661047
1251,random,2,tomeklinks,0.5,0.7885046901945817,COMPLETE,2025-03-29 18:54:46.463879,2025-03-29 18:54:56.027994,9.564115
1252,smote,auto,random,0.125,0.7725855759746558,COMPLETE,2025-03-29 18:54:56.053385,2025-03-29 18:55:07.116716,11.063331
1253,tvae,auto,clustercentroid,0.25,0.7731140780966501,COMPLETE,2025-03-29 18:55:07.142119,2025-03-29 18:55:18.407722,11.265603
1254,tvae,auto,clustercentroid,0.5,0.7731140780966501,COMPLETE,2025-03-29 18:55:18.431995,2025-03-29 18:55:29.663907,11.231912
1255,ctgan,auto,condensednn,0.25,0.6856216672517259,COMPLETE,2025-03-29 18:55:29.688208,2025-03-29 18:55:37.586744,7.898536
1256,random,2,condensednn,0,0.8501211295328943,COMPLETE,2025-03-29 18:55:37.611060,2025-03-29 18:55:47.756075,10.145015
1257,smote,0.5,onesidedselection,0.25,0.7442952177818234,COMPLETE,2025-03-29 18:55:47.780959,2025-03-29 18:55:56.935200,9.154241
1258,random,0.5,tomeklinks,0,0.8501211295328943,COMPLETE,2025-03-29 18:55:56.959559,2025-03-29 18:56:07.133723,10.174164
1259,fastml,auto,editednn,0.125,0.6027242045716767,COMPLETE,2025-03-29 18:56:07.159020,2025-03-29 18:56:15.220319,8.061299
1260,gaussiancopula,auto,condensednn,0.5,0.718110189461217,COMPLETE,2025-03-29 18:56:15.234767,2025-03-29 18:56:23.698642,8.463875
1261,adasyn,1,editednn,0.5,-1.0,COMPLETE,2025-03-29 18:56:23.723602,2025-03-29 18:56:23.806293,0.082691
1262,copulagan,0.25,clustercentroid,0.125,0.8031625042974624,COMPLETE,2025-03-29 18:56:23.819846,2025-03-29 18:56:35.293398,11.473552
1263,smote,0.25,condensednn,0,0.8031668039219165,COMPLETE,2025-03-29 18:56:35.316551,2025-03-29 18:56:45.313929,9.997378
1264,random,1,instancehardness,0.125,0.7895467277820218,COMPLETE,2025-03-29 18:56:45.337924,2025-03-29 18:56:57.077816,11.739892
1265,gaussiancopula,0.5,instancehardness,0,0.8061522907211869,COMPLETE,2025-03-29 18:56:57.102189,2025-03-29 18:57:07.733563,10.631374
1266,tvae,0,nearmiss,0.5,0.8261824381926683,COMPLETE,2025-03-29 18:57:07.758173,2025-03-29 18:57:16.650856,8.892683
1267,random,auto,nearmiss,auto,0.8311536381867213,COMPLETE,2025-03-29 18:57:16.675067,2025-03-29 18:57:27.649758,10.974691
1268,copulagan,2,clustercentroid,auto,0.8031625042974624,COMPLETE,2025-03-29 18:57:27.672881,2025-03-29 18:57:39.070754,11.397873
1269,gaussiancopula,2,editednn,0.25,0.7508349577159428,COMPLETE,2025-03-29 18:57:39.096244,2025-03-29 18:57:46.669554,7.57331
1270,copulagan,0.25,editednn,0.5,0.7193117069444186,COMPLETE,2025-03-29 18:57:46.695101,2025-03-29 18:57:54.710994,8.015893
1271,gaussiancopula,0,nearmiss,auto,0.8261824381926683,COMPLETE,2025-03-29 18:57:54.725342,2025-03-29 18:58:03.588288,8.862946
1272,copulagan,1,tomeklinks,0.0625,0.7836642273347322,COMPLETE,2025-03-29 18:58:03.615015,2025-03-29 18:58:13.337200,9.722185
1273,smote,0,editednn,0.0625,0.6570439510152107,COMPLETE,2025-03-29 18:58:13.362179,2025-03-29 18:58:20.126196,6.764017
1274,smote,1,clustercentroid,0.125,0.8176119647856219,COMPLETE,2025-03-29 18:58:20.150485,2025-03-29 18:58:30.874238,10.723753
1275,fastml,0.5,instancehardness,0.25,0.7653386691376887,COMPLETE,2025-03-29 18:58:30.898011,2025-03-29 18:58:41.650498,10.752487
1276,gaussiancopula,0.25,tomeklinks,auto,0.7388116091110345,COMPLETE,2025-03-29 18:58:41.673749,2025-03-29 18:58:50.406375,8.732626
1277,tvae,1,random,0,0.7729649486430071,COMPLETE,2025-03-29 18:58:50.423921,2025-03-29 18:59:00.940993,10.517072
1278,random,2,clustercentroid,0.0625,0.8252368888666506,COMPLETE,2025-03-29 18:59:00.956245,2025-03-29 18:59:13.337872,12.381627
1279,fastml,auto,clustercentroid,auto,0.8051711830799735,COMPLETE,2025-03-29 18:59:13.362376,2025-03-29 18:59:26.416221,13.053845
1280,copulagan,0,onesidedselection,0.125,0.8145856661046565,COMPLETE,2025-03-29 18:59:26.441587,2025-03-29 18:59:35.111256,8.669669
1281,random,auto,tomeklinks,0.5,0.7885046901945817,COMPLETE,2025-03-29 18:59:35.136432,2025-03-29 18:59:44.632356,9.495924
1282,fastml,0.5,random,0,0.7655436586619666,COMPLETE,2025-03-29 18:59:44.656977,2025-03-29 18:59:54.957332,10.300355
1283,tvae,1,onesidedselection,0,0.7729649486430071,COMPLETE,2025-03-29 18:59:54.981975,2025-03-29 19:00:05.483275,10.5013
1284,smote,0.25,nearmiss,0.0625,0.7842776712680902,COMPLETE,2025-03-29 19:00:05.506962,2025-03-29 19:00:16.923033,11.416071
1285,adasyn,auto,onesidedselection,auto,-1.0,COMPLETE,2025-03-29 19:00:16.946105,2025-03-29 19:00:17.030489,0.084384
1286,smote,0,condensednn,0.25,0.6046872437128007,COMPLETE,2025-03-29 19:00:17.059078,2025-03-29 19:00:23.548857,6.489779
1287,tvae,0,random,0.25,0.7113235120907087,COMPLETE,2025-03-29 19:00:23.572769,2025-03-29 19:00:33.416721,9.843952
1288,smote,0.25,clustercentroid,0.25,0.8176119647856219,COMPLETE,2025-03-29 19:00:33.441082,2025-03-29 19:00:44.228123,10.787041
1289,copulagan,0,condensednn,0.5,0.6046872437128007,COMPLETE,2025-03-29 19:00:44.251953,2025-03-29 19:00:50.821507,6.569554
1290,ctgan,1,clustercentroid,0.5,0.817772055470615,COMPLETE,2025-03-29 19:00:50.845661,2025-03-29 19:01:04.155909,13.310248
1291,random,0,clustercentroid,0.0625,0.7713935923059568,COMPLETE,2025-03-29 19:01:04.177825,2025-03-29 19:01:13.940084,9.762259
1292,random,0.5,instancehardness,0.25,0.7895467277820218,COMPLETE,2025-03-29 19:01:13.964160,2025-03-29 19:01:25.780351,11.816191
1293,gaussiancopula,auto,editednn,0,0.8061522907211869,COMPLETE,2025-03-29 19:01:25.806091,2025-03-29 19:01:36.370527,10.564436
1294,adasyn,1,clustercentroid,0.5,-1.0,COMPLETE,2025-03-29 19:01:36.395198,2025-03-29 19:01:36.481367,0.086169
1295,random,auto,random,auto,0.786526759244812,COMPLETE,2025-03-29 19:01:36.505748,2025-03-29 19:01:46.947164,10.441416
1296,gaussiancopula,0.25,instancehardness,0.25,0.7779200348215397,COMPLETE,2025-03-29 19:01:46.971344,2025-03-29 19:01:57.978451,11.007107
1297,gaussiancopula,0,instancehardness,auto,0.816446228697218,COMPLETE,2025-03-29 19:01:58.002466,2025-03-29 19:02:09.466362,11.463896
1298,adasyn,2,clustercentroid,0.5,-1.0,COMPLETE,2025-03-29 19:02:09.490032,2025-03-29 19:02:09.576198,0.086166
1299,smote,2,clustercentroid,auto,0.8176119647856219,COMPLETE,2025-03-29 19:02:09.605480,2025-03-29 19:02:20.373820,10.76834
1300,copulagan,0.25,onesidedselection,0.5,0.8118367096054723,COMPLETE,2025-03-29 19:02:20.398332,2025-03-29 19:02:30.750768,10.352436
1301,random,0,tomeklinks,0.5,0.8106420236121931,COMPLETE,2025-03-29 19:02:30.765697,2025-03-29 19:02:38.884200,8.118503
1302,copulagan,0,clustercentroid,0,-1.0,ERROR,,,0.0
1303,gaussiancopula,auto,editednn,0.5,0.7508349577159428,COMPLETE,2025-03-29 19:02:49.878354,2025-03-29 19:02:57.552105,7.673751
1304,tvae,0,clustercentroid,0.5,0.7713935923059568,COMPLETE,2025-03-29 19:02:57.576304,2025-03-29 19:03:07.291360,9.715056
1305,smote,auto,onesidedselection,0,0.8031668039219165,COMPLETE,2025-03-29 19:03:07.317245,2025-03-29 19:03:17.362909,10.045664
1306,gaussiancopula,auto,instancehardness,0.5,0.7779200348215397,COMPLETE,2025-03-29 19:03:17.377743,2025-03-29 19:03:28.556121,11.178378
1307,random,0.5,random,0.25,0.786526759244812,COMPLETE,2025-03-29 19:03:28.579655,2025-03-29 19:03:38.976409,10.396754
1308,fastml,0,instancehardness,0.125,0.816446228697218,COMPLETE,2025-03-29 19:03:38.999942,2025-03-29 19:03:50.467479,11.467537
1309,gaussiancopula,auto,onesidedselection,auto,0.8402321388325446,COMPLETE,2025-03-29 19:03:50.488539,2025-03-29 19:03:59.869021,9.380482
1310,tvae,0.25,instancehardness,0.25,0.7854833841430398,COMPLETE,2025-03-29 19:03:59.885186,2025-03-29 19:04:12.314593,12.429407
1311,fastml,0.5,instancehardness,0,0.7655436586619666,COMPLETE,2025-03-29 19:04:12.331103,2025-03-29 19:04:22.777191,10.446088
1312,fastml,0.25,editednn,0.5,0.6027242045716767,COMPLETE,2025-03-29 19:04:22.801955,2025-03-29 19:04:30.872496,8.070541
1313,gaussiancopula,auto,onesidedselection,0,0.8061522907211869,COMPLETE,2025-03-29 19:04:30.896317,2025-03-29 19:04:41.488952,10.592635
1314,adasyn,0.25,nearmiss,0.0625,-1.0,COMPLETE,2025-03-29 19:04:41.513476,2025-03-29 19:04:41.596754,0.083278
1315,adasyn,0,condensednn,0.5,0.6046872437128007,COMPLETE,2025-03-29 19:04:41.624556,2025-03-29 19:04:48.115275,6.490719
1316,tvae,0.25,tomeklinks,0.0625,0.7290738343974288,COMPLETE,2025-03-29 19:04:48.140089,2025-03-29 19:04:58.072549,9.93246
1317,copulagan,0.25,nearmiss,0.0625,0.7577816279768611,COMPLETE,2025-03-29 19:04:58.098242,2025-03-29 19:05:09.107443,11.009201
1318,adasyn,1,tomeklinks,0.125,-1.0,COMPLETE,2025-03-29 19:05:09.131022,2025-03-29 19:05:09.217235,0.086213
1319,gaussiancopula,0,tomeklinks,0.5,0.8106420236121931,COMPLETE,2025-03-29 19:05:09.240729,2025-03-29 19:05:17.292136,8.051407
1320,tvae,0.25,random,0,0.7729649486430071,COMPLETE,2025-03-29 19:05:17.316310,2025-03-29 19:05:28.021691,10.705381
1321,random,0.25,clustercentroid,0,0.8501211295328943,COMPLETE,2025-03-29 19:05:28.047348,2025-03-29 19:05:38.516556,10.469208
1322,ctgan,2,random,0.5,0.7598153069181577,COMPLETE,2025-03-29 19:05:38.540715,2025-03-29 19:05:50.672268,12.131553
1323,random,0.25,clustercentroid,0.5,0.8252368888666506,COMPLETE,2025-03-29 19:05:50.697523,2025-03-29 19:06:03.323673,12.62615
1324,fastml,2,nearmiss,0.25,0.8292455911829185,COMPLETE,2025-03-29 19:06:03.347921,2025-03-29 19:06:14.888324,11.540403
1325,smote,auto,nearmiss,0.5,0.7842776712680902,COMPLETE,2025-03-29 19:06:14.913311,2025-03-29 19:06:26.862210,11.948899
1326,random,0.25,instancehardness,0.0625,0.7895467277820218,COMPLETE,2025-03-29 19:06:26.886986,2025-03-29 19:06:38.979120,12.092134
1327,random,0.5,editednn,auto,0.6829269964523792,COMPLETE,2025-03-29 19:06:39.004746,2025-03-29 19:06:46.206825,7.202079
1328,ctgan,0,clustercentroid,0.25,0.7713935923059568,COMPLETE,2025-03-29 19:06:46.232480,2025-03-29 19:06:56.347315,10.114835
1329,adasyn,0.25,random,0.125,-1.0,COMPLETE,2025-03-29 19:06:56.372358,2025-03-29 19:06:56.460433,0.088075
1330,adasyn,1,random,0.25,-1.0,COMPLETE,2025-03-29 19:06:56.485522,2025-03-29 19:06:56.572153,0.086631
1331,copulagan,1,nearmiss,0,0.7694685439375929,COMPLETE,2025-03-29 19:06:56.596136,2025-03-29 19:07:07.047234,10.451098
1332,fastml,0,onesidedselection,0.125,0.8145856661046565,COMPLETE,2025-03-29 19:07:07.072369,2025-03-29 19:07:15.970877,8.898508
1333,random,1,clustercentroid,auto,0.8252368888666506,COMPLETE,2025-03-29 19:07:15.995153,2025-03-29 19:07:28.820223,12.82507
1334,random,0.25,tomeklinks,0.125,0.7885046901945817,COMPLETE,2025-03-29 19:07:28.844471,2025-03-29 19:07:38.408851,9.56438
1335,adasyn,0.25,instancehardness,0,-1.0,COMPLETE,2025-03-29 19:07:38.432730,2025-03-29 19:07:38.516337,0.083607
1336,smote,2,nearmiss,auto,0.7842776712680902,COMPLETE,2025-03-29 19:07:38.530005,2025-03-29 19:07:50.157994,11.627989
1337,gaussiancopula,0.5,random,auto,0.8162475007892245,COMPLETE,2025-03-29 19:07:50.182452,2025-03-29 19:08:01.504548,11.322096
1338,tvae,0,editednn,0,-1.0,ERROR,,,0.0
1339,ctgan,2,tomeklinks,auto,0.7417472653791874,COMPLETE,2025-03-29 19:08:12.437467,2025-03-29 19:08:21.503765,9.066298
1340,smote,0.25,instancehardness,0.0625,0.7420406460456523,COMPLETE,2025-03-29 19:08:21.527989,2025-03-29 19:08:32.246915,10.718926
1341,gaussiancopula,0,random,0.125,0.7113235120907087,COMPLETE,2025-03-29 19:08:32.262409,2025-03-29 19:08:42.330555,10.068146
1342,tvae,0.25,tomeklinks,0.5,0.7290738343974288,COMPLETE,2025-03-29 19:08:42.355736,2025-03-29 19:08:52.368283,10.012547
1343,fastml,0.5,tomeklinks,0.0625,0.8189820072173013,COMPLETE,2025-03-29 19:08:52.389819,2025-03-29 19:09:01.740161,9.350342
1344,adasyn,0,nearmiss,0.25,0.8261824381926683,COMPLETE,2025-03-29 19:09:01.765150,2025-03-29 19:09:10.771134,9.005984
1345,gaussiancopula,auto,condensednn,auto,0.718110189461217,COMPLETE,2025-03-29 19:09:10.791062,2025-03-29 19:09:19.406257,8.615195
1346,adasyn,auto,onesidedselection,0.0625,-1.0,COMPLETE,2025-03-29 19:09:19.421811,2025-03-29 19:09:19.519294,0.097483
1347,tvae,0,editednn,0.0625,0.6570439510152107,COMPLETE,2025-03-29 19:09:19.536722,2025-03-29 19:09:26.337035,6.800313
1348,gaussiancopula,0.5,random,0.5,0.8162475007892245,COMPLETE,2025-03-29 19:09:26.362006,2025-03-29 19:09:37.736460,11.374454
1349,ctgan,0.25,instancehardness,0.125,0.7782441490453788,COMPLETE,2025-03-29 19:09:37.750950,2025-03-29 19:09:49.231709,11.480759
1350,adasyn,0.25,nearmiss,0.5,-1.0,COMPLETE,2025-03-29 19:09:49.256928,2025-03-29 19:09:49.344214,0.087286
1351,random,1,onesidedselection,0.0625,0.7997081741787624,COMPLETE,2025-03-29 19:09:49.367852,2025-03-29 19:09:59.334086,9.966234
1352,gaussiancopula,0,tomeklinks,0.0625,0.8106420236121931,COMPLETE,2025-03-29 19:09:59.361173,2025-03-29 19:10:07.889815,8.528642
1353,ctgan,0.5,onesidedselection,0.125,0.8277893045653577,COMPLETE,2025-03-29 19:10:07.906046,2025-03-29 19:10:17.649262,9.743216
1354,random,auto,clustercentroid,0.125,0.8252368888666506,COMPLETE,2025-03-29 19:10:17.673949,2025-03-29 19:10:30.969602,13.295653
1355,copulagan,0,editednn,0.5,0.6570439510152107,COMPLETE,2025-03-29 19:10:30.994577,2025-03-29 19:10:37.856793,6.862216
1356,ctgan,1,condensednn,auto,0.6856216672517259,COMPLETE,2025-03-29 19:10:37.880520,2025-03-29 19:10:45.865092,7.984572
1357,gaussiancopula,auto,tomeklinks,0.0625,0.7388116091110345,COMPLETE,2025-03-29 19:10:45.889474,2025-03-29 19:10:54.844798,8.955324
1358,gaussiancopula,2,nearmiss,0.125,0.8177270480384667,COMPLETE,2025-03-29 19:10:54.869492,2025-03-29 19:11:07.550871,12.681379
1359,copulagan,auto,onesidedselection,0.125,0.8118367096054723,COMPLETE,2025-03-29 19:11:07.574739,2025-03-29 19:11:18.256463,10.681724
1360,copulagan,auto,onesidedselection,0.5,0.8118367096054723,COMPLETE,2025-03-29 19:11:18.270616,2025-03-29 19:11:29.297726,11.02711
1361,copulagan,0.25,nearmiss,0.25,0.7577816279768611,COMPLETE,2025-03-29 19:11:29.312008,2025-03-29 19:11:41.371404,12.059396
1362,gaussiancopula,0,onesidedselection,0.0625,0.8145856661046565,COMPLETE,2025-03-29 19:11:41.397605,2025-03-29 19:11:50.089269,8.691664
1363,random,0,editednn,0.5,0.6570439510152107,COMPLETE,2025-03-29 19:11:50.114437,2025-03-29 19:11:56.890511,6.776074
1364,copulagan,2,condensednn,0,0.7694685439375929,COMPLETE,2025-03-29 19:11:56.914598,2025-03-29 19:12:07.162970,10.248372
1365,ctgan,0.5,clustercentroid,0.5,0.817772055470615,COMPLETE,2025-03-29 19:12:07.187505,2025-03-29 19:12:20.560248,13.372743
1366,adasyn,0,instancehardness,auto,0.816446228697218,COMPLETE,2025-03-29 19:12:20.584784,2025-03-29 19:12:32.234633,11.649849
1367,adasyn,auto,condensednn,auto,-1.0,COMPLETE,2025-03-29 19:12:32.250473,2025-03-29 19:12:32.332164,0.081691
1368,fastml,auto,nearmiss,0.5,0.8292455911829185,COMPLETE,2025-03-29 19:12:32.344735,2025-03-29 19:12:44.446735,12.102
1369,fastml,1,random,0.125,0.7832957688664595,COMPLETE,2025-03-29 19:12:44.470189,2025-03-29 19:12:55.348938,10.878749
1370,gaussiancopula,2,clustercentroid,0.5,0.8130003938195579,COMPLETE,2025-03-29 19:12:55.373132,2025-03-29 19:13:08.633313,13.260181
1371,smote,0.25,tomeklinks,0.0625,0.8021280045174569,COMPLETE,2025-03-29 19:13:08.659173,2025-03-29 19:13:18.080793,9.42162
1372,fastml,2,editednn,0.25,0.6027242045716767,COMPLETE,2025-03-29 19:13:18.105420,2025-03-29 19:13:26.271129,8.165709
1373,adasyn,0.25,instancehardness,auto,-1.0,COMPLETE,2025-03-29 19:13:26.285189,2025-03-29 19:13:26.376114,0.090925
1374,tvae,0.25,onesidedselection,0.0625,0.8099656204534335,COMPLETE,2025-03-29 19:13:26.389611,2025-03-29 19:13:36.312409,9.922798
1375,adasyn,0,nearmiss,auto,0.8261824381926683,COMPLETE,2025-03-29 19:13:36.348772,2025-03-29 19:13:45.236709,8.887937
1376,copulagan,1,condensednn,0,0.7694685439375929,COMPLETE,2025-03-29 19:13:45.260442,2025-03-29 19:13:55.538205,10.277763
1377,fastml,1,condensednn,auto,0.7354233403685049,COMPLETE,2025-03-29 19:13:55.561781,2025-03-29 19:14:03.394893,7.833112
1378,adasyn,auto,onesidedselection,0.125,-1.0,COMPLETE,2025-03-29 19:14:03.419894,2025-03-29 19:14:03.505817,0.085923
1379,gaussiancopula,1,clustercentroid,0.125,0.8130003938195579,COMPLETE,2025-03-29 19:14:03.528971,2025-03-29 19:14:16.626216,13.097245
1380,gaussiancopula,auto,tomeklinks,0.25,0.7388116091110345,COMPLETE,2025-03-29 19:14:16.658603,2025-03-29 19:14:25.557402,8.898799
1381,fastml,1,instancehardness,auto,0.7653386691376887,COMPLETE,2025-03-29 19:14:25.573282,2025-03-29 19:14:37.204547,11.631265
1382,copulagan,auto,instancehardness,0.0625,0.7109619862773654,COMPLETE,2025-03-29 19:14:37.221631,2025-03-29 19:14:49.963235,12.741604
1383,adasyn,0.5,random,0.125,-1.0,COMPLETE,2025-03-29 19:14:49.977482,2025-03-29 19:14:50.065069,0.087587
1384,random,2,instancehardness,0.125,0.7895467277820218,COMPLETE,2025-03-29 19:14:50.089283,2025-03-29 19:15:01.802541,11.713258
1385,adasyn,0,condensednn,0.125,0.6046872437128007,COMPLETE,2025-03-29 19:15:01.826832,2025-03-29 19:15:08.432658,6.605826
1386,copulagan,1,nearmiss,auto,0.7577816279768611,COMPLETE,2025-03-29 19:15:08.457096,2025-03-29 19:15:19.686817,11.229721
1387,adasyn,1,tomeklinks,0.5,-1.0,COMPLETE,2025-03-29 19:15:19.702539,2025-03-29 19:15:19.792743,0.090204
1388,gaussiancopula,0.25,clustercentroid,0.125,0.8130003938195579,COMPLETE,2025-03-29 19:15:19.806825,2025-03-29 19:15:32.998597,13.191772
1389,fastml,1,onesidedselection,0.5,0.8129974458686009,COMPLETE,2025-03-29 19:15:33.025168,2025-03-29 19:15:42.449826,9.424658
1390,random,2,onesidedselection,0.125,0.7997081741787624,COMPLETE,2025-03-29 19:15:42.475237,2025-03-29 19:15:52.326331,9.851094
1391,adasyn,auto,nearmiss,0,-1.0,COMPLETE,2025-03-29 19:15:52.354527,2025-03-29 19:15:52.447508,0.092981
1392,adasyn,2,clustercentroid,0,-1.0,COMPLETE,2025-03-29 19:15:52.462407,2025-03-29 19:15:52.556212,0.093805
1393,fastml,0.25,editednn,auto,0.6027242045716767,COMPLETE,2025-03-29 19:15:52.580543,2025-03-29 19:16:00.739676,8.159133
1394,copulagan,0.25,editednn,0.125,0.7193117069444186,COMPLETE,2025-03-29 19:16:00.763568,2025-03-29 19:16:08.963324,8.199756
1395,fastml,0.25,tomeklinks,0.0625,0.8189820072173013,COMPLETE,2025-03-29 19:16:08.987444,2025-03-29 19:16:18.215520,9.228076
1396,random,0,tomeklinks,0.0625,0.8106420236121931,COMPLETE,2025-03-29 19:16:18.241503,2025-03-29 19:16:26.554743,8.31324
1397,gaussiancopula,0.5,tomeklinks,0.5,0.7388116091110345,COMPLETE,2025-03-29 19:16:26.578816,2025-03-29 19:16:35.540617,8.961801
1398,tvae,0.5,editednn,auto,0.6930653400462047,COMPLETE,2025-03-29 19:16:35.565320,2025-03-29 19:16:43.401597,7.836277
1399,gaussiancopula,1,instancehardness,0,0.8061522907211869,COMPLETE,2025-03-29 19:16:43.417412,2025-03-29 19:16:54.337259,10.919847
1400,fastml,1,instancehardness,0.5,0.7653386691376887,COMPLETE,2025-03-29 19:16:54.360687,2025-03-29 19:17:05.534104,11.173417
1401,smote,auto,condensednn,auto,0.7754168660676761,COMPLETE,2025-03-29 19:17:05.558425,2025-03-29 19:17:14.664460,9.106035
1402,random,auto,clustercentroid,0.5,0.8252368888666506,COMPLETE,2025-03-29 19:17:14.689822,2025-03-29 19:17:27.395081,12.705259
1403,copulagan,0.5,onesidedselection,0.25,0.8118367096054723,COMPLETE,2025-03-29 19:17:27.418787,2025-03-29 19:17:37.854209,10.435422
1404,copulagan,auto,random,auto,0.790953418553617,COMPLETE,2025-03-29 19:17:37.877924,2025-03-29 19:17:49.323592,11.445668
1405,adasyn,0.25,tomeklinks,0.125,-1.0,COMPLETE,2025-03-29 19:17:49.348481,2025-03-29 19:17:49.439518,0.091037
1406,gaussiancopula,0.5,condensednn,0,0.8061522907211869,COMPLETE,2025-03-29 19:17:49.463153,2025-03-29 19:18:00.217258,10.754105
1407,smote,2,nearmiss,0,0.8031668039219165,COMPLETE,2025-03-29 19:18:00.231662,2025-03-29 19:18:10.341967,10.110305
1408,copulagan,0.25,random,auto,0.790953418553617,COMPLETE,2025-03-29 19:18:10.367139,2025-03-29 19:18:21.928337,11.561198
1409,ctgan,2,tomeklinks,0,0.8302957919410648,COMPLETE,2025-03-29 19:18:21.953402,2025-03-29 19:18:32.714261,10.760859
1410,random,0,instancehardness,0.0625,0.816446228697218,COMPLETE,2025-03-29 19:18:32.739340,2025-03-29 19:18:44.359941,11.620601
1411,tvae,0,instancehardness,0,-1.0,ERROR,,,0.0
1412,smote,auto,instancehardness,0.25,0.7420406460456523,COMPLETE,2025-03-29 19:18:55.582190,2025-03-29 19:19:06.179986,10.597796
1413,tvae,1,random,0.5,0.8029873404004259,COMPLETE,2025-03-29 19:19:06.203206,2025-03-29 19:19:19.442039,13.238833
1414,copulagan,1,onesidedselection,0,0.7694685439375929,COMPLETE,2025-03-29 19:19:19.468014,2025-03-29 19:19:29.758373,10.290359
1415,copulagan,0.5,clustercentroid,auto,0.8031625042974624,COMPLETE,2025-03-29 19:19:29.774308,2025-03-29 19:19:41.405763,11.631455
1416,adasyn,0.5,onesidedselection,0.5,-1.0,COMPLETE,2025-03-29 19:19:41.430699,2025-03-29 19:19:41.520754,0.090055
1417,fastml,0,tomeklinks,0.125,0.8106420236121931,COMPLETE,2025-03-29 19:19:41.544796,2025-03-29 19:19:49.608937,8.064141
1418,smote,auto,clustercentroid,0.5,0.8176119647856219,COMPLETE,2025-03-29 19:19:49.633868,2025-03-29 19:20:00.364927,10.731059
1419,smote,0,nearmiss,0,-1.0,ERROR,,,0.0
1420,tvae,auto,tomeklinks,auto,0.7290738343974288,COMPLETE,2025-03-29 19:20:11.133046,2025-03-29 19:20:20.969734,9.836688
1421,gaussiancopula,2,random,auto,0.8162475007892245,COMPLETE,2025-03-29 19:20:20.994486,2025-03-29 19:20:32.256836,11.26235
1422,gaussiancopula,1,condensednn,0.5,0.718110189461217,COMPLETE,2025-03-29 19:20:32.270575,2025-03-29 19:20:40.870570,8.599995
1423,copulagan,auto,nearmiss,auto,0.7577816279768611,COMPLETE,2025-03-29 19:20:40.885066,2025-03-29 19:20:51.944690,11.059624
1424,smote,0,onesidedselection,auto,0.8145856661046565,COMPLETE,2025-03-29 19:20:51.968426,2025-03-29 19:21:00.652793,8.684367
1425,gaussiancopula,0.5,editednn,0.0625,0.7508349577159428,COMPLETE,2025-03-29 19:21:00.678383,2025-03-29 19:21:08.157584,7.479201
1426,gaussiancopula,1,random,0.0625,0.8162475007892245,COMPLETE,2025-03-29 19:21:08.180982,2025-03-29 19:21:19.341753,11.160771
1427,fastml,0.25,tomeklinks,0,0.7655436586619666,COMPLETE,2025-03-29 19:21:19.364946,2025-03-29 19:21:29.728372,10.363426
1428,fastml,1,condensednn,0.0625,0.7354233403685049,COMPLETE,2025-03-29 19:21:29.753342,2025-03-29 19:21:37.456777,7.703435
1429,random,2,tomeklinks,0.0625,0.7885046901945817,COMPLETE,2025-03-29 19:21:37.481496,2025-03-29 19:21:47.076313,9.594817
1430,ctgan,0.25,random,0.125,0.7598153069181577,COMPLETE,2025-03-29 19:21:47.101341,2025-03-29 19:21:58.845208,11.743867
1431,ctgan,1,onesidedselection,0.125,0.8277893045653577,COMPLETE,2025-03-29 19:21:58.859059,2025-03-29 19:22:08.234999,9.37594
1432,fastml,2,nearmiss,0.5,0.8292455911829185,COMPLETE,2025-03-29 19:22:08.251651,2025-03-29 19:22:19.661281,11.40963
1433,tvae,0.5,editednn,0.0625,0.6930653400462047,COMPLETE,2025-03-29 19:22:19.685339,2025-03-29 19:22:27.464509,7.77917
1434,random,0,onesidedselection,0.25,0.8145856661046565,COMPLETE,2025-03-29 19:22:27.488848,2025-03-29 19:22:36.147878,8.65903
1435,smote,1,nearmiss,0.5,0.7842776712680902,COMPLETE,2025-03-29 19:22:36.172229,2025-03-29 19:22:47.676343,11.504114
1436,fastml,1,editednn,0.5,0.6027242045716767,COMPLETE,2025-03-29 19:22:47.700223,2025-03-29 19:22:55.598472,7.898249
1437,copulagan,1,tomeklinks,0,0.7694685439375929,COMPLETE,2025-03-29 19:22:55.623639,2025-03-29 19:23:05.865353,10.241714
1438,gaussiancopula,0,nearmiss,0.25,0.8261824381926683,COMPLETE,2025-03-29 19:23:05.893193,2025-03-29 19:23:14.827678,8.934485
1439,copulagan,1,random,auto,0.790953418553617,COMPLETE,2025-03-29 19:23:14.843398,2025-03-29 19:23:26.366918,11.52352
1440,tvae,2,onesidedselection,0.5,0.8099656204534335,COMPLETE,2025-03-29 19:23:26.392089,2025-03-29 19:23:36.344582,9.952493
1441,random,0.25,condensednn,0.5,0.764847388838482,COMPLETE,2025-03-29 19:23:36.369372,2025-03-29 19:23:44.314368,7.944996
1442,ctgan,auto,random,0.25,0.7598153069181577,COMPLETE,2025-03-29 19:23:44.338262,2025-03-29 19:23:56.201195,11.862933
1443,gaussiancopula,auto,nearmiss,0.0625,0.8177270480384667,COMPLETE,2025-03-29 19:23:56.225440,2025-03-29 19:24:08.317298,12.091858
1444,gaussiancopula,auto,condensednn,0.0625,0.718110189461217,COMPLETE,2025-03-29 19:24:08.342971,2025-03-29 19:24:16.827681,8.48471
1445,ctgan,0.5,clustercentroid,0.25,0.817772055470615,COMPLETE,2025-03-29 19:24:16.851976,2025-03-29 19:24:30.395621,13.543645
1446,copulagan,0,condensednn,auto,0.6046872437128007,COMPLETE,2025-03-29 19:24:30.413241,2025-03-29 19:24:36.979970,6.566729
1447,copulagan,1,condensednn,auto,0.7106211998941325,COMPLETE,2025-03-29 19:24:36.997814,2025-03-29 19:24:45.964655,8.966841
1448,gaussiancopula,0.25,instancehardness,0.5,0.7779200348215397,COMPLETE,2025-03-29 19:24:45.979727,2025-03-29 19:24:57.867283,11.887556
1449,ctgan,0.5,nearmiss,auto,0.7994233065016635,COMPLETE,2025-03-29 19:24:57.891654,2025-03-29 19:25:08.324506,10.432852
1450,tvae,auto,random,0,0.7729649486430071,COMPLETE,2025-03-29 19:25:08.348647,2025-03-29 19:25:19.070682,10.722035
1451,gaussiancopula,1,condensednn,0.125,0.718110189461217,COMPLETE,2025-03-29 19:25:19.094808,2025-03-29 19:25:27.709980,8.615172
1452,ctgan,0,instancehardness,0,-1.0,ERROR,,,0.0
1453,adasyn,0.5,editednn,0.0625,-1.0,COMPLETE,2025-03-29 19:25:38.724684,2025-03-29 19:25:38.815864,0.09118
1454,ctgan,0,condensednn,0.125,0.6046872437128007,COMPLETE,2025-03-29 19:25:38.839093,2025-03-29 19:25:45.554180,6.715087
1455,gaussiancopula,0.5,nearmiss,0,0.8061522907211869,COMPLETE,2025-03-29 19:25:45.578112,2025-03-29 19:25:56.520872,10.94276
1456,gaussiancopula,0.25,nearmiss,0.5,0.8177270480384667,COMPLETE,2025-03-29 19:25:56.544118,2025-03-29 19:26:08.730018,12.1859
1457,random,0.25,editednn,auto,0.6829269964523792,COMPLETE,2025-03-29 19:26:08.756784,2025-03-29 19:26:15.901555,7.144771
1458,smote,2,onesidedselection,0.125,0.7442952177818234,COMPLETE,2025-03-29 19:26:15.926721,2025-03-29 19:26:25.218167,9.291446
1459,tvae,1,nearmiss,auto,0.8535353923282728,COMPLETE,2025-03-29 19:26:25.244160,2025-03-29 19:26:36.692501,11.448341
1460,gaussiancopula,1,editednn,0.5,0.7508349577159428,COMPLETE,2025-03-29 19:26:36.716883,2025-03-29 19:26:44.386126,7.669243
1461,tvae,2,editednn,0,0.7729649486430071,COMPLETE,2025-03-29 19:26:44.410737,2025-03-29 19:26:55.305613,10.894876
1462,gaussiancopula,0.25,onesidedselection,0.5,0.8402321388325446,COMPLETE,2025-03-29 19:26:55.330258,2025-03-29 19:27:05.064186,9.733928
1463,copulagan,0.25,tomeklinks,0,0.7694685439375929,COMPLETE,2025-03-29 19:27:05.088913,2025-03-29 19:27:15.593933,10.50502
1464,random,1,random,0.0625,0.786526759244812,COMPLETE,2025-03-29 19:27:15.618928,2025-03-29 19:27:26.065403,10.446475
1465,gaussiancopula,0,onesidedselection,auto,0.8145856661046565,COMPLETE,2025-03-29 19:27:26.091236,2025-03-29 19:27:35.032713,8.941477
1466,tvae,1,tomeklinks,0.5,0.7290738343974288,COMPLETE,2025-03-29 19:27:35.056910,2025-03-29 19:27:45.391493,10.334583
1467,adasyn,0.25,condensednn,0.125,-1.0,COMPLETE,2025-03-29 19:27:45.416258,2025-03-29 19:27:45.508514,0.092256
1468,copulagan,0,clustercentroid,0.0625,0.7713935923059568,COMPLETE,2025-03-29 19:27:45.532347,2025-03-29 19:27:55.391218,9.858871
1469,fastml,0,instancehardness,0.5,0.816446228697218,COMPLETE,2025-03-29 19:27:55.415356,2025-03-29 19:28:07.189315,11.773959
1470,tvae,0.5,nearmiss,0.0625,0.8535353923282728,COMPLETE,2025-03-29 19:28:07.213459,2025-03-29 19:28:18.523955,11.310496
1471,smote,auto,onesidedselection,0.25,0.7442952177818234,COMPLETE,2025-03-29 19:28:18.548538,2025-03-29 19:28:27.807014,9.258476
1472,smote,0.5,nearmiss,auto,0.7842776712680902,COMPLETE,2025-03-29 19:28:27.833733,2025-03-29 19:28:39.408438,11.574705
1473,tvae,auto,clustercentroid,0.0625,0.7670911578161921,COMPLETE,2025-03-29 19:28:39.432717,2025-03-29 19:28:50.569981,11.137264
1474,fastml,0.5,editednn,0.5,0.6027242045716767,COMPLETE,2025-03-29 19:28:50.594878,2025-03-29 19:28:58.759895,8.165017
1475,gaussiancopula,0.5,instancehardness,0.25,0.7779200348215397,COMPLETE,2025-03-29 19:28:58.782267,2025-03-29 19:29:10.210835,11.428568
1476,gaussiancopula,2,tomeklinks,0,0.8061522907211869,COMPLETE,2025-03-29 19:29:10.235026,2025-03-29 19:29:21.052836,10.81781
1477,smote,0,tomeklinks,0.125,0.8106420236121931,COMPLETE,2025-03-29 19:29:21.078145,2025-03-29 19:29:29.328763,8.250618
1478,tvae,1,clustercentroid,0.0625,0.7731140780966501,COMPLETE,2025-03-29 19:29:29.353070,2025-03-29 19:29:40.760610,11.40754
1479,tvae,0.25,condensednn,auto,0.7537101641234796,COMPLETE,2025-03-29 19:29:40.781414,2025-03-29 19:29:49.578552,8.797138
1480,tvae,2,tomeklinks,0.0625,0.7290738343974288,COMPLETE,2025-03-29 19:29:49.598016,2025-03-29 19:29:59.520601,9.922585
1481,ctgan,1,tomeklinks,auto,0.7417472653791874,COMPLETE,2025-03-29 19:29:59.543062,2025-03-29 19:30:08.639293,9.096231
1482,tvae,2,editednn,0.0625,0.6930653400462047,COMPLETE,2025-03-29 19:30:08.663192,2025-03-29 19:30:16.438058,7.774866
1483,smote,2,onesidedselection,auto,0.7442952177818234,COMPLETE,2025-03-29 19:30:16.463950,2025-03-29 19:30:25.801946,9.337996
1484,gaussiancopula,2,tomeklinks,0.125,0.7388116091110345,COMPLETE,2025-03-29 19:30:25.816730,2025-03-29 19:30:34.689100,8.87237
1485,ctgan,0.5,instancehardness,0.5,0.7782441490453788,COMPLETE,2025-03-29 19:30:34.713592,2025-03-29 19:30:46.578852,11.86526
1486,ctgan,0.25,random,auto,0.7598153069181577,COMPLETE,2025-03-29 19:30:46.602487,2025-03-29 19:30:58.706722,12.104235
1487,ctgan,auto,editednn,0.25,0.7014190188143578,COMPLETE,2025-03-29 19:30:58.731899,2025-03-29 19:31:06.398592,7.666693
1488,gaussiancopula,0.5,instancehardness,0.0625,0.7779200348215397,COMPLETE,2025-03-29 19:31:06.424479,2025-03-29 19:31:17.494506,11.070027
1489,tvae,auto,nearmiss,0.125,0.8535353923282728,COMPLETE,2025-03-29 19:31:17.508685,2025-03-29 19:31:28.846280,11.337595
1490,ctgan,2,editednn,0.0625,0.7014190188143578,COMPLETE,2025-03-29 19:31:28.870285,2025-03-29 19:31:36.184017,7.313732
1491,gaussiancopula,0,editednn,0.5,0.6570439510152107,COMPLETE,2025-03-29 19:31:36.198339,2025-03-29 19:31:43.118171,6.919832
1492,adasyn,0.25,tomeklinks,0.0625,-1.0,COMPLETE,2025-03-29 19:31:43.132390,2025-03-29 19:31:43.222220,0.08983
1493,tvae,0.5,editednn,0.125,0.6930653400462047,COMPLETE,2025-03-29 19:31:43.247076,2025-03-29 19:31:51.127633,7.880557
1494,fastml,1,random,0.25,0.7832957688664595,COMPLETE,2025-03-29 19:31:51.153908,2025-03-29 19:32:02.182782,11.028874
1495,ctgan,0,onesidedselection,auto,0.8145856661046565,COMPLETE,2025-03-29 19:32:02.197437,2025-03-29 19:32:11.011193,8.813756
1496,adasyn,2,onesidedselection,0,-1.0,COMPLETE,2025-03-29 19:32:11.036026,2025-03-29 19:32:11.126103,0.090077
1497,tvae,auto,editednn,0.0625,0.6930653400462047,COMPLETE,2025-03-29 19:32:11.149712,2025-03-29 19:32:18.972058,7.822346
1498,random,auto,condensednn,0,0.8501211295328943,COMPLETE,2025-03-29 19:32:18.997006,2025-03-29 19:32:29.299311,10.302305
1499,fastml,0.5,editednn,0.125,0.6027242045716767,COMPLETE,2025-03-29 19:32:29.324321,2025-03-29 19:32:37.772501,8.44818
1500,tvae,2,clustercentroid,0.0625,0.7731140780966501,COMPLETE,2025-03-29 19:32:37.787972,2025-03-29 19:32:49.336440,11.548468
1501,copulagan,1,instancehardness,0,0.7694685439375929,COMPLETE,2025-03-29 19:32:49.360103,2025-03-29 19:32:59.656895,10.296792
1502,smote,0.5,condensednn,auto,0.7754168660676761,COMPLETE,2025-03-29 19:32:59.681168,2025-03-29 19:33:08.242292,8.561124
1503,adasyn,0.5,onesidedselection,0.125,-1.0,COMPLETE,2025-03-29 19:33:08.268010,2025-03-29 19:33:08.356648,0.088638
1504,tvae,0.25,editednn,0.5,0.6930653400462047,COMPLETE,2025-03-29 19:33:08.380056,2025-03-29 19:33:16.678163,8.298107
1505,smote,0.25,instancehardness,0,0.8031668039219165,COMPLETE,2025-03-29 19:33:16.708420,2025-03-29 19:33:27.449597,10.741177
1506,adasyn,1,condensednn,0.0625,-1.0,COMPLETE,2025-03-29 19:33:27.466031,2025-03-29 19:33:27.560946,0.094915
1507,ctgan,auto,instancehardness,auto,0.7782441490453788,COMPLETE,2025-03-29 19:33:27.586184,2025-03-29 19:33:39.453683,11.867499
1508,tvae,0.25,instancehardness,0.5,0.7854833841430398,COMPLETE,2025-03-29 19:33:39.477306,2025-03-29 19:33:52.746554,13.269248
1509,random,0.5,editednn,0.0625,0.6829269964523792,COMPLETE,2025-03-29 19:33:52.771738,2025-03-29 19:33:59.818570,7.046832
1510,fastml,0.25,tomeklinks,0.5,0.8189820072173013,COMPLETE,2025-03-29 19:33:59.842891,2025-03-29 19:34:09.036791,9.1939
1511,copulagan,1,random,0.25,0.790953418553617,COMPLETE,2025-03-29 19:34:09.061704,2025-03-29 19:34:20.664611,11.602907
1512,copulagan,0.5,condensednn,0.5,0.7106211998941325,COMPLETE,2025-03-29 19:34:20.689494,2025-03-29 19:34:29.775886,9.086392
1513,copulagan,0.25,onesidedselection,0.0625,0.8118367096054723,COMPLETE,2025-03-29 19:34:29.800179,2025-03-29 19:34:40.056788,10.256609
1514,ctgan,0.25,clustercentroid,0.125,0.817772055470615,COMPLETE,2025-03-29 19:34:40.071309,2025-03-29 19:34:53.288149,13.21684
1515,copulagan,0.25,nearmiss,0.5,0.7577816279768611,COMPLETE,2025-03-29 19:34:53.312848,2025-03-29 19:35:04.350353,11.037505
1516,smote,auto,editednn,auto,0.6971297649494581,COMPLETE,2025-03-29 19:35:04.368660,2025-03-29 19:35:11.122119,6.753459
1517,smote,0.25,onesidedselection,auto,0.7442952177818234,COMPLETE,2025-03-29 19:35:11.136795,2025-03-29 19:35:20.305117,9.168322
1518,random,1,clustercentroid,0.0625,0.8252368888666506,COMPLETE,2025-03-29 19:35:20.321043,2025-03-29 19:35:32.823738,12.502695
1519,adasyn,0,random,auto,0.7113235120907087,COMPLETE,2025-03-29 19:35:32.848723,2025-03-29 19:35:42.870673,10.02195
1520,adasyn,1,nearmiss,0.5,-1.0,COMPLETE,2025-03-29 19:35:42.896770,2025-03-29 19:35:42.985433,0.088663
1521,ctgan,0.5,onesidedselection,0.5,0.8277893045653577,COMPLETE,2025-03-29 19:35:43.008869,2025-03-29 19:35:52.317663,9.308794
1522,ctgan,1,tomeklinks,0.125,0.7417472653791874,COMPLETE,2025-03-29 19:35:52.337989,2025-03-29 19:36:01.408993,9.071004
1523,tvae,0.25,random,0.125,0.8029873404004259,COMPLETE,2025-03-29 19:36:01.434068,2025-03-29 19:36:15.209732,13.775664
1524,adasyn,0.25,instancehardness,0.125,-1.0,COMPLETE,2025-03-29 19:36:15.234521,2025-03-29 19:36:15.330227,0.095706
1525,fastml,0.5,random,0.5,0.7832957688664595,COMPLETE,2025-03-29 19:36:15.344786,2025-03-29 19:36:26.196611,10.851825
1526,random,auto,random,0.25,0.786526759244812,COMPLETE,2025-03-29 19:36:26.222783,2025-03-29 19:36:36.886752,10.663969
1527,adasyn,0.25,clustercentroid,auto,-1.0,COMPLETE,2025-03-29 19:36:36.912487,2025-03-29 19:36:37.006837,0.09435
1528,copulagan,2,editednn,0.5,0.7193117069444186,COMPLETE,2025-03-29 19:36:37.030400,2025-03-29 19:36:45.067168,8.036768
1529,gaussiancopula,0,condensednn,0.25,0.6046872437128007,COMPLETE,2025-03-29 19:36:45.091876,2025-03-29 19:36:51.638212,6.546336
1530,gaussiancopula,0.25,editednn,0.5,0.7508349577159428,COMPLETE,2025-03-29 19:36:51.664553,2025-03-29 19:36:59.526638,7.862085
1531,copulagan,auto,editednn,0.25,0.7193117069444186,COMPLETE,2025-03-29 19:36:59.552307,2025-03-29 19:37:07.543205,7.990898
1532,fastml,auto,instancehardness,auto,0.7653386691376887,COMPLETE,2025-03-29 19:37:07.559390,2025-03-29 19:37:18.592973,11.033583
1533,adasyn,auto,random,0.0625,-1.0,COMPLETE,2025-03-29 19:37:18.617521,2025-03-29 19:37:18.711371,0.09385
1534,ctgan,2,clustercentroid,auto,0.817772055470615,COMPLETE,2025-03-29 19:37:18.735224,2025-03-29 19:37:32.110978,13.375754
1535,adasyn,0.25,clustercentroid,0.0625,-1.0,COMPLETE,2025-03-29 19:37:32.136891,2025-03-29 19:37:32.241733,0.104842
1536,random,0.25,nearmiss,0.5,0.8311536381867213,COMPLETE,2025-03-29 19:37:32.267564,2025-03-29 19:37:43.172656,10.905092
1537,smote,0.25,onesidedselection,0,0.8031668039219165,COMPLETE,2025-03-29 19:37:43.199218,2025-03-29 19:37:53.268334,10.069116
1538,copulagan,1,onesidedselection,0.125,0.8118367096054723,COMPLETE,2025-03-29 19:37:53.283125,2025-03-29 19:38:03.756190,10.473065
1539,copulagan,auto,editednn,auto,0.7193117069444186,COMPLETE,2025-03-29 19:38:03.780472,2025-03-29 19:38:11.854689,8.074217
1540,smote,auto,clustercentroid,0.125,0.8176119647856219,COMPLETE,2025-03-29 19:38:11.880063,2025-03-29 19:38:22.771865,10.891802
1541,gaussiancopula,auto,random,0.25,0.8162475007892245,COMPLETE,2025-03-29 19:38:22.792615,2025-03-29 19:38:34.087949,11.295334
1542,tvae,0.5,tomeklinks,0.125,0.7290738343974288,COMPLETE,2025-03-29 19:38:34.108284,2025-03-29 19:38:44.112529,10.004245
1543,gaussiancopula,1,instancehardness,0.5,0.7779200348215397,COMPLETE,2025-03-29 19:38:44.136854,2025-03-29 19:38:55.230235,11.093381
1544,smote,2,editednn,0.0625,0.6971297649494581,COMPLETE,2025-03-29 19:38:55.254527,2025-03-29 19:39:02.048883,6.794356
1545,adasyn,0,condensednn,0.0625,0.6046872437128007,COMPLETE,2025-03-29 19:39:02.073853,2025-03-29 19:39:08.605467,6.531614
1546,tvae,auto,instancehardness,0.5,0.7854833841430398,COMPLETE,2025-03-29 19:39:08.630763,2025-03-29 19:39:21.624143,12.99338
1547,tvae,2,nearmiss,0.5,0.8535353923282728,COMPLETE,2025-03-29 19:39:21.649541,2025-03-29 19:39:33.264103,11.614562
1548,copulagan,auto,nearmiss,0.5,0.7577816279768611,COMPLETE,2025-03-29 19:39:33.288512,2025-03-29 19:39:44.622997,11.334485
1549,random,0.5,tomeklinks,0.0625,0.7885046901945817,COMPLETE,2025-03-29 19:39:44.638387,2025-03-29 19:39:54.353652,9.715265
1550,adasyn,0.5,random,0,-1.0,COMPLETE,2025-03-29 19:39:54.378784,2025-03-29 19:39:54.472369,0.093585
1551,fastml,2,tomeklinks,auto,0.8189820072173013,COMPLETE,2025-03-29 19:39:54.497818,2025-03-29 19:40:03.737126,9.239308
1552,adasyn,0.5,tomeklinks,auto,-1.0,COMPLETE,2025-03-29 19:40:03.763084,2025-03-29 19:40:03.859892,0.096808
1553,gaussiancopula,2,onesidedselection,auto,0.8402321388325446,COMPLETE,2025-03-29 19:40:03.883731,2025-03-29 19:40:13.506750,9.623019
1554,adasyn,0,random,0.0625,0.7113235120907087,COMPLETE,2025-03-29 19:40:13.531235,2025-03-29 19:40:23.775013,10.243778
1555,copulagan,1,nearmiss,0.5,0.7577816279768611,COMPLETE,2025-03-29 19:40:23.791930,2025-03-29 19:40:35.176535,11.384605
1556,random,2,onesidedselection,auto,0.7997081741787624,COMPLETE,2025-03-29 19:40:35.192121,2025-03-29 19:40:45.164676,9.972555
1557,smote,0.5,condensednn,0,0.8031668039219165,COMPLETE,2025-03-29 19:40:45.190623,2025-03-29 19:40:55.362889,10.172266
1558,gaussiancopula,0.5,condensednn,0.25,0.718110189461217,COMPLETE,2025-03-29 19:40:55.383466,2025-03-29 19:41:04.139035,8.755569
1559,ctgan,2,onesidedselection,0,0.8302957919410648,COMPLETE,2025-03-29 19:41:04.165015,2025-03-29 19:41:15.016477,10.851462
1560,fastml,0.5,instancehardness,0.5,0.7653386691376887,COMPLETE,2025-03-29 19:41:15.041866,2025-03-29 19:41:26.247835,11.205969
1561,ctgan,auto,clustercentroid,auto,0.817772055470615,COMPLETE,2025-03-29 19:41:26.272154,2025-03-29 19:41:39.916712,13.644558
1562,fastml,0,condensednn,0.0625,0.6046872437128007,COMPLETE,2025-03-29 19:41:39.941685,2025-03-29 19:41:46.595026,6.653341
1563,fastml,auto,clustercentroid,0.25,0.8051711830799735,COMPLETE,2025-03-29 19:41:46.619964,2025-03-29 19:41:59.901412,13.281448
1564,copulagan,auto,editednn,0.5,0.7193117069444186,COMPLETE,2025-03-29 19:41:59.927259,2025-03-29 19:42:08.041207,8.113948
1565,fastml,2,editednn,0,0.7655436586619666,COMPLETE,2025-03-29 19:42:08.066779,2025-03-29 19:42:18.520071,10.453292
1566,random,0,onesidedselection,0.5,0.8145856661046565,COMPLETE,2025-03-29 19:42:18.546880,2025-03-29 19:42:27.312735,8.765855
1567,gaussiancopula,auto,nearmiss,0.25,0.8177270480384667,COMPLETE,2025-03-29 19:42:27.337943,2025-03-29 19:42:39.417267,12.079324
1568,ctgan,2,clustercentroid,0.25,0.817772055470615,COMPLETE,2025-03-29 19:42:39.441739,2025-03-29 19:42:52.979531,13.537792
1569,fastml,auto,instancehardness,0,0.7655436586619666,COMPLETE,2025-03-29 19:42:53.003724,2025-03-29 19:43:03.514810,10.511086
1570,smote,0,editednn,0,-1.0,ERROR,,,0.0
1571,ctgan,0.5,instancehardness,0.0625,0.7782441490453788,COMPLETE,2025-03-29 19:43:14.696008,2025-03-29 19:43:26.635964,11.939956
1572,copulagan,auto,condensednn,auto,0.7106211998941325,COMPLETE,2025-03-29 19:43:26.661104,2025-03-29 19:43:36.013249,9.352145
1573,smote,0,clustercentroid,auto,0.7713935923059568,COMPLETE,2025-03-29 19:43:36.040793,2025-03-29 19:43:46.032649,9.991856
1574,tvae,0,tomeklinks,0,-1.0,ERROR,,,0.0
1575,fastml,2,condensednn,0,0.7655436586619666,COMPLETE,2025-03-29 19:43:57.102697,2025-03-29 19:44:07.922413,10.819716
1576,tvae,auto,instancehardness,0.0625,0.7854833841430398,COMPLETE,2025-03-29 19:44:07.947349,2025-03-29 19:44:20.782398,12.835049
1577,adasyn,0,nearmiss,0.0625,0.8261824381926683,COMPLETE,2025-03-29 19:44:20.806854,2025-03-29 19:44:29.972557,9.165703
1578,tvae,2,tomeklinks,0,0.7729649486430071,COMPLETE,2025-03-29 19:44:29.987853,2025-03-29 19:44:40.698062,10.710209
1579,copulagan,0,onesidedselection,auto,0.8145856661046565,COMPLETE,2025-03-29 19:44:40.722778,2025-03-29 19:44:49.569433,8.846655
1580,tvae,1,onesidedselection,0.25,0.8099656204534335,COMPLETE,2025-03-29 19:44:49.594081,2025-03-29 19:44:59.622204,10.028123
1581,adasyn,2,tomeklinks,0,-1.0,COMPLETE,2025-03-29 19:44:59.636848,2025-03-29 19:44:59.731818,0.09497
1582,fastml,0.5,condensednn,0.25,0.7354233403685049,COMPLETE,2025-03-29 19:44:59.756072,2025-03-29 19:45:07.731403,7.975331
1583,smote,2,nearmiss,0.125,0.7842776712680902,COMPLETE,2025-03-29 19:45:07.755502,2025-03-29 19:45:19.769143,12.013641
1584,fastml,0,instancehardness,0,-1.0,ERROR,,,0.0
1585,smote,0.5,nearmiss,0.125,0.7842776712680902,COMPLETE,2025-03-29 19:45:30.814623,2025-03-29 19:45:42.855802,12.041179
1586,tvae,0,instancehardness,0.25,0.816446228697218,COMPLETE,2025-03-29 19:45:42.879970,2025-03-29 19:45:54.367937,11.487967
1587,ctgan,0.5,editednn,auto,0.7014190188143578,COMPLETE,2025-03-29 19:45:54.391902,2025-03-29 19:46:01.937174,7.545272
1588,copulagan,auto,random,0,0.7694685439375929,COMPLETE,2025-03-29 19:46:01.962531,2025-03-29 19:46:12.608894,10.646363
1589,gaussiancopula,2,onesidedselection,0.5,0.8402321388325446,COMPLETE,2025-03-29 19:46:12.633465,2025-03-29 19:46:22.202487,9.569022
1590,ctgan,0.5,onesidedselection,0.0625,0.8277893045653577,COMPLETE,2025-03-29 19:46:22.227937,2025-03-29 19:46:31.696918,9.468981
1591,copulagan,0.25,condensednn,0,0.7694685439375929,COMPLETE,2025-03-29 19:46:31.711587,2025-03-29 19:46:42.311574,10.599987
1592,gaussiancopula,0,tomeklinks,auto,0.8106420236121931,COMPLETE,2025-03-29 19:46:42.336518,2025-03-29 19:46:50.611404,8.274886
1593,tvae,1,editednn,0.0625,0.6930653400462047,COMPLETE,2025-03-29 19:46:50.635751,2025-03-29 19:46:58.449717,7.813966
1594,ctgan,0,condensednn,0.0625,0.6046872437128007,COMPLETE,2025-03-29 19:46:58.475998,2025-03-29 19:47:05.242078,6.76608
1595,fastml,0,condensednn,auto,0.6046872437128007,COMPLETE,2025-03-29 19:47:05.267366,2025-03-29 19:47:11.950147,6.682781
1596,smote,0.25,nearmiss,0,0.8031668039219165,COMPLETE,2025-03-29 19:47:11.975401,2025-03-29 19:47:22.169830,10.194429
1597,smote,0.5,tomeklinks,0.125,0.8021280045174569,COMPLETE,2025-03-29 19:47:22.193870,2025-03-29 19:47:31.808402,9.614532
1598,ctgan,2,nearmiss,0.125,0.7994233065016635,COMPLETE,2025-03-29 19:47:31.834117,2025-03-29 19:47:42.504000,10.669883
1599,tvae,1,random,0.125,0.8029873404004259,COMPLETE,2025-03-29 19:47:42.528756,2025-03-29 19:47:55.994213,13.465457
1600,gaussiancopula,1,editednn,0.25,0.7508349577159428,COMPLETE,2025-03-29 19:47:56.019104,2025-03-29 19:48:03.616067,7.596963
1601,fastml,0.25,nearmiss,0,0.7655436586619666,COMPLETE,2025-03-29 19:48:03.641890,2025-03-29 19:48:14.235320,10.59343
1602,gaussiancopula,auto,clustercentroid,0.5,0.8130003938195579,COMPLETE,2025-03-29 19:48:14.261094,2025-03-29 19:48:27.332820,13.071726
1603,ctgan,0.5,condensednn,0.25,0.6856216672517259,COMPLETE,2025-03-29 19:48:27.358945,2025-03-29 19:48:35.533804,8.174859
1604,ctgan,1,random,0.5,0.7598153069181577,COMPLETE,2025-03-29 19:48:35.559632,2025-03-29 19:48:47.733906,12.174274
1605,ctgan,0,random,0,-1.0,ERROR,,,0.0
1606,adasyn,auto,nearmiss,0.125,-1.0,COMPLETE,2025-03-29 19:48:58.792388,2025-03-29 19:48:58.888035,0.095647
1607,adasyn,0.5,nearmiss,0.0625,-1.0,COMPLETE,2025-03-29 19:48:58.911991,2025-03-29 19:48:59.004110,0.092119
1608,ctgan,0.25,onesidedselection,0.125,0.8277893045653577,COMPLETE,2025-03-29 19:48:59.027835,2025-03-29 19:49:08.551174,9.523339
1609,adasyn,0.25,editednn,0,-1.0,COMPLETE,2025-03-29 19:49:08.567164,2025-03-29 19:49:08.664645,0.097481
1610,copulagan,1,condensednn,0.125,0.7106211998941325,COMPLETE,2025-03-29 19:49:08.690882,2025-03-29 19:49:17.936726,9.245844
1611,adasyn,auto,clustercentroid,auto,-1.0,COMPLETE,2025-03-29 19:49:17.961913,2025-03-29 19:49:18.059631,0.097718
1612,random,2,instancehardness,0.25,0.7895467277820218,COMPLETE,2025-03-29 19:49:18.085499,2025-03-29 19:49:30.510518,12.425019
1613,copulagan,0,nearmiss,0,-1.0,ERROR,,,0.0
1614,copulagan,0.25,tomeklinks,auto,0.7836642273347322,COMPLETE,2025-03-29 19:49:41.603038,2025-03-29 19:49:51.577810,9.974772
1615,random,2,condensednn,0.5,0.764847388838482,COMPLETE,2025-03-29 19:49:51.602580,2025-03-29 19:49:59.671649,8.069069
1616,smote,1,editednn,0.25,0.6971297649494581,COMPLETE,2025-03-29 19:49:59.688658,2025-03-29 19:50:06.556418,6.86776
1617,adasyn,auto,tomeklinks,0.0625,-1.0,COMPLETE,2025-03-29 19:50:06.581109,2025-03-29 19:50:06.676151,0.095042
1618,smote,auto,editednn,0.25,0.6971297649494581,COMPLETE,2025-03-29 19:50:06.700660,2025-03-29 19:50:13.574111,6.873451
1619,random,0,condensednn,0.125,0.6046872437128007,COMPLETE,2025-03-29 19:50:13.599057,2025-03-29 19:50:20.259422,6.660365
1620,adasyn,2,nearmiss,auto,-1.0,COMPLETE,2025-03-29 19:50:20.283879,2025-03-29 19:50:20.384502,0.100623
1621,gaussiancopula,2,onesidedselection,0.125,0.8402321388325446,COMPLETE,2025-03-29 19:50:20.408181,2025-03-29 19:50:30.051688,9.643507
1622,random,0.5,onesidedselection,0.25,0.7997081741787624,COMPLETE,2025-03-29 19:50:30.076544,2025-03-29 19:50:39.937633,9.861089
1623,random,auto,onesidedselection,0.5,0.7997081741787624,COMPLETE,2025-03-29 19:50:39.952555,2025-03-29 19:50:49.610957,9.658402
1624,random,0.25,clustercentroid,auto,0.8252368888666506,COMPLETE,2025-03-29 19:50:49.629046,2025-03-29 19:51:02.492856,12.86381
1625,ctgan,0,random,0.5,0.7113235120907087,COMPLETE,2025-03-29 19:51:02.517504,2025-03-29 19:51:13.030933,10.513429
1626,tvae,0,nearmiss,0,-1.0,ERROR,,,0.0
1627,fastml,0.25,nearmiss,auto,0.8292455911829185,COMPLETE,2025-03-29 19:51:24.198333,2025-03-29 19:51:35.923812,11.725479
1628,adasyn,auto,tomeklinks,0.125,-1.0,COMPLETE,2025-03-29 19:51:35.948495,2025-03-29 19:51:36.042515,0.09402
1629,copulagan,0,instancehardness,0.25,0.816446228697218,COMPLETE,2025-03-29 19:51:36.067347,2025-03-29 19:51:48.139642,12.072295
1630,copulagan,0.25,random,0.125,0.790953418553617,COMPLETE,2025-03-29 19:51:48.164078,2025-03-29 19:51:59.985377,11.821299
1631,copulagan,0,tomeklinks,0.25,0.8106420236121931,COMPLETE,2025-03-29 19:52:00.000207,2025-03-29 19:52:08.393763,8.393556
1632,copulagan,1,editednn,0.25,0.7193117069444186,COMPLETE,2025-03-29 19:52:08.408428,2025-03-29 19:52:16.658717,8.250289
1633,adasyn,1,tomeklinks,auto,-1.0,COMPLETE,2025-03-29 19:52:16.684196,2025-03-29 19:52:16.781384,0.097188
1634,ctgan,0.5,editednn,0,0.8302957919410648,COMPLETE,2025-03-29 19:52:16.805110,2025-03-29 19:52:27.760327,10.955217
1635,gaussiancopula,0.25,clustercentroid,0.0625,0.8130003938195579,COMPLETE,2025-03-29 19:52:27.784571,2025-03-29 19:52:41.309889,13.525318
1636,ctgan,0.25,random,0.0625,0.7598153069181577,COMPLETE,2025-03-29 19:52:41.335052,2025-03-29 19:52:53.561420,12.226368
1637,random,2,nearmiss,0.25,0.8311536381867213,COMPLETE,2025-03-29 19:52:53.576501,2025-03-29 19:53:04.928946,11.352445
1638,random,0.5,nearmiss,auto,0.8311536381867213,COMPLETE,2025-03-29 19:53:04.953164,2025-03-29 19:53:16.223057,11.269893
1639,copulagan,0.5,clustercentroid,0.125,0.8031625042974624,COMPLETE,2025-03-29 19:53:16.247461,2025-03-29 19:53:27.906767,11.659306
1640,tvae,0.25,condensednn,0.0625,0.7537101641234796,COMPLETE,2025-03-29 19:53:27.930631,2025-03-29 19:53:36.838637,8.908006
1641,random,0,condensednn,0.0625,0.6046872437128007,COMPLETE,2025-03-29 19:53:36.854390,2025-03-29 19:53:43.610816,6.756426
1642,tvae,1,instancehardness,0.5,0.7854833841430398,COMPLETE,2025-03-29 19:53:43.625628,2025-03-29 19:53:56.804068,13.17844
1643,smote,0,instancehardness,0.5,0.816446228697218,COMPLETE,2025-03-29 19:53:56.819479,2025-03-29 19:54:08.734431,11.914952
1644,tvae,2,clustercentroid,0.5,0.7731140780966501,COMPLETE,2025-03-29 19:54:08.760347,2025-03-29 19:54:20.258332,11.497985
1645,fastml,1,editednn,0.25,0.6027242045716767,COMPLETE,2025-03-29 19:54:20.282500,2025-03-29 19:54:28.834089,8.551589
1646,ctgan,2,nearmiss,0,0.8302957919410648,COMPLETE,2025-03-29 19:54:28.849013,2025-03-29 19:54:39.657649,10.808636
1647,gaussiancopula,0,instancehardness,0.25,0.816446228697218,COMPLETE,2025-03-29 19:54:39.682116,2025-03-29 19:54:51.544090,11.861974
1648,adasyn,0.25,instancehardness,0.0625,-1.0,COMPLETE,2025-03-29 19:54:51.569833,2025-03-29 19:54:51.670178,0.100345
1649,fastml,1,random,0.5,0.7832957688664595,COMPLETE,2025-03-29 19:54:51.695096,2025-03-29 19:55:03.205175,11.510079
1650,tvae,auto,random,0.125,0.8029873404004259,COMPLETE,2025-03-29 19:55:03.230114,2025-03-29 19:55:16.660278,13.430164
1651,random,0,nearmiss,0.125,0.8261824381926683,COMPLETE,2025-03-29 19:55:16.685843,2025-03-29 19:55:25.850079,9.164236
1652,tvae,1,clustercentroid,0,0.7729649486430071,COMPLETE,2025-03-29 19:55:25.874267,2025-03-29 19:55:36.795714,10.921447
1653,adasyn,0.5,onesidedselection,0.0625,-1.0,COMPLETE,2025-03-29 19:55:36.821743,2025-03-29 19:55:36.923926,0.102183
1654,ctgan,1,nearmiss,0.125,0.7994233065016635,COMPLETE,2025-03-29 19:55:36.947846,2025-03-29 19:55:47.804185,10.856339
1655,smote,1,random,0,0.8031668039219165,COMPLETE,2025-03-29 19:55:47.822608,2025-03-29 19:55:58.133323,10.310715
1656,ctgan,0.5,condensednn,0,0.8302957919410648,COMPLETE,2025-03-29 19:55:58.147999,2025-03-29 19:56:09.045739,10.89774
1657,copulagan,0.25,instancehardness,0.5,0.7109619862773654,COMPLETE,2025-03-29 19:56:09.070803,2025-03-29 19:56:21.970087,12.899284
1658,copulagan,1,clustercentroid,0.125,0.8031625042974624,COMPLETE,2025-03-29 19:56:21.985690,2025-03-29 19:56:33.613594,11.627904
1659,smote,2,onesidedselection,0.5,0.7442952177818234,COMPLETE,2025-03-29 19:56:33.639424,2025-03-29 19:56:43.184138,9.544714
1660,fastml,2,onesidedselection,0.0625,0.8129974458686009,COMPLETE,2025-03-29 19:56:43.208966,2025-03-29 19:56:52.755634,9.546668
1661,tvae,0.25,editednn,0.125,0.6930653400462047,COMPLETE,2025-03-29 19:56:52.770521,2025-03-29 19:57:00.883336,8.112815
1662,adasyn,0.25,random,0.25,-1.0,COMPLETE,2025-03-29 19:57:00.907446,2025-03-29 19:57:01.004028,0.096582
1663,tvae,0.25,clustercentroid,0.125,0.7731140780966501,COMPLETE,2025-03-29 19:57:01.028907,2025-03-29 19:57:12.636876,11.607969
1664,ctgan,0.25,nearmiss,0,0.8302957919410648,COMPLETE,2025-03-29 19:57:12.662683,2025-03-29 19:57:23.793631,11.130948
1665,smote,0.25,onesidedselection,0.0625,0.7442952177818234,COMPLETE,2025-03-29 19:57:23.818318,2025-03-29 19:57:33.411675,9.593357
1666,tvae,2,editednn,auto,0.6930653400462047,COMPLETE,2025-03-29 19:57:33.436744,2025-03-29 19:57:41.353300,7.916556
1667,fastml,2,onesidedselection,0,0.7655436586619666,COMPLETE,2025-03-29 19:57:41.379017,2025-03-29 19:57:52.097903,10.718886
1668,smote,0.5,clustercentroid,0.125,0.8176119647856219,COMPLETE,2025-03-29 19:57:52.112743,2025-03-29 19:58:03.312481,11.199738
1669,copulagan,0,random,auto,0.7113235120907087,COMPLETE,2025-03-29 19:58:03.338575,2025-03-29 19:58:13.548601,10.210026
1670,gaussiancopula,0.25,random,0.0625,0.8162475007892245,COMPLETE,2025-03-29 19:58:13.573135,2025-03-29 19:58:25.476335,11.9032
1671,ctgan,2,tomeklinks,0.5,0.7417472653791874,COMPLETE,2025-03-29 19:58:25.490849,2025-03-29 19:58:35.145634,9.654785
1672,adasyn,0.5,random,0.0625,-1.0,COMPLETE,2025-03-29 19:58:35.161498,2025-03-29 19:58:35.266070,0.104572
1673,tvae,0,editednn,auto,0.6570439510152107,COMPLETE,2025-03-29 19:58:35.280752,2025-03-29 19:58:42.302458,7.021706
1674,gaussiancopula,0,clustercentroid,0.125,0.7713935923059568,COMPLETE,2025-03-29 19:58:42.321358,2025-03-29 19:58:52.441767,10.120409
1675,gaussiancopula,0.25,instancehardness,0.125,0.7779200348215397,COMPLETE,2025-03-29 19:58:52.467570,2025-03-29 19:59:03.868107,11.400537
1676,fastml,auto,tomeklinks,0.125,0.8189820072173013,COMPLETE,2025-03-29 19:59:03.893039,2025-03-29 19:59:13.513276,9.620237
1677,tvae,0,clustercentroid,auto,0.7713935923059568,COMPLETE,2025-03-29 19:59:13.539578,2025-03-29 19:59:23.841353,10.301775
1678,gaussiancopula,0.25,random,0,0.8061522907211869,COMPLETE,2025-03-29 19:59:23.867732,2025-03-29 19:59:35.017841,11.150109
1679,random,0,nearmiss,0,-1.0,ERROR,,,0.0
1680,adasyn,1,tomeklinks,0.0625,-1.0,COMPLETE,2025-03-29 19:59:46.340268,2025-03-29 19:59:46.439339,0.099071
1681,adasyn,0.5,nearmiss,0,-1.0,COMPLETE,2025-03-29 19:59:46.453049,2025-03-29 19:59:46.548025,0.094976
1682,ctgan,auto,onesidedselection,auto,0.8277893045653577,COMPLETE,2025-03-29 19:59:46.571993,2025-03-29 19:59:56.152720,9.580727
1683,smote,0.25,clustercentroid,auto,0.8176119647856219,COMPLETE,2025-03-29 19:59:56.177663,2025-03-29 20:00:07.342819,11.165156
1684,smote,auto,condensednn,0.5,0.7754168660676761,COMPLETE,2025-03-29 20:00:07.367461,2025-03-29 20:00:15.936386,8.568925
1685,copulagan,0.25,onesidedselection,0,0.7694685439375929,COMPLETE,2025-03-29 20:00:15.961191,2025-03-29 20:00:26.603232,10.642041
1686,fastml,0.25,clustercentroid,0.125,0.8051711830799735,COMPLETE,2025-03-29 20:00:26.617619,2025-03-29 20:00:40.158362,13.540743
1687,adasyn,0.5,instancehardness,0.5,-1.0,COMPLETE,2025-03-29 20:00:40.186673,2025-03-29 20:00:40.290491,0.103818
1688,fastml,2,nearmiss,0.125,0.8292455911829185,COMPLETE,2025-03-29 20:00:40.314925,2025-03-29 20:00:52.210218,11.895293
1689,fastml,2,instancehardness,0.125,0.7653386691376887,COMPLETE,2025-03-29 20:00:52.234732,2025-03-29 20:01:03.866585,11.631853
1690,tvae,1,instancehardness,0.0625,0.7854833841430398,COMPLETE,2025-03-29 20:01:03.892016,2025-03-29 20:01:17.273933,13.381917
1691,random,2,onesidedselection,0.0625,0.7997081741787624,COMPLETE,2025-03-29 20:01:17.292106,2025-03-29 20:01:27.366942,10.074836
1692,smote,0,condensednn,0,-1.0,ERROR,,,0.0
1693,ctgan,0.25,instancehardness,0.5,0.7782441490453788,COMPLETE,2025-03-29 20:01:38.355477,2025-03-29 20:01:50.114297,11.75882
1694,smote,0.5,editednn,0.5,0.6971297649494581,COMPLETE,2025-03-29 20:01:50.140860,2025-03-29 20:01:57.358796,7.217936
1695,tvae,1,nearmiss,0.25,0.8535353923282728,COMPLETE,2025-03-29 20:01:57.381937,2025-03-29 20:02:09.386454,12.004517
1696,ctgan,0.25,tomeklinks,0.25,0.7417472653791874,COMPLETE,2025-03-29 20:02:09.411880,2025-03-29 20:02:18.964984,9.553104
1697,tvae,1,tomeklinks,0,0.7729649486430071,COMPLETE,2025-03-29 20:02:18.993449,2025-03-29 20:02:30.458736,11.465287
1698,smote,1,tomeklinks,0.25,0.8021280045174569,COMPLETE,2025-03-29 20:02:30.484980,2025-03-29 20:02:40.371957,9.886977
1699,fastml,2,condensednn,0.5,0.7354233403685049,COMPLETE,2025-03-29 20:02:40.397664,2025-03-29 20:02:48.399956,8.002292
1700,tvae,0,condensednn,0,-1.0,ERROR,,,0.0
1701,random,1,condensednn,0.125,0.764847388838482,COMPLETE,2025-03-29 20:02:59.519347,2025-03-29 20:03:07.776052,8.256705
1702,adasyn,0,nearmiss,0,-1.0,ERROR,,,0.0
1703,tvae,1,editednn,0.5,0.6930653400462047,COMPLETE,2025-03-29 20:03:19.024337,2025-03-29 20:03:27.012649,7.988312
1704,random,2,editednn,0.0625,0.6829269964523792,COMPLETE,2025-03-29 20:03:27.037710,2025-03-29 20:03:34.755658,7.717948
1705,gaussiancopula,0.25,nearmiss,0.25,0.8177270480384667,COMPLETE,2025-03-29 20:03:34.781503,2025-03-29 20:03:47.657430,12.875927
1706,ctgan,0.5,nearmiss,0.5,0.7994233065016635,COMPLETE,2025-03-29 20:03:47.683352,2025-03-29 20:03:58.275751,10.592399
1707,ctgan,2,instancehardness,0.125,0.7782441490453788,COMPLETE,2025-03-29 20:03:58.301875,2025-03-29 20:04:10.276957,11.975082
1708,gaussiancopula,0.5,nearmiss,0.25,0.8177270480384667,COMPLETE,2025-03-29 20:04:10.305711,2025-03-29 20:04:22.585173,12.279462
1709,smote,0.25,condensednn,0.125,0.7754168660676761,COMPLETE,2025-03-29 20:04:22.610818,2025-03-29 20:04:31.222670,8.611852
1710,tvae,0,condensednn,0.25,0.6046872437128007,COMPLETE,2025-03-29 20:04:31.248188,2025-03-29 20:04:37.949091,6.700903
1711,fastml,auto,clustercentroid,0.5,0.8051711830799735,COMPLETE,2025-03-29 20:04:37.973576,2025-03-29 20:04:51.397920,13.424344
1712,adasyn,auto,onesidedselection,0.25,-1.0,COMPLETE,2025-03-29 20:04:51.422093,2025-03-29 20:04:51.518747,0.096654
1713,random,0.5,clustercentroid,0,0.8501211295328943,COMPLETE,2025-03-29 20:04:51.542269,2025-03-29 20:05:01.896312,10.354043
1714,fastml,0,instancehardness,0.0625,0.816446228697218,COMPLETE,2025-03-29 20:05:01.920472,2025-03-29 20:05:13.997592,12.07712
1715,fastml,0.5,clustercentroid,0.125,0.8051711830799735,COMPLETE,2025-03-29 20:05:14.021772,2025-03-29 20:05:27.368916,13.347144
1716,ctgan,0,condensednn,auto,0.6046872437128007,COMPLETE,2025-03-29 20:05:27.383756,2025-03-29 20:05:33.979934,6.596178
1717,fastml,0.5,nearmiss,0.25,0.8292455911829185,COMPLETE,2025-03-29 20:05:34.004784,2025-03-29 20:05:45.698999,11.694215
1718,random,2,onesidedselection,0,0.8501211295328943,COMPLETE,2025-03-29 20:05:45.723218,2025-03-29 20:05:56.386343,10.663125
1719,fastml,2,onesidedselection,0.5,0.8129974458686009,COMPLETE,2025-03-29 20:05:56.411276,2025-03-29 20:06:05.895681,9.484405
1720,fastml,1,tomeklinks,0.5,0.8189820072173013,COMPLETE,2025-03-29 20:06:05.913888,2025-03-29 20:06:15.124158,9.21027
1721,smote,auto,onesidedselection,0.0625,0.7442952177818234,COMPLETE,2025-03-29 20:06:15.156489,2025-03-29 20:06:24.621857,9.465368
1722,tvae,auto,editednn,auto,0.6930653400462047,COMPLETE,2025-03-29 20:06:24.640545,2025-03-29 20:06:32.469302,7.828757
1723,tvae,0.5,tomeklinks,0.0625,0.7290738343974288,COMPLETE,2025-03-29 20:06:32.484787,2025-03-29 20:06:42.510296,10.025509
1724,ctgan,auto,condensednn,0.5,0.6856216672517259,COMPLETE,2025-03-29 20:06:42.535124,2025-03-29 20:06:50.623480,8.088356
1725,tvae,auto,random,0.25,0.8029873404004259,COMPLETE,2025-03-29 20:06:50.647690,2025-03-29 20:07:04.155013,13.507323
1726,adasyn,1,editednn,0.25,-1.0,COMPLETE,2025-03-29 20:07:04.172003,2025-03-29 20:07:04.275109,0.103106
1727,smote,0.25,instancehardness,0.125,0.7420406460456523,COMPLETE,2025-03-29 20:07:04.299700,2025-03-29 20:07:15.648739,11.349039
1728,ctgan,auto,editednn,0.125,0.7014190188143578,COMPLETE,2025-03-29 20:07:15.665024,2025-03-29 20:07:23.385380,7.720356
1729,adasyn,2,random,0,-1.0,COMPLETE,2025-03-29 20:07:23.410302,2025-03-29 20:07:23.511861,0.101559
1730,tvae,1,instancehardness,auto,0.7854833841430398,COMPLETE,2025-03-29 20:07:23.535920,2025-03-29 20:07:36.572752,13.036832
1731,adasyn,2,instancehardness,0.0625,-1.0,COMPLETE,2025-03-29 20:07:36.598336,2025-03-29 20:07:36.700633,0.102297
1732,smote,0.25,onesidedselection,0.5,0.7442952177818234,COMPLETE,2025-03-29 20:07:36.725129,2025-03-29 20:07:46.284291,9.559162
1733,smote,0.25,random,auto,0.7725855759746558,COMPLETE,2025-03-29 20:07:46.310035,2025-03-29 20:07:58.445397,12.135362
1734,smote,0.5,clustercentroid,0.0625,0.8176119647856219,COMPLETE,2025-03-29 20:07:58.470707,2025-03-29 20:08:10.081595,11.610888
1735,copulagan,2,tomeklinks,auto,0.7836642273347322,COMPLETE,2025-03-29 20:08:10.105386,2025-03-29 20:08:19.829644,9.724258
1736,random,0.25,instancehardness,auto,0.7895467277820218,COMPLETE,2025-03-29 20:08:19.854245,2025-03-29 20:08:31.817102,11.962857
1737,smote,0.5,random,0,0.8031668039219165,COMPLETE,2025-03-29 20:08:31.841768,2025-03-29 20:08:42.036723,10.194955
1738,gaussiancopula,auto,clustercentroid,0.25,0.8130003938195579,COMPLETE,2025-03-29 20:08:42.060876,2025-03-29 20:08:55.131960,13.071084
1739,ctgan,0.25,onesidedselection,auto,0.8277893045653577,COMPLETE,2025-03-29 20:08:55.158844,2025-03-29 20:09:04.999936,9.841092
1740,gaussiancopula,1,nearmiss,0.125,0.8177270480384667,COMPLETE,2025-03-29 20:09:05.016495,2025-03-29 20:09:17.310216,12.293721
1741,random,0.5,clustercentroid,0.0625,0.8252368888666506,COMPLETE,2025-03-29 20:09:17.334663,2025-03-29 20:09:29.979921,12.645258
1742,adasyn,1,condensednn,0.5,-1.0,COMPLETE,2025-03-29 20:09:30.005529,2025-03-29 20:09:30.106394,0.100865
1743,smote,auto,tomeklinks,0,0.8031668039219165,COMPLETE,2025-03-29 20:09:30.130252,2025-03-29 20:09:40.650441,10.520189
1744,fastml,1,clustercentroid,auto,0.8101183341922502,COMPLETE,2025-03-29 20:09:40.674044,2025-03-29 20:09:53.536973,12.862929
1745,fastml,0.25,onesidedselection,0.0625,0.8129974458686009,COMPLETE,2025-03-29 20:09:53.563305,2025-03-29 20:10:03.217177,9.653872
1746,tvae,auto,random,auto,0.8029873404004259,COMPLETE,2025-03-29 20:10:03.232335,2025-03-29 20:10:17.084158,13.851823
1747,random,0.5,condensednn,0.0625,0.764847388838482,COMPLETE,2025-03-29 20:10:17.108871,2025-03-29 20:10:25.677587,8.568716
1748,random,auto,instancehardness,0,0.8501211295328943,COMPLETE,2025-03-29 20:10:25.692519,2025-03-29 20:10:36.399354,10.706835
1749,tvae,0.25,tomeklinks,0.125,0.7290738343974288,COMPLETE,2025-03-29 20:10:36.424367,2025-03-29 20:10:46.797844,10.373477
1750,gaussiancopula,0.25,onesidedselection,0.125,0.8402321388325446,COMPLETE,2025-03-29 20:10:46.812861,2025-03-29 20:10:56.855059,10.042198
1751,ctgan,1,condensednn,0.5,0.6856216672517259,COMPLETE,2025-03-29 20:10:56.881230,2025-03-29 20:11:05.059089,8.177859
1752,fastml,0.5,random,0.0625,0.7832957688664595,COMPLETE,2025-03-29 20:11:05.084451,2025-03-29 20:11:16.053572,10.969121
1753,gaussiancopula,0,nearmiss,0.0625,0.8261824381926683,COMPLETE,2025-03-29 20:11:16.077421,2025-03-29 20:11:25.398019,9.320598
1754,random,0,instancehardness,0.125,0.816446228697218,COMPLETE,2025-03-29 20:11:25.415559,2025-03-29 20:11:37.583758,12.168199
1755,gaussiancopula,0.25,random,auto,0.8162475007892245,COMPLETE,2025-03-29 20:11:37.602342,2025-03-29 20:11:49.518787,11.916445
1756,fastml,0.5,condensednn,0,0.7655436586619666,COMPLETE,2025-03-29 20:11:49.534442,2025-03-29 20:12:00.718747,11.184305
1757,random,2,condensednn,0.25,0.764847388838482,COMPLETE,2025-03-29 20:12:00.743261,2025-03-29 20:12:09.028093,8.284832
1758,smote,2,tomeklinks,0,0.8031668039219165,COMPLETE,2025-03-29 20:12:09.044261,2025-03-29 20:12:19.485733,10.441472
1759,ctgan,0.5,tomeklinks,0,0.8302957919410648,COMPLETE,2025-03-29 20:12:19.507633,2025-03-29 20:12:30.497144,10.989511
1760,smote,0.25,nearmiss,auto,0.7842776712680902,COMPLETE,2025-03-29 20:12:30.523158,2025-03-29 20:12:42.525242,12.002084
1761,tvae,1,clustercentroid,0.5,0.7731140780966501,COMPLETE,2025-03-29 20:12:42.549993,2025-03-29 20:12:54.206345,11.656352
1762,ctgan,2,random,0.0625,0.7598153069181577,COMPLETE,2025-03-29 20:12:54.231535,2025-03-29 20:13:06.431806,12.200271
1763,copulagan,2,onesidedselection,0.25,0.8118367096054723,COMPLETE,2025-03-29 20:13:06.458416,2025-03-29 20:13:17.090764,10.632348
1764,tvae,2,nearmiss,0,0.7729649486430071,COMPLETE,2025-03-29 20:13:17.115341,2025-03-29 20:13:28.000851,10.88551
1765,smote,0.5,condensednn,0.5,0.7754168660676761,COMPLETE,2025-03-29 20:13:28.027636,2025-03-29 20:13:36.711757,8.684121
1766,gaussiancopula,0.25,tomeklinks,0.5,0.7388116091110345,COMPLETE,2025-03-29 20:13:36.736462,2025-03-29 20:13:45.717879,8.981417
1767,copulagan,auto,clustercentroid,0.5,0.8031625042974624,COMPLETE,2025-03-29 20:13:45.743074,2025-03-29 20:13:57.425306,11.682232
1768,fastml,0,editednn,auto,0.6570439510152107,COMPLETE,2025-03-29 20:13:57.450307,2025-03-29 20:14:04.431417,6.98111
1769,gaussiancopula,1,nearmiss,0.5,0.8177270480384667,COMPLETE,2025-03-29 20:14:04.447471,2025-03-29 20:14:16.526878,12.079407
1770,ctgan,2,instancehardness,0,0.8302957919410648,COMPLETE,2025-03-29 20:14:16.551482,2025-03-29 20:14:27.378715,10.827233
1771,fastml,0.25,condensednn,0,0.7655436586619666,COMPLETE,2025-03-29 20:14:27.402895,2025-03-29 20:14:38.388978,10.986083
1772,tvae,2,tomeklinks,0.5,0.7290738343974288,COMPLETE,2025-03-29 20:14:38.415120,2025-03-29 20:14:48.663633,10.248513
1773,tvae,0.5,random,0.0625,0.8029873404004259,COMPLETE,2025-03-29 20:14:48.688222,2025-03-29 20:15:02.488304,13.800082
1774,smote,2,nearmiss,0.5,0.7842776712680902,COMPLETE,2025-03-29 20:15:02.503366,2025-03-29 20:15:14.693856,12.19049
1775,copulagan,0.5,editednn,0.125,0.7193117069444186,COMPLETE,2025-03-29 20:15:14.717946,2025-03-29 20:15:23.279194,8.561248
1776,copulagan,2,tomeklinks,0.5,0.7836642273347322,COMPLETE,2025-03-29 20:15:23.304330,2025-03-29 20:15:33.586578,10.282248
1777,random,0.5,tomeklinks,0.5,0.7885046901945817,COMPLETE,2025-03-29 20:15:33.615030,2025-03-29 20:15:43.468815,9.853785
1778,copulagan,0.5,random,0.5,0.790953418553617,COMPLETE,2025-03-29 20:15:43.493194,2025-03-29 20:15:55.285362,11.792168
1779,tvae,0.5,onesidedselection,0.125,0.8099656204534335,COMPLETE,2025-03-29 20:15:55.311138,2025-03-29 20:16:05.712011,10.400873
1780,gaussiancopula,2,condensednn,0,0.8061522907211869,COMPLETE,2025-03-29 20:16:05.726143,2025-03-29 20:16:16.924990,11.198847
1781,fastml,2,condensednn,auto,0.7354233403685049,COMPLETE,2025-03-29 20:16:16.949616,2025-03-29 20:16:25.115177,8.165561
1782,ctgan,1,random,0.25,0.7598153069181577,COMPLETE,2025-03-29 20:16:25.145666,2025-03-29 20:16:37.662705,12.517039
1783,smote,0,tomeklinks,0.0625,0.8106420236121931,COMPLETE,2025-03-29 20:16:37.687816,2025-03-29 20:16:45.967330,8.279514
1784,smote,2,clustercentroid,0.0625,0.8176119647856219,COMPLETE,2025-03-29 20:16:45.992134,2025-03-29 20:16:57.035364,11.04323
1785,random,0.25,editednn,0.5,0.6829269964523792,COMPLETE,2025-03-29 20:16:57.060087,2025-03-29 20:17:04.416396,7.356309
1786,fastml,1,nearmiss,0.125,0.8292455911829185,COMPLETE,2025-03-29 20:17:04.440850,2025-03-29 20:17:16.328327,11.887477
1787,ctgan,0.5,random,0.5,0.7598153069181577,COMPLETE,2025-03-29 20:17:16.352647,2025-03-29 20:17:28.436218,12.083571
1788,ctgan,0.25,condensednn,0,0.8302957919410648,COMPLETE,2025-03-29 20:17:28.460093,2025-03-29 20:17:39.358001,10.897908
1789,ctgan,0.25,nearmiss,0.5,0.7994233065016635,COMPLETE,2025-03-29 20:17:39.382159,2025-03-29 20:17:50.073563,10.691404
1790,fastml,1,random,auto,0.7832957688664595,COMPLETE,2025-03-29 20:17:50.097794,2025-03-29 20:18:01.168346,11.070552
1791,random,0,tomeklinks,0,-1.0,ERROR,,,0.0
1792,random,0,onesidedselection,0.0625,0.8145856661046565,COMPLETE,2025-03-29 20:18:12.720270,2025-03-29 20:18:21.660213,8.939943
1793,copulagan,0.25,condensednn,0.125,0.7106211998941325,COMPLETE,2025-03-29 20:18:21.688804,2025-03-29 20:18:31.085258,9.396454
1794,ctgan,2,onesidedselection,auto,0.8277893045653577,COMPLETE,2025-03-29 20:18:31.100300,2025-03-29 20:18:40.734730,9.63443
1795,ctgan,0,editednn,auto,0.6570439510152107,COMPLETE,2025-03-29 20:18:40.760626,2025-03-29 20:18:47.774042,7.013416
1796,adasyn,0.25,onesidedselection,auto,-1.0,COMPLETE,2025-03-29 20:18:47.798385,2025-03-29 20:18:47.899381,0.100996
1797,copulagan,auto,nearmiss,0.125,0.7577816279768611,COMPLETE,2025-03-29 20:18:47.924728,2025-03-29 20:18:59.194114,11.269386
1798,tvae,auto,onesidedselection,0.25,0.8099656204534335,COMPLETE,2025-03-29 20:18:59.208291,2025-03-29 20:19:09.533091,10.3248
1799,ctgan,0.25,nearmiss,auto,0.7994233065016635,COMPLETE,2025-03-29 20:19:09.558075,2025-03-29 20:19:19.986074,10.427999
1800,random,0,editednn,auto,0.6570439510152107,COMPLETE,2025-03-29 20:19:20.011233,2025-03-29 20:19:27.027882,7.016649
1801,smote,0,instancehardness,0.25,0.816446228697218,COMPLETE,2025-03-29 20:19:27.050527,2025-03-29 20:19:39.874347,12.82382
1802,ctgan,0,tomeklinks,auto,0.8106420236121931,COMPLETE,2025-03-29 20:19:39.900147,2025-03-29 20:19:48.847590,8.947443
1803,gaussiancopula,0.5,clustercentroid,auto,0.8130003938195579,COMPLETE,2025-03-29 20:19:48.872325,2025-03-29 20:20:02.088054,13.215729
1804,gaussiancopula,1,tomeklinks,0.25,0.7388116091110345,COMPLETE,2025-03-29 20:20:02.112675,2025-03-29 20:20:11.128031,9.015356
1805,gaussiancopula,0.25,clustercentroid,0.25,0.8130003938195579,COMPLETE,2025-03-29 20:20:11.142975,2025-03-29 20:20:24.516658,13.373683
1806,adasyn,0.25,clustercentroid,0,-1.0,COMPLETE,2025-03-29 20:20:24.541820,2025-03-29 20:20:24.644195,0.102375
1807,gaussiancopula,auto,instancehardness,0.25,0.7779200348215397,COMPLETE,2025-03-29 20:20:24.667984,2025-03-29 20:20:36.059174,11.39119
1808,adasyn,auto,instancehardness,0.125,-1.0,COMPLETE,2025-03-29 20:20:36.074479,2025-03-29 20:20:36.173967,0.099488
1809,tvae,auto,editednn,0.25,0.6930653400462047,COMPLETE,2025-03-29 20:20:36.197478,2025-03-29 20:20:44.016828,7.81935
1810,fastml,0.5,clustercentroid,0.25,0.8101183341922502,COMPLETE,2025-03-29 20:20:44.032195,2025-03-29 20:20:56.624951,12.592756
1811,copulagan,0.5,nearmiss,0,0.7694685439375929,COMPLETE,2025-03-29 20:20:56.639982,2025-03-29 20:21:07.194976,10.554994
1812,fastml,0.5,onesidedselection,auto,0.8129974458686009,COMPLETE,2025-03-29 20:21:07.210190,2025-03-29 20:21:16.665757,9.455567
1813,smote,0,instancehardness,0.125,0.816446228697218,COMPLETE,2025-03-29 20:21:16.680896,2025-03-29 20:21:29.151755,12.470859
1814,random,2,condensednn,auto,0.764847388838482,COMPLETE,2025-03-29 20:21:29.167779,2025-03-29 20:21:37.279861,8.112082
1815,gaussiancopula,2,random,0.5,0.8162475007892245,COMPLETE,2025-03-29 20:21:37.295608,2025-03-29 20:21:48.791664,11.496056
1816,copulagan,auto,instancehardness,0,0.7694685439375929,COMPLETE,2025-03-29 20:21:48.815839,2025-03-29 20:21:59.267323,10.451484
1817,adasyn,0,tomeklinks,auto,0.8106420236121931,COMPLETE,2025-03-29 20:21:59.291841,2025-03-29 20:22:07.526887,8.235046
1818,ctgan,auto,tomeklinks,0.25,0.7417472653791874,COMPLETE,2025-03-29 20:22:07.551819,2025-03-29 20:22:16.829892,9.278073
1819,adasyn,0.25,editednn,0.5,-1.0,COMPLETE,2025-03-29 20:22:16.854842,2025-03-29 20:22:16.958314,0.103472
1820,random,auto,nearmiss,0.0625,0.8311536381867213,COMPLETE,2025-03-29 20:22:16.981490,2025-03-29 20:22:28.066301,11.084811
1821,random,0,instancehardness,auto,0.816446228697218,COMPLETE,2025-03-29 20:22:28.091707,2025-03-29 20:22:39.885547,11.79384
1822,tvae,0.5,nearmiss,0,0.7729649486430071,COMPLETE,2025-03-29 20:22:39.901578,2025-03-29 20:22:50.558277,10.656699
1823,random,0.5,condensednn,auto,0.764847388838482,COMPLETE,2025-03-29 20:22:50.573818,2025-03-29 20:22:58.578218,8.0044
1824,adasyn,1,nearmiss,0.25,-1.0,COMPLETE,2025-03-29 20:22:58.592221,2025-03-29 20:22:58.692134,0.099913
1825,fastml,auto,instancehardness,0.0625,0.7653386691376887,COMPLETE,2025-03-29 20:22:58.717371,2025-03-29 20:23:09.885959,11.168588
1826,gaussiancopula,0.5,nearmiss,0.5,0.8177270480384667,COMPLETE,2025-03-29 20:23:09.911018,2025-03-29 20:23:21.966168,12.05515
1827,ctgan,2,condensednn,0.125,0.6856216672517259,COMPLETE,2025-03-29 20:23:21.990812,2025-03-29 20:23:30.029400,8.038588
1828,smote,2,onesidedselection,0.0625,0.7442952177818234,COMPLETE,2025-03-29 20:23:30.054377,2025-03-29 20:23:39.458674,9.404297
1829,adasyn,2,instancehardness,auto,-1.0,COMPLETE,2025-03-29 20:23:39.483960,2025-03-29 20:23:39.585125,0.101165
1830,ctgan,2,instancehardness,auto,0.7782441490453788,COMPLETE,2025-03-29 20:23:39.608586,2025-03-29 20:23:50.882851,11.274265
1831,ctgan,1,tomeklinks,0,0.8302957919410648,COMPLETE,2025-03-29 20:23:50.907138,2025-03-29 20:24:02.255314,11.348176
1832,random,1,random,0.5,0.786526759244812,COMPLETE,2025-03-29 20:24:02.280483,2025-03-29 20:24:13.491537,11.211054
1833,random,1,instancehardness,0,0.8501211295328943,COMPLETE,2025-03-29 20:24:13.516183,2025-03-29 20:24:23.655892,10.139709
1834,gaussiancopula,0.5,clustercentroid,0.125,0.8130003938195579,COMPLETE,2025-03-29 20:24:23.670260,2025-03-29 20:24:36.751551,13.081291
1835,smote,2,condensednn,0.125,0.7754168660676761,COMPLETE,2025-03-29 20:24:36.777253,2025-03-29 20:24:45.116786,8.339533
1836,fastml,auto,condensednn,auto,0.7354233403685049,COMPLETE,2025-03-29 20:24:45.141419,2025-03-29 20:24:53.048615,7.907196
1837,gaussiancopula,1,onesidedselection,0,0.8061522907211869,COMPLETE,2025-03-29 20:24:53.073537,2025-03-29 20:25:03.963329,10.889792
1838,ctgan,1,condensednn,0.25,0.6856216672517259,COMPLETE,2025-03-29 20:25:03.987661,2025-03-29 20:25:11.960859,7.973198
1839,adasyn,0,onesidedselection,auto,0.8145856661046565,COMPLETE,2025-03-29 20:25:11.979113,2025-03-29 20:25:21.460059,9.480946
1840,tvae,0.25,editednn,0,0.7729649486430071,COMPLETE,2025-03-29 20:25:21.486534,2025-03-29 20:25:32.959283,11.472749
1841,tvae,0.25,clustercentroid,0.0625,0.7872512445212453,COMPLETE,2025-03-29 20:25:32.984845,2025-03-29 20:25:44.084672,11.099827
1842,smote,auto,clustercentroid,0.0625,0.8176119647856219,COMPLETE,2025-03-29 20:25:44.108854,2025-03-29 20:25:54.897230,10.788376
1843,random,2,condensednn,0.0625,0.764847388838482,COMPLETE,2025-03-29 20:25:54.922488,2025-03-29 20:26:02.784595,7.862107
1844,fastml,0.5,onesidedselection,0.125,0.8129974458686009,COMPLETE,2025-03-29 20:26:02.803942,2025-03-29 20:26:12.119703,9.315761
1845,tvae,0,random,0.5,0.7113235120907087,COMPLETE,2025-03-29 20:26:12.140498,2025-03-29 20:26:22.770110,10.629612
1846,random,0,nearmiss,0.0625,0.8261824381926683,COMPLETE,2025-03-29 20:26:22.794390,2025-03-29 20:26:31.635999,8.841609
1847,gaussiancopula,0.5,editednn,0,0.8061522907211869,COMPLETE,2025-03-29 20:26:31.657500,2025-03-29 20:26:42.172911,10.515411
1848,adasyn,0.5,condensednn,0.25,-1.0,COMPLETE,2025-03-29 20:26:42.190193,2025-03-29 20:26:42.304186,0.113993
1849,smote,auto,random,0.5,0.7725855759746558,COMPLETE,2025-03-29 20:26:42.318347,2025-03-29 20:26:53.321873,11.003526
1850,random,0.5,onesidedselection,0,0.8501211295328943,COMPLETE,2025-03-29 20:26:53.345692,2025-03-29 20:27:04.003616,10.657924
1851,gaussiancopula,auto,nearmiss,0.5,0.8177270480384667,COMPLETE,2025-03-29 20:27:04.027423,2025-03-29 20:27:15.813836,11.786413
1852,fastml,2,nearmiss,auto,0.8292455911829185,COMPLETE,2025-03-29 20:27:15.838497,2025-03-29 20:27:27.289699,11.451202
1853,smote,0.5,onesidedselection,0.0625,0.7442952177818234,COMPLETE,2025-03-29 20:27:27.314710,2025-03-29 20:27:36.546955,9.232245
1854,ctgan,auto,random,0.0625,0.7598153069181577,COMPLETE,2025-03-29 20:27:36.575534,2025-03-29 20:27:48.815599,12.240065
1855,tvae,1,random,0.25,0.8029873404004259,COMPLETE,2025-03-29 20:27:48.839972,2025-03-29 20:28:02.701264,13.861292
1856,random,1,onesidedselection,0.25,0.7997081741787624,COMPLETE,2025-03-29 20:28:02.726830,2025-03-29 20:28:12.273491,9.546661
1857,smote,1,condensednn,0,0.8031668039219165,COMPLETE,2025-03-29 20:28:12.299493,2025-03-29 20:28:22.335582,10.036089
1858,tvae,1,onesidedselection,0.0625,0.8099656204534335,COMPLETE,2025-03-29 20:28:22.351169,2025-03-29 20:28:32.392522,10.041353
1859,ctgan,2,clustercentroid,0.5,0.817772055470615,COMPLETE,2025-03-29 20:28:32.417529,2025-03-29 20:28:45.850988,13.433459
1860,copulagan,0,clustercentroid,auto,0.7713935923059568,COMPLETE,2025-03-29 20:28:45.877075,2025-03-29 20:28:55.627074,9.749999
1861,smote,0.5,instancehardness,0.5,0.7420406460456523,COMPLETE,2025-03-29 20:28:55.653192,2025-03-29 20:29:07.015714,11.362522
1862,ctgan,0.5,random,0,0.8302957919410648,COMPLETE,2025-03-29 20:29:07.030145,2025-03-29 20:29:17.795051,10.764906
1863,tvae,2,condensednn,0.25,0.7537101641234796,COMPLETE,2025-03-29 20:29:17.819943,2025-03-29 20:29:26.621598,8.801655
1864,tvae,0.25,onesidedselection,0.25,0.8099656204534335,COMPLETE,2025-03-29 20:29:26.646321,2025-03-29 20:29:36.971974,10.325653
1865,tvae,auto,clustercentroid,0.125,0.7731140780966501,COMPLETE,2025-03-29 20:29:36.995987,2025-03-29 20:29:48.554333,11.558346
1866,fastml,auto,random,0.125,0.7832957688664595,COMPLETE,2025-03-29 20:29:48.578808,2025-03-29 20:29:59.538240,10.959432
1867,random,0.5,onesidedselection,0.0625,0.7997081741787624,COMPLETE,2025-03-29 20:29:59.563740,2025-03-29 20:30:09.452549,9.888809
1868,ctgan,auto,random,0.125,0.7598153069181577,COMPLETE,2025-03-29 20:30:09.478207,2025-03-29 20:30:21.747428,12.269221
1869,fastml,0,clustercentroid,0.0625,0.7713935923059568,COMPLETE,2025-03-29 20:30:21.774254,2025-03-29 20:30:31.861485,10.087231
1870,adasyn,auto,condensednn,0.125,-1.0,COMPLETE,2025-03-29 20:30:31.875340,2025-03-29 20:30:31.980245,0.104905
1871,adasyn,1,instancehardness,0.5,-1.0,COMPLETE,2025-03-29 20:30:32.004428,2025-03-29 20:30:32.109795,0.105367
1872,tvae,2,instancehardness,0.125,0.7854833841430398,COMPLETE,2025-03-29 20:30:32.134412,2025-03-29 20:30:45.509954,13.375542
1873,adasyn,0.25,condensednn,0.0625,-1.0,COMPLETE,2025-03-29 20:30:45.536065,2025-03-29 20:30:45.646473,0.110408
1874,random,2,random,auto,0.786526759244812,COMPLETE,2025-03-29 20:30:45.673751,2025-03-29 20:30:56.679944,11.006193
1875,ctgan,2,clustercentroid,0.125,0.817772055470615,COMPLETE,2025-03-29 20:30:56.704776,2025-03-29 20:31:10.338744,13.633968
1876,tvae,0.5,tomeklinks,0.25,0.7290738343974288,COMPLETE,2025-03-29 20:31:10.363189,2025-03-29 20:31:20.579203,10.216014
1877,fastml,1,instancehardness,0.25,0.7653386691376887,COMPLETE,2025-03-29 20:31:20.597038,2025-03-29 20:31:32.863192,12.266154
1878,random,0,condensednn,0.5,0.6046872437128007,COMPLETE,2025-03-29 20:31:32.880976,2025-03-29 20:31:39.744321,6.863345
1879,gaussiancopula,0.5,onesidedselection,auto,0.8402321388325446,COMPLETE,2025-03-29 20:31:39.772649,2025-03-29 20:31:49.594648,9.821999
1880,copulagan,0.5,condensednn,0,0.7694685439375929,COMPLETE,2025-03-29 20:31:49.619459,2025-03-29 20:32:00.104468,10.485009
1881,adasyn,2,condensednn,0.0625,-1.0,COMPLETE,2025-03-29 20:32:00.129480,2025-03-29 20:32:00.236013,0.106533
1882,gaussiancopula,0,clustercentroid,0.25,0.7713935923059568,COMPLETE,2025-03-29 20:32:00.260069,2025-03-29 20:32:10.257238,9.997169
1883,copulagan,2,nearmiss,auto,0.7577816279768611,COMPLETE,2025-03-29 20:32:10.282511,2025-03-29 20:32:21.678310,11.395799
1884,adasyn,0,tomeklinks,0.125,0.8106420236121931,COMPLETE,2025-03-29 20:32:21.695149,2025-03-29 20:32:29.885956,8.190807
1885,copulagan,auto,clustercentroid,0.125,0.8031625042974624,COMPLETE,2025-03-29 20:32:29.912929,2025-03-29 20:32:41.370528,11.457599
1886,tvae,2,instancehardness,0.0625,0.7854833841430398,COMPLETE,2025-03-29 20:32:41.395448,2025-03-29 20:32:54.447572,13.052124
1887,adasyn,0.5,instancehardness,0,-1.0,COMPLETE,2025-03-29 20:32:54.463217,2025-03-29 20:32:54.571716,0.108499
1888,random,0,clustercentroid,0.25,0.7713935923059568,COMPLETE,2025-03-29 20:32:54.595965,2025-03-29 20:33:04.544451,9.948486
1889,adasyn,1,onesidedselection,0.0625,-1.0,COMPLETE,2025-03-29 20:33:04.569165,2025-03-29 20:33:04.673243,0.104078
1890,gaussiancopula,0.25,random,0.25,0.8162475007892245,COMPLETE,2025-03-29 20:33:04.697125,2025-03-29 20:33:16.417151,11.720026
1891,random,0.5,random,0.0625,0.786526759244812,COMPLETE,2025-03-29 20:33:16.432039,2025-03-29 20:33:27.198687,10.766648
1892,fastml,0,tomeklinks,auto,0.8106420236121931,COMPLETE,2025-03-29 20:33:27.227321,2025-03-29 20:33:35.649944,8.422623
1893,tvae,0.5,onesidedselection,auto,0.8099656204534335,COMPLETE,2025-03-29 20:33:35.675614,2025-03-29 20:33:45.760398,10.084784
1894,ctgan,0.25,clustercentroid,0,0.8302957919410648,COMPLETE,2025-03-29 20:33:45.776193,2025-03-29 20:33:56.385774,10.609581
1895,gaussiancopula,0.25,editednn,auto,0.7508349577159428,COMPLETE,2025-03-29 20:33:56.410643,2025-03-29 20:34:04.075031,7.664388
1896,smote,1,random,0.5,0.7725855759746558,COMPLETE,2025-03-29 20:34:04.100773,2025-03-29 20:34:15.161624,11.060851
1897,smote,0.25,nearmiss,0.5,0.7842776712680902,COMPLETE,2025-03-29 20:34:15.186191,2025-03-29 20:34:26.939161,11.75297
1898,smote,2,random,0.125,0.7725855759746558,COMPLETE,2025-03-29 20:34:26.962838,2025-03-29 20:34:37.985641,11.022803
1899,tvae,2,clustercentroid,0,0.7729649486430071,COMPLETE,2025-03-29 20:34:38.009981,2025-03-29 20:34:48.575051,10.56507
1900,copulagan,1,clustercentroid,0.0625,0.8118897025294386,COMPLETE,2025-03-29 20:34:48.589719,2025-03-29 20:35:00.344948,11.755229
1901,smote,0.25,tomeklinks,auto,0.8021280045174569,COMPLETE,2025-03-29 20:35:00.370625,2025-03-29 20:35:09.736867,9.366242
1902,fastml,auto,tomeklinks,0.5,0.8189820072173013,COMPLETE,2025-03-29 20:35:09.762153,2025-03-29 20:35:18.851969,9.089816
1903,tvae,auto,editednn,0.125,0.6930653400462047,COMPLETE,2025-03-29 20:35:18.876984,2025-03-29 20:35:26.542893,7.665909
1904,fastml,0.25,onesidedselection,0.25,0.8129974458686009,COMPLETE,2025-03-29 20:35:26.567478,2025-03-29 20:35:35.730409,9.162931
1905,ctgan,0,clustercentroid,0.125,0.7713935923059568,COMPLETE,2025-03-29 20:35:35.745666,2025-03-29 20:35:45.504659,9.758993
1906,random,auto,random,0.0625,0.786526759244812,COMPLETE,2025-03-29 20:35:45.529182,2025-03-29 20:35:55.922891,10.393709
1907,tvae,2,nearmiss,0.0625,0.8535353923282728,COMPLETE,2025-03-29 20:35:55.948681,2025-03-29 20:36:07.172558,11.223877
1908,copulagan,0,condensednn,0,-1.0,ERROR,,,0.0
1909,random,1,onesidedselection,0.5,0.7997081741787624,COMPLETE,2025-03-29 20:36:18.071973,2025-03-29 20:36:27.557332,9.485359
1910,random,0,clustercentroid,auto,0.7713935923059568,COMPLETE,2025-03-29 20:36:27.582139,2025-03-29 20:36:37.265969,9.68383
1911,smote,1,clustercentroid,0.25,0.8176119647856219,COMPLETE,2025-03-29 20:36:37.291485,2025-03-29 20:36:48.284646,10.993161
1912,smote,0.5,onesidedselection,0.5,0.7442952177818234,COMPLETE,2025-03-29 20:36:48.301727,2025-03-29 20:36:57.442641,9.140914
1913,random,auto,instancehardness,0.5,0.7895467277820218,COMPLETE,2025-03-29 20:36:57.468673,2025-03-29 20:37:09.369696,11.901023
1914,ctgan,0.25,onesidedselection,0,0.8302957919410648,COMPLETE,2025-03-29 20:37:09.394055,2025-03-29 20:37:20.131372,10.737317
1915,gaussiancopula,auto,clustercentroid,0,0.8061522907211869,COMPLETE,2025-03-29 20:37:20.155637,2025-03-29 20:37:30.807717,10.65208
1916,adasyn,1,instancehardness,0,-1.0,COMPLETE,2025-03-29 20:37:30.833014,2025-03-29 20:37:30.935187,0.102173
1917,random,1,nearmiss,auto,0.8311536381867213,COMPLETE,2025-03-29 20:37:30.959832,2025-03-29 20:37:42.315816,11.355984
1918,ctgan,auto,editednn,0,0.8302957919410648,COMPLETE,2025-03-29 20:37:42.341071,2025-03-29 20:37:53.034452,10.693381
1919,ctgan,2,condensednn,0,0.8302957919410648,COMPLETE,2025-03-29 20:37:53.059832,2025-03-29 20:38:03.797091,10.737259
1920,tvae,auto,onesidedselection,0.0625,0.8099656204534335,COMPLETE,2025-03-29 20:38:03.822042,2025-03-29 20:38:13.894054,10.072012
1921,gaussiancopula,auto,clustercentroid,0.0625,0.8130003938195579,COMPLETE,2025-03-29 20:38:13.909779,2025-03-29 20:38:27.050939,13.14116
1922,fastml,auto,instancehardness,0.5,0.7653386691376887,COMPLETE,2025-03-29 20:38:27.076100,2025-03-29 20:38:38.265774,11.189674
1923,adasyn,0,editednn,0.125,0.6570439510152107,COMPLETE,2025-03-29 20:38:38.289473,2025-03-29 20:38:45.063944,6.774471
1924,ctgan,0,tomeklinks,0.125,0.8106420236121931,COMPLETE,2025-03-29 20:38:45.078446,2025-03-29 20:38:53.272730,8.194284
1925,ctgan,auto,instancehardness,0.5,0.7782441490453788,COMPLETE,2025-03-29 20:38:53.297940,2025-03-29 20:39:04.886456,11.588516
1926,fastml,2,clustercentroid,0.5,0.8051711830799735,COMPLETE,2025-03-29 20:39:04.911492,2025-03-29 20:39:17.964372,13.05288
1927,fastml,1,condensednn,0.25,0.7354233403685049,COMPLETE,2025-03-29 20:39:17.989007,2025-03-29 20:39:25.866144,7.877137
1928,ctgan,2,tomeklinks,0.125,0.7417472653791874,COMPLETE,2025-03-29 20:39:25.891138,2025-03-29 20:39:35.157493,9.266355
1929,gaussiancopula,0.5,clustercentroid,0.25,0.8130003938195579,COMPLETE,2025-03-29 20:39:35.182395,2025-03-29 20:39:48.211593,13.029198
1930,gaussiancopula,0,condensednn,0.125,0.6046872437128007,COMPLETE,2025-03-29 20:39:48.237347,2025-03-29 20:39:54.818981,6.581634
1931,tvae,0,editednn,0.125,0.6570439510152107,COMPLETE,2025-03-29 20:39:54.843817,2025-03-29 20:40:01.614919,6.771102
1932,random,1,tomeklinks,0.5,0.7885046901945817,COMPLETE,2025-03-29 20:40:01.632596,2025-03-29 20:40:11.269078,9.636482
1933,adasyn,2,instancehardness,0.25,-1.0,COMPLETE,2025-03-29 20:40:11.294269,2025-03-29 20:40:11.398247,0.103978
1934,fastml,1,tomeklinks,0.0625,0.8189820072173013,COMPLETE,2025-03-29 20:40:11.422495,2025-03-29 20:40:20.613773,9.191278
1935,smote,auto,editednn,0.125,0.6971297649494581,COMPLETE,2025-03-29 20:40:20.638923,2025-03-29 20:40:27.382814,6.743891
1936,smote,1,instancehardness,auto,0.7420406460456523,COMPLETE,2025-03-29 20:40:27.406891,2025-03-29 20:40:38.380865,10.973974
1937,random,1,editednn,0.25,0.6829269964523792,COMPLETE,2025-03-29 20:40:38.396217,2025-03-29 20:40:45.432557,7.03634
1938,adasyn,2,clustercentroid,0.0625,-1.0,COMPLETE,2025-03-29 20:40:45.457141,2025-03-29 20:40:45.559732,0.102591
1939,gaussiancopula,1,clustercentroid,0.25,0.8130003938195579,COMPLETE,2025-03-29 20:40:45.583518,2025-03-29 20:40:58.644162,13.060644
1940,tvae,0,random,0,-1.0,ERROR,,,0.0
1941,adasyn,0,clustercentroid,auto,0.7713935923059568,COMPLETE,2025-03-29 20:41:09.568761,2025-03-29 20:41:19.358292,9.789531
1942,smote,2,condensednn,0,0.8031668039219165,COMPLETE,2025-03-29 20:41:19.383214,2025-03-29 20:41:29.486417,10.103203
1943,ctgan,0,condensednn,0.5,0.6046872437128007,COMPLETE,2025-03-29 20:41:29.511839,2025-03-29 20:41:36.088350,6.576511
1944,copulagan,0.5,random,0,0.7694685439375929,COMPLETE,2025-03-29 20:41:36.112655,2025-03-29 20:41:46.328060,10.215405
1945,copulagan,0.5,clustercentroid,0.5,0.8031625042974624,COMPLETE,2025-03-29 20:41:46.345518,2025-03-29 20:41:57.735523,11.390005
1946,ctgan,0.25,condensednn,0.25,0.6856216672517259,COMPLETE,2025-03-29 20:41:57.762448,2025-03-29 20:42:05.758923,7.996475
1947,ctgan,0.25,random,0.25,0.7598153069181577,COMPLETE,2025-03-29 20:42:05.775994,2025-03-29 20:42:17.540540,11.764546
1948,fastml,auto,onesidedselection,0.25,0.8129974458686009,COMPLETE,2025-03-29 20:42:17.593605,2025-03-29 20:42:27.013945,9.42034
1949,adasyn,0.5,instancehardness,auto,-1.0,COMPLETE,2025-03-29 20:42:27.029344,2025-03-29 20:42:27.129934,0.10059
1950,adasyn,1,nearmiss,auto,-1.0,COMPLETE,2025-03-29 20:42:27.154972,2025-03-29 20:42:27.260089,0.105117
1951,gaussiancopula,0.5,editednn,0.25,0.7508349577159428,COMPLETE,2025-03-29 20:42:27.283709,2025-03-29 20:42:34.844544,7.560835
1952,gaussiancopula,2,clustercentroid,auto,0.8130003938195579,COMPLETE,2025-03-29 20:42:34.859730,2025-03-29 20:42:47.774856,12.915126
1953,fastml,0.25,onesidedselection,0,0.7655436586619666,COMPLETE,2025-03-29 20:42:47.799259,2025-03-29 20:42:58.171931,10.372672
1954,adasyn,1,nearmiss,0.0625,-1.0,COMPLETE,2025-03-29 20:42:58.196582,2025-03-29 20:42:58.303132,0.10655
1955,gaussiancopula,1,random,0,0.8061522907211869,COMPLETE,2025-03-29 20:42:58.326940,2025-03-29 20:43:08.941060,10.61412
1956,gaussiancopula,0,instancehardness,0.5,0.816446228697218,COMPLETE,2025-03-29 20:43:08.975237,2025-03-29 20:43:20.479558,11.504321
1957,gaussiancopula,0.25,onesidedselection,auto,0.8402321388325446,COMPLETE,2025-03-29 20:43:20.504958,2025-03-29 20:43:29.986247,9.481289
1958,tvae,2,clustercentroid,auto,0.7731140780966501,COMPLETE,2025-03-29 20:43:30.008369,2025-03-29 20:43:41.289307,11.280938
1959,fastml,0.5,condensednn,0.0625,0.7354233403685049,COMPLETE,2025-03-29 20:43:41.314049,2025-03-29 20:43:49.058102,7.744053
1960,adasyn,0.25,onesidedselection,0.5,-1.0,COMPLETE,2025-03-29 20:43:49.082766,2025-03-29 20:43:49.185357,0.102591
1961,fastml,0.25,tomeklinks,0.25,0.8189820072173013,COMPLETE,2025-03-29 20:43:49.209132,2025-03-29 20:43:58.330763,9.121631
1962,gaussiancopula,0.25,condensednn,auto,0.718110189461217,COMPLETE,2025-03-29 20:43:58.356095,2025-03-29 20:44:06.857556,8.501461
1963,copulagan,0.5,editednn,0.5,0.7193117069444186,COMPLETE,2025-03-29 20:44:06.881934,2025-03-29 20:44:14.923906,8.041972
1964,gaussiancopula,2,random,0.0625,0.8162475007892245,COMPLETE,2025-03-29 20:44:14.949248,2025-03-29 20:44:26.204427,11.255179
1965,tvae,0,condensednn,0.5,0.6046872437128007,COMPLETE,2025-03-29 20:44:26.220248,2025-03-29 20:44:32.712348,6.4921
1966,tvae,0.25,clustercentroid,auto,0.7573177473098316,COMPLETE,2025-03-29 20:44:32.736575,2025-03-29 20:44:43.467345,10.73077
1967,fastml,0,tomeklinks,0.25,0.8106420236121931,COMPLETE,2025-03-29 20:44:43.492162,2025-03-29 20:44:51.575444,8.083282
1968,random,0,nearmiss,0.25,0.8261824381926683,COMPLETE,2025-03-29 20:44:51.599940,2025-03-29 20:45:00.505944,8.906004
1969,gaussiancopula,auto,editednn,0.125,0.7508349577159428,COMPLETE,2025-03-29 20:45:00.531521,2025-03-29 20:45:08.069434,7.537913
1970,random,0.5,instancehardness,0.5,0.7895467277820218,COMPLETE,2025-03-29 20:45:08.094812,2025-03-29 20:45:19.832789,11.737977
1971,random,2,editednn,auto,0.6829269964523792,COMPLETE,2025-03-29 20:45:19.857745,2025-03-29 20:45:26.928644,7.070899
1972,smote,0.25,nearmiss,0.125,0.7842776712680902,COMPLETE,2025-03-29 20:45:26.953401,2025-03-29 20:45:38.583532,11.630131
1973,gaussiancopula,0,random,0.0625,0.7113235120907087,COMPLETE,2025-03-29 20:45:38.607830,2025-03-29 20:45:48.640825,10.032995
1974,ctgan,0,clustercentroid,0,-1.0,ERROR,,,0.0
1975,random,2,clustercentroid,0,0.8501211295328943,COMPLETE,2025-03-29 20:45:59.581166,2025-03-29 20:46:09.890844,10.309678
1976,ctgan,0,random,0.0625,0.7113235120907087,COMPLETE,2025-03-29 20:46:09.916114,2025-03-29 20:46:20.031509,10.115395
1977,smote,0.25,clustercentroid,0.5,0.8176119647856219,COMPLETE,2025-03-29 20:46:20.056240,2025-03-29 20:46:31.013149,10.956909
1978,copulagan,0,condensednn,0.0625,0.6046872437128007,COMPLETE,2025-03-29 20:46:31.039663,2025-03-29 20:46:37.586440,6.546777
1979,fastml,0.5,instancehardness,0.0625,0.7653386691376887,COMPLETE,2025-03-29 20:46:37.612396,2025-03-29 20:46:48.794336,11.18194
1980,gaussiancopula,0.5,random,0.0625,0.8162475007892245,COMPLETE,2025-03-29 20:46:48.819689,2025-03-29 20:47:00.224599,11.40491
1981,random,auto,random,0,0.8501211295328943,COMPLETE,2025-03-29 20:47:00.242912,2025-03-29 20:47:10.467858,10.224946
1982,random,auto,tomeklinks,auto,0.7885046901945817,COMPLETE,2025-03-29 20:47:10.492492,2025-03-29 20:47:20.207338,9.714846
1983,tvae,auto,condensednn,0.125,0.7537101641234796,COMPLETE,2025-03-29 20:47:20.232731,2025-03-29 20:47:29.029972,8.797241
1984,copulagan,0.25,clustercentroid,0.5,0.8031625042974624,COMPLETE,2025-03-29 20:47:29.055849,2025-03-29 20:47:40.394039,11.33819
1985,copulagan,0.25,clustercentroid,auto,0.8118897025294386,COMPLETE,2025-03-29 20:47:40.418500,2025-03-29 20:47:52.246822,11.828322
1986,smote,0,tomeklinks,0.5,0.8106420236121931,COMPLETE,2025-03-29 20:47:52.271846,2025-03-29 20:48:00.440461,8.168615
1987,tvae,2,clustercentroid,0.125,0.7731140780966501,COMPLETE,2025-03-29 20:48:00.465343,2025-03-29 20:48:11.680412,11.215069
1988,ctgan,2,editednn,auto,0.7014190188143578,COMPLETE,2025-03-29 20:48:11.705613,2025-03-29 20:48:19.066692,7.361079
1989,gaussiancopula,auto,random,0.125,0.8162475007892245,COMPLETE,2025-03-29 20:48:19.091927,2025-03-29 20:48:30.356048,11.264121
1990,tvae,2,condensednn,0.125,0.7537101641234796,COMPLETE,2025-03-29 20:48:30.370638,2025-03-29 20:48:39.087531,8.716893
1991,tvae,2,instancehardness,0,0.7729649486430071,COMPLETE,2025-03-29 20:48:39.102269,2025-03-29 20:48:49.633448,10.531179
1992,adasyn,0.25,clustercentroid,0.25,-1.0,COMPLETE,2025-03-29 20:48:49.647725,2025-03-29 20:48:49.754104,0.106379
1993,adasyn,auto,clustercentroid,0.0625,-1.0,COMPLETE,2025-03-29 20:48:49.777738,2025-03-29 20:48:49.887310,0.109572
1994,tvae,2,condensednn,auto,0.7537101641234796,COMPLETE,2025-03-29 20:48:49.911592,2025-03-29 20:48:58.606271,8.694679
1995,adasyn,1,clustercentroid,0,-1.0,COMPLETE,2025-03-29 20:48:58.630950,2025-03-29 20:48:58.736100,0.10515
1996,random,0.5,editednn,0,0.8501211295328943,COMPLETE,2025-03-29 20:48:58.760806,2025-03-29 20:49:08.908256,10.14745
1997,copulagan,1,random,0.125,0.790953418553617,COMPLETE,2025-03-29 20:49:08.932666,2025-03-29 20:49:20.205346,11.27268
1998,fastml,0.5,editednn,auto,0.6027242045716767,COMPLETE,2025-03-29 20:49:20.229493,2025-03-29 20:49:28.220324,7.990831
1999,gaussiancopula,2,instancehardness,0.25,0.7779200348215397,COMPLETE,2025-03-29 20:49:28.234938,2025-03-29 20:49:39.585385,11.350447
2000,ctgan,0,nearmiss,auto,0.8261824381926683,COMPLETE,2025-03-29 20:49:39.609964,2025-03-29 20:49:48.636561,9.026597
2001,copulagan,2,random,0.125,0.790953418553617,COMPLETE,2025-03-29 20:49:48.661450,2025-03-29 20:50:00.161483,11.500033
2002,tvae,0.25,onesidedselection,0.5,0.8099656204534335,COMPLETE,2025-03-29 20:50:00.186040,2025-03-29 20:50:10.231939,10.045899
2003,fastml,2,tomeklinks,0.5,0.8189820072173013,COMPLETE,2025-03-29 20:50:10.247912,2025-03-29 20:50:19.362228,9.114316
2004,random,0.25,random,0,0.8501211295328943,COMPLETE,2025-03-29 20:50:19.387427,2025-03-29 20:50:29.579575,10.192148
2005,smote,0.25,instancehardness,auto,0.7420406460456523,COMPLETE,2025-03-29 20:50:29.604634,2025-03-29 20:50:40.409062,10.804428
2006,fastml,0,onesidedselection,0.25,0.8145856661046565,COMPLETE,2025-03-29 20:50:40.431652,2025-03-29 20:50:49.127201,8.695549
2007,smote,auto,condensednn,0.0625,0.7754168660676761,COMPLETE,2025-03-29 20:50:49.152332,2025-03-29 20:50:57.508619,8.356287
2008,fastml,0.25,onesidedselection,0.125,0.8129974458686009,COMPLETE,2025-03-29 20:50:57.533864,2025-03-29 20:51:06.813002,9.279138
2009,random,auto,tomeklinks,0.25,0.7885046901945817,COMPLETE,2025-03-29 20:51:06.828537,2025-03-29 20:51:16.594541,9.766004
2010,fastml,0,clustercentroid,0.25,0.7713935923059568,COMPLETE,2025-03-29 20:51:16.620069,2025-03-29 20:51:26.417974,9.797905
2011,copulagan,2,condensednn,0.0625,0.7106211998941325,COMPLETE,2025-03-29 20:51:26.433129,2025-03-29 20:51:35.519661,9.086532
2012,adasyn,2,instancehardness,0.125,-1.0,COMPLETE,2025-03-29 20:51:35.544661,2025-03-29 20:51:35.654096,0.109435
2013,ctgan,auto,editednn,0.5,0.7014190188143578,COMPLETE,2025-03-29 20:51:35.678457,2025-03-29 20:51:43.074642,7.396185
2014,copulagan,1,instancehardness,auto,0.7109619862773654,COMPLETE,2025-03-29 20:51:43.137675,2025-03-29 20:51:56.284096,13.146421
2015,gaussiancopula,auto,editednn,auto,0.7508349577159428,COMPLETE,2025-03-29 20:51:56.315216,2025-03-29 20:52:03.917772,7.602556
2016,copulagan,0,tomeklinks,0,-1.0,ERROR,,,0.0
2017,adasyn,1,random,auto,-1.0,COMPLETE,2025-03-29 20:52:14.840663,2025-03-29 20:52:14.947925,0.107262
2018,gaussiancopula,0,nearmiss,0.125,0.8261824381926683,COMPLETE,2025-03-29 20:52:14.971650,2025-03-29 20:52:23.965861,8.994211
2019,smote,0,editednn,0.5,0.6570439510152107,COMPLETE,2025-03-29 20:52:23.990676,2025-03-29 20:52:30.849789,6.859113
2020,ctgan,2,nearmiss,auto,0.7994233065016635,COMPLETE,2025-03-29 20:52:30.864655,2025-03-29 20:52:41.263745,10.39909
2021,fastml,2,random,0.0625,0.7832957688664595,COMPLETE,2025-03-29 20:52:41.288254,2025-03-29 20:52:52.104189,10.815935
2022,gaussiancopula,2,editednn,0,0.8061522907211869,COMPLETE,2025-03-29 20:52:52.128419,2025-03-29 20:53:02.721782,10.593363
2023,random,0.25,random,0.5,0.786526759244812,COMPLETE,2025-03-29 20:53:02.747668,2025-03-29 20:53:13.291207,10.543539
2024,smote,0.5,instancehardness,0.25,0.7420406460456523,COMPLETE,2025-03-29 20:53:13.315837,2025-03-29 20:53:24.430276,11.114439
2025,ctgan,0.25,nearmiss,0.0625,0.7994233065016635,COMPLETE,2025-03-29 20:53:24.445507,2025-03-29 20:53:34.933757,10.48825
2026,adasyn,0.5,condensednn,0.125,-1.0,COMPLETE,2025-03-29 20:53:34.957958,2025-03-29 20:53:35.068196,0.110238
2027,copulagan,1,clustercentroid,0,0.7694685439375929,COMPLETE,2025-03-29 20:53:35.092169,2025-03-29 20:53:45.451880,10.359711
2028,random,0.25,editednn,0,0.8501211295328943,COMPLETE,2025-03-29 20:53:45.469102,2025-03-29 20:53:55.874169,10.405067
2029,copulagan,1,clustercentroid,0.25,0.8031625042974624,COMPLETE,2025-03-29 20:53:55.898558,2025-03-29 20:54:07.471521,11.572963
2030,copulagan,0,onesidedselection,0,-1.0,ERROR,,,0.0
2031,gaussiancopula,0,onesidedselection,0.5,0.8145856661046565,COMPLETE,2025-03-29 20:54:18.539970,2025-03-29 20:54:27.322120,8.78215
2032,smote,0.5,random,0.5,0.7725855759746558,COMPLETE,2025-03-29 20:54:27.347069,2025-03-29 20:54:38.414444,11.067375
2033,copulagan,auto,random,0.125,0.790953418553617,COMPLETE,2025-03-29 20:54:38.438509,2025-03-29 20:54:49.865643,11.427134
2034,adasyn,auto,random,0,-1.0,COMPLETE,2025-03-29 20:54:49.890026,2025-03-29 20:54:49.999761,0.109735
2035,random,0.5,clustercentroid,0.25,0.8252368888666506,COMPLETE,2025-03-29 20:54:50.023962,2025-03-29 20:55:02.418783,12.394821
2036,gaussiancopula,2,condensednn,0.0625,0.718110189461217,COMPLETE,2025-03-29 20:55:02.442878,2025-03-29 20:55:10.988453,8.545575
2037,ctgan,0.25,instancehardness,auto,0.7782441490453788,COMPLETE,2025-03-29 20:55:11.013520,2025-03-29 20:55:22.552915,11.539395
2038,copulagan,0.25,instancehardness,0.0625,0.7109619862773654,COMPLETE,2025-03-29 20:55:22.577728,2025-03-29 20:55:35.201913,12.624185
2039,ctgan,0,onesidedselection,0.0625,0.8145856661046565,COMPLETE,2025-03-29 20:55:35.216878,2025-03-29 20:55:43.837874,8.620996
2040,copulagan,auto,instancehardness,0.5,0.7109619862773654,COMPLETE,2025-03-29 20:55:43.863186,2025-03-29 20:55:56.435568,12.572382
2041,ctgan,0.5,instancehardness,auto,0.7782441490453788,COMPLETE,2025-03-29 20:55:56.460618,2025-03-29 20:56:07.526714,11.066096
2042,ctgan,1,onesidedselection,0.25,0.8277893045653577,COMPLETE,2025-03-29 20:56:07.552787,2025-03-29 20:56:16.911534,9.358747
2043,tvae,2,instancehardness,0.5,0.7854833841430398,COMPLETE,2025-03-29 20:56:16.927503,2025-03-29 20:56:29.574405,12.646902
2044,adasyn,2,random,0.0625,-1.0,COMPLETE,2025-03-29 20:56:29.600057,2025-03-29 20:56:29.704211,0.104154
2045,tvae,1,condensednn,0.5,0.7537101641234796,COMPLETE,2025-03-29 20:56:29.725395,2025-03-29 20:56:38.722398,8.997003
2046,gaussiancopula,0.5,clustercentroid,0.0625,0.8130003938195579,COMPLETE,2025-03-29 20:56:38.739900,2025-03-29 20:56:51.727099,12.987199
2047,copulagan,0.25,random,0.5,0.790953418553617,COMPLETE,2025-03-29 20:56:51.759265,2025-03-29 20:57:03.210791,11.451526
2048,adasyn,0,tomeklinks,0.0625,0.8106420236121931,COMPLETE,2025-03-29 20:57:03.228150,2025-03-29 20:57:11.298951,8.070801
2049,adasyn,auto,tomeklinks,0,-1.0,COMPLETE,2025-03-29 20:57:11.314908,2025-03-29 20:57:11.425620,0.110712
2050,random,0,nearmiss,0.5,0.8261824381926683,COMPLETE,2025-03-29 20:57:11.440469,2025-03-29 20:57:20.364407,8.923938
2051,fastml,0.5,tomeklinks,0,0.7655436586619666,COMPLETE,2025-03-29 20:57:20.390266,2025-03-29 20:57:30.764478,10.374212
2052,copulagan,0.5,clustercentroid,0.25,0.8031625042974624,COMPLETE,2025-03-29 20:57:30.790361,2025-03-29 20:57:42.118029,11.327668
2053,ctgan,2,instancehardness,0.25,0.7782441490453788,COMPLETE,2025-03-29 20:57:42.142829,2025-03-29 20:57:53.162848,11.020019
2054,smote,0.5,nearmiss,0.25,0.7842776712680902,COMPLETE,2025-03-29 20:57:53.186606,2025-03-29 20:58:04.725160,11.538554
2055,copulagan,1,tomeklinks,0.125,0.7836642273347322,COMPLETE,2025-03-29 20:58:04.749272,2025-03-29 20:58:14.473546,9.724274
2056,smote,0,nearmiss,auto,0.8261824381926683,COMPLETE,2025-03-29 20:58:14.498486,2025-03-29 20:58:23.485761,8.987275
2057,copulagan,0.5,nearmiss,0.25,0.7577816279768611,COMPLETE,2025-03-29 20:58:23.510910,2025-03-29 20:58:34.487202,10.976292
2058,tvae,0,onesidedselection,0.0625,0.8145856661046565,COMPLETE,2025-03-29 20:58:34.511367,2025-03-29 20:58:43.138462,8.627095
2059,fastml,0,clustercentroid,auto,0.7713935923059568,COMPLETE,2025-03-29 20:58:43.152785,2025-03-29 20:58:52.914144,9.761359
2060,tvae,0.5,instancehardness,0.5,0.7854833841430398,COMPLETE,2025-03-29 20:58:52.939472,2025-03-29 20:59:05.382788,12.443316
2061,smote,0.5,instancehardness,0,0.8031668039219165,COMPLETE,2025-03-29 20:59:05.407631,2025-03-29 20:59:15.440950,10.033319
2062,fastml,1,tomeklinks,auto,0.8189820072173013,COMPLETE,2025-03-29 20:59:15.466895,2025-03-29 20:59:24.577602,9.110707
2063,random,0.25,random,0.125,0.786526759244812,COMPLETE,2025-03-29 20:59:24.602989,2025-03-29 20:59:34.934474,10.331485
2064,gaussiancopula,1,onesidedselection,0.25,0.8402321388325446,COMPLETE,2025-03-29 20:59:34.959682,2025-03-29 20:59:44.464905,9.505223
2065,adasyn,0,condensednn,0,-1.0,ERROR,,,0.0
2066,random,auto,tomeklinks,0.125,0.7885046901945817,COMPLETE,2025-03-29 20:59:55.302165,2025-03-29 21:00:04.918365,9.6162
2067,copulagan,0,nearmiss,0.25,0.8261824381926683,COMPLETE,2025-03-29 21:00:04.942850,2025-03-29 21:00:13.909148,8.966298
2068,copulagan,auto,random,0.25,0.790953418553617,COMPLETE,2025-03-29 21:00:13.934798,2025-03-29 21:00:25.244984,11.310186
2069,copulagan,2,instancehardness,0.25,0.7109619862773654,COMPLETE,2025-03-29 21:00:25.269628,2025-03-29 21:00:37.743027,12.473399
2070,ctgan,0.5,nearmiss,0.125,0.7994233065016635,COMPLETE,2025-03-29 21:00:37.767568,2025-03-29 21:00:48.060687,10.293119
2071,fastml,1,tomeklinks,0.125,0.8189820072173013,COMPLETE,2025-03-29 21:00:48.087704,2025-03-29 21:00:57.234254,9.14655
2072,smote,0.5,instancehardness,0.0625,0.7420406460456523,COMPLETE,2025-03-29 21:00:57.260508,2025-03-29 21:01:07.975699,10.715191
2073,copulagan,2,nearmiss,0.0625,0.7577816279768611,COMPLETE,2025-03-29 21:01:08.000684,2025-03-29 21:01:18.989152,10.988468
2074,copulagan,0,nearmiss,0.0625,0.8261824381926683,COMPLETE,2025-03-29 21:01:19.004990,2025-03-29 21:01:27.956261,8.951271
2075,copulagan,0,tomeklinks,0.0625,0.8106420236121931,COMPLETE,2025-03-29 21:01:27.981555,2025-03-29 21:01:36.078711,8.097156
2076,fastml,2,random,0.25,0.7832957688664595,COMPLETE,2025-03-29 21:01:36.096388,2025-03-29 21:01:46.776858,10.68047
2077,smote,0,condensednn,0.5,0.6046872437128007,COMPLETE,2025-03-29 21:01:46.805865,2025-03-29 21:01:53.425594,6.619729
2078,tvae,0,onesidedselection,0.5,0.8145856661046565,COMPLETE,2025-03-29 21:01:53.445061,2025-03-29 21:02:02.068361,8.6233
2079,adasyn,1,instancehardness,auto,-1.0,COMPLETE,2025-03-29 21:02:02.093993,2025-03-29 21:02:02.201122,0.107129
2080,random,auto,editednn,0.125,0.6829269964523792,COMPLETE,2025-03-29 21:02:02.224800,2025-03-29 21:02:09.156041,6.931241
2081,tvae,2,nearmiss,auto,0.8535353923282728,COMPLETE,2025-03-29 21:02:09.180796,2025-03-29 21:02:20.420613,11.239817
2082,copulagan,0,condensednn,0.25,0.6046872437128007,COMPLETE,2025-03-29 21:02:20.445692,2025-03-29 21:02:26.962462,6.51677
2083,gaussiancopula,auto,nearmiss,0.125,0.8177270480384667,COMPLETE,2025-03-29 21:02:26.986263,2025-03-29 21:02:38.801804,11.815541
2084,copulagan,0,onesidedselection,0.5,0.8145856661046565,COMPLETE,2025-03-29 21:02:38.826686,2025-03-29 21:02:47.464906,8.63822
2085,adasyn,0,clustercentroid,0.5,0.7713935923059568,COMPLETE,2025-03-29 21:02:47.488860,2025-03-29 21:02:57.146829,9.657969
2086,random,1,instancehardness,0.25,0.7895467277820218,COMPLETE,2025-03-29 21:02:57.172614,2025-03-29 21:03:08.911223,11.738609
2087,random,auto,nearmiss,0,0.8501211295328943,COMPLETE,2025-03-29 21:03:08.936255,2025-03-29 21:03:19.119278,10.183023
2088,smote,0,editednn,0.125,0.6570439510152107,COMPLETE,2025-03-29 21:03:19.144394,2025-03-29 21:03:25.879293,6.734899
2089,fastml,2,tomeklinks,0.25,0.8189820072173013,COMPLETE,2025-03-29 21:03:25.897796,2025-03-29 21:03:35.024376,9.12658
2090,ctgan,auto,condensednn,0.125,0.6856216672517259,COMPLETE,2025-03-29 21:03:35.049230,2025-03-29 21:03:42.905281,7.856051
2091,ctgan,auto,tomeklinks,0,0.8302957919410648,COMPLETE,2025-03-29 21:03:42.930071,2025-03-29 21:03:53.483128,10.553057
2092,adasyn,auto,tomeklinks,0.25,-1.0,COMPLETE,2025-03-29 21:03:53.509422,2025-03-29 21:03:53.620954,0.111532
2093,random,0.25,nearmiss,0.0625,0.8311536381867213,COMPLETE,2025-03-29 21:03:53.644177,2025-03-29 21:04:04.564456,10.920279
2094,copulagan,1,condensednn,0.0625,0.7106211998941325,COMPLETE,2025-03-29 21:04:04.589913,2025-03-29 21:04:13.596441,9.006528
2095,adasyn,auto,random,0.25,-1.0,COMPLETE,2025-03-29 21:04:13.621699,2025-03-29 21:04:13.731486,0.109787
2096,fastml,0,random,auto,0.7113235120907087,COMPLETE,2025-03-29 21:04:13.756423,2025-03-29 21:04:23.640124,9.883701
2097,random,0.25,tomeklinks,0.5,0.7885046901945817,COMPLETE,2025-03-29 21:04:23.667598,2025-03-29 21:04:33.296026,9.628428
2098,random,1,tomeklinks,0,0.8501211295328943,COMPLETE,2025-03-29 21:04:33.320741,2025-03-29 21:04:43.535472,10.214731
2099,random,1,nearmiss,0.25,0.8311536381867213,COMPLETE,2025-03-29 21:04:43.560857,2025-03-29 21:04:54.478870,10.918013
2100,ctgan,auto,instancehardness,0.125,0.7782441490453788,COMPLETE,2025-03-29 21:04:54.503714,2025-03-29 21:05:05.593625,11.089911
2101,smote,0,nearmiss,0.125,0.8261824381926683,COMPLETE,2025-03-29 21:05:05.617938,2025-03-29 21:05:14.540248,8.92231
2102,gaussiancopula,0.25,tomeklinks,0.25,0.7388116091110345,COMPLETE,2025-03-29 21:05:14.564642,2025-03-29 21:05:23.367929,8.803287
2103,adasyn,0,onesidedselection,0.5,0.8145856661046565,COMPLETE,2025-03-29 21:05:23.382331,2025-03-29 21:05:32.026360,8.644029
2104,smote,0.25,instancehardness,0.25,0.7420406460456523,COMPLETE,2025-03-29 21:05:32.050821,2025-03-29 21:05:42.725144,10.674323
2105,copulagan,2,condensednn,0.5,0.7106211998941325,COMPLETE,2025-03-29 21:05:42.739388,2025-03-29 21:05:51.782896,9.043508
2106,tvae,auto,instancehardness,0.125,0.7854833841430398,COMPLETE,2025-03-29 21:05:51.807816,2025-03-29 21:06:04.419830,12.612014
2107,gaussiancopula,2,random,0,0.8061522907211869,COMPLETE,2025-03-29 21:06:04.443798,2025-03-29 21:06:15.031783,10.587985
2108,ctgan,0.5,condensednn,0.5,0.6856216672517259,COMPLETE,2025-03-29 21:06:15.056124,2025-03-29 21:06:22.939614,7.88349
2109,fastml,0.5,onesidedselection,0,0.7655436586619666,COMPLETE,2025-03-29 21:06:22.954397,2025-03-29 21:06:33.612031,10.657634
2110,copulagan,0.5,random,0.125,0.790953418553617,COMPLETE,2025-03-29 21:06:33.627314,2025-03-29 21:06:45.018710,11.391396
2111,ctgan,auto,condensednn,0,0.8302957919410648,COMPLETE,2025-03-29 21:06:45.036590,2025-03-29 21:06:55.592328,10.555738
2112,copulagan,0.25,clustercentroid,0,0.7694685439375929,COMPLETE,2025-03-29 21:06:55.622678,2025-03-29 21:07:05.971402,10.348724
2113,tvae,2,random,auto,0.8029873404004259,COMPLETE,2025-03-29 21:07:05.987227,2025-03-29 21:07:19.134665,13.147438
2114,random,2,onesidedselection,0.5,0.7997081741787624,COMPLETE,2025-03-29 21:07:19.160433,2025-03-29 21:07:28.827787,9.667354
2115,copulagan,0.25,nearmiss,auto,0.7577816279768611,COMPLETE,2025-03-29 21:07:28.843239,2025-03-29 21:07:39.878679,11.03544
2116,copulagan,auto,random,0.5,0.790953418553617,COMPLETE,2025-03-29 21:07:39.900916,2025-03-29 21:07:51.256236,11.35532
2117,copulagan,2,random,auto,0.790953418553617,COMPLETE,2025-03-29 21:07:51.281959,2025-03-29 21:08:02.645466,11.363507
2118,gaussiancopula,1,editednn,auto,0.7508349577159428,COMPLETE,2025-03-29 21:08:02.669802,2025-03-29 21:08:10.230304,7.560502
2119,ctgan,auto,nearmiss,0.25,0.7994233065016635,COMPLETE,2025-03-29 21:08:10.255598,2025-03-29 21:08:20.692718,10.43712
2120,random,1,tomeklinks,0.125,0.7885046901945817,COMPLETE,2025-03-29 21:08:20.716588,2025-03-29 21:08:30.424771,9.708183
2121,tvae,0.25,instancehardness,0.125,0.7854833841430398,COMPLETE,2025-03-29 21:08:30.449530,2025-03-29 21:08:43.100494,12.650964
2122,smote,0.5,condensednn,0.25,0.7754168660676761,COMPLETE,2025-03-29 21:08:43.126413,2025-03-29 21:08:51.491118,8.364705
2123,random,0.25,onesidedselection,0.0625,0.7997081741787624,COMPLETE,2025-03-29 21:08:51.516159,2025-03-29 21:09:01.031326,9.515167
2124,copulagan,2,instancehardness,0,0.7694685439375929,COMPLETE,2025-03-29 21:09:01.055489,2025-03-29 21:09:11.289753,10.234264
2125,adasyn,2,tomeklinks,auto,-1.0,COMPLETE,2025-03-29 21:09:11.314789,2025-03-29 21:09:11.423008,0.108219
2126,random,1,editednn,0.0625,0.6829269964523792,COMPLETE,2025-03-29 21:09:11.437500,2025-03-29 21:09:18.417367,6.979867
2127,copulagan,1,condensednn,0.25,0.7106211998941325,COMPLETE,2025-03-29 21:09:18.442505,2025-03-29 21:09:27.443071,9.000566
2128,smote,0.5,editednn,0.0625,0.6971297649494581,COMPLETE,2025-03-29 21:09:27.468319,2025-03-29 21:09:34.283858,6.815539
2129,ctgan,auto,random,0.5,0.7598153069181577,COMPLETE,2025-03-29 21:09:34.308238,2025-03-29 21:09:46.075285,11.767047
2130,random,0.25,tomeklinks,auto,0.7885046901945817,COMPLETE,2025-03-29 21:09:46.090060,2025-03-29 21:09:55.685179,9.595119
2131,random,2,clustercentroid,0.25,0.8252368888666506,COMPLETE,2025-03-29 21:09:55.710476,2025-03-29 21:10:08.149131,12.438655
2132,fastml,auto,random,0.0625,0.7832957688664595,COMPLETE,2025-03-29 21:10:08.174080,2025-03-29 21:10:18.941393,10.767313
2133,gaussiancopula,0.25,clustercentroid,0.5,0.8130003938195579,COMPLETE,2025-03-29 21:10:18.966364,2025-03-29 21:10:31.959017,12.992653
2134,gaussiancopula,2,nearmiss,0.25,0.8177270480384667,COMPLETE,2025-03-29 21:10:31.984837,2025-03-29 21:10:43.913081,11.928244
2135,smote,1,instancehardness,0.125,0.7420406460456523,COMPLETE,2025-03-29 21:10:43.938386,2025-03-29 21:10:54.749202,10.810816
2136,adasyn,auto,condensednn,0,-1.0,COMPLETE,2025-03-29 21:10:54.774906,2025-03-29 21:10:54.884183,0.109277
2137,gaussiancopula,1,nearmiss,0.0625,0.8177270480384667,COMPLETE,2025-03-29 21:10:54.908259,2025-03-29 21:11:06.770401,11.862142
2138,fastml,0.5,onesidedselection,0.25,0.8129974458686009,COMPLETE,2025-03-29 21:11:06.795559,2025-03-29 21:11:15.995033,9.199474
2139,adasyn,auto,editednn,0.5,-1.0,COMPLETE,2025-03-29 21:11:16.010677,2025-03-29 21:11:16.124208,0.113531
2140,copulagan,1,onesidedselection,0.5,0.8118367096054723,COMPLETE,2025-03-29 21:11:16.148616,2025-03-29 21:11:26.519312,10.370696
2141,random,2,tomeklinks,0.25,0.7885046901945817,COMPLETE,2025-03-29 21:11:26.544043,2025-03-29 21:11:36.119002,9.574959
2142,gaussiancopula,auto,condensednn,0,0.8061522907211869,COMPLETE,2025-03-29 21:11:36.143451,2025-03-29 21:11:46.759137,10.615686
2143,ctgan,0,instancehardness,0.5,0.816446228697218,COMPLETE,2025-03-29 21:11:46.784025,2025-03-29 21:11:58.291689,11.507664
2144,copulagan,0,nearmiss,auto,0.8261824381926683,COMPLETE,2025-03-29 21:11:58.318366,2025-03-29 21:12:07.303306,8.98494
2145,random,0.25,instancehardness,0.125,0.7895467277820218,COMPLETE,2025-03-29 21:12:07.328176,2025-03-29 21:12:19.054274,11.726098
2146,copulagan,0,random,0.25,0.7113235120907087,COMPLETE,2025-03-29 21:12:19.079535,2025-03-29 21:12:29.107591,10.028056
2147,adasyn,2,tomeklinks,0.25,-1.0,COMPLETE,2025-03-29 21:12:29.132425,2025-03-29 21:12:29.242384,0.109959
2148,fastml,2,instancehardness,0.5,0.7653386691376887,COMPLETE,2025-03-29 21:12:29.266045,2025-03-29 21:12:40.214128,10.948083
2149,smote,1,condensednn,0.0625,0.7754168660676761,COMPLETE,2025-03-29 21:12:40.239052,2025-03-29 21:12:48.658599,8.419547
2150,tvae,0,instancehardness,0.125,0.816446228697218,COMPLETE,2025-03-29 21:12:48.683128,2025-03-29 21:13:00.114838,11.43171
2151,smote,auto,instancehardness,0,0.8031668039219165,COMPLETE,2025-03-29 21:13:00.141079,2025-03-29 21:13:10.215487,10.074408
2152,gaussiancopula,0.25,onesidedselection,0,0.8061522907211869,COMPLETE,2025-03-29 21:13:10.231863,2025-03-29 21:13:20.833490,10.601627
2153,gaussiancopula,auto,clustercentroid,0.125,0.8130003938195579,COMPLETE,2025-03-29 21:13:20.858432,2025-03-29 21:13:33.703546,12.845114
2154,smote,1,editednn,0.125,0.6971297649494581,COMPLETE,2025-03-29 21:13:33.728289,2025-03-29 21:13:40.399496,6.671207
2155,fastml,0,nearmiss,0.125,0.8261824381926683,COMPLETE,2025-03-29 21:13:40.424506,2025-03-29 21:13:49.344686,8.92018
2156,tvae,0.5,condensednn,auto,0.7537101641234796,COMPLETE,2025-03-29 21:13:49.368952,2025-03-29 21:13:58.072920,8.703968
2157,random,0.25,editednn,0.25,0.6829269964523792,COMPLETE,2025-03-29 21:13:58.097935,2025-03-29 21:14:05.083410,6.985475
2158,adasyn,0.5,editednn,0.125,-1.0,COMPLETE,2025-03-29 21:14:05.108120,2025-03-29 21:14:05.216103,0.107983
2159,random,1,instancehardness,0.5,0.7895467277820218,COMPLETE,2025-03-29 21:14:05.240714,2025-03-29 21:14:16.691730,11.451016
2160,random,0.25,onesidedselection,0.5,0.7997081741787624,COMPLETE,2025-03-29 21:14:16.717219,2025-03-29 21:14:26.268169,9.55095
2161,ctgan,0.5,editednn,0.25,0.7014190188143578,COMPLETE,2025-03-29 21:14:26.293365,2025-03-29 21:14:33.681338,7.387973
2162,tvae,auto,condensednn,auto,0.7537101641234796,COMPLETE,2025-03-29 21:14:33.707274,2025-03-29 21:14:42.430283,8.723009
2163,random,0,instancehardness,0,-1.0,ERROR,,,0.0
2164,random,2,random,0.125,0.786526759244812,COMPLETE,2025-03-29 21:14:53.385284,2025-03-29 21:15:03.792628,10.407344
2165,fastml,1,clustercentroid,0,0.7655436586619666,COMPLETE,2025-03-29 21:15:03.816490,2025-03-29 21:15:14.212006,10.395516
2166,tvae,1,editednn,0.125,0.6930653400462047,COMPLETE,2025-03-29 21:15:14.239053,2025-03-29 21:15:21.962632,7.723579
2167,adasyn,1,instancehardness,0.0625,-1.0,COMPLETE,2025-03-29 21:15:21.988275,2025-03-29 21:15:22.099944,0.111669
2168,tvae,1,random,0.0625,0.8029873404004259,COMPLETE,2025-03-29 21:15:22.124195,2025-03-29 21:15:35.245026,13.120831
2169,random,2,nearmiss,0.5,0.8311536381867213,COMPLETE,2025-03-29 21:15:35.270322,2025-03-29 21:15:46.259629,10.989307
2170,tvae,0,onesidedselection,0,-1.0,ERROR,,,0.0
2171,fastml,0.5,nearmiss,0.125,0.8292455911829185,COMPLETE,2025-03-29 21:15:57.261784,2025-03-29 21:16:08.644417,11.382633
2172,fastml,auto,editednn,0.5,0.6027242045716767,COMPLETE,2025-03-29 21:16:08.669628,2025-03-29 21:16:16.654497,7.984869
2173,copulagan,2,nearmiss,0,0.7694685439375929,COMPLETE,2025-03-29 21:16:16.670875,2025-03-29 21:16:27.007076,10.336201
2174,tvae,1,tomeklinks,0.125,0.7290738343974288,COMPLETE,2025-03-29 21:16:27.032316,2025-03-29 21:16:36.992318,9.960002
2175,ctgan,0,random,0.25,0.7113235120907087,COMPLETE,2025-03-29 21:16:37.007343,2025-03-29 21:16:46.984618,9.977275
2176,smote,2,clustercentroid,0.5,0.8176119647856219,COMPLETE,2025-03-29 21:16:47.010273,2025-03-29 21:16:57.805619,10.795346
2177,fastml,auto,onesidedselection,auto,0.8129974458686009,COMPLETE,2025-03-29 21:16:57.830072,2025-03-29 21:17:07.080721,9.250649
2178,smote,0.5,random,0.0625,0.7725855759746558,COMPLETE,2025-03-29 21:17:07.096503,2025-03-29 21:17:18.171644,11.075141
2179,random,0.5,editednn,0.125,0.6829269964523792,COMPLETE,2025-03-29 21:17:18.195987,2025-03-29 21:17:25.233963,7.037976
2180,fastml,0,random,0.25,0.7113235120907087,COMPLETE,2025-03-29 21:17:25.259631,2025-03-29 21:17:35.311144,10.051513
2181,ctgan,0.25,editednn,0.0625,0.7014190188143578,COMPLETE,2025-03-29 21:17:35.336263,2025-03-29 21:17:42.727019,7.390756
2182,adasyn,2,instancehardness,0.5,-1.0,COMPLETE,2025-03-29 21:17:42.753107,2025-03-29 21:17:42.862034,0.108927
2183,tvae,2,onesidedselection,0.25,0.8099656204534335,COMPLETE,2025-03-29 21:17:42.885921,2025-03-29 21:17:52.886170,10.000249
2184,adasyn,0.5,clustercentroid,0,-1.0,COMPLETE,2025-03-29 21:17:52.901878,2025-03-29 21:17:53.009885,0.108007
2185,copulagan,1,nearmiss,0.25,0.7577816279768611,COMPLETE,2025-03-29 21:17:53.033552,2025-03-29 21:18:04.051975,11.018423
2186,copulagan,auto,nearmiss,0.25,0.7577816279768611,COMPLETE,2025-03-29 21:18:04.077095,2025-03-29 21:18:15.197757,11.120662
2187,adasyn,auto,random,auto,-1.0,COMPLETE,2025-03-29 21:18:15.221842,2025-03-29 21:18:15.331440,0.109598
2188,fastml,1,instancehardness,0.0625,0.7653386691376887,COMPLETE,2025-03-29 21:18:15.355157,2025-03-29 21:18:26.443166,11.088009
2189,random,2,nearmiss,0,0.8501211295328943,COMPLETE,2025-03-29 21:18:26.469635,2025-03-29 21:18:36.724717,10.255082
2190,tvae,auto,nearmiss,auto,0.8535353923282728,COMPLETE,2025-03-29 21:18:36.750841,2025-03-29 21:18:48.017290,11.266449
2191,adasyn,auto,clustercentroid,0,-1.0,COMPLETE,2025-03-29 21:18:48.041898,2025-03-29 21:18:48.155627,0.113729
2192,random,auto,condensednn,0.25,0.764847388838482,COMPLETE,2025-03-29 21:18:48.179905,2025-03-29 21:18:56.080513,7.900608
2193,adasyn,0,editednn,auto,0.6570439510152107,COMPLETE,2025-03-29 21:18:56.095865,2025-03-29 21:19:02.954548,6.858683
2194,tvae,0,clustercentroid,0,-1.0,ERROR,,,0.0
2195,gaussiancopula,1,clustercentroid,0.0625,0.8130003938195579,COMPLETE,2025-03-29 21:19:13.864959,2025-03-29 21:19:26.753261,12.888302
2196,fastml,0.25,instancehardness,auto,0.7653386691376887,COMPLETE,2025-03-29 21:19:26.778245,2025-03-29 21:19:37.606383,10.828138
2197,copulagan,0.5,instancehardness,0.25,0.7109619862773654,COMPLETE,2025-03-29 21:19:37.631838,2025-03-29 21:19:50.357554,12.725716
2198,tvae,0.5,clustercentroid,0,0.7729649486430071,COMPLETE,2025-03-29 21:19:50.371995,2025-03-29 21:20:00.897482,10.525487
2199,adasyn,2,onesidedselection,0.125,-1.0,COMPLETE,2025-03-29 21:20:00.912844,2025-03-29 21:20:01.026466,0.113622
2200,gaussiancopula,0.25,condensednn,0.25,0.718110189461217,COMPLETE,2025-03-29 21:20:01.051346,2025-03-29 21:20:09.598632,8.547286
2201,adasyn,0.25,nearmiss,0.125,-1.0,COMPLETE,2025-03-29 21:20:09.624046,2025-03-29 21:20:09.734078,0.110032
2202,ctgan,auto,onesidedselection,0.0625,0.8277893045653577,COMPLETE,2025-03-29 21:20:09.758778,2025-03-29 21:20:19.217782,9.459004
2203,copulagan,0.25,condensednn,auto,0.7106211998941325,COMPLETE,2025-03-29 21:20:19.242723,2025-03-29 21:20:28.315064,9.072341
2204,smote,0.5,nearmiss,0.5,0.7842776712680902,COMPLETE,2025-03-29 21:20:28.340183,2025-03-29 21:20:39.996498,11.656315
2205,adasyn,1,instancehardness,0.125,-1.0,COMPLETE,2025-03-29 21:20:40.021955,2025-03-29 21:20:40.135989,0.114034
2206,gaussiancopula,1,clustercentroid,0,0.8061522907211869,COMPLETE,2025-03-29 21:20:40.161442,2025-03-29 21:20:50.751146,10.589704
2207,gaussiancopula,1,editednn,0,0.8061522907211869,COMPLETE,2025-03-29 21:20:50.776671,2025-03-29 21:21:01.361751,10.58508
2208,smote,auto,random,0,0.8031668039219165,COMPLETE,2025-03-29 21:21:01.377200,2025-03-29 21:21:11.434909,10.057709
2209,adasyn,0,condensednn,0.25,0.6046872437128007,COMPLETE,2025-03-29 21:21:11.452229,2025-03-29 21:21:18.191519,6.73929
2210,gaussiancopula,0.5,nearmiss,0.125,0.8177270480384667,COMPLETE,2025-03-29 21:21:18.217028,2025-03-29 21:21:30.058474,11.841446
2211,copulagan,0.25,editednn,0,0.7694685439375929,COMPLETE,2025-03-29 21:21:30.084521,2025-03-29 21:21:40.394616,10.310095
2212,tvae,auto,tomeklinks,0,0.7729649486430071,COMPLETE,2025-03-29 21:21:40.419606,2025-03-29 21:21:50.950333,10.530727
2213,fastml,2,nearmiss,0,0.7655436586619666,COMPLETE,2025-03-29 21:21:50.974815,2025-03-29 21:22:01.489439,10.514624
2214,copulagan,0,tomeklinks,auto,0.8106420236121931,COMPLETE,2025-03-29 21:22:01.514737,2025-03-29 21:22:09.625581,8.110844
2215,adasyn,0.25,clustercentroid,0.125,-1.0,COMPLETE,2025-03-29 21:22:09.650672,2025-03-29 21:22:09.766367,0.115695
2216,adasyn,auto,instancehardness,0.0625,-1.0,COMPLETE,2025-03-29 21:22:09.791020,2025-03-29 21:22:09.900551,0.109531
2217,smote,2,condensednn,0.5,0.7754168660676761,COMPLETE,2025-03-29 21:22:09.924376,2025-03-29 21:22:18.284807,8.360431
2218,smote,0.25,editednn,0.125,0.6971297649494581,COMPLETE,2025-03-29 21:22:18.310613,2025-03-29 21:22:25.075979,6.765366
2219,adasyn,0,clustercentroid,0.0625,0.7713935923059568,COMPLETE,2025-03-29 21:22:25.100666,2025-03-29 21:22:34.845809,9.745143
2220,adasyn,auto,clustercentroid,0.25,-1.0,COMPLETE,2025-03-29 21:22:34.871682,2025-03-29 21:22:34.990183,0.118501
2221,fastml,0.5,clustercentroid,0,0.7655436586619666,COMPLETE,2025-03-29 21:22:35.014629,2025-03-29 21:22:45.457582,10.442953
2222,smote,0,onesidedselection,0.0625,0.8145856661046565,COMPLETE,2025-03-29 21:22:45.483023,2025-03-29 21:22:54.362542,8.879519
2223,smote,0.5,clustercentroid,0.25,0.8176119647856219,COMPLETE,2025-03-29 21:22:54.378488,2025-03-29 21:23:05.227753,10.849265
2224,copulagan,0.5,tomeklinks,0.5,0.7836642273347322,COMPLETE,2025-03-29 21:23:05.252230,2025-03-29 21:23:15.048792,9.796562
2225,random,0.25,clustercentroid,0.25,0.8252368888666506,COMPLETE,2025-03-29 21:23:15.073562,2025-03-29 21:23:27.474009,12.400447
2226,smote,1,nearmiss,0.25,0.7842776712680902,COMPLETE,2025-03-29 21:23:27.499496,2025-03-29 21:23:39.125301,11.625805
2227,random,0.25,clustercentroid,0.125,0.8252368888666506,COMPLETE,2025-03-29 21:23:39.150296,2025-03-29 21:23:51.557166,12.40687
2228,fastml,0,editednn,0.5,0.6570439510152107,COMPLETE,2025-03-29 21:23:51.581755,2025-03-29 21:23:58.395054,6.813299
2229,adasyn,2,nearmiss,0.125,-1.0,COMPLETE,2025-03-29 21:23:58.409868,2025-03-29 21:23:58.519305,0.109437
2230,smote,0.5,nearmiss,0,0.8031668039219165,COMPLETE,2025-03-29 21:23:58.543328,2025-03-29 21:24:08.616699,10.073371
2231,ctgan,0.5,clustercentroid,auto,0.817772055470615,COMPLETE,2025-03-29 21:24:08.641650,2025-03-29 21:24:22.407608,13.765958
2232,tvae,2,random,0.125,0.8029873404004259,COMPLETE,2025-03-29 21:24:22.431112,2025-03-29 21:24:34.828889,12.397777
2233,adasyn,2,nearmiss,0.0625,-1.0,COMPLETE,2025-03-29 21:24:34.852211,2025-03-29 21:24:34.962597,0.110386
2234,ctgan,0.25,instancehardness,0,0.8302957919410648,COMPLETE,2025-03-29 21:24:34.985256,2025-03-29 21:24:44.808835,9.823579
2235,ctgan,0.5,nearmiss,0.25,0.7994233065016635,COMPLETE,2025-03-29 21:24:44.823409,2025-03-29 21:24:54.434269,9.61086
2236,copulagan,auto,onesidedselection,0.0625,0.8118367096054723,COMPLETE,2025-03-29 21:24:54.458751,2025-03-29 21:25:04.129118,9.670367
2237,ctgan,0,editednn,0,-1.0,ERROR,,,0.0
2238,copulagan,0,instancehardness,auto,0.816446228697218,COMPLETE,2025-03-29 21:25:14.271188,2025-03-29 21:25:25.331559,11.060371
2239,adasyn,0,random,0.5,0.7113235120907087,COMPLETE,2025-03-29 21:25:25.355983,2025-03-29 21:25:34.553713,9.19773
2240,adasyn,0,tomeklinks,0,-1.0,ERROR,,,0.0
2241,gaussiancopula,1,editednn,0.0625,0.7508349577159428,COMPLETE,2025-03-29 21:25:44.601631,2025-03-29 21:25:51.630144,7.028513
2242,copulagan,0.5,editednn,0.25,0.7193117069444186,COMPLETE,2025-03-29 21:25:51.653848,2025-03-29 21:25:59.070895,7.417047
2243,tvae,2,onesidedselection,auto,0.8099656204534335,COMPLETE,2025-03-29 21:25:59.095170,2025-03-29 21:26:08.255071,9.159901
2244,ctgan,1,nearmiss,0.25,0.7994233065016635,COMPLETE,2025-03-29 21:26:08.271121,2025-03-29 21:26:17.724448,9.453327
2245,copulagan,2,instancehardness,0.125,0.7109619862773654,COMPLETE,2025-03-29 21:26:17.749346,2025-03-29 21:26:29.633689,11.884343
2246,adasyn,auto,random,0.5,-1.0,COMPLETE,2025-03-29 21:26:29.649609,2025-03-29 21:26:29.757199,0.10759
2247,ctgan,auto,instancehardness,0.0625,0.7782441490453788,COMPLETE,2025-03-29 21:26:29.770307,2025-03-29 21:26:40.290683,10.520376
2248,ctgan,2,tomeklinks,0.0625,0.7417472653791874,COMPLETE,2025-03-29 21:26:40.315010,2025-03-29 21:26:48.625802,8.310792
2249,ctgan,0.25,editednn,0.125,0.7014190188143578,COMPLETE,2025-03-29 21:26:48.649733,2025-03-29 21:26:55.433435,6.783702
2250,random,auto,condensednn,0.5,0.764847388838482,COMPLETE,2025-03-29 21:26:55.457293,2025-03-29 21:27:02.769762,7.312469
2251,ctgan,0,clustercentroid,auto,0.7713935923059568,COMPLETE,2025-03-29 21:27:02.783929,2025-03-29 21:27:11.771473,8.987544
2252,tvae,1,onesidedselection,0.125,0.8099656204534335,COMPLETE,2025-03-29 21:27:11.795278,2025-03-29 21:27:20.915787,9.120509
2253,adasyn,0.25,editednn,0.125,-1.0,COMPLETE,2025-03-29 21:27:20.930230,2025-03-29 21:27:21.046583,0.116353
2254,tvae,auto,clustercentroid,auto,0.7573177473098316,COMPLETE,2025-03-29 21:27:21.061818,2025-03-29 21:27:31.105157,10.043339
2255,ctgan,1,nearmiss,auto,0.7994233065016635,COMPLETE,2025-03-29 21:27:31.120232,2025-03-29 21:27:40.629806,9.509574
2256,fastml,2,onesidedselection,0.25,0.8129974458686009,COMPLETE,2025-03-29 21:27:40.643681,2025-03-29 21:27:49.189294,8.545613
2257,gaussiancopula,1,instancehardness,0.25,0.7779200348215397,COMPLETE,2025-03-29 21:27:49.203082,2025-03-29 21:27:59.416474,10.213392
2258,copulagan,auto,condensednn,0.125,0.7106211998941325,COMPLETE,2025-03-29 21:27:59.442265,2025-03-29 21:28:07.823786,8.381521
2259,gaussiancopula,1,clustercentroid,auto,0.8130003938195579,COMPLETE,2025-03-29 21:28:07.847376,2025-03-29 21:28:19.829600,11.982224
2260,ctgan,1,clustercentroid,0.0625,0.817772055470615,COMPLETE,2025-03-29 21:28:19.852173,2025-03-29 21:28:32.177237,12.325064
2261,copulagan,auto,editednn,0,0.7694685439375929,COMPLETE,2025-03-29 21:28:32.201086,2025-03-29 21:28:41.748137,9.547051
2262,random,1,editednn,0.5,0.6829269964523792,COMPLETE,2025-03-29 21:28:41.771538,2025-03-29 21:28:48.208951,6.437413
2263,tvae,1,nearmiss,0,0.7729649486430071,COMPLETE,2025-03-29 21:28:48.233074,2025-03-29 21:28:57.938477,9.705403
2264,random,0.5,nearmiss,0.125,0.8311536381867213,COMPLETE,2025-03-29 21:28:57.962111,2025-03-29 21:29:08.261649,10.299538
2265,fastml,1,condensednn,0,0.7655436586619666,COMPLETE,2025-03-29 21:29:08.286857,2025-03-29 21:29:18.170576,9.883719
2266,gaussiancopula,2,nearmiss,0.5,0.8177270480384667,COMPLETE,2025-03-29 21:29:18.195345,2025-03-29 21:29:29.227995,11.03265
2267,tvae,0.25,condensednn,0.5,0.7537101641234796,COMPLETE,2025-03-29 21:29:29.251422,2025-03-29 21:29:37.328350,8.076928
2268,ctgan,2,onesidedselection,0.125,0.8277893045653577,COMPLETE,2025-03-29 21:29:37.351829,2025-03-29 21:29:45.999736,8.647907
2269,fastml,0.25,random,auto,0.7832957688664595,COMPLETE,2025-03-29 21:29:46.013460,2025-03-29 21:29:55.781844,9.768384
2270,fastml,1,condensednn,0.5,0.7354233403685049,COMPLETE,2025-03-29 21:29:55.805773,2025-03-29 21:30:02.966361,7.160588
2271,copulagan,auto,tomeklinks,0.5,0.7836642273347322,COMPLETE,2025-03-29 21:30:02.990442,2025-03-29 21:30:12.020651,9.030209
2272,random,0.5,editednn,0.5,0.6829269964523792,COMPLETE,2025-03-29 21:30:12.044158,2025-03-29 21:30:18.536383,6.492225
2273,gaussiancopula,0.5,tomeklinks,0.25,0.7388116091110345,COMPLETE,2025-03-29 21:30:18.559596,2025-03-29 21:30:26.762385,8.202789
2274,tvae,0.25,editednn,0.0625,0.6930653400462047,COMPLETE,2025-03-29 21:30:26.785964,2025-03-29 21:30:33.918800,7.132836
2275,gaussiancopula,0.25,editednn,0,0.8061522907211869,COMPLETE,2025-03-29 21:30:33.947575,2025-03-29 21:30:43.801450,9.853875
2276,ctgan,auto,clustercentroid,0.25,0.817772055470615,COMPLETE,2025-03-29 21:30:43.819343,2025-03-29 21:30:56.033260,12.213917
2277,copulagan,0.5,instancehardness,0.125,0.7109619862773654,COMPLETE,2025-03-29 21:30:56.056525,2025-03-29 21:31:07.906388,11.849863
2278,tvae,0,instancehardness,0.5,0.816446228697218,COMPLETE,2025-03-29 21:31:07.929657,2025-03-29 21:31:18.490729,10.561072
2279,fastml,auto,editednn,auto,0.6027242045716767,COMPLETE,2025-03-29 21:31:18.514106,2025-03-29 21:31:26.076802,7.562696
2280,adasyn,2,editednn,0.5,-1.0,COMPLETE,2025-03-29 21:31:26.091568,2025-03-29 21:31:26.198002,0.106434
2281,tvae,0,tomeklinks,auto,0.8106420236121931,COMPLETE,2025-03-29 21:31:26.220653,2025-03-29 21:31:34.074089,7.853436
2282,smote,1,onesidedselection,0,0.8031668039219165,COMPLETE,2025-03-29 21:31:34.098036,2025-03-29 21:31:43.473309,9.375273
2283,copulagan,0,random,0.0625,0.7113235120907087,COMPLETE,2025-03-29 21:31:43.487211,2025-03-29 21:31:52.729810,9.242599
2284,tvae,2,instancehardness,0.25,0.7854833841430398,COMPLETE,2025-03-29 21:31:52.754034,2025-03-29 21:32:04.394206,11.640172
2285,random,0,random,0.0625,0.7113235120907087,COMPLETE,2025-03-29 21:32:04.417299,2025-03-29 21:32:13.556142,9.138843
2286,ctgan,0.5,editednn,0.0625,0.7014190188143578,COMPLETE,2025-03-29 21:32:13.579970,2025-03-29 21:32:20.347054,6.767084
2287,smote,1,clustercentroid,0.5,0.8176119647856219,COMPLETE,2025-03-29 21:32:20.370108,2025-03-29 21:32:30.361635,9.991527
2288,random,1,nearmiss,0.0625,0.8311536381867213,COMPLETE,2025-03-29 21:32:30.385520,2025-03-29 21:32:40.373634,9.988114
2289,random,1,random,0,0.8501211295328943,COMPLETE,2025-03-29 21:32:40.397420,2025-03-29 21:32:49.859294,9.461874
2290,ctgan,auto,random,auto,0.7598153069181577,COMPLETE,2025-03-29 21:32:49.883084,2025-03-29 21:33:00.841638,10.958554
2291,gaussiancopula,0.25,condensednn,0.5,0.718110189461217,COMPLETE,2025-03-29 21:33:00.864566,2025-03-29 21:33:08.672518,7.807952
2292,adasyn,0.25,random,0.0625,-1.0,COMPLETE,2025-03-29 21:33:08.696085,2025-03-29 21:33:08.803531,0.107446
2293,random,0.5,condensednn,0,0.8501211295328943,COMPLETE,2025-03-29 21:33:08.827533,2025-03-29 21:33:18.280147,9.452614
2294,smote,1,tomeklinks,0.0625,0.8021280045174569,COMPLETE,2025-03-29 21:33:18.303750,2025-03-29 21:33:26.999408,8.695658
2295,copulagan,0.25,onesidedselection,auto,0.8118367096054723,COMPLETE,2025-03-29 21:33:27.023033,2025-03-29 21:33:36.710125,9.687092
2296,adasyn,0,onesidedselection,0.25,0.8145856661046565,COMPLETE,2025-03-29 21:33:36.725672,2025-03-29 21:33:44.762023,8.036351
2297,ctgan,0.25,clustercentroid,auto,0.817772055470615,COMPLETE,2025-03-29 21:33:44.785710,2025-03-29 21:33:57.080314,12.294604
2298,tvae,auto,instancehardness,auto,0.7854833841430398,COMPLETE,2025-03-29 21:33:57.103961,2025-03-29 21:34:08.882746,11.778785
2299,tvae,0.25,condensednn,0.25,0.7537101641234796,COMPLETE,2025-03-29 21:34:08.898031,2025-03-29 21:34:16.908046,8.010015
2300,random,0.25,instancehardness,0,0.8501211295328943,COMPLETE,2025-03-29 21:34:16.931743,2025-03-29 21:34:26.399666,9.467923
2301,smote,auto,instancehardness,0.0625,0.7420406460456523,COMPLETE,2025-03-29 21:34:26.423453,2025-03-29 21:34:36.383232,9.959779
2302,fastml,2,clustercentroid,0.125,0.8051711830799735,COMPLETE,2025-03-29 21:34:36.406573,2025-03-29 21:34:48.349326,11.942753
2303,copulagan,1,editednn,0.5,0.7193117069444186,COMPLETE,2025-03-29 21:34:48.372389,2025-03-29 21:34:55.804745,7.432356
2304,copulagan,0,editednn,0.0625,0.6570439510152107,COMPLETE,2025-03-29 21:34:55.827964,2025-03-29 21:35:02.184750,6.356786
