trial_id,oversampling_method,oversampling_threshold,undersampling_method,undersampling_threshold,value,state,start_time,complete_time,total_time
1,smote,0.25,instancehardness,0.0625,-1.0,COMPLETE,2025-04-01 01:40:49.251634,2025-04-01 01:40:49.298798,0.047164
2,adasyn,1,onesidedselection,0.5,-1.0,COMPLETE,2025-04-01 01:40:49.313804,2025-04-01 01:40:49.354241,0.040437
3,tvae,2,editednn,0.0625,-1.0,COMPLETE,2025-04-01 01:40:49.365334,2025-04-01 01:41:00.159334,10.794
4,gaussiancopula,2,clustercentroid,0.5,-1.0,COMPLETE,2025-04-01 01:41:00.180644,2025-04-01 01:41:01.005901,0.825257
5,random,0.25,nearmiss,0.25,-1.0,COMPLETE,2025-04-01 01:41:01.017760,2025-04-01 01:41:01.063280,0.04552
6,fastml,2,tomeklinks,auto,-1.0,COMPLETE,2025-04-01 01:41:01.074786,2025-04-01 01:41:01.274261,0.199475
7,smote,0,condensednn,0.0625,-1.0,COMPLETE,2025-04-01 01:41:01.287087,2025-04-01 01:41:01.327876,0.040789
8,ctgan,0,instancehardness,0,-1.0,ERROR,,,0.0
9,adasyn,0.5,nearmiss,0.25,-1.0,COMPLETE,2025-04-01 01:41:28.395140,2025-04-01 01:41:28.435471,0.040331
10,gaussiancopula,2,onesidedselection,0.25,-1.0,COMPLETE,2025-04-01 01:41:28.446827,2025-04-01 01:41:28.554928,0.108101
11,fastml,auto,nearmiss,auto,-1.0,COMPLETE,2025-04-01 01:41:28.566663,2025-04-01 01:41:28.668709,0.102046
12,random,0,random,0.125,-1.0,COMPLETE,2025-04-01 01:41:28.681007,2025-04-01 01:41:28.728160,0.047153
13,tvae,0,clustercentroid,0,-1.0,ERROR,,,0.0
14,tvae,0.5,clustercentroid,0,1.0,COMPLETE,2025-04-01 01:41:28.808145,2025-04-01 01:41:33.551156,4.743011
15,adasyn,0.25,instancehardness,0.5,-1.0,COMPLETE,2025-04-01 01:41:33.564027,2025-04-01 01:41:33.602613,0.038586
16,ctgan,0.25,clustercentroid,0.125,-1.0,COMPLETE,2025-04-01 01:41:33.613367,2025-04-01 01:41:33.914553,0.301186
17,adasyn,0.25,tomeklinks,0.25,-1.0,COMPLETE,2025-04-01 01:41:33.935763,2025-04-01 01:41:33.973718,0.037955
18,copulagan,2,nearmiss,0,1.0,COMPLETE,2025-04-01 01:41:33.984731,2025-04-01 01:41:59.756931,25.7722
19,adasyn,auto,onesidedselection,0.5,-1.0,COMPLETE,2025-04-01 01:41:59.769206,2025-04-01 01:41:59.812223,0.043017
20,random,0.5,clustercentroid,0.25,-1.0,COMPLETE,2025-04-01 01:41:59.823726,2025-04-01 01:41:59.865513,0.041787
21,ctgan,2,random,0.0625,1.0,COMPLETE,2025-04-01 01:41:59.877124,2025-04-01 01:42:03.964111,4.086987
22,adasyn,2,onesidedselection,0.125,-1.0,COMPLETE,2025-04-01 01:42:03.977952,2025-04-01 01:42:04.018075,0.040123
23,copulagan,auto,instancehardness,0,1.0,COMPLETE,2025-04-01 01:42:04.029824,2025-04-01 01:42:08.077322,4.047498
24,smote,0.5,instancehardness,0.0625,-1.0,COMPLETE,2025-04-01 01:42:08.089699,2025-04-01 01:42:08.128747,0.039048
25,random,1,editednn,0.5,-1.0,COMPLETE,2025-04-01 01:42:08.139840,2025-04-01 01:42:08.182907,0.043067
26,fastml,0.25,nearmiss,0,1.0,COMPLETE,2025-04-01 01:42:08.194186,2025-04-01 01:42:12.078417,3.884231
27,fastml,1,onesidedselection,0.5,-1.0,COMPLETE,2025-04-01 01:42:12.100469,2025-04-01 01:42:12.199604,0.099135
28,random,0.5,editednn,0.5,-1.0,COMPLETE,2025-04-01 01:42:12.211345,2025-04-01 01:42:12.254172,0.042827
29,random,0,onesidedselection,0,-1.0,ERROR,,,0.0
30,copulagan,auto,nearmiss,0.125,-1.0,COMPLETE,2025-04-01 01:42:12.321318,2025-04-01 01:42:12.524939,0.203621
31,adasyn,2,clustercentroid,0.125,-1.0,COMPLETE,2025-04-01 01:42:12.546216,2025-04-01 01:42:12.587862,0.041646
32,ctgan,0.25,instancehardness,0.125,-1.0,COMPLETE,2025-04-01 01:42:12.599811,2025-04-01 01:42:12.884927,0.285116
33,tvae,1,onesidedselection,0,1.0,COMPLETE,2025-04-01 01:42:12.905958,2025-04-01 01:42:16.846148,3.94019
34,smote,1,tomeklinks,auto,-1.0,COMPLETE,2025-04-01 01:42:16.859303,2025-04-01 01:42:16.900042,0.040739
35,fastml,0.5,condensednn,0.25,-1.0,COMPLETE,2025-04-01 01:42:16.912375,2025-04-01 01:42:17.019367,0.106992
36,ctgan,0,clustercentroid,0,-1.0,ERROR,,,0.0
37,adasyn,auto,nearmiss,0,-1.0,COMPLETE,2025-04-01 01:42:17.095420,2025-04-01 01:42:17.136642,0.041222
38,copulagan,0.5,condensednn,0,1.0,COMPLETE,2025-04-01 01:42:17.147931,2025-04-01 01:42:21.188762,4.040831
39,ctgan,0.25,nearmiss,0.5,-1.0,COMPLETE,2025-04-01 01:42:21.201342,2025-04-01 01:42:21.497349,0.296007
40,random,2,clustercentroid,0,-1.0,COMPLETE,2025-04-01 01:42:21.518928,2025-04-01 01:42:21.566378,0.04745
41,ctgan,0,nearmiss,auto,-1.0,COMPLETE,2025-04-01 01:42:21.579131,2025-04-01 01:42:21.633406,0.054275
42,smote,2,instancehardness,auto,-1.0,COMPLETE,2025-04-01 01:42:21.645476,2025-04-01 01:42:21.684666,0.03919
43,ctgan,0.25,editednn,0.0625,-1.0,COMPLETE,2025-04-01 01:42:21.695912,2025-04-01 01:42:21.971814,0.275902
44,adasyn,0.5,onesidedselection,auto,-1.0,COMPLETE,2025-04-01 01:42:21.993259,2025-04-01 01:42:22.032406,0.039147
45,copulagan,0.25,instancehardness,0.25,-1.0,COMPLETE,2025-04-01 01:42:22.043512,2025-04-01 01:42:22.251429,0.207917
46,adasyn,0.25,editednn,0.25,-1.0,COMPLETE,2025-04-01 01:42:22.272443,2025-04-01 01:42:22.313879,0.041436
47,fastml,auto,condensednn,0,1.0,COMPLETE,2025-04-01 01:42:22.324977,2025-04-01 01:42:26.282694,3.957717
48,smote,2,clustercentroid,0.0625,-1.0,COMPLETE,2025-04-01 01:42:26.300125,2025-04-01 01:42:26.356927,0.056802
49,tvae,1,nearmiss,0,1.0,COMPLETE,2025-04-01 01:42:26.368794,2025-04-01 01:42:30.326646,3.957852
50,random,0.5,tomeklinks,0.5,-1.0,COMPLETE,2025-04-01 01:42:30.341025,2025-04-01 01:42:30.394212,0.053187
51,copulagan,2,clustercentroid,0.125,-1.0,COMPLETE,2025-04-01 01:42:30.411135,2025-04-01 01:42:30.626388,0.215253
52,ctgan,auto,editednn,auto,-1.0,COMPLETE,2025-04-01 01:42:30.638211,2025-04-01 01:42:30.939573,0.301362
53,copulagan,0.5,condensednn,0.5,-1.0,COMPLETE,2025-04-01 01:42:30.954386,2025-04-01 01:42:31.183802,0.229416
54,tvae,0.25,condensednn,0.125,-1.0,COMPLETE,2025-04-01 01:42:31.198860,2025-04-01 01:42:31.381795,0.182935
55,ctgan,0.5,nearmiss,0.5,-1.0,COMPLETE,2025-04-01 01:42:31.398306,2025-04-01 01:42:31.700287,0.301981
56,ctgan,0.25,instancehardness,0.25,-1.0,COMPLETE,2025-04-01 01:42:31.713768,2025-04-01 01:42:32.017608,0.30384
57,ctgan,auto,random,0.125,1.0,COMPLETE,2025-04-01 01:42:32.030883,2025-04-01 01:42:36.030218,3.999335
58,fastml,0,instancehardness,0.25,-1.0,COMPLETE,2025-04-01 01:42:36.046978,2025-04-01 01:42:36.110074,0.063096
59,gaussiancopula,0.25,nearmiss,0.0625,-1.0,COMPLETE,2025-04-01 01:42:36.124112,2025-04-01 01:42:36.236466,0.112354
60,copulagan,auto,editednn,0.25,-1.0,COMPLETE,2025-04-01 01:42:36.251923,2025-04-01 01:42:36.468945,0.217022
61,adasyn,1,condensednn,0.0625,-1.0,COMPLETE,2025-04-01 01:42:36.484011,2025-04-01 01:42:36.530655,0.046644
62,fastml,2,editednn,auto,-1.0,COMPLETE,2025-04-01 01:42:36.542580,2025-04-01 01:42:36.643344,0.100764
63,adasyn,0,onesidedselection,0.0625,-1.0,COMPLETE,2025-04-01 01:42:36.656412,2025-04-01 01:42:36.699629,0.043217
64,random,0.25,random,0.5,-1.0,COMPLETE,2025-04-01 01:42:36.712466,2025-04-01 01:42:36.764421,0.051955
65,copulagan,auto,instancehardness,0.0625,-1.0,COMPLETE,2025-04-01 01:42:36.776641,2025-04-01 01:42:36.982648,0.206007
66,adasyn,0.5,random,0.125,-1.0,COMPLETE,2025-04-01 01:42:36.994418,2025-04-01 01:42:37.038045,0.043627
67,random,0,editednn,0.5,-1.0,COMPLETE,2025-04-01 01:42:37.049849,2025-04-01 01:42:37.093096,0.043247
68,random,2,editednn,0.5,-1.0,COMPLETE,2025-04-01 01:42:37.105063,2025-04-01 01:42:37.150820,0.045757
69,tvae,auto,onesidedselection,auto,-1.0,COMPLETE,2025-04-01 01:42:37.162451,2025-04-01 01:42:37.333853,0.171402
70,random,2,clustercentroid,0.125,-1.0,COMPLETE,2025-04-01 01:42:37.347196,2025-04-01 01:42:37.410815,0.063619
71,copulagan,0,editednn,0.5,-1.0,COMPLETE,2025-04-01 01:42:37.426886,2025-04-01 01:42:37.505257,0.078371
72,random,2,nearmiss,0.125,-1.0,COMPLETE,2025-04-01 01:42:37.519174,2025-04-01 01:42:37.590575,0.071401
73,tvae,2,nearmiss,0.5,-1.0,COMPLETE,2025-04-01 01:42:37.606507,2025-04-01 01:42:37.798647,0.19214
74,smote,2,editednn,auto,-1.0,COMPLETE,2025-04-01 01:42:37.812547,2025-04-01 01:42:37.874291,0.061744
75,copulagan,2,random,0.0625,1.0,COMPLETE,2025-04-01 01:42:37.889956,2025-04-01 01:42:41.875454,3.985498
76,copulagan,auto,condensednn,0.0625,-1.0,COMPLETE,2025-04-01 01:42:41.891786,2025-04-01 01:42:42.108177,0.216391
77,tvae,2,nearmiss,0,1.0,COMPLETE,2025-04-01 01:42:42.121288,2025-04-01 01:42:46.068027,3.946739
78,copulagan,2,editednn,0,1.0,COMPLETE,2025-04-01 01:42:46.082886,2025-04-01 01:42:50.082251,3.999365
79,copulagan,0,onesidedselection,0.125,-1.0,COMPLETE,2025-04-01 01:42:50.104219,2025-04-01 01:42:50.249463,0.145244
80,copulagan,1,clustercentroid,0.125,-1.0,COMPLETE,2025-04-01 01:42:50.271460,2025-04-01 01:42:50.567137,0.295677
81,fastml,auto,onesidedselection,0.125,-1.0,COMPLETE,2025-04-01 01:42:50.596682,2025-04-01 01:42:50.779696,0.183014
82,random,1,nearmiss,0.125,-1.0,COMPLETE,2025-04-01 01:42:50.809651,2025-04-01 01:42:50.942333,0.132682
83,smote,0.5,clustercentroid,auto,-1.0,COMPLETE,2025-04-01 01:42:50.995986,2025-04-01 01:42:51.050813,0.054827
84,smote,1,random,0.0625,-1.0,COMPLETE,2025-04-01 01:42:51.063288,2025-04-01 01:42:51.106241,0.042953
85,tvae,0,nearmiss,0.25,-1.0,COMPLETE,2025-04-01 01:42:51.117845,2025-04-01 01:42:51.172392,0.054547
86,smote,2,clustercentroid,auto,-1.0,COMPLETE,2025-04-01 01:42:51.184876,2025-04-01 01:42:51.229083,0.044207
87,smote,0,editednn,0.0625,-1.0,COMPLETE,2025-04-01 01:42:51.240771,2025-04-01 01:42:51.286719,0.045948
88,gaussiancopula,1,random,0,1.0,COMPLETE,2025-04-01 01:42:51.298989,2025-04-01 01:42:55.187784,3.888795
89,copulagan,0,instancehardness,0.0625,-1.0,COMPLETE,2025-04-01 01:42:55.200259,2025-04-01 01:42:55.255391,0.055132
90,ctgan,2,condensednn,0.125,-1.0,COMPLETE,2025-04-01 01:42:55.267259,2025-04-01 01:42:55.548093,0.280834
91,random,0.5,clustercentroid,0.0625,-1.0,COMPLETE,2025-04-01 01:42:55.570356,2025-04-01 01:42:55.620905,0.050549
92,smote,0.5,condensednn,auto,-1.0,COMPLETE,2025-04-01 01:42:55.632968,2025-04-01 01:42:55.675726,0.042758
93,tvae,1,onesidedselection,auto,-1.0,COMPLETE,2025-04-01 01:42:55.688019,2025-04-01 01:42:55.858909,0.17089
94,adasyn,0.25,condensednn,0,-1.0,COMPLETE,2025-04-01 01:42:55.880677,2025-04-01 01:42:55.923925,0.043248
95,adasyn,0.5,condensednn,0.5,-1.0,COMPLETE,2025-04-01 01:42:55.936189,2025-04-01 01:42:55.979455,0.043266
96,copulagan,1,nearmiss,0.25,-1.0,COMPLETE,2025-04-01 01:42:55.990859,2025-04-01 01:42:56.195325,0.204466
97,smote,0,clustercentroid,0,-1.0,ERROR,,,0.0
98,smote,0,tomeklinks,0,-1.0,ERROR,,,0.0
99,copulagan,0,clustercentroid,0.125,-1.0,COMPLETE,2025-04-01 01:42:56.330133,2025-04-01 01:42:56.386479,0.056346
100,ctgan,1,tomeklinks,0.125,-1.0,COMPLETE,2025-04-01 01:42:56.399476,2025-04-01 01:42:56.689651,0.290175
101,fastml,1,condensednn,auto,-1.0,COMPLETE,2025-04-01 01:42:56.710977,2025-04-01 01:42:56.814961,0.103984
102,adasyn,0.5,random,auto,-1.0,COMPLETE,2025-04-01 01:42:56.826166,2025-04-01 01:42:56.865976,0.03981
103,smote,2,editednn,0.25,-1.0,COMPLETE,2025-04-01 01:42:56.876919,2025-04-01 01:42:56.918781,0.041862
104,ctgan,0,tomeklinks,auto,-1.0,COMPLETE,2025-04-01 01:42:56.929787,2025-04-01 01:42:56.982201,0.052414
105,smote,2,instancehardness,0.25,-1.0,COMPLETE,2025-04-01 01:42:56.993850,2025-04-01 01:42:57.036182,0.042332
106,smote,auto,condensednn,0.0625,-1.0,COMPLETE,2025-04-01 01:42:57.048470,2025-04-01 01:42:57.089897,0.041427
107,fastml,auto,editednn,0.125,-1.0,COMPLETE,2025-04-01 01:42:57.101717,2025-04-01 01:42:57.201417,0.0997
108,tvae,0.25,editednn,0.25,-1.0,COMPLETE,2025-04-01 01:42:57.213433,2025-04-01 01:42:57.379818,0.166385
109,adasyn,0.25,editednn,0.125,-1.0,COMPLETE,2025-04-01 01:42:57.400656,2025-04-01 01:42:57.444303,0.043647
110,copulagan,1,tomeklinks,0.25,-1.0,COMPLETE,2025-04-01 01:42:57.455142,2025-04-01 01:42:57.657136,0.201994
111,random,0.25,clustercentroid,0,-1.0,COMPLETE,2025-04-01 01:42:57.679481,2025-04-01 01:42:57.728647,0.049166
112,random,2,clustercentroid,0.0625,-1.0,COMPLETE,2025-04-01 01:42:57.740318,2025-04-01 01:42:57.785296,0.044978
113,tvae,0.25,condensednn,auto,-1.0,COMPLETE,2025-04-01 01:42:57.796318,2025-04-01 01:42:57.975128,0.17881
114,random,auto,editednn,0.25,-1.0,COMPLETE,2025-04-01 01:42:57.997071,2025-04-01 01:42:58.041509,0.044438
115,ctgan,1,editednn,0.125,-1.0,COMPLETE,2025-04-01 01:42:58.053003,2025-04-01 01:42:58.333800,0.280797
116,smote,0.25,onesidedselection,0,-1.0,COMPLETE,2025-04-01 01:42:58.355250,2025-04-01 01:42:58.398771,0.043521
117,ctgan,1,condensednn,0.5,-1.0,COMPLETE,2025-04-01 01:42:58.411175,2025-04-01 01:42:58.697844,0.286669
118,adasyn,auto,onesidedselection,0.125,-1.0,COMPLETE,2025-04-01 01:42:58.719214,2025-04-01 01:42:58.761159,0.041945
119,random,0.5,tomeklinks,0.25,-1.0,COMPLETE,2025-04-01 01:42:58.772009,2025-04-01 01:42:58.815242,0.043233
120,tvae,0.5,condensednn,0.125,-1.0,COMPLETE,2025-04-01 01:42:58.826265,2025-04-01 01:42:58.996219,0.169954
121,gaussiancopula,0.25,nearmiss,0,1.0,COMPLETE,2025-04-01 01:42:59.017717,2025-04-01 01:43:02.951061,3.933344
122,adasyn,0.5,tomeklinks,0.125,-1.0,COMPLETE,2025-04-01 01:43:02.963855,2025-04-01 01:43:03.005197,0.041342
123,tvae,0.25,clustercentroid,0.125,-1.0,COMPLETE,2025-04-01 01:43:03.016245,2025-04-01 01:43:03.191385,0.17514
124,adasyn,1,onesidedselection,0,-1.0,COMPLETE,2025-04-01 01:43:03.213301,2025-04-01 01:43:03.254444,0.041143
125,ctgan,0,editednn,0.5,-1.0,COMPLETE,2025-04-01 01:43:03.265576,2025-04-01 01:43:03.316258,0.050682
126,fastml,0.5,editednn,0.25,-1.0,COMPLETE,2025-04-01 01:43:03.327515,2025-04-01 01:43:03.436200,0.108685
127,smote,1,nearmiss,auto,-1.0,COMPLETE,2025-04-01 01:43:03.448451,2025-04-01 01:43:03.494354,0.045903
128,smote,1,condensednn,0.0625,-1.0,COMPLETE,2025-04-01 01:43:03.506159,2025-04-01 01:43:03.547283,0.041124
129,ctgan,0.25,nearmiss,0.125,-1.0,COMPLETE,2025-04-01 01:43:03.558190,2025-04-01 01:43:03.842629,0.284439
130,fastml,0,tomeklinks,auto,-1.0,COMPLETE,2025-04-01 01:43:03.863984,2025-04-01 01:43:03.911857,0.047873
131,copulagan,0,nearmiss,0.125,-1.0,COMPLETE,2025-04-01 01:43:03.924231,2025-04-01 01:43:03.978797,0.054566
132,random,0.5,onesidedselection,0.5,-1.0,COMPLETE,2025-04-01 01:43:03.989787,2025-04-01 01:43:04.034180,0.044393
133,fastml,0.5,nearmiss,0.5,-1.0,COMPLETE,2025-04-01 01:43:04.045090,2025-04-01 01:43:04.147117,0.102027
134,fastml,0.25,tomeklinks,0.25,-1.0,COMPLETE,2025-04-01 01:43:04.158785,2025-04-01 01:43:04.259605,0.10082
135,gaussiancopula,0,tomeklinks,0.0625,-1.0,COMPLETE,2025-04-01 01:43:04.271091,2025-04-01 01:43:04.317730,0.046639
136,fastml,0.5,instancehardness,0,1.0,COMPLETE,2025-04-01 01:43:04.328621,2025-04-01 01:43:08.220666,3.892045
137,tvae,auto,nearmiss,0.125,-1.0,COMPLETE,2025-04-01 01:43:08.242707,2025-04-01 01:43:08.417511,0.174804
138,gaussiancopula,auto,clustercentroid,auto,-1.0,COMPLETE,2025-04-01 01:43:08.439653,2025-04-01 01:43:08.543760,0.104107
139,random,0.5,condensednn,auto,-1.0,COMPLETE,2025-04-01 01:43:08.556558,2025-04-01 01:43:08.604699,0.048141
140,gaussiancopula,0.5,clustercentroid,0.25,-1.0,COMPLETE,2025-04-01 01:43:08.616042,2025-04-01 01:43:08.720467,0.104425
141,random,0.25,editednn,0.5,-1.0,COMPLETE,2025-04-01 01:43:08.732985,2025-04-01 01:43:08.779235,0.04625
142,fastml,2,tomeklinks,0.25,-1.0,COMPLETE,2025-04-01 01:43:08.791688,2025-04-01 01:43:08.891258,0.09957
143,gaussiancopula,auto,nearmiss,0,1.0,COMPLETE,2025-04-01 01:43:08.902602,2025-04-01 01:43:12.818639,3.916037
144,smote,auto,editednn,0.125,-1.0,COMPLETE,2025-04-01 01:43:12.835898,2025-04-01 01:43:12.878252,0.042354
145,adasyn,auto,editednn,0.0625,-1.0,COMPLETE,2025-04-01 01:43:12.890203,2025-04-01 01:43:12.934665,0.044462
146,tvae,1,onesidedselection,0.125,-1.0,COMPLETE,2025-04-01 01:43:12.946372,2025-04-01 01:43:13.113867,0.167495
147,smote,auto,clustercentroid,0,-1.0,COMPLETE,2025-04-01 01:43:13.135164,2025-04-01 01:43:13.177287,0.042123
148,tvae,2,random,0.0625,1.0,COMPLETE,2025-04-01 01:43:13.188275,2025-04-01 01:43:17.156948,3.968673
149,fastml,0.5,condensednn,auto,-1.0,COMPLETE,2025-04-01 01:43:17.180670,2025-04-01 01:43:17.280185,0.099515
150,fastml,0.5,nearmiss,0.25,-1.0,COMPLETE,2025-04-01 01:43:17.291559,2025-04-01 01:43:17.392011,0.100452
151,random,0.5,editednn,auto,-1.0,COMPLETE,2025-04-01 01:43:17.403461,2025-04-01 01:43:17.450428,0.046967
152,tvae,0.5,condensednn,0.5,-1.0,COMPLETE,2025-04-01 01:43:17.461722,2025-04-01 01:43:17.628034,0.166312
153,fastml,auto,editednn,0.25,-1.0,COMPLETE,2025-04-01 01:43:17.649700,2025-04-01 01:43:17.753277,0.103577
154,ctgan,2,editednn,0.5,-1.0,COMPLETE,2025-04-01 01:43:17.764692,2025-04-01 01:43:18.062393,0.297701
155,copulagan,2,onesidedselection,auto,-1.0,COMPLETE,2025-04-01 01:43:18.083575,2025-04-01 01:43:18.298794,0.215219
156,copulagan,2,instancehardness,0.125,-1.0,COMPLETE,2025-04-01 01:43:18.310807,2025-04-01 01:43:18.529216,0.218409
157,adasyn,0.25,tomeklinks,auto,-1.0,COMPLETE,2025-04-01 01:43:18.550472,2025-04-01 01:43:18.594567,0.044095
158,ctgan,0.5,editednn,0.125,-1.0,COMPLETE,2025-04-01 01:43:18.605547,2025-04-01 01:43:18.880829,0.275282
159,smote,0.5,random,0.125,-1.0,COMPLETE,2025-04-01 01:43:18.902655,2025-04-01 01:43:18.945669,0.043014
160,random,auto,clustercentroid,0.125,-1.0,COMPLETE,2025-04-01 01:43:18.956606,2025-04-01 01:43:19.002336,0.04573
161,tvae,0,instancehardness,0.0625,-1.0,COMPLETE,2025-04-01 01:43:19.014254,2025-04-01 01:43:19.068074,0.05382
162,tvae,2,clustercentroid,0.125,-1.0,COMPLETE,2025-04-01 01:43:19.079752,2025-04-01 01:43:19.255791,0.176039
163,tvae,2,tomeklinks,0.5,-1.0,COMPLETE,2025-04-01 01:43:19.277780,2025-04-01 01:43:19.452380,0.1746
164,gaussiancopula,2,condensednn,0.0625,-1.0,COMPLETE,2025-04-01 01:43:19.473643,2025-04-01 01:43:19.578198,0.104555
165,fastml,auto,tomeklinks,0.125,-1.0,COMPLETE,2025-04-01 01:43:19.589308,2025-04-01 01:43:19.687638,0.09833
166,copulagan,0.25,editednn,0.0625,-1.0,COMPLETE,2025-04-01 01:43:19.699041,2025-04-01 01:43:19.895847,0.196806
167,ctgan,1,nearmiss,0.5,-1.0,COMPLETE,2025-04-01 01:43:19.917525,2025-04-01 01:43:20.221521,0.303996
168,copulagan,1,condensednn,0,1.0,COMPLETE,2025-04-01 01:43:20.242528,2025-04-01 01:43:24.428285,4.185757
169,tvae,2,nearmiss,auto,-1.0,COMPLETE,2025-04-01 01:43:24.442759,2025-04-01 01:43:24.623849,0.18109
170,random,0,editednn,0.25,-1.0,COMPLETE,2025-04-01 01:43:24.646433,2025-04-01 01:43:24.692077,0.045644
171,gaussiancopula,0.5,condensednn,0.25,-1.0,COMPLETE,2025-04-01 01:43:24.703919,2025-04-01 01:43:24.806099,0.10218
172,random,0,nearmiss,0,-1.0,ERROR,,,0.0
173,tvae,auto,tomeklinks,0.5,-1.0,COMPLETE,2025-04-01 01:43:24.881322,2025-04-01 01:43:25.061873,0.180551
174,fastml,1,clustercentroid,0,1.0,COMPLETE,2025-04-01 01:43:25.074041,2025-04-01 01:43:29.143977,4.069936
175,fastml,2,onesidedselection,0,1.0,COMPLETE,2025-04-01 01:43:29.158092,2025-04-01 01:43:33.399438,4.241346
176,random,0.25,random,0.0625,-1.0,COMPLETE,2025-04-01 01:43:33.423508,2025-04-01 01:43:33.483290,0.059782
177,fastml,auto,random,0.0625,1.0,COMPLETE,2025-04-01 01:43:33.496040,2025-04-01 01:43:37.421664,3.925624
178,fastml,0,tomeklinks,0.25,-1.0,COMPLETE,2025-04-01 01:43:37.445613,2025-04-01 01:43:37.497531,0.051918
179,gaussiancopula,0.5,onesidedselection,0,1.0,COMPLETE,2025-04-01 01:43:37.509052,2025-04-01 01:43:41.488721,3.979669
180,ctgan,2,instancehardness,0,1.0,COMPLETE,2025-04-01 01:43:41.501732,2025-04-01 01:43:45.661109,4.159377
181,ctgan,2,editednn,auto,-1.0,COMPLETE,2025-04-01 01:43:45.674124,2025-04-01 01:43:45.986981,0.312857
182,smote,0,clustercentroid,0.125,-1.0,COMPLETE,2025-04-01 01:43:46.011177,2025-04-01 01:43:46.062573,0.051396
183,smote,0,tomeklinks,0.25,-1.0,COMPLETE,2025-04-01 01:43:46.075714,2025-04-01 01:43:46.126354,0.05064
184,ctgan,0.25,editednn,0,0.9411764705882353,COMPLETE,2025-04-01 01:43:46.139271,2025-04-01 01:43:50.236082,4.096811
185,adasyn,0.5,clustercentroid,0,-1.0,COMPLETE,2025-04-01 01:43:50.249147,2025-04-01 01:43:50.295426,0.046279
186,tvae,1,instancehardness,0,1.0,COMPLETE,2025-04-01 01:43:50.307294,2025-04-01 01:43:54.208820,3.901526
187,smote,0,clustercentroid,auto,-1.0,COMPLETE,2025-04-01 01:43:54.221570,2025-04-01 01:43:54.266046,0.044476
188,adasyn,0.25,condensednn,0.125,-1.0,COMPLETE,2025-04-01 01:43:54.277966,2025-04-01 01:43:54.321285,0.043319
189,ctgan,0,editednn,0.125,-1.0,COMPLETE,2025-04-01 01:43:54.332463,2025-04-01 01:43:54.385191,0.052728
190,adasyn,auto,random,0.0625,-1.0,COMPLETE,2025-04-01 01:43:54.396993,2025-04-01 01:43:54.442253,0.04526
191,tvae,0.25,condensednn,0.0625,-1.0,COMPLETE,2025-04-01 01:43:54.454176,2025-04-01 01:43:54.630553,0.176377
192,adasyn,0.25,nearmiss,0.5,-1.0,COMPLETE,2025-04-01 01:43:54.652292,2025-04-01 01:43:54.697078,0.044786
193,ctgan,0.5,clustercentroid,0.0625,-1.0,COMPLETE,2025-04-01 01:43:54.709260,2025-04-01 01:43:55.017315,0.308055
194,random,2,condensednn,0.25,-1.0,COMPLETE,2025-04-01 01:43:55.030307,2025-04-01 01:43:55.080321,0.050014
195,ctgan,auto,onesidedselection,0,1.0,COMPLETE,2025-04-01 01:43:55.092257,2025-04-01 01:43:59.206339,4.114082
196,smote,0.5,tomeklinks,0,-1.0,COMPLETE,2025-04-01 01:43:59.218924,2025-04-01 01:43:59.264459,0.045535
197,copulagan,1,clustercentroid,0.5,-1.0,COMPLETE,2025-04-01 01:43:59.277471,2025-04-01 01:43:59.490079,0.212608
198,random,0.25,condensednn,auto,-1.0,COMPLETE,2025-04-01 01:43:59.511610,2025-04-01 01:43:59.561426,0.049816
199,copulagan,1,condensednn,0.125,-1.0,COMPLETE,2025-04-01 01:43:59.573148,2025-04-01 01:43:59.802793,0.229645
200,copulagan,2,condensednn,auto,-1.0,COMPLETE,2025-04-01 01:43:59.825722,2025-04-01 01:44:00.037358,0.211636
201,smote,1,editednn,0,-1.0,COMPLETE,2025-04-01 01:44:00.053219,2025-04-01 01:44:00.100802,0.047583
202,ctgan,0.25,instancehardness,0.5,-1.0,COMPLETE,2025-04-01 01:44:00.112665,2025-04-01 01:44:00.408326,0.295661
203,fastml,0.25,random,auto,1.0,COMPLETE,2025-04-01 01:44:00.430991,2025-04-01 01:44:04.464374,4.033383
204,gaussiancopula,1,random,0.5,1.0,COMPLETE,2025-04-01 01:44:04.477478,2025-04-01 01:44:08.353248,3.87577
205,fastml,1,tomeklinks,auto,-1.0,COMPLETE,2025-04-01 01:44:08.380021,2025-04-01 01:44:08.486358,0.106337
206,fastml,0.5,random,0.0625,1.0,COMPLETE,2025-04-01 01:44:08.497816,2025-04-01 01:44:12.417112,3.919296
207,tvae,0.5,instancehardness,0.25,-1.0,COMPLETE,2025-04-01 01:44:12.439178,2025-04-01 01:44:12.609200,0.170022
208,gaussiancopula,auto,condensednn,0.0625,-1.0,COMPLETE,2025-04-01 01:44:12.631107,2025-04-01 01:44:12.733044,0.101937
209,smote,2,tomeklinks,0,-1.0,COMPLETE,2025-04-01 01:44:12.744273,2025-04-01 01:44:12.789000,0.044727
210,tvae,0.5,condensednn,0,1.0,COMPLETE,2025-04-01 01:44:12.800144,2025-04-01 01:44:16.798622,3.998478
211,random,0.5,nearmiss,0.25,-1.0,COMPLETE,2025-04-01 01:44:16.811387,2025-04-01 01:44:16.861264,0.049877
212,copulagan,0,tomeklinks,0.5,-1.0,COMPLETE,2025-04-01 01:44:16.872961,2025-04-01 01:44:16.931185,0.058224
213,fastml,2,random,0,1.0,COMPLETE,2025-04-01 01:44:16.943533,2025-04-01 01:44:20.896179,3.952646
214,smote,auto,tomeklinks,0.25,-1.0,COMPLETE,2025-04-01 01:44:20.918372,2025-04-01 01:44:20.963325,0.044953
215,copulagan,0,clustercentroid,auto,-1.0,COMPLETE,2025-04-01 01:44:20.974317,2025-04-01 01:44:21.029990,0.055673
216,tvae,0.5,random,0,1.0,COMPLETE,2025-04-01 01:44:21.041287,2025-04-01 01:44:24.980647,3.93936
217,fastml,0.5,clustercentroid,0.25,-1.0,COMPLETE,2025-04-01 01:44:24.993090,2025-04-01 01:44:25.100906,0.107816
218,fastml,1,editednn,auto,-1.0,COMPLETE,2025-04-01 01:44:25.112749,2025-04-01 01:44:25.220323,0.107574
219,tvae,1,nearmiss,0.25,-1.0,COMPLETE,2025-04-01 01:44:25.232448,2025-04-01 01:44:25.414282,0.181834
220,copulagan,1,editednn,0.0625,-1.0,COMPLETE,2025-04-01 01:44:25.436393,2025-04-01 01:44:25.636800,0.200407
221,random,0.5,clustercentroid,0.5,-1.0,COMPLETE,2025-04-01 01:44:25.658299,2025-04-01 01:44:25.708863,0.050564
222,random,2,random,0.125,-1.0,COMPLETE,2025-04-01 01:44:25.720459,2025-04-01 01:44:25.776091,0.055632
223,gaussiancopula,0.25,instancehardness,0.5,-1.0,COMPLETE,2025-04-01 01:44:25.788223,2025-04-01 01:44:25.895649,0.107426
224,gaussiancopula,0,clustercentroid,0.25,-1.0,COMPLETE,2025-04-01 01:44:25.907680,2025-04-01 01:44:25.960859,0.053179
225,copulagan,auto,instancehardness,0.125,-1.0,COMPLETE,2025-04-01 01:44:25.973025,2025-04-01 01:44:26.174653,0.201628
226,random,0.25,instancehardness,0.5,-1.0,COMPLETE,2025-04-01 01:44:26.195883,2025-04-01 01:44:26.245950,0.050067
227,smote,0,random,auto,-1.0,COMPLETE,2025-04-01 01:44:26.258160,2025-04-01 01:44:26.309329,0.051169
228,gaussiancopula,0,editednn,0.0625,-1.0,COMPLETE,2025-04-01 01:44:26.320903,2025-04-01 01:44:26.371427,0.050524
229,adasyn,2,editednn,auto,-1.0,COMPLETE,2025-04-01 01:44:26.382893,2025-04-01 01:44:26.430210,0.047317
230,tvae,0.5,tomeklinks,0.0625,-1.0,COMPLETE,2025-04-01 01:44:26.441477,2025-04-01 01:44:26.614327,0.17285
231,adasyn,auto,editednn,auto,-1.0,COMPLETE,2025-04-01 01:44:26.636111,2025-04-01 01:44:26.683283,0.047172
232,smote,0.5,editednn,0.5,-1.0,COMPLETE,2025-04-01 01:44:26.695279,2025-04-01 01:44:26.739844,0.044565
233,gaussiancopula,0.5,random,auto,1.0,COMPLETE,2025-04-01 01:44:26.751029,2025-04-01 01:44:30.627406,3.876377
234,adasyn,0.5,instancehardness,0.25,-1.0,COMPLETE,2025-04-01 01:44:30.644357,2025-04-01 01:44:30.690145,0.045788
235,smote,0,random,0,-1.0,ERROR,,,0.0
236,smote,1,clustercentroid,0.5,-1.0,COMPLETE,2025-04-01 01:44:30.763477,2025-04-01 01:44:30.809207,0.04573
237,random,2,random,0.0625,-1.0,COMPLETE,2025-04-01 01:44:30.820511,2025-04-01 01:44:30.873788,0.053277
238,tvae,1,onesidedselection,0.5,-1.0,COMPLETE,2025-04-01 01:44:30.885318,2025-04-01 01:44:31.054941,0.169623
239,fastml,2,condensednn,0.0625,-1.0,COMPLETE,2025-04-01 01:44:31.076467,2025-04-01 01:44:31.179861,0.103394
240,adasyn,0,onesidedselection,0,-1.0,ERROR,,,0.0
241,copulagan,2,condensednn,0.0625,-1.0,COMPLETE,2025-04-01 01:44:31.254704,2025-04-01 01:44:31.460508,0.205804
242,tvae,auto,tomeklinks,auto,-1.0,COMPLETE,2025-04-01 01:44:31.483038,2025-04-01 01:44:31.657591,0.174553
243,tvae,auto,condensednn,0.125,-1.0,COMPLETE,2025-04-01 01:44:31.678788,2025-04-01 01:44:31.848333,0.169545
244,ctgan,1,instancehardness,0,1.0,COMPLETE,2025-04-01 01:44:31.860298,2025-04-01 01:44:35.941804,4.081506
245,tvae,0,onesidedselection,auto,-1.0,COMPLETE,2025-04-01 01:44:35.954898,2025-04-01 01:44:36.015465,0.060567
246,smote,0,onesidedselection,0.25,-1.0,COMPLETE,2025-04-01 01:44:36.027695,2025-04-01 01:44:36.074482,0.046787
247,tvae,0.5,random,0.125,1.0,COMPLETE,2025-04-01 01:44:36.086472,2025-04-01 01:44:40.064971,3.978499
248,tvae,2,editednn,0.5,-1.0,COMPLETE,2025-04-01 01:44:40.087862,2025-04-01 01:44:40.259712,0.17185
249,gaussiancopula,0.5,nearmiss,0.0625,-1.0,COMPLETE,2025-04-01 01:44:40.279551,2025-04-01 01:44:40.383144,0.103593
250,smote,auto,tomeklinks,0,-1.0,COMPLETE,2025-04-01 01:44:40.394930,2025-04-01 01:44:40.440572,0.045642
251,gaussiancopula,0.25,onesidedselection,0,1.0,COMPLETE,2025-04-01 01:44:40.451680,2025-04-01 01:44:44.337441,3.885761
252,fastml,0,nearmiss,0.25,-1.0,COMPLETE,2025-04-01 01:44:44.354834,2025-04-01 01:44:44.409328,0.054494
253,gaussiancopula,1,condensednn,0,1.0,COMPLETE,2025-04-01 01:44:44.421922,2025-04-01 01:44:48.344295,3.922373
254,adasyn,0.25,nearmiss,0.125,-1.0,COMPLETE,2025-04-01 01:44:48.356634,2025-04-01 01:44:48.402308,0.045674
255,ctgan,1,onesidedselection,0.5,-1.0,COMPLETE,2025-04-01 01:44:48.414137,2025-04-01 01:44:48.708044,0.293907
256,fastml,1,onesidedselection,0.125,-1.0,COMPLETE,2025-04-01 01:44:48.730753,2025-04-01 01:44:48.841608,0.110855
257,adasyn,0.5,condensednn,0.25,-1.0,COMPLETE,2025-04-01 01:44:48.853905,2025-04-01 01:44:48.901354,0.047449
258,fastml,2,editednn,0.5,-1.0,COMPLETE,2025-04-01 01:44:48.913536,2025-04-01 01:44:49.024907,0.111371
259,copulagan,auto,editednn,0,1.0,COMPLETE,2025-04-01 01:44:49.036868,2025-04-01 01:44:53.070341,4.033473
260,tvae,2,tomeklinks,0.25,-1.0,COMPLETE,2025-04-01 01:44:53.082848,2025-04-01 01:44:53.262928,0.18008
261,tvae,1,instancehardness,auto,-1.0,COMPLETE,2025-04-01 01:44:53.284843,2025-04-01 01:44:53.460227,0.175384
262,smote,0.25,clustercentroid,0,-1.0,COMPLETE,2025-04-01 01:44:53.482051,2025-04-01 01:44:53.528340,0.046289
263,smote,2,clustercentroid,0.25,-1.0,COMPLETE,2025-04-01 01:44:53.539648,2025-04-01 01:44:53.584668,0.04502
264,gaussiancopula,0.25,tomeklinks,0,1.0,COMPLETE,2025-04-01 01:44:53.596401,2025-04-01 01:44:57.459241,3.86284
265,tvae,0.25,nearmiss,0.125,-1.0,COMPLETE,2025-04-01 01:44:57.476611,2025-04-01 01:44:57.652321,0.17571
266,random,0,condensednn,0.125,-1.0,COMPLETE,2025-04-01 01:44:57.673882,2025-04-01 01:44:57.719887,0.046005
267,adasyn,0.5,instancehardness,0.125,-1.0,COMPLETE,2025-04-01 01:44:57.731330,2025-04-01 01:44:57.776704,0.045374
268,ctgan,auto,instancehardness,auto,-1.0,COMPLETE,2025-04-01 01:44:57.787872,2025-04-01 01:44:58.091208,0.303336
269,gaussiancopula,2,tomeklinks,0.25,-1.0,COMPLETE,2025-04-01 01:44:58.113891,2025-04-01 01:44:58.231571,0.11768
270,ctgan,1,instancehardness,0.5,-1.0,COMPLETE,2025-04-01 01:44:58.243485,2025-04-01 01:44:58.521095,0.27761
271,adasyn,0,random,0.5,-1.0,COMPLETE,2025-04-01 01:44:58.542936,2025-04-01 01:44:58.600176,0.05724
272,ctgan,2,instancehardness,0.0625,-1.0,COMPLETE,2025-04-01 01:44:58.611917,2025-04-01 01:44:58.891434,0.279517
273,tvae,auto,editednn,0.25,-1.0,COMPLETE,2025-04-01 01:44:58.914085,2025-04-01 01:44:59.084983,0.170898
274,adasyn,0.25,condensednn,0.0625,-1.0,COMPLETE,2025-04-01 01:44:59.106443,2025-04-01 01:44:59.152941,0.046498
275,random,2,condensednn,auto,-1.0,COMPLETE,2025-04-01 01:44:59.164276,2025-04-01 01:44:59.217314,0.053038
276,copulagan,0.25,instancehardness,0.0625,-1.0,COMPLETE,2025-04-01 01:44:59.228771,2025-04-01 01:44:59.437381,0.20861
277,adasyn,0.5,tomeklinks,auto,-1.0,COMPLETE,2025-04-01 01:44:59.459780,2025-04-01 01:44:59.508930,0.04915
278,smote,0.25,nearmiss,0.5,-1.0,COMPLETE,2025-04-01 01:44:59.520179,2025-04-01 01:44:59.566473,0.046294
279,fastml,0.5,onesidedselection,0.0625,-1.0,COMPLETE,2025-04-01 01:44:59.577694,2025-04-01 01:44:59.682806,0.105112
280,copulagan,0.25,onesidedselection,auto,-1.0,COMPLETE,2025-04-01 01:44:59.694359,2025-04-01 01:44:59.909769,0.21541
281,adasyn,1,instancehardness,auto,-1.0,COMPLETE,2025-04-01 01:44:59.931774,2025-04-01 01:44:59.977946,0.046172
282,copulagan,0,tomeklinks,0.0625,-1.0,COMPLETE,2025-04-01 01:44:59.989018,2025-04-01 01:45:00.049133,0.060115
283,gaussiancopula,0.5,tomeklinks,0.5,-1.0,COMPLETE,2025-04-01 01:45:00.061267,2025-04-01 01:45:00.165123,0.103856
284,ctgan,auto,tomeklinks,auto,-1.0,COMPLETE,2025-04-01 01:45:00.176389,2025-04-01 01:45:00.466865,0.290476
285,copulagan,1,onesidedselection,0.25,-1.0,COMPLETE,2025-04-01 01:45:00.479011,2025-04-01 01:45:00.699954,0.220943
286,ctgan,1,editednn,0.5,-1.0,COMPLETE,2025-04-01 01:45:00.722357,2025-04-01 01:45:01.028509,0.306152
287,random,2,onesidedselection,0.125,-1.0,COMPLETE,2025-04-01 01:45:01.049835,2025-04-01 01:45:01.099391,0.049556
288,gaussiancopula,auto,editednn,0.125,-1.0,COMPLETE,2025-04-01 01:45:01.110675,2025-04-01 01:45:01.218151,0.107476
289,ctgan,0.25,random,auto,1.0,COMPLETE,2025-04-01 01:45:01.229863,2025-04-01 01:45:05.263173,4.03331
290,random,2,random,auto,-1.0,COMPLETE,2025-04-01 01:45:05.275897,2025-04-01 01:45:05.332628,0.056731
291,ctgan,2,nearmiss,auto,-1.0,COMPLETE,2025-04-01 01:45:05.344927,2025-04-01 01:45:05.633209,0.288282
292,tvae,auto,instancehardness,0.5,-1.0,COMPLETE,2025-04-01 01:45:05.655632,2025-04-01 01:45:05.839659,0.184027
293,copulagan,0.25,editednn,0.125,-1.0,COMPLETE,2025-04-01 01:45:05.852074,2025-04-01 01:45:06.077351,0.225277
294,random,1,tomeklinks,0.25,-1.0,COMPLETE,2025-04-01 01:45:06.098677,2025-04-01 01:45:06.149418,0.050741
295,fastml,auto,tomeklinks,0,1.0,COMPLETE,2025-04-01 01:45:06.161145,2025-04-01 01:45:10.068506,3.907361
296,fastml,1,random,0.25,1.0,COMPLETE,2025-04-01 01:45:10.091679,2025-04-01 01:45:13.985541,3.893862
297,random,auto,condensednn,0.125,-1.0,COMPLETE,2025-04-01 01:45:14.008096,2025-04-01 01:45:14.058199,0.050103
298,random,1,clustercentroid,auto,-1.0,COMPLETE,2025-04-01 01:45:14.069423,2025-04-01 01:45:14.120894,0.051471
299,adasyn,0,clustercentroid,0,-1.0,ERROR,,,0.0
300,fastml,1,editednn,0,1.0,COMPLETE,2025-04-01 01:45:14.193692,2025-04-01 01:45:18.124548,3.930856
301,tvae,0.25,nearmiss,0.0625,-1.0,COMPLETE,2025-04-01 01:45:18.146549,2025-04-01 01:45:18.320782,0.174233
302,random,0.25,clustercentroid,0.0625,-1.0,COMPLETE,2025-04-01 01:45:18.343102,2025-04-01 01:45:18.393544,0.050442
303,tvae,1,condensednn,0.125,-1.0,COMPLETE,2025-04-01 01:45:18.404778,2025-04-01 01:45:18.578181,0.173403
304,gaussiancopula,0.25,tomeklinks,auto,-1.0,COMPLETE,2025-04-01 01:45:18.599923,2025-04-01 01:45:18.710294,0.110371
305,smote,2,nearmiss,auto,-1.0,COMPLETE,2025-04-01 01:45:18.722772,2025-04-01 01:45:18.773799,0.051027
306,random,0,tomeklinks,0.5,-1.0,COMPLETE,2025-04-01 01:45:18.785999,2025-04-01 01:45:18.833999,0.048
307,random,auto,condensednn,auto,-1.0,COMPLETE,2025-04-01 01:45:18.845212,2025-04-01 01:45:18.897200,0.051988
308,smote,1,random,0,-1.0,COMPLETE,2025-04-01 01:45:18.908806,2025-04-01 01:45:18.957260,0.048454
309,random,1,condensednn,auto,-1.0,COMPLETE,2025-04-01 01:45:18.968589,2025-04-01 01:45:19.019224,0.050635
310,random,auto,instancehardness,0.5,-1.0,COMPLETE,2025-04-01 01:45:19.030453,2025-04-01 01:45:19.081007,0.050554
311,gaussiancopula,0.5,tomeklinks,0.125,-1.0,COMPLETE,2025-04-01 01:45:19.092450,2025-04-01 01:45:19.204361,0.111911
312,ctgan,0.25,editednn,0.125,-1.0,COMPLETE,2025-04-01 01:45:19.216767,2025-04-01 01:45:19.511065,0.294298
313,tvae,2,random,0.25,1.0,COMPLETE,2025-04-01 01:45:19.533091,2025-04-01 01:45:23.645488,4.112397
314,adasyn,1,random,0.0625,-1.0,COMPLETE,2025-04-01 01:45:23.659031,2025-04-01 01:45:23.712159,0.053128
315,copulagan,0.5,editednn,auto,-1.0,COMPLETE,2025-04-01 01:45:23.723908,2025-04-01 01:45:23.951867,0.227959
316,tvae,0.5,nearmiss,0.125,-1.0,COMPLETE,2025-04-01 01:45:23.973997,2025-04-01 01:45:24.145314,0.171317
317,ctgan,0,random,0,-1.0,ERROR,,,0.0
318,adasyn,0,nearmiss,0.25,-1.0,COMPLETE,2025-04-01 01:45:24.240834,2025-04-01 01:45:24.287585,0.046751
319,smote,0.5,random,0.5,-1.0,COMPLETE,2025-04-01 01:45:24.299455,2025-04-01 01:45:24.347765,0.04831
320,fastml,auto,editednn,0.0625,-1.0,COMPLETE,2025-04-01 01:45:24.359164,2025-04-01 01:45:24.468044,0.10888
321,adasyn,2,onesidedselection,0.5,-1.0,COMPLETE,2025-04-01 01:45:24.479549,2025-04-01 01:45:24.526743,0.047194
322,copulagan,auto,clustercentroid,0.0625,-1.0,COMPLETE,2025-04-01 01:45:24.538046,2025-04-01 01:45:24.744383,0.206337
323,ctgan,0.25,onesidedselection,0,0.9411764705882353,COMPLETE,2025-04-01 01:45:24.765386,2025-04-01 01:45:28.811533,4.046147
324,tvae,2,random,0,1.0,COMPLETE,2025-04-01 01:45:28.825095,2025-04-01 01:45:32.838268,4.013173
325,copulagan,2,random,0.125,1.0,COMPLETE,2025-04-01 01:45:32.853142,2025-04-01 01:45:36.856545,4.003403
326,smote,0.25,clustercentroid,0.5,-1.0,COMPLETE,2025-04-01 01:45:36.870163,2025-04-01 01:45:36.918590,0.048427
327,adasyn,2,onesidedselection,0.25,-1.0,COMPLETE,2025-04-01 01:45:36.930452,2025-04-01 01:45:36.979103,0.048651
328,random,auto,instancehardness,0.125,-1.0,COMPLETE,2025-04-01 01:45:36.990194,2025-04-01 01:45:37.040256,0.050062
329,fastml,0.25,nearmiss,0.125,-1.0,COMPLETE,2025-04-01 01:45:37.051796,2025-04-01 01:45:37.158573,0.106777
330,smote,auto,clustercentroid,0.0625,-1.0,COMPLETE,2025-04-01 01:45:37.170138,2025-04-01 01:45:37.217940,0.047802
331,random,0,condensednn,0,-1.0,ERROR,,,0.0
332,tvae,0.25,instancehardness,0.125,-1.0,COMPLETE,2025-04-01 01:45:37.294905,2025-04-01 01:45:37.478037,0.183132
333,adasyn,0.25,nearmiss,auto,-1.0,COMPLETE,2025-04-01 01:45:37.499884,2025-04-01 01:45:37.548501,0.048617
334,tvae,0.25,clustercentroid,0.0625,-1.0,COMPLETE,2025-04-01 01:45:37.559618,2025-04-01 01:45:37.743355,0.183737
335,ctgan,2,tomeklinks,auto,-1.0,COMPLETE,2025-04-01 01:45:37.764705,2025-04-01 01:45:38.051923,0.287218
336,fastml,0.25,tomeklinks,0,1.0,COMPLETE,2025-04-01 01:45:38.076750,2025-04-01 01:45:42.205690,4.12894
337,fastml,0,editednn,auto,-1.0,COMPLETE,2025-04-01 01:45:42.230837,2025-04-01 01:45:42.292442,0.061605
338,fastml,0.25,clustercentroid,0.125,-1.0,COMPLETE,2025-04-01 01:45:42.304309,2025-04-01 01:45:42.424389,0.12008
339,gaussiancopula,0.5,onesidedselection,0.25,-1.0,COMPLETE,2025-04-01 01:45:42.436881,2025-04-01 01:45:42.552154,0.115273
340,fastml,auto,editednn,auto,-1.0,COMPLETE,2025-04-01 01:45:42.565062,2025-04-01 01:45:42.678951,0.113889
341,fastml,0,random,0.5,-1.0,COMPLETE,2025-04-01 01:45:42.693526,2025-04-01 01:45:42.762968,0.069442
342,random,0.5,condensednn,0.25,-1.0,COMPLETE,2025-04-01 01:45:42.775000,2025-04-01 01:45:42.828658,0.053658
343,tvae,2,onesidedselection,auto,-1.0,COMPLETE,2025-04-01 01:45:42.840320,2025-04-01 01:45:43.022887,0.182567
344,fastml,2,nearmiss,0.0625,-1.0,COMPLETE,2025-04-01 01:45:43.045637,2025-04-01 01:45:43.157492,0.111855
345,adasyn,1,onesidedselection,0.0625,-1.0,COMPLETE,2025-04-01 01:45:43.170701,2025-04-01 01:45:43.229393,0.058692
346,tvae,1,editednn,0.5,-1.0,COMPLETE,2025-04-01 01:45:43.242233,2025-04-01 01:45:43.425804,0.183571
347,gaussiancopula,0.5,clustercentroid,auto,-1.0,COMPLETE,2025-04-01 01:45:43.448096,2025-04-01 01:45:43.558077,0.109981
348,fastml,0.5,tomeklinks,0.25,-1.0,COMPLETE,2025-04-01 01:45:43.570086,2025-04-01 01:45:43.689712,0.119626
349,adasyn,0.25,condensednn,0.25,-1.0,COMPLETE,2025-04-01 01:45:43.702989,2025-04-01 01:45:43.759711,0.056722
350,tvae,auto,onesidedselection,0,1.0,COMPLETE,2025-04-01 01:45:43.772623,2025-04-01 01:45:47.896179,4.123556
351,random,0.5,nearmiss,0.5,-1.0,COMPLETE,2025-04-01 01:45:47.909586,2025-04-01 01:45:47.960838,0.051252
352,gaussiancopula,0,editednn,0.5,-1.0,COMPLETE,2025-04-01 01:45:47.972333,2025-04-01 01:45:48.026522,0.054189
353,random,0.25,onesidedselection,0.5,-1.0,COMPLETE,2025-04-01 01:45:48.038497,2025-04-01 01:45:48.094111,0.055614
354,fastml,0.25,clustercentroid,auto,-1.0,COMPLETE,2025-04-01 01:45:48.106328,2025-04-01 01:45:48.217149,0.110821
355,random,0.5,instancehardness,0.5,-1.0,COMPLETE,2025-04-01 01:45:48.229420,2025-04-01 01:45:48.285535,0.056115
356,tvae,0.25,onesidedselection,0,1.0,COMPLETE,2025-04-01 01:45:48.297716,2025-04-01 01:45:52.540542,4.242826
357,gaussiancopula,0,tomeklinks,0,-1.0,ERROR,,,0.0
358,adasyn,2,tomeklinks,0.125,-1.0,COMPLETE,2025-04-01 01:45:52.621502,2025-04-01 01:45:52.669260,0.047758
359,copulagan,auto,onesidedselection,0,1.0,COMPLETE,2025-04-01 01:45:52.680289,2025-04-01 01:45:56.767299,4.08701
360,fastml,0.5,condensednn,0,1.0,COMPLETE,2025-04-01 01:45:56.782536,2025-04-01 01:46:00.804436,4.0219
361,fastml,1,tomeklinks,0.5,-1.0,COMPLETE,2025-04-01 01:46:00.826954,2025-04-01 01:46:00.937388,0.110434
362,random,0.5,clustercentroid,0.125,-1.0,COMPLETE,2025-04-01 01:46:00.949372,2025-04-01 01:46:01.002455,0.053083
363,gaussiancopula,0.5,condensednn,0.125,-1.0,COMPLETE,2025-04-01 01:46:01.013844,2025-04-01 01:46:01.121217,0.107373
364,random,2,instancehardness,0,-1.0,COMPLETE,2025-04-01 01:46:01.132830,2025-04-01 01:46:01.187031,0.054201
365,fastml,auto,onesidedselection,0.25,-1.0,COMPLETE,2025-04-01 01:46:01.198916,2025-04-01 01:46:01.304197,0.105281
366,fastml,0.5,tomeklinks,0.0625,-1.0,COMPLETE,2025-04-01 01:46:01.315737,2025-04-01 01:46:01.421824,0.106087
367,copulagan,auto,nearmiss,auto,-1.0,COMPLETE,2025-04-01 01:46:01.433274,2025-04-01 01:46:01.655897,0.222623
368,copulagan,auto,clustercentroid,auto,-1.0,COMPLETE,2025-04-01 01:46:01.677809,2025-04-01 01:46:01.892468,0.214659
369,ctgan,auto,instancehardness,0.5,-1.0,COMPLETE,2025-04-01 01:46:01.913777,2025-04-01 01:46:02.206211,0.292434
370,gaussiancopula,auto,tomeklinks,0.125,-1.0,COMPLETE,2025-04-01 01:46:02.228182,2025-04-01 01:46:02.338593,0.110411
371,ctgan,0.5,tomeklinks,0,1.0,COMPLETE,2025-04-01 01:46:02.350290,2025-04-01 01:46:06.559631,4.209341
372,ctgan,auto,nearmiss,auto,-1.0,COMPLETE,2025-04-01 01:46:06.572859,2025-04-01 01:46:06.899755,0.326896
373,tvae,0.5,tomeklinks,auto,-1.0,COMPLETE,2025-04-01 01:46:06.921869,2025-04-01 01:46:07.100193,0.178324
374,fastml,auto,onesidedselection,auto,-1.0,COMPLETE,2025-04-01 01:46:07.121701,2025-04-01 01:46:07.229211,0.10751
375,gaussiancopula,1,clustercentroid,0,1.0,COMPLETE,2025-04-01 01:46:07.242631,2025-04-01 01:46:11.223444,3.980813
376,adasyn,auto,editednn,0.125,-1.0,COMPLETE,2025-04-01 01:46:11.247095,2025-04-01 01:46:11.300907,0.053812
377,gaussiancopula,2,condensednn,0.25,-1.0,COMPLETE,2025-04-01 01:46:11.313904,2025-04-01 01:46:11.441101,0.127197
378,smote,0,random,0.0625,-1.0,COMPLETE,2025-04-01 01:46:11.454944,2025-04-01 01:46:11.515282,0.060338
379,copulagan,0,nearmiss,auto,-1.0,COMPLETE,2025-04-01 01:46:11.528704,2025-04-01 01:46:11.599567,0.070863
380,fastml,0,instancehardness,0,-1.0,ERROR,,,0.0
381,copulagan,0,clustercentroid,0.5,-1.0,COMPLETE,2025-04-01 01:46:11.691094,2025-04-01 01:46:11.759561,0.068467
382,smote,0.5,instancehardness,auto,-1.0,COMPLETE,2025-04-01 01:46:11.772249,2025-04-01 01:46:11.824599,0.05235
383,tvae,0.5,nearmiss,0,1.0,COMPLETE,2025-04-01 01:46:11.836778,2025-04-01 01:46:15.870605,4.033827
384,smote,2,tomeklinks,0.5,-1.0,COMPLETE,2025-04-01 01:46:15.883614,2025-04-01 01:46:15.935809,0.052195
385,gaussiancopula,0.25,editednn,auto,-1.0,COMPLETE,2025-04-01 01:46:15.947750,2025-04-01 01:46:16.054351,0.106601
386,gaussiancopula,0,clustercentroid,0.5,-1.0,COMPLETE,2025-04-01 01:46:16.067156,2025-04-01 01:46:16.122461,0.055305
387,ctgan,1,random,0,1.0,COMPLETE,2025-04-01 01:46:16.134815,2025-04-01 01:46:20.182920,4.048105
388,tvae,0,clustercentroid,0.125,-1.0,COMPLETE,2025-04-01 01:46:20.195728,2025-04-01 01:46:20.256626,0.060898
389,ctgan,1,nearmiss,0.125,-1.0,COMPLETE,2025-04-01 01:46:20.267967,2025-04-01 01:46:20.564621,0.296654
390,copulagan,1,condensednn,0.5,-1.0,COMPLETE,2025-04-01 01:46:20.586648,2025-04-01 01:46:20.805974,0.219326
391,tvae,1,instancehardness,0.125,-1.0,COMPLETE,2025-04-01 01:46:20.827340,2025-04-01 01:46:21.005476,0.178136
392,adasyn,2,clustercentroid,0.0625,-1.0,COMPLETE,2025-04-01 01:46:21.027507,2025-04-01 01:46:21.080566,0.053059
393,copulagan,auto,tomeklinks,0.25,-1.0,COMPLETE,2025-04-01 01:46:21.092159,2025-04-01 01:46:21.301784,0.209625
394,gaussiancopula,2,random,0.25,1.0,COMPLETE,2025-04-01 01:46:21.323015,2025-04-01 01:46:25.257743,3.934728
395,copulagan,0,nearmiss,0,-1.0,ERROR,,,0.0
396,ctgan,auto,tomeklinks,0.0625,-1.0,COMPLETE,2025-04-01 01:46:25.352004,2025-04-01 01:46:25.645920,0.293916
397,smote,0,condensednn,0.25,-1.0,COMPLETE,2025-04-01 01:46:25.667589,2025-04-01 01:46:25.719389,0.0518
398,tvae,1,instancehardness,0.25,-1.0,COMPLETE,2025-04-01 01:46:25.730771,2025-04-01 01:46:25.921400,0.190629
399,adasyn,auto,condensednn,0.5,-1.0,COMPLETE,2025-04-01 01:46:25.943522,2025-04-01 01:46:25.995221,0.051699
400,fastml,0.5,onesidedselection,0.125,-1.0,COMPLETE,2025-04-01 01:46:26.007615,2025-04-01 01:46:26.122813,0.115198
401,adasyn,0,tomeklinks,0.25,-1.0,COMPLETE,2025-04-01 01:46:26.134541,2025-04-01 01:46:26.185240,0.050699
402,copulagan,0.25,nearmiss,0.5,-1.0,COMPLETE,2025-04-01 01:46:26.198022,2025-04-01 01:46:26.413825,0.215803
403,adasyn,0.25,editednn,auto,-1.0,COMPLETE,2025-04-01 01:46:26.437975,2025-04-01 01:46:26.490004,0.052029
404,gaussiancopula,auto,instancehardness,0.0625,-1.0,COMPLETE,2025-04-01 01:46:26.502039,2025-04-01 01:46:26.610463,0.108424
405,random,1,editednn,0,-1.0,COMPLETE,2025-04-01 01:46:26.623062,2025-04-01 01:46:26.678484,0.055422
406,smote,auto,editednn,0.5,-1.0,COMPLETE,2025-04-01 01:46:26.689954,2025-04-01 01:46:26.741673,0.051719
407,random,0,instancehardness,0.125,-1.0,COMPLETE,2025-04-01 01:46:26.752989,2025-04-01 01:46:26.804025,0.051036
408,ctgan,0,instancehardness,0.5,-1.0,COMPLETE,2025-04-01 01:46:26.815267,2025-04-01 01:46:26.875894,0.060627
409,tvae,0.25,tomeklinks,0.25,-1.0,COMPLETE,2025-04-01 01:46:26.888061,2025-04-01 01:46:27.063372,0.175311
410,smote,0.5,nearmiss,0.125,-1.0,COMPLETE,2025-04-01 01:46:27.085617,2025-04-01 01:46:27.137452,0.051835
411,smote,0,random,0.125,-1.0,COMPLETE,2025-04-01 01:46:27.148850,2025-04-01 01:46:27.204725,0.055875
412,gaussiancopula,1,condensednn,auto,-1.0,COMPLETE,2025-04-01 01:46:27.217283,2025-04-01 01:46:27.328907,0.111624
413,tvae,auto,tomeklinks,0.0625,-1.0,COMPLETE,2025-04-01 01:46:27.340565,2025-04-01 01:46:27.526452,0.185887
414,smote,1,instancehardness,0.5,-1.0,COMPLETE,2025-04-01 01:46:27.548554,2025-04-01 01:46:27.600498,0.051944
415,gaussiancopula,1,nearmiss,0.5,-1.0,COMPLETE,2025-04-01 01:46:27.611645,2025-04-01 01:46:27.722806,0.111161
416,ctgan,2,editednn,0.25,-1.0,COMPLETE,2025-04-01 01:46:27.735525,2025-04-01 01:46:28.016905,0.28138
417,adasyn,auto,random,0,-1.0,COMPLETE,2025-04-01 01:46:28.039210,2025-04-01 01:46:28.091187,0.051977
418,adasyn,auto,instancehardness,0.5,-1.0,COMPLETE,2025-04-01 01:46:28.102877,2025-04-01 01:46:28.154852,0.051975
419,ctgan,0.25,instancehardness,auto,-1.0,COMPLETE,2025-04-01 01:46:28.166245,2025-04-01 01:46:28.465439,0.299194
420,ctgan,auto,random,0.0625,1.0,COMPLETE,2025-04-01 01:46:28.487924,2025-04-01 01:46:32.545346,4.057422
421,adasyn,1,condensednn,0,-1.0,COMPLETE,2025-04-01 01:46:32.558261,2025-04-01 01:46:32.610486,0.052225
422,tvae,0.5,tomeklinks,0,1.0,COMPLETE,2025-04-01 01:46:32.621695,2025-04-01 01:46:36.590928,3.969233
423,smote,2,onesidedselection,0.125,-1.0,COMPLETE,2025-04-01 01:46:36.605773,2025-04-01 01:46:36.664010,0.058237
424,fastml,0.25,condensednn,auto,-1.0,COMPLETE,2025-04-01 01:46:36.677013,2025-04-01 01:46:36.801131,0.124118
425,copulagan,0.25,onesidedselection,0.25,-1.0,COMPLETE,2025-04-01 01:46:36.814765,2025-04-01 01:46:37.048463,0.233698
426,gaussiancopula,1,instancehardness,0.5,-1.0,COMPLETE,2025-04-01 01:46:37.072257,2025-04-01 01:46:37.187990,0.115733
427,random,1,instancehardness,0.25,-1.0,COMPLETE,2025-04-01 01:46:37.200698,2025-04-01 01:46:37.261810,0.061112
428,random,0.5,nearmiss,0.125,-1.0,COMPLETE,2025-04-01 01:46:37.275816,2025-04-01 01:46:37.340578,0.064762
429,ctgan,0.5,tomeklinks,auto,-1.0,COMPLETE,2025-04-01 01:46:37.354140,2025-04-01 01:46:37.685087,0.330947
430,smote,0,editednn,0.125,-1.0,COMPLETE,2025-04-01 01:46:37.708672,2025-04-01 01:46:37.764730,0.056058
431,smote,0,editednn,0.25,-1.0,COMPLETE,2025-04-01 01:46:37.777685,2025-04-01 01:46:37.833952,0.056267
432,smote,0.5,random,0.0625,-1.0,COMPLETE,2025-04-01 01:46:37.846933,2025-04-01 01:46:37.901535,0.054602
433,gaussiancopula,0.25,editednn,0.25,-1.0,COMPLETE,2025-04-01 01:46:37.914225,2025-04-01 01:46:38.031242,0.117017
434,copulagan,1,instancehardness,0.5,-1.0,COMPLETE,2025-04-01 01:46:38.044384,2025-04-01 01:46:38.282359,0.237975
435,gaussiancopula,0.25,condensednn,0.25,-1.0,COMPLETE,2025-04-01 01:46:38.306240,2025-04-01 01:46:38.423715,0.117475
436,copulagan,1,onesidedselection,0,1.0,COMPLETE,2025-04-01 01:46:38.436540,2025-04-01 01:46:42.570944,4.134404
437,adasyn,1,condensednn,auto,-1.0,COMPLETE,2025-04-01 01:46:42.584821,2025-04-01 01:46:42.639332,0.054511
438,gaussiancopula,0,nearmiss,auto,-1.0,COMPLETE,2025-04-01 01:46:42.651375,2025-04-01 01:46:42.710542,0.059167
439,copulagan,0,onesidedselection,0.25,-1.0,COMPLETE,2025-04-01 01:46:42.723673,2025-04-01 01:46:42.790818,0.067145
440,random,1,instancehardness,0.0625,-1.0,COMPLETE,2025-04-01 01:46:42.804630,2025-04-01 01:46:42.862113,0.057483
441,tvae,0.25,nearmiss,0.25,-1.0,COMPLETE,2025-04-01 01:46:42.874002,2025-04-01 01:46:43.049759,0.175757
442,smote,auto,random,0.125,-1.0,COMPLETE,2025-04-01 01:46:43.072345,2025-04-01 01:46:43.125209,0.052864
443,adasyn,auto,tomeklinks,0.125,-1.0,COMPLETE,2025-04-01 01:46:43.136763,2025-04-01 01:46:43.189801,0.053038
444,gaussiancopula,1,tomeklinks,auto,-1.0,COMPLETE,2025-04-01 01:46:43.202358,2025-04-01 01:46:43.319430,0.117072
445,random,0.25,editednn,0.25,-1.0,COMPLETE,2025-04-01 01:46:43.331961,2025-04-01 01:46:43.392720,0.060759
446,ctgan,auto,condensednn,0,1.0,COMPLETE,2025-04-01 01:46:43.404728,2025-04-01 01:46:47.623750,4.219022
447,adasyn,1,nearmiss,0.125,-1.0,COMPLETE,2025-04-01 01:46:47.637175,2025-04-01 01:46:47.690888,0.053713
448,gaussiancopula,0,instancehardness,0.0625,-1.0,COMPLETE,2025-04-01 01:46:47.703152,2025-04-01 01:46:47.769575,0.066423
449,smote,2,onesidedselection,0,-1.0,COMPLETE,2025-04-01 01:46:47.782559,2025-04-01 01:46:47.837044,0.054485
450,smote,0,clustercentroid,0.0625,-1.0,COMPLETE,2025-04-01 01:46:47.849185,2025-04-01 01:46:47.905146,0.055961
451,adasyn,2,condensednn,auto,-1.0,COMPLETE,2025-04-01 01:46:47.917217,2025-04-01 01:46:47.971434,0.054217
452,gaussiancopula,auto,editednn,0.0625,-1.0,COMPLETE,2025-04-01 01:46:47.983032,2025-04-01 01:46:48.094130,0.111098
453,fastml,2,onesidedselection,0.25,-1.0,COMPLETE,2025-04-01 01:46:48.107743,2025-04-01 01:46:48.229782,0.122039
454,copulagan,auto,random,0,1.0,COMPLETE,2025-04-01 01:46:48.242295,2025-04-01 01:46:52.353802,4.111507
455,random,auto,clustercentroid,0.25,-1.0,COMPLETE,2025-04-01 01:46:52.366736,2025-04-01 01:46:52.422643,0.055907
456,random,0.5,editednn,0.25,-1.0,COMPLETE,2025-04-01 01:46:52.435948,2025-04-01 01:46:52.492665,0.056717
457,ctgan,1,instancehardness,0.25,-1.0,COMPLETE,2025-04-01 01:46:52.505163,2025-04-01 01:46:52.821668,0.316505
458,gaussiancopula,auto,condensednn,auto,-1.0,COMPLETE,2025-04-01 01:46:52.845052,2025-04-01 01:46:52.967393,0.122341
459,adasyn,0,onesidedselection,0.25,-1.0,COMPLETE,2025-04-01 01:46:52.980968,2025-04-01 01:46:53.034519,0.053551
460,random,0.5,tomeklinks,0.125,-1.0,COMPLETE,2025-04-01 01:46:53.045964,2025-04-01 01:46:53.102283,0.056319
461,copulagan,2,random,0,1.0,COMPLETE,2025-04-01 01:46:53.114167,2025-04-01 01:46:57.400149,4.285982
462,copulagan,1,clustercentroid,auto,-1.0,COMPLETE,2025-04-01 01:46:57.413202,2025-04-01 01:46:57.642225,0.229023
463,adasyn,auto,random,0.25,-1.0,COMPLETE,2025-04-01 01:46:57.664765,2025-04-01 01:46:57.722132,0.057367
464,tvae,2,condensednn,auto,-1.0,COMPLETE,2025-04-01 01:46:57.736140,2025-04-01 01:46:57.936799,0.200659
465,gaussiancopula,0,condensednn,0.125,-1.0,COMPLETE,2025-04-01 01:46:57.949558,2025-04-01 01:46:58.009957,0.060399
466,gaussiancopula,auto,tomeklinks,0.5,-1.0,COMPLETE,2025-04-01 01:46:58.022870,2025-04-01 01:46:58.138932,0.116062
467,ctgan,1,onesidedselection,0,1.0,COMPLETE,2025-04-01 01:46:58.151983,2025-04-01 01:47:02.558274,4.406291
468,ctgan,0.5,condensednn,auto,-1.0,COMPLETE,2025-04-01 01:47:02.570733,2025-04-01 01:47:02.887014,0.316281
469,random,0,condensednn,auto,-1.0,COMPLETE,2025-04-01 01:47:02.910982,2025-04-01 01:47:02.970656,0.059674
470,copulagan,0.5,instancehardness,0,1.0,COMPLETE,2025-04-01 01:47:02.982766,2025-04-01 01:47:07.157740,4.174974
471,gaussiancopula,0.25,onesidedselection,0.25,-1.0,COMPLETE,2025-04-01 01:47:07.171114,2025-04-01 01:47:07.290646,0.119532
472,gaussiancopula,2,condensednn,0,1.0,COMPLETE,2025-04-01 01:47:07.303237,2025-04-01 01:47:11.226378,3.923141
473,copulagan,0.5,clustercentroid,0.25,-1.0,COMPLETE,2025-04-01 01:47:11.248702,2025-04-01 01:47:11.467755,0.219053
474,random,auto,random,0.125,-1.0,COMPLETE,2025-04-01 01:47:11.489936,2025-04-01 01:47:11.551881,0.061945
475,fastml,0.25,onesidedselection,0.0625,-1.0,COMPLETE,2025-04-01 01:47:11.563563,2025-04-01 01:47:11.675569,0.112006
476,tvae,2,random,0.5,1.0,COMPLETE,2025-04-01 01:47:11.688119,2025-04-01 01:47:15.828999,4.14088
477,smote,0.25,tomeklinks,0.125,-1.0,COMPLETE,2025-04-01 01:47:15.851887,2025-04-01 01:47:15.907284,0.055397
478,smote,auto,onesidedselection,0.0625,-1.0,COMPLETE,2025-04-01 01:47:15.919064,2025-04-01 01:47:15.972682,0.053618
479,ctgan,0.25,onesidedselection,0.5,-1.0,COMPLETE,2025-04-01 01:47:15.984328,2025-04-01 01:47:16.278824,0.294496
480,random,0.5,onesidedselection,0.25,-1.0,COMPLETE,2025-04-01 01:47:16.300322,2025-04-01 01:47:16.355907,0.055585
481,random,0.5,nearmiss,auto,-1.0,COMPLETE,2025-04-01 01:47:16.368834,2025-04-01 01:47:16.428264,0.05943
482,adasyn,auto,clustercentroid,0.125,-1.0,COMPLETE,2025-04-01 01:47:16.440101,2025-04-01 01:47:16.492199,0.052098
483,fastml,0.5,tomeklinks,0.125,-1.0,COMPLETE,2025-04-01 01:47:16.503745,2025-04-01 01:47:16.616446,0.112701
484,copulagan,0.25,editednn,0.25,-1.0,COMPLETE,2025-04-01 01:47:16.629392,2025-04-01 01:47:16.859433,0.230041
485,adasyn,2,tomeklinks,auto,-1.0,COMPLETE,2025-04-01 01:47:16.881481,2025-04-01 01:47:16.936153,0.054672
486,tvae,2,instancehardness,0.125,-1.0,COMPLETE,2025-04-01 01:47:16.948071,2025-04-01 01:47:17.132834,0.184763
487,ctgan,2,tomeklinks,0.5,-1.0,COMPLETE,2025-04-01 01:47:17.154452,2025-04-01 01:47:17.473043,0.318591
488,adasyn,2,instancehardness,0.125,-1.0,COMPLETE,2025-04-01 01:47:17.495179,2025-04-01 01:47:17.548605,0.053426
489,smote,auto,nearmiss,auto,-1.0,COMPLETE,2025-04-01 01:47:17.560989,2025-04-01 01:47:17.613953,0.052964
490,ctgan,1,editednn,auto,-1.0,COMPLETE,2025-04-01 01:47:17.625395,2025-04-01 01:47:17.931816,0.306421
491,gaussiancopula,2,onesidedselection,0,1.0,COMPLETE,2025-04-01 01:47:17.954242,2025-04-01 01:47:21.851245,3.897003
492,copulagan,0.25,instancehardness,0,0.9411764705882353,COMPLETE,2025-04-01 01:47:21.874013,2025-04-01 01:47:25.887759,4.013746
493,tvae,2,nearmiss,0.125,-1.0,COMPLETE,2025-04-01 01:47:25.901146,2025-04-01 01:47:26.097724,0.196578
494,copulagan,0.25,instancehardness,0.5,-1.0,COMPLETE,2025-04-01 01:47:26.119144,2025-04-01 01:47:26.345588,0.226444
495,smote,auto,nearmiss,0.25,-1.0,COMPLETE,2025-04-01 01:47:26.368460,2025-04-01 01:47:26.424373,0.055913
496,fastml,auto,condensednn,0.125,-1.0,COMPLETE,2025-04-01 01:47:26.437665,2025-04-01 01:47:26.556418,0.118753
497,smote,0.5,random,0.25,-1.0,COMPLETE,2025-04-01 01:47:26.568941,2025-04-01 01:47:26.622763,0.053822
498,copulagan,2,clustercentroid,0.5,-1.0,COMPLETE,2025-04-01 01:47:26.634102,2025-04-01 01:47:26.858406,0.224304
499,random,0.5,random,0,-1.0,COMPLETE,2025-04-01 01:47:26.880346,2025-04-01 01:47:26.939827,0.059481
500,copulagan,0.25,editednn,0,0.9411764705882353,COMPLETE,2025-04-01 01:47:26.951216,2025-04-01 01:47:30.970650,4.019434
501,copulagan,0.25,tomeklinks,auto,-1.0,COMPLETE,2025-04-01 01:47:30.983775,2025-04-01 01:47:31.197500,0.213725
502,smote,auto,nearmiss,0.5,-1.0,COMPLETE,2025-04-01 01:47:31.218883,2025-04-01 01:47:31.272899,0.054016
503,random,1,condensednn,0.0625,-1.0,COMPLETE,2025-04-01 01:47:31.285245,2025-04-01 01:47:31.341369,0.056124
504,adasyn,0.5,tomeklinks,0.5,-1.0,COMPLETE,2025-04-01 01:47:31.353273,2025-04-01 01:47:31.406348,0.053075
505,copulagan,1,condensednn,0.25,-1.0,COMPLETE,2025-04-01 01:47:31.418612,2025-04-01 01:47:31.646634,0.228022
506,adasyn,0.5,editednn,0,-1.0,COMPLETE,2025-04-01 01:47:31.668842,2025-04-01 01:47:31.724750,0.055908
507,gaussiancopula,auto,nearmiss,0.5,-1.0,COMPLETE,2025-04-01 01:47:31.736210,2025-04-01 01:47:31.849003,0.112793
508,random,auto,clustercentroid,0,-1.0,COMPLETE,2025-04-01 01:47:31.860570,2025-04-01 01:47:31.922783,0.062213
509,tvae,0.25,random,0.5,1.0,COMPLETE,2025-04-01 01:47:31.935341,2025-04-01 01:47:35.839989,3.904648
510,tvae,2,tomeklinks,0.0625,-1.0,COMPLETE,2025-04-01 01:47:35.853109,2025-04-01 01:47:36.031060,0.177951
511,fastml,auto,tomeklinks,0.5,-1.0,COMPLETE,2025-04-01 01:47:36.052926,2025-04-01 01:47:36.171528,0.118602
512,tvae,0.25,clustercentroid,0,1.0,COMPLETE,2025-04-01 01:47:36.184557,2025-04-01 01:47:40.306036,4.121479
513,random,1,random,auto,-1.0,COMPLETE,2025-04-01 01:47:40.320403,2025-04-01 01:47:40.386459,0.066056
514,smote,1,clustercentroid,0.125,-1.0,COMPLETE,2025-04-01 01:47:40.398839,2025-04-01 01:47:40.457259,0.05842
515,gaussiancopula,0.5,tomeklinks,0.25,-1.0,COMPLETE,2025-04-01 01:47:40.470588,2025-04-01 01:47:40.597828,0.12724
516,gaussiancopula,1,clustercentroid,0.125,-1.0,COMPLETE,2025-04-01 01:47:40.609852,2025-04-01 01:47:40.733188,0.123336
517,adasyn,1,instancehardness,0.0625,-1.0,COMPLETE,2025-04-01 01:47:40.746152,2025-04-01 01:47:40.802723,0.056571
518,tvae,1,random,0.0625,1.0,COMPLETE,2025-04-01 01:47:40.814462,2025-04-01 01:47:45.053179,4.238717
519,smote,0.5,onesidedselection,0,-1.0,COMPLETE,2025-04-01 01:47:45.075977,2025-04-01 01:47:45.130237,0.05426
520,smote,2,condensednn,0,-1.0,COMPLETE,2025-04-01 01:47:45.142199,2025-04-01 01:47:45.197011,0.054812
521,smote,0.5,clustercentroid,0.125,-1.0,COMPLETE,2025-04-01 01:47:45.209586,2025-04-01 01:47:45.270277,0.060691
522,random,0.25,condensednn,0.0625,-1.0,COMPLETE,2025-04-01 01:47:45.283631,2025-04-01 01:47:45.345223,0.061592
523,ctgan,0,tomeklinks,0.125,-1.0,COMPLETE,2025-04-01 01:47:45.357813,2025-04-01 01:47:45.432572,0.074759
524,smote,auto,tomeklinks,0.5,-1.0,COMPLETE,2025-04-01 01:47:45.446166,2025-04-01 01:47:45.505222,0.059056
525,ctgan,0.25,random,0,0.9411764705882353,COMPLETE,2025-04-01 01:47:45.518614,2025-04-01 01:47:49.710570,4.191956
526,random,auto,nearmiss,0.125,-1.0,COMPLETE,2025-04-01 01:47:49.723705,2025-04-01 01:47:49.779452,0.055747
527,adasyn,0,tomeklinks,0.0625,-1.0,COMPLETE,2025-04-01 01:47:49.790607,2025-04-01 01:47:49.842557,0.05195
528,ctgan,2,tomeklinks,0.125,-1.0,COMPLETE,2025-04-01 01:47:49.855376,2025-04-01 01:47:50.171984,0.316608
529,fastml,2,nearmiss,0.5,-1.0,COMPLETE,2025-04-01 01:47:50.194176,2025-04-01 01:47:50.304323,0.110147
530,adasyn,0,condensednn,0.25,-1.0,COMPLETE,2025-04-01 01:47:50.316910,2025-04-01 01:47:50.372989,0.056079
531,smote,0.25,editednn,0.5,-1.0,COMPLETE,2025-04-01 01:47:50.385465,2025-04-01 01:47:50.441316,0.055851
532,tvae,1,clustercentroid,auto,-1.0,COMPLETE,2025-04-01 01:47:50.453647,2025-04-01 01:47:50.642312,0.188665
533,ctgan,1,onesidedselection,0.125,-1.0,COMPLETE,2025-04-01 01:47:50.663595,2025-04-01 01:47:50.976415,0.31282
534,fastml,1,tomeklinks,0,1.0,COMPLETE,2025-04-01 01:47:50.999750,2025-04-01 01:47:54.964690,3.96494
535,ctgan,0.25,random,0.0625,0.9615384615384615,COMPLETE,2025-04-01 01:47:54.977563,2025-04-01 01:47:59.002799,4.025236
536,fastml,2,editednn,0.0625,-1.0,COMPLETE,2025-04-01 01:47:59.016877,2025-04-01 01:47:59.127471,0.110594
537,random,0.5,tomeklinks,auto,-1.0,COMPLETE,2025-04-01 01:47:59.139112,2025-04-01 01:47:59.194356,0.055244
538,fastml,2,nearmiss,0.25,-1.0,COMPLETE,2025-04-01 01:47:59.205653,2025-04-01 01:47:59.321382,0.115729
539,copulagan,2,onesidedselection,0.25,-1.0,COMPLETE,2025-04-01 01:47:59.333546,2025-04-01 01:47:59.546263,0.212717
540,fastml,0.5,nearmiss,0,1.0,COMPLETE,2025-04-01 01:47:59.568611,2025-04-01 01:48:03.469400,3.900789
541,tvae,0.5,onesidedselection,0,1.0,COMPLETE,2025-04-01 01:48:03.485502,2025-04-01 01:48:07.786128,4.300626
542,adasyn,0.25,random,0.5,-1.0,COMPLETE,2025-04-01 01:48:07.802161,2025-04-01 01:48:07.862718,0.060557
543,smote,2,editednn,0,-1.0,COMPLETE,2025-04-01 01:48:07.875448,2025-04-01 01:48:07.932599,0.057151
544,tvae,2,onesidedselection,0,1.0,COMPLETE,2025-04-01 01:48:07.945971,2025-04-01 01:48:12.022890,4.076919
545,adasyn,2,random,0.25,-1.0,COMPLETE,2025-04-01 01:48:12.036760,2025-04-01 01:48:12.090406,0.053646
546,tvae,auto,random,auto,1.0,COMPLETE,2025-04-01 01:48:12.101526,2025-04-01 01:48:16.244255,4.142729
547,adasyn,0.25,condensednn,auto,-1.0,COMPLETE,2025-04-01 01:48:16.267730,2025-04-01 01:48:16.323792,0.056062
548,copulagan,auto,instancehardness,0.5,-1.0,COMPLETE,2025-04-01 01:48:16.335844,2025-04-01 01:48:16.555113,0.219269
549,random,auto,random,0.5,-1.0,COMPLETE,2025-04-01 01:48:16.576260,2025-04-01 01:48:16.639931,0.063671
550,ctgan,0.5,condensednn,0.125,-1.0,COMPLETE,2025-04-01 01:48:16.652076,2025-04-01 01:48:16.970375,0.318299
551,adasyn,auto,tomeklinks,0.0625,-1.0,COMPLETE,2025-04-01 01:48:16.985835,2025-04-01 01:48:17.039148,0.053313
552,gaussiancopula,0.25,editednn,0,1.0,COMPLETE,2025-04-01 01:48:17.051269,2025-04-01 01:48:20.891471,3.840202
553,gaussiancopula,2,clustercentroid,0.125,-1.0,COMPLETE,2025-04-01 01:48:20.914900,2025-04-01 01:48:21.031600,0.1167
554,smote,2,nearmiss,0.25,-1.0,COMPLETE,2025-04-01 01:48:21.043180,2025-04-01 01:48:21.096385,0.053205
555,random,1,instancehardness,auto,-1.0,COMPLETE,2025-04-01 01:48:21.108478,2025-04-01 01:48:21.166764,0.058286
556,smote,0.5,instancehardness,0,-1.0,COMPLETE,2025-04-01 01:48:21.179590,2025-04-01 01:48:21.236367,0.056777
557,fastml,0.25,editednn,0.5,-1.0,COMPLETE,2025-04-01 01:48:21.248970,2025-04-01 01:48:21.367417,0.118447
558,gaussiancopula,auto,onesidedselection,0.25,-1.0,COMPLETE,2025-04-01 01:48:21.379204,2025-04-01 01:48:21.493343,0.114139
559,adasyn,0.5,nearmiss,0.0625,-1.0,COMPLETE,2025-04-01 01:48:21.506398,2025-04-01 01:48:21.563772,0.057374
560,ctgan,0,editednn,0,-1.0,ERROR,,,0.0
561,fastml,0.5,clustercentroid,0,1.0,COMPLETE,2025-04-01 01:48:21.656270,2025-04-01 01:48:25.620170,3.9639
562,gaussiancopula,0.5,nearmiss,0,1.0,COMPLETE,2025-04-01 01:48:25.643111,2025-04-01 01:48:29.573340,3.930229
563,fastml,0,editednn,0.5,-1.0,COMPLETE,2025-04-01 01:48:29.586174,2025-04-01 01:48:29.645207,0.059033
564,smote,1,random,0.125,-1.0,COMPLETE,2025-04-01 01:48:29.657150,2025-04-01 01:48:29.712006,0.054856
565,copulagan,0,random,0,-1.0,ERROR,,,0.0
566,adasyn,0.5,editednn,0.25,-1.0,COMPLETE,2025-04-01 01:48:29.809304,2025-04-01 01:48:29.865278,0.055974
567,gaussiancopula,auto,instancehardness,auto,-1.0,COMPLETE,2025-04-01 01:48:29.876630,2025-04-01 01:48:29.990117,0.113487
568,copulagan,0.25,random,0.0625,1.0,COMPLETE,2025-04-01 01:48:30.001894,2025-04-01 01:48:33.981829,3.979935
569,tvae,1,condensednn,0.0625,-1.0,COMPLETE,2025-04-01 01:48:34.005284,2025-04-01 01:48:34.191951,0.186667
570,tvae,2,onesidedselection,0.0625,-1.0,COMPLETE,2025-04-01 01:48:34.213608,2025-04-01 01:48:34.391286,0.177678
571,adasyn,2,nearmiss,0.5,-1.0,COMPLETE,2025-04-01 01:48:34.412841,2025-04-01 01:48:34.468306,0.055465
572,tvae,0.5,condensednn,0.0625,-1.0,COMPLETE,2025-04-01 01:48:34.479356,2025-04-01 01:48:34.657290,0.177934
573,random,0,tomeklinks,0.25,-1.0,COMPLETE,2025-04-01 01:48:34.678860,2025-04-01 01:48:34.733522,0.054662
574,ctgan,auto,instancehardness,0,1.0,COMPLETE,2025-04-01 01:48:34.744607,2025-04-01 01:48:38.804602,4.059995
575,fastml,2,instancehardness,0.125,-1.0,COMPLETE,2025-04-01 01:48:38.817291,2025-04-01 01:48:38.931414,0.114123
576,copulagan,0.5,editednn,0.0625,-1.0,COMPLETE,2025-04-01 01:48:38.943367,2025-04-01 01:48:39.156730,0.213363
577,gaussiancopula,2,random,0.125,1.0,COMPLETE,2025-04-01 01:48:39.178799,2025-04-01 01:48:43.055693,3.876894
578,random,2,instancehardness,0.125,-1.0,COMPLETE,2025-04-01 01:48:43.078958,2025-04-01 01:48:43.137464,0.058506
579,ctgan,1,onesidedselection,auto,-1.0,COMPLETE,2025-04-01 01:48:43.149011,2025-04-01 01:48:43.443597,0.294586
580,copulagan,2,nearmiss,0.0625,-1.0,COMPLETE,2025-04-01 01:48:43.465351,2025-04-01 01:48:43.684627,0.219276
581,fastml,0.25,random,0.5,1.0,COMPLETE,2025-04-01 01:48:43.706962,2025-04-01 01:48:47.682844,3.975882
582,copulagan,0,random,0.5,-1.0,COMPLETE,2025-04-01 01:48:47.695987,2025-04-01 01:48:47.771315,0.075328
583,gaussiancopula,0,instancehardness,0,-1.0,ERROR,,,0.0
584,adasyn,0.5,editednn,auto,-1.0,COMPLETE,2025-04-01 01:48:47.863305,2025-04-01 01:48:47.918092,0.054787
585,smote,1,tomeklinks,0.5,-1.0,COMPLETE,2025-04-01 01:48:47.929373,2025-04-01 01:48:47.983899,0.054526
586,copulagan,0,random,auto,-1.0,COMPLETE,2025-04-01 01:48:47.995285,2025-04-01 01:48:48.068537,0.073252
587,tvae,auto,condensednn,0,1.0,COMPLETE,2025-04-01 01:48:48.080285,2025-04-01 01:48:52.015477,3.935192
588,copulagan,0,instancehardness,0,-1.0,ERROR,,,0.0
589,adasyn,auto,nearmiss,auto,-1.0,COMPLETE,2025-04-01 01:48:52.117136,2025-04-01 01:48:52.176805,0.059669
590,tvae,0,editednn,auto,-1.0,COMPLETE,2025-04-01 01:48:52.191610,2025-04-01 01:48:52.268349,0.076739
591,copulagan,0.25,random,0.25,1.0,COMPLETE,2025-04-01 01:48:52.280870,2025-04-01 01:48:56.402879,4.122009
592,gaussiancopula,1,clustercentroid,0.5,-1.0,COMPLETE,2025-04-01 01:48:56.427431,2025-04-01 01:48:56.560083,0.132652
593,tvae,0.5,nearmiss,0.25,-1.0,COMPLETE,2025-04-01 01:48:56.572845,2025-04-01 01:48:56.765287,0.192442
594,ctgan,2,condensednn,0,1.0,COMPLETE,2025-04-01 01:48:56.787314,2025-04-01 01:49:00.841077,4.053763
595,random,auto,condensednn,0,-1.0,COMPLETE,2025-04-01 01:49:00.854349,2025-04-01 01:49:00.916157,0.061808
596,random,0.25,onesidedselection,auto,-1.0,COMPLETE,2025-04-01 01:49:00.927708,2025-04-01 01:49:00.986804,0.059096
597,tvae,auto,instancehardness,0.125,-1.0,COMPLETE,2025-04-01 01:49:00.999594,2025-04-01 01:49:01.182145,0.182551
598,smote,0.5,clustercentroid,0.5,-1.0,COMPLETE,2025-04-01 01:49:01.204029,2025-04-01 01:49:01.260916,0.056887
599,tvae,1,random,auto,1.0,COMPLETE,2025-04-01 01:49:01.272853,2025-04-01 01:49:05.437402,4.164549
600,tvae,0,instancehardness,0.125,-1.0,COMPLETE,2025-04-01 01:49:05.461078,2025-04-01 01:49:05.525714,0.064636
601,fastml,0.25,tomeklinks,0.125,-1.0,COMPLETE,2025-04-01 01:49:05.538325,2025-04-01 01:49:05.659244,0.120919
602,smote,2,random,auto,-1.0,COMPLETE,2025-04-01 01:49:05.671179,2025-04-01 01:49:05.729874,0.058695
603,copulagan,0.25,nearmiss,auto,-1.0,COMPLETE,2025-04-01 01:49:05.742260,2025-04-01 01:49:05.955429,0.213169
604,fastml,0.5,onesidedselection,0,1.0,COMPLETE,2025-04-01 01:49:05.977089,2025-04-01 01:49:09.904910,3.927821
605,adasyn,auto,clustercentroid,0,-1.0,COMPLETE,2025-04-01 01:49:09.918661,2025-04-01 01:49:09.974610,0.055949
606,copulagan,0.5,nearmiss,auto,-1.0,COMPLETE,2025-04-01 01:49:09.986364,2025-04-01 01:49:10.215174,0.22881
607,fastml,0.25,condensednn,0.5,-1.0,COMPLETE,2025-04-01 01:49:10.237443,2025-04-01 01:49:10.351556,0.114113
608,adasyn,1,clustercentroid,0.5,-1.0,COMPLETE,2025-04-01 01:49:10.363301,2025-04-01 01:49:10.420095,0.056794
609,smote,0.5,nearmiss,0.5,-1.0,COMPLETE,2025-04-01 01:49:10.433809,2025-04-01 01:49:10.493746,0.059937
610,smote,auto,instancehardness,auto,-1.0,COMPLETE,2025-04-01 01:49:10.506291,2025-04-01 01:49:10.565866,0.059575
611,ctgan,auto,editednn,0.0625,-1.0,COMPLETE,2025-04-01 01:49:10.577934,2025-04-01 01:49:10.887922,0.309988
612,fastml,0,condensednn,0.5,-1.0,COMPLETE,2025-04-01 01:49:10.909785,2025-04-01 01:49:10.972176,0.062391
613,copulagan,2,condensednn,0.5,-1.0,COMPLETE,2025-04-01 01:49:10.983941,2025-04-01 01:49:11.195277,0.211336
614,random,2,tomeklinks,0.5,-1.0,COMPLETE,2025-04-01 01:49:11.217205,2025-04-01 01:49:11.277453,0.060248
615,adasyn,0,random,0.25,-1.0,COMPLETE,2025-04-01 01:49:11.290947,2025-04-01 01:49:11.363239,0.072292
616,random,auto,onesidedselection,0.5,-1.0,COMPLETE,2025-04-01 01:49:11.375986,2025-04-01 01:49:11.440708,0.064722
617,tvae,0.25,clustercentroid,auto,-1.0,COMPLETE,2025-04-01 01:49:11.453798,2025-04-01 01:49:11.650231,0.196433
618,copulagan,1,onesidedselection,0.125,-1.0,COMPLETE,2025-04-01 01:49:11.672680,2025-04-01 01:49:11.887822,0.215142
619,gaussiancopula,0,random,0.5,-1.0,COMPLETE,2025-04-01 01:49:11.909150,2025-04-01 01:49:11.976641,0.067491
620,tvae,0.5,onesidedselection,0.25,-1.0,COMPLETE,2025-04-01 01:49:11.988234,2025-04-01 01:49:12.171803,0.183569
621,adasyn,0,random,0.125,-1.0,COMPLETE,2025-04-01 01:49:12.193487,2025-04-01 01:49:12.256586,0.063099
622,gaussiancopula,0.5,tomeklinks,0.0625,-1.0,COMPLETE,2025-04-01 01:49:12.268064,2025-04-01 01:49:12.381752,0.113688
623,copulagan,1,onesidedselection,0.0625,-1.0,COMPLETE,2025-04-01 01:49:12.393608,2025-04-01 01:49:12.625665,0.232057
624,random,0,clustercentroid,0.0625,-1.0,COMPLETE,2025-04-01 01:49:12.643590,2025-04-01 01:49:12.702482,0.058892
625,smote,1,random,0.25,-1.0,COMPLETE,2025-04-01 01:49:12.714293,2025-04-01 01:49:12.771571,0.057278
626,ctgan,0.5,instancehardness,0.25,-1.0,COMPLETE,2025-04-01 01:49:12.783255,2025-04-01 01:49:13.084573,0.301318
627,ctgan,auto,editednn,0.25,-1.0,COMPLETE,2025-04-01 01:49:13.106127,2025-04-01 01:49:13.396126,0.289999
628,gaussiancopula,1,random,0.125,1.0,COMPLETE,2025-04-01 01:49:13.417847,2025-04-01 01:49:17.343221,3.925374
629,random,0.25,condensednn,0,-1.0,COMPLETE,2025-04-01 01:49:17.360163,2025-04-01 01:49:17.435249,0.075086
630,random,0,editednn,0.0625,-1.0,COMPLETE,2025-04-01 01:49:17.449788,2025-04-01 01:49:17.524361,0.074573
631,ctgan,0.25,nearmiss,0.25,-1.0,COMPLETE,2025-04-01 01:49:17.537153,2025-04-01 01:49:17.850872,0.313719
632,adasyn,auto,clustercentroid,0.25,-1.0,COMPLETE,2025-04-01 01:49:17.865397,2025-04-01 01:49:17.941173,0.075776
633,ctgan,0.5,random,0.0625,1.0,COMPLETE,2025-04-01 01:49:17.954594,2025-04-01 01:49:22.009971,4.055377
634,copulagan,1,instancehardness,0.0625,-1.0,COMPLETE,2025-04-01 01:49:22.027204,2025-04-01 01:49:22.268345,0.241141
635,ctgan,auto,random,0.5,1.0,COMPLETE,2025-04-01 01:49:22.283324,2025-04-01 01:49:26.351228,4.067904
636,tvae,1,tomeklinks,0.125,-1.0,COMPLETE,2025-04-01 01:49:26.365042,2025-04-01 01:49:26.553856,0.188814
637,adasyn,auto,nearmiss,0.0625,-1.0,COMPLETE,2025-04-01 01:49:26.566259,2025-04-01 01:49:26.626552,0.060293
638,ctgan,0.25,clustercentroid,0.0625,-1.0,COMPLETE,2025-04-01 01:49:26.638139,2025-04-01 01:49:26.943300,0.305161
639,adasyn,auto,onesidedselection,0.0625,-1.0,COMPLETE,2025-04-01 01:49:26.956209,2025-04-01 01:49:27.018744,0.062535
640,ctgan,1,nearmiss,0.25,-1.0,COMPLETE,2025-04-01 01:49:27.032664,2025-04-01 01:49:27.343748,0.311084
641,ctgan,0,condensednn,auto,-1.0,COMPLETE,2025-04-01 01:49:27.356335,2025-04-01 01:49:27.440911,0.084576
642,tvae,auto,instancehardness,0,1.0,COMPLETE,2025-04-01 01:49:27.456327,2025-04-01 01:49:31.494103,4.037776
643,tvae,0.5,nearmiss,auto,-1.0,COMPLETE,2025-04-01 01:49:31.510694,2025-04-01 01:49:31.718112,0.207418
644,copulagan,2,instancehardness,0.25,-1.0,COMPLETE,2025-04-01 01:49:31.733824,2025-04-01 01:49:31.966425,0.232601
645,ctgan,0.25,nearmiss,0.0625,-1.0,COMPLETE,2025-04-01 01:49:31.983600,2025-04-01 01:49:32.290287,0.306687
646,random,0.5,instancehardness,0,-1.0,COMPLETE,2025-04-01 01:49:32.303336,2025-04-01 01:49:32.370943,0.067607
647,tvae,0.25,onesidedselection,0.25,-1.0,COMPLETE,2025-04-01 01:49:32.383565,2025-04-01 01:49:32.581007,0.197442
648,adasyn,0.25,onesidedselection,0.0625,-1.0,COMPLETE,2025-04-01 01:49:32.594430,2025-04-01 01:49:32.667410,0.07298
649,tvae,2,tomeklinks,0.125,-1.0,COMPLETE,2025-04-01 01:49:32.682570,2025-04-01 01:49:32.891703,0.209133
650,tvae,1,tomeklinks,0.25,-1.0,COMPLETE,2025-04-01 01:49:32.904871,2025-04-01 01:49:33.110392,0.205521
651,adasyn,0.5,editednn,0.125,-1.0,COMPLETE,2025-04-01 01:49:33.123547,2025-04-01 01:49:33.184051,0.060504
652,gaussiancopula,auto,tomeklinks,auto,-1.0,COMPLETE,2025-04-01 01:49:33.195445,2025-04-01 01:49:33.319976,0.124531
653,adasyn,0,nearmiss,0.5,-1.0,COMPLETE,2025-04-01 01:49:33.332758,2025-04-01 01:49:33.395433,0.062675
654,ctgan,0.25,condensednn,0.5,-1.0,COMPLETE,2025-04-01 01:49:33.407696,2025-04-01 01:49:33.705734,0.298038
655,copulagan,1,random,0.0625,1.0,COMPLETE,2025-04-01 01:49:33.725726,2025-04-01 01:49:37.729406,4.00368
656,gaussiancopula,0.5,onesidedselection,auto,-1.0,COMPLETE,2025-04-01 01:49:37.744995,2025-04-01 01:49:37.870811,0.125816
657,adasyn,0,clustercentroid,0.0625,-1.0,COMPLETE,2025-04-01 01:49:37.884799,2025-04-01 01:49:37.957234,0.072435
658,random,0,tomeklinks,0.125,-1.0,COMPLETE,2025-04-01 01:49:37.969675,2025-04-01 01:49:38.038228,0.068553
659,gaussiancopula,0.25,condensednn,0,1.0,COMPLETE,2025-04-01 01:49:38.050634,2025-04-01 01:49:41.940666,3.890032
660,ctgan,2,random,0.5,1.0,COMPLETE,2025-04-01 01:49:41.963975,2025-04-01 01:49:46.082141,4.118166
661,random,1,tomeklinks,0.5,-1.0,COMPLETE,2025-04-01 01:49:46.095431,2025-04-01 01:49:46.165535,0.070104
662,gaussiancopula,0.25,random,auto,0.9811320754716981,COMPLETE,2025-04-01 01:49:46.178847,2025-04-01 01:49:50.172027,3.99318
663,adasyn,1,instancehardness,0.25,-1.0,COMPLETE,2025-04-01 01:49:50.186657,2025-04-01 01:49:50.265893,0.079236
664,smote,2,condensednn,0.0625,-1.0,COMPLETE,2025-04-01 01:49:50.281247,2025-04-01 01:49:50.358749,0.077502
665,smote,0.25,random,auto,-1.0,COMPLETE,2025-04-01 01:49:50.372302,2025-04-01 01:49:50.444287,0.071985
666,smote,auto,tomeklinks,0.0625,-1.0,COMPLETE,2025-04-01 01:49:50.459784,2025-04-01 01:49:50.530619,0.070835
667,copulagan,auto,clustercentroid,0.25,-1.0,COMPLETE,2025-04-01 01:49:50.546010,2025-04-01 01:49:50.780992,0.234982
668,adasyn,2,tomeklinks,0.0625,-1.0,COMPLETE,2025-04-01 01:49:50.796663,2025-04-01 01:49:50.868148,0.071485
669,gaussiancopula,auto,clustercentroid,0.0625,-1.0,COMPLETE,2025-04-01 01:49:50.882573,2025-04-01 01:49:51.013096,0.130523
670,copulagan,1,instancehardness,0,1.0,COMPLETE,2025-04-01 01:49:51.027660,2025-04-01 01:49:55.100348,4.072688
671,smote,auto,editednn,auto,-1.0,COMPLETE,2025-04-01 01:49:55.114240,2025-04-01 01:49:55.173891,0.059651
672,ctgan,auto,clustercentroid,0.5,-1.0,COMPLETE,2025-04-01 01:49:55.185308,2025-04-01 01:49:55.505068,0.31976
673,fastml,auto,instancehardness,0.25,-1.0,COMPLETE,2025-04-01 01:49:55.526530,2025-04-01 01:49:55.641814,0.115284
674,gaussiancopula,2,editednn,0.125,-1.0,COMPLETE,2025-04-01 01:49:55.653461,2025-04-01 01:49:55.768635,0.115174
675,copulagan,1,tomeklinks,0.0625,-1.0,COMPLETE,2025-04-01 01:49:55.781113,2025-04-01 01:49:56.006117,0.225004
676,random,2,clustercentroid,0.25,-1.0,COMPLETE,2025-04-01 01:49:56.027521,2025-04-01 01:49:56.088438,0.060917
677,smote,2,random,0.5,-1.0,COMPLETE,2025-04-01 01:49:56.099871,2025-04-01 01:49:56.159428,0.059557
678,random,0.25,tomeklinks,auto,-1.0,COMPLETE,2025-04-01 01:49:56.170783,2025-04-01 01:49:56.232323,0.06154
679,fastml,2,instancehardness,0,1.0,COMPLETE,2025-04-01 01:49:56.244023,2025-04-01 01:50:00.157496,3.913473
680,tvae,0,condensednn,auto,-1.0,COMPLETE,2025-04-01 01:50:00.180247,2025-04-01 01:50:00.249728,0.069481
681,tvae,0.25,instancehardness,auto,-1.0,COMPLETE,2025-04-01 01:50:00.262480,2025-04-01 01:50:00.460782,0.198302
682,copulagan,auto,editednn,0.0625,-1.0,COMPLETE,2025-04-01 01:50:00.483282,2025-04-01 01:50:00.716082,0.2328
683,ctgan,auto,tomeklinks,0.25,-1.0,COMPLETE,2025-04-01 01:50:00.738344,2025-04-01 01:50:01.048575,0.310231
684,adasyn,0.25,onesidedselection,0,-1.0,COMPLETE,2025-04-01 01:50:01.070929,2025-04-01 01:50:01.129330,0.058401
685,gaussiancopula,1,instancehardness,0.125,-1.0,COMPLETE,2025-04-01 01:50:01.141152,2025-04-01 01:50:01.263337,0.122185
686,smote,0.25,condensednn,0.0625,-1.0,COMPLETE,2025-04-01 01:50:01.275763,2025-04-01 01:50:01.336018,0.060255
687,gaussiancopula,0.25,nearmiss,auto,-1.0,COMPLETE,2025-04-01 01:50:01.348058,2025-04-01 01:50:01.474818,0.12676
688,copulagan,auto,onesidedselection,0.5,-1.0,COMPLETE,2025-04-01 01:50:01.486963,2025-04-01 01:50:01.696947,0.209984
689,gaussiancopula,0.25,instancehardness,0,1.0,COMPLETE,2025-04-01 01:50:01.719826,2025-04-01 01:50:05.659666,3.93984
690,gaussiancopula,0.25,clustercentroid,0.25,-1.0,COMPLETE,2025-04-01 01:50:05.682293,2025-04-01 01:50:05.797361,0.115068
691,random,0,random,0.25,-1.0,COMPLETE,2025-04-01 01:50:05.809201,2025-04-01 01:50:05.874560,0.065359
692,adasyn,2,random,auto,-1.0,COMPLETE,2025-04-01 01:50:05.886290,2025-04-01 01:50:05.946745,0.060455
693,copulagan,0.5,random,auto,0.92,COMPLETE,2025-04-01 01:50:05.958540,2025-04-01 01:50:10.048620,4.09008
694,gaussiancopula,1,nearmiss,0.25,-1.0,COMPLETE,2025-04-01 01:50:10.061667,2025-04-01 01:50:10.180071,0.118404
695,fastml,auto,random,0.25,1.0,COMPLETE,2025-04-01 01:50:10.191789,2025-04-01 01:50:14.052472,3.860683
696,tvae,2,instancehardness,0.0625,-1.0,COMPLETE,2025-04-01 01:50:14.075084,2025-04-01 01:50:14.257626,0.182542
697,adasyn,0.5,condensednn,0,-1.0,COMPLETE,2025-04-01 01:50:14.279526,2025-04-01 01:50:14.338640,0.059114
698,smote,0.25,editednn,0,-1.0,COMPLETE,2025-04-01 01:50:14.349837,2025-04-01 01:50:14.407587,0.05775
699,smote,0.25,tomeklinks,auto,-1.0,COMPLETE,2025-04-01 01:50:14.420011,2025-04-01 01:50:14.479140,0.059129
700,gaussiancopula,0,tomeklinks,0.125,-1.0,COMPLETE,2025-04-01 01:50:14.491645,2025-04-01 01:50:14.556300,0.064655
701,smote,0,instancehardness,0.5,-1.0,COMPLETE,2025-04-01 01:50:14.567784,2025-04-01 01:50:14.630057,0.062273
702,smote,auto,condensednn,0.25,-1.0,COMPLETE,2025-04-01 01:50:14.642968,2025-04-01 01:50:14.704534,0.061566
703,random,1,editednn,0.125,-1.0,COMPLETE,2025-04-01 01:50:14.716941,2025-04-01 01:50:14.780538,0.063597
704,adasyn,0.5,tomeklinks,0.25,-1.0,COMPLETE,2025-04-01 01:50:14.792721,2025-04-01 01:50:14.853879,0.061158
705,fastml,0.5,random,0.5,1.0,COMPLETE,2025-04-01 01:50:14.865133,2025-04-01 01:50:18.763958,3.898825
706,adasyn,0.25,editednn,0,-1.0,COMPLETE,2025-04-01 01:50:18.786443,2025-04-01 01:50:18.844383,0.05794
707,random,1,clustercentroid,0,-1.0,COMPLETE,2025-04-01 01:50:18.855818,2025-04-01 01:50:18.922475,0.066657
708,fastml,0.5,random,0,1.0,COMPLETE,2025-04-01 01:50:18.934959,2025-04-01 01:50:22.873819,3.93886
709,adasyn,1,clustercentroid,auto,-1.0,COMPLETE,2025-04-01 01:50:22.897184,2025-04-01 01:50:22.956631,0.059447
710,gaussiancopula,auto,clustercentroid,0,1.0,COMPLETE,2025-04-01 01:50:22.968083,2025-04-01 01:50:26.875415,3.907332
711,gaussiancopula,0,instancehardness,auto,-1.0,COMPLETE,2025-04-01 01:50:26.898700,2025-04-01 01:50:26.962595,0.063895
712,gaussiancopula,0,random,auto,-1.0,COMPLETE,2025-04-01 01:50:26.974304,2025-04-01 01:50:27.045456,0.071152
713,smote,0,instancehardness,0.125,-1.0,COMPLETE,2025-04-01 01:50:27.057224,2025-04-01 01:50:27.116718,0.059494
714,fastml,0,onesidedselection,0.5,-1.0,COMPLETE,2025-04-01 01:50:27.128502,2025-04-01 01:50:27.190736,0.062234
715,smote,0.25,editednn,0.125,-1.0,COMPLETE,2025-04-01 01:50:27.202524,2025-04-01 01:50:27.262313,0.059789
716,copulagan,0,nearmiss,0.5,-1.0,COMPLETE,2025-04-01 01:50:27.274434,2025-04-01 01:50:27.347357,0.072923
717,smote,0.25,instancehardness,0.5,-1.0,COMPLETE,2025-04-01 01:50:27.359056,2025-04-01 01:50:27.416980,0.057924
718,tvae,2,condensednn,0.25,-1.0,COMPLETE,2025-04-01 01:50:27.429626,2025-04-01 01:50:27.624699,0.195073
719,adasyn,2,condensednn,0,-1.0,COMPLETE,2025-04-01 01:50:27.637278,2025-04-01 01:50:27.695799,0.058521
720,tvae,0.5,editednn,0.0625,-1.0,COMPLETE,2025-04-01 01:50:27.707191,2025-04-01 01:50:27.887484,0.180293
721,copulagan,2,nearmiss,auto,-1.0,COMPLETE,2025-04-01 01:50:27.908935,2025-04-01 01:50:28.123154,0.214219
722,fastml,2,instancehardness,0.0625,-1.0,COMPLETE,2025-04-01 01:50:28.144715,2025-04-01 01:50:28.267841,0.123126
723,adasyn,1,condensednn,0.5,-1.0,COMPLETE,2025-04-01 01:50:28.279640,2025-04-01 01:50:28.339006,0.059366
724,tvae,1,onesidedselection,0.0625,-1.0,COMPLETE,2025-04-01 01:50:28.350541,2025-04-01 01:50:28.535693,0.185152
725,ctgan,0.25,instancehardness,0.0625,-1.0,COMPLETE,2025-04-01 01:50:28.557662,2025-04-01 01:50:28.870707,0.313045
726,tvae,0,tomeklinks,0.5,-1.0,COMPLETE,2025-04-01 01:50:28.892439,2025-04-01 01:50:28.962732,0.070293
727,copulagan,auto,condensednn,0,1.0,COMPLETE,2025-04-01 01:50:28.974333,2025-04-01 01:50:32.917986,3.943653
728,tvae,0.5,editednn,0.125,-1.0,COMPLETE,2025-04-01 01:50:32.932185,2025-04-01 01:50:33.119715,0.18753
729,tvae,2,onesidedselection,0.5,-1.0,COMPLETE,2025-04-01 01:50:33.141441,2025-04-01 01:50:33.320208,0.178767
730,smote,2,onesidedselection,0.5,-1.0,COMPLETE,2025-04-01 01:50:33.341586,2025-04-01 01:50:33.400773,0.059187
731,ctgan,0,tomeklinks,0.25,-1.0,COMPLETE,2025-04-01 01:50:33.412394,2025-04-01 01:50:33.481203,0.068809
732,fastml,auto,random,0.5,1.0,COMPLETE,2025-04-01 01:50:33.493123,2025-04-01 01:50:37.422594,3.929471
733,ctgan,1,instancehardness,0.125,-1.0,COMPLETE,2025-04-01 01:50:37.445074,2025-04-01 01:50:37.762232,0.317158
734,fastml,0.25,clustercentroid,0.25,-1.0,COMPLETE,2025-04-01 01:50:37.784236,2025-04-01 01:50:37.899746,0.11551
735,gaussiancopula,2,onesidedselection,0.0625,-1.0,COMPLETE,2025-04-01 01:50:37.912017,2025-04-01 01:50:38.030556,0.118539
736,tvae,2,clustercentroid,0.25,-1.0,COMPLETE,2025-04-01 01:50:38.042342,2025-04-01 01:50:38.231857,0.189515
737,copulagan,auto,clustercentroid,0.5,-1.0,COMPLETE,2025-04-01 01:50:38.255560,2025-04-01 01:50:38.479272,0.223712
738,gaussiancopula,auto,tomeklinks,0.25,-1.0,COMPLETE,2025-04-01 01:50:38.500831,2025-04-01 01:50:38.618262,0.117431
739,ctgan,1,condensednn,0.25,-1.0,COMPLETE,2025-04-01 01:50:38.630180,2025-04-01 01:50:38.921590,0.29141
740,ctgan,1,condensednn,0.125,-1.0,COMPLETE,2025-04-01 01:50:38.943116,2025-04-01 01:50:39.240855,0.297739
741,smote,2,condensednn,0.5,-1.0,COMPLETE,2025-04-01 01:50:39.263723,2025-04-01 01:50:39.327816,0.064093
742,fastml,2,tomeklinks,0,1.0,COMPLETE,2025-04-01 01:50:39.340134,2025-04-01 01:50:43.263769,3.923635
743,smote,1,clustercentroid,0.25,-1.0,COMPLETE,2025-04-01 01:50:43.286350,2025-04-01 01:50:43.348270,0.06192
744,smote,auto,onesidedselection,0.25,-1.0,COMPLETE,2025-04-01 01:50:43.360464,2025-04-01 01:50:43.421780,0.061316
745,gaussiancopula,0,onesidedselection,auto,-1.0,COMPLETE,2025-04-01 01:50:43.434058,2025-04-01 01:50:43.503755,0.069697
746,ctgan,0.25,clustercentroid,0.5,-1.0,COMPLETE,2025-04-01 01:50:43.517180,2025-04-01 01:50:43.838462,0.321282
747,copulagan,2,editednn,0.5,-1.0,COMPLETE,2025-04-01 01:50:43.861056,2025-04-01 01:50:44.081525,0.220469
748,random,0.5,instancehardness,0.0625,-1.0,COMPLETE,2025-04-01 01:50:44.103222,2025-04-01 01:50:44.169870,0.066648
749,smote,1,instancehardness,0,-1.0,COMPLETE,2025-04-01 01:50:44.182699,2025-04-01 01:50:44.246304,0.063605
750,tvae,1,clustercentroid,0,1.0,COMPLETE,2025-04-01 01:50:44.259001,2025-04-01 01:50:48.203954,3.944953
751,gaussiancopula,2,onesidedselection,0.125,-1.0,COMPLETE,2025-04-01 01:50:48.217327,2025-04-01 01:50:48.336896,0.119569
752,ctgan,1,condensednn,0.0625,-1.0,COMPLETE,2025-04-01 01:50:48.348671,2025-04-01 01:50:48.655396,0.306725
753,fastml,auto,random,0,1.0,COMPLETE,2025-04-01 01:50:48.676951,2025-04-01 01:50:52.656159,3.979208
754,adasyn,0,condensednn,0.125,-1.0,COMPLETE,2025-04-01 01:50:52.679034,2025-04-01 01:50:52.739149,0.060115
755,random,0,instancehardness,0.5,-1.0,COMPLETE,2025-04-01 01:50:52.750486,2025-04-01 01:50:52.810195,0.059709
756,ctgan,0,tomeklinks,0.5,-1.0,COMPLETE,2025-04-01 01:50:52.821628,2025-04-01 01:50:52.892172,0.070544
757,ctgan,2,condensednn,0.5,-1.0,COMPLETE,2025-04-01 01:50:52.903774,2025-04-01 01:50:53.201394,0.29762
758,ctgan,auto,editednn,0.5,-1.0,COMPLETE,2025-04-01 01:50:53.224891,2025-04-01 01:50:53.529083,0.304192
759,adasyn,0,instancehardness,0.25,-1.0,COMPLETE,2025-04-01 01:50:53.542049,2025-04-01 01:50:53.603180,0.061131
760,gaussiancopula,0.25,random,0.125,0.9811320754716981,COMPLETE,2025-04-01 01:50:53.615721,2025-04-01 01:50:57.611541,3.99582
761,random,1,condensednn,0.25,-1.0,COMPLETE,2025-04-01 01:50:57.624879,2025-04-01 01:50:57.688580,0.063701
762,copulagan,2,editednn,0.0625,-1.0,COMPLETE,2025-04-01 01:50:57.701399,2025-04-01 01:50:57.918724,0.217325
763,ctgan,0.5,condensednn,0.5,-1.0,COMPLETE,2025-04-01 01:50:57.940063,2025-04-01 01:50:58.243305,0.303242
764,random,0,onesidedselection,0.25,-1.0,COMPLETE,2025-04-01 01:50:58.265014,2025-04-01 01:50:58.327631,0.062617
765,copulagan,0,editednn,auto,-1.0,COMPLETE,2025-04-01 01:50:58.340010,2025-04-01 01:50:58.416702,0.076692
766,random,0,editednn,auto,-1.0,COMPLETE,2025-04-01 01:50:58.429975,2025-04-01 01:50:58.493270,0.063295
767,random,1,clustercentroid,0.0625,-1.0,COMPLETE,2025-04-01 01:50:58.505963,2025-04-01 01:50:58.572775,0.066812
768,tvae,2,condensednn,0.5,-1.0,COMPLETE,2025-04-01 01:50:58.587114,2025-04-01 01:50:58.771971,0.184857
769,tvae,0,onesidedselection,0,-1.0,ERROR,,,0.0
770,smote,0,nearmiss,0.25,-1.0,COMPLETE,2025-04-01 01:50:58.880021,2025-04-01 01:50:58.942898,0.062877
771,adasyn,2,instancehardness,0.5,-1.0,COMPLETE,2025-04-01 01:50:58.955150,2025-04-01 01:50:59.015335,0.060185
772,gaussiancopula,auto,editednn,auto,-1.0,COMPLETE,2025-04-01 01:50:59.027073,2025-04-01 01:50:59.143582,0.116509
773,ctgan,1,editednn,0,1.0,COMPLETE,2025-04-01 01:50:59.155304,2025-04-01 01:51:03.321258,4.165954
774,gaussiancopula,2,tomeklinks,0.0625,-1.0,COMPLETE,2025-04-01 01:51:03.336723,2025-04-01 01:51:03.459394,0.122671
775,ctgan,2,nearmiss,0,1.0,COMPLETE,2025-04-01 01:51:03.471924,2025-04-01 01:51:07.716478,4.244554
776,tvae,0.25,condensednn,0,1.0,COMPLETE,2025-04-01 01:51:07.730354,2025-04-01 01:51:12.086547,4.356193
777,adasyn,auto,tomeklinks,auto,-1.0,COMPLETE,2025-04-01 01:51:12.100374,2025-04-01 01:51:12.165798,0.065424
778,gaussiancopula,0,random,0,-1.0,ERROR,,,0.0
779,tvae,0.5,tomeklinks,0.25,-1.0,COMPLETE,2025-04-01 01:51:12.272289,2025-04-01 01:51:12.470958,0.198669
780,smote,1,condensednn,0,-1.0,COMPLETE,2025-04-01 01:51:12.493971,2025-04-01 01:51:12.565118,0.071147
781,random,2,random,0.5,-1.0,COMPLETE,2025-04-01 01:51:12.578754,2025-04-01 01:51:12.657783,0.079029
782,gaussiancopula,1,clustercentroid,0.0625,-1.0,COMPLETE,2025-04-01 01:51:12.671491,2025-04-01 01:51:12.807783,0.136292
783,copulagan,0.5,random,0.25,0.92,COMPLETE,2025-04-01 01:51:12.820559,2025-04-01 01:51:17.054002,4.233443
784,tvae,2,onesidedselection,0.125,-1.0,COMPLETE,2025-04-01 01:51:17.068315,2025-04-01 01:51:17.286260,0.217945
785,fastml,0.25,onesidedselection,0.5,-1.0,COMPLETE,2025-04-01 01:51:17.309130,2025-04-01 01:51:17.435549,0.126419
786,ctgan,2,clustercentroid,0.125,-1.0,COMPLETE,2025-04-01 01:51:17.450112,2025-04-01 01:51:17.770273,0.320161
787,fastml,1,nearmiss,0.125,-1.0,COMPLETE,2025-04-01 01:51:17.788542,2025-04-01 01:51:17.917556,0.129014
788,random,1,nearmiss,auto,-1.0,COMPLETE,2025-04-01 01:51:17.930226,2025-04-01 01:51:17.997638,0.067412
789,fastml,0.25,onesidedselection,auto,-1.0,COMPLETE,2025-04-01 01:51:18.010367,2025-04-01 01:51:18.133035,0.122668
790,ctgan,0,condensednn,0.0625,-1.0,COMPLETE,2025-04-01 01:51:18.145225,2025-04-01 01:51:18.221108,0.075883
791,gaussiancopula,0.5,clustercentroid,0,1.0,COMPLETE,2025-04-01 01:51:18.234428,2025-04-01 01:51:22.262459,4.028031
792,ctgan,0.25,tomeklinks,0.5,-1.0,COMPLETE,2025-04-01 01:51:22.285891,2025-04-01 01:51:22.605348,0.319457
793,gaussiancopula,0,condensednn,0.0625,-1.0,COMPLETE,2025-04-01 01:51:22.627164,2025-04-01 01:51:22.694290,0.067126
794,gaussiancopula,auto,nearmiss,auto,-1.0,COMPLETE,2025-04-01 01:51:22.705682,2025-04-01 01:51:22.823224,0.117542
795,ctgan,auto,condensednn,0.125,-1.0,COMPLETE,2025-04-01 01:51:22.835531,2025-04-01 01:51:23.154116,0.318585
796,ctgan,1,tomeklinks,auto,-1.0,COMPLETE,2025-04-01 01:51:23.175901,2025-04-01 01:51:23.485176,0.309275
797,random,auto,tomeklinks,0.25,-1.0,COMPLETE,2025-04-01 01:51:23.499965,2025-04-01 01:51:23.567935,0.06797
798,random,auto,nearmiss,0.0625,-1.0,COMPLETE,2025-04-01 01:51:23.579673,2025-04-01 01:51:23.645771,0.066098
799,random,2,nearmiss,auto,-1.0,COMPLETE,2025-04-01 01:51:23.659148,2025-04-01 01:51:23.724090,0.064942
800,random,auto,random,0.25,-1.0,COMPLETE,2025-04-01 01:51:23.736186,2025-04-01 01:51:23.806647,0.070461
801,copulagan,2,random,0.5,0.92,COMPLETE,2025-04-01 01:51:23.818372,2025-04-01 01:51:27.941595,4.123223
802,fastml,0.25,condensednn,0.0625,-1.0,COMPLETE,2025-04-01 01:51:27.955030,2025-04-01 01:51:28.075591,0.120561
803,adasyn,0.25,nearmiss,0.25,-1.0,COMPLETE,2025-04-01 01:51:28.088480,2025-04-01 01:51:28.150899,0.062419
804,ctgan,0,nearmiss,0,-1.0,ERROR,,,0.0
805,smote,0.5,editednn,auto,-1.0,COMPLETE,2025-04-01 01:51:28.251478,2025-04-01 01:51:28.312896,0.061418
806,smote,0.5,random,0,-1.0,COMPLETE,2025-04-01 01:51:28.325097,2025-04-01 01:51:28.387738,0.062641
807,gaussiancopula,0.5,editednn,0.0625,-1.0,COMPLETE,2025-04-01 01:51:28.399703,2025-04-01 01:51:28.519306,0.119603
808,tvae,0.25,clustercentroid,0.5,-1.0,COMPLETE,2025-04-01 01:51:28.531246,2025-04-01 01:51:28.724068,0.192822
809,random,2,random,0,-1.0,COMPLETE,2025-04-01 01:51:28.746288,2025-04-01 01:51:28.813407,0.067119
810,adasyn,auto,nearmiss,0.125,-1.0,COMPLETE,2025-04-01 01:51:28.825886,2025-04-01 01:51:28.885803,0.059917
811,adasyn,1,onesidedselection,auto,-1.0,COMPLETE,2025-04-01 01:51:28.897103,2025-04-01 01:51:28.960120,0.063017
812,tvae,0.25,nearmiss,0.5,-1.0,COMPLETE,2025-04-01 01:51:28.973275,2025-04-01 01:51:29.166658,0.193383
813,random,auto,nearmiss,0,-1.0,COMPLETE,2025-04-01 01:51:29.189001,2025-04-01 01:51:29.258046,0.069045
814,tvae,1,condensednn,0.5,-1.0,COMPLETE,2025-04-01 01:51:29.270096,2025-04-01 01:51:29.454317,0.184221
815,gaussiancopula,auto,tomeklinks,0.0625,-1.0,COMPLETE,2025-04-01 01:51:29.476293,2025-04-01 01:51:29.595229,0.118936
816,gaussiancopula,0,condensednn,0.25,-1.0,COMPLETE,2025-04-01 01:51:29.607340,2025-04-01 01:51:29.677405,0.070065
817,adasyn,0,onesidedselection,0.5,-1.0,COMPLETE,2025-04-01 01:51:29.690299,2025-04-01 01:51:29.754019,0.06372
818,gaussiancopula,1,editednn,0.25,-1.0,COMPLETE,2025-04-01 01:51:29.765698,2025-04-01 01:51:29.887206,0.121508
819,gaussiancopula,auto,editednn,0.5,-1.0,COMPLETE,2025-04-01 01:51:29.899050,2025-04-01 01:51:30.021218,0.122168
820,gaussiancopula,2,random,0.5,1.0,COMPLETE,2025-04-01 01:51:30.033060,2025-04-01 01:51:33.945916,3.912856
821,copulagan,0.25,onesidedselection,0.125,-1.0,COMPLETE,2025-04-01 01:51:33.972331,2025-04-01 01:51:34.201003,0.228672
822,ctgan,auto,nearmiss,0.125,-1.0,COMPLETE,2025-04-01 01:51:34.223433,2025-04-01 01:51:34.548355,0.324922
823,adasyn,auto,onesidedselection,0.25,-1.0,COMPLETE,2025-04-01 01:51:34.570323,2025-04-01 01:51:34.634346,0.064023
824,fastml,0,editednn,0.25,-1.0,COMPLETE,2025-04-01 01:51:34.647249,2025-04-01 01:51:34.715873,0.068624
825,smote,auto,instancehardness,0.0625,-1.0,COMPLETE,2025-04-01 01:51:34.727825,2025-04-01 01:51:34.789212,0.061387
826,tvae,0.25,onesidedselection,0.125,-1.0,COMPLETE,2025-04-01 01:51:34.801037,2025-04-01 01:51:34.991094,0.190057
827,fastml,0.25,random,0.125,0.9411764705882353,COMPLETE,2025-04-01 01:51:35.013532,2025-04-01 01:51:38.918370,3.904838
828,fastml,auto,nearmiss,0,1.0,COMPLETE,2025-04-01 01:51:38.932001,2025-04-01 01:51:43.110262,4.178261
829,fastml,auto,clustercentroid,0.0625,-1.0,COMPLETE,2025-04-01 01:51:43.135043,2025-04-01 01:51:43.270591,0.135548
830,random,0.5,random,0.5,-1.0,COMPLETE,2025-04-01 01:51:43.284639,2025-04-01 01:51:43.372508,0.087869
831,fastml,0.5,tomeklinks,0.5,-1.0,COMPLETE,2025-04-01 01:51:43.386102,2025-04-01 01:51:43.524313,0.138211
832,ctgan,0.25,editednn,0.5,-1.0,COMPLETE,2025-04-01 01:51:43.540852,2025-04-01 01:51:43.893239,0.352387
833,fastml,0,clustercentroid,0.5,-1.0,COMPLETE,2025-04-01 01:51:43.906266,2025-04-01 01:51:43.986812,0.080546
834,random,1,nearmiss,0,-1.0,COMPLETE,2025-04-01 01:51:44.001130,2025-04-01 01:51:44.078959,0.077829
835,adasyn,0.5,clustercentroid,0.125,-1.0,COMPLETE,2025-04-01 01:51:44.091515,2025-04-01 01:51:44.159497,0.067982
836,tvae,0.5,tomeklinks,0.5,-1.0,COMPLETE,2025-04-01 01:51:44.172938,2025-04-01 01:51:44.378008,0.20507
837,copulagan,0.5,editednn,0.5,-1.0,COMPLETE,2025-04-01 01:51:44.406540,2025-04-01 01:51:44.690043,0.283503
838,adasyn,2,random,0.0625,-1.0,COMPLETE,2025-04-01 01:51:44.715109,2025-04-01 01:51:44.787981,0.072872
839,random,1,tomeklinks,0,-1.0,COMPLETE,2025-04-01 01:51:44.801917,2025-04-01 01:51:44.876531,0.074614
840,copulagan,auto,condensednn,0.25,-1.0,COMPLETE,2025-04-01 01:51:44.889657,2025-04-01 01:51:45.132778,0.243121
841,tvae,0,random,0.25,-1.0,COMPLETE,2025-04-01 01:51:45.156890,2025-04-01 01:51:45.249163,0.092273
842,smote,1,onesidedselection,auto,-1.0,COMPLETE,2025-04-01 01:51:45.272684,2025-04-01 01:51:45.345374,0.07269
843,fastml,2,random,auto,1.0,COMPLETE,2025-04-01 01:51:45.359251,2025-04-01 01:51:49.575280,4.216029
844,gaussiancopula,auto,nearmiss,0.0625,-1.0,COMPLETE,2025-04-01 01:51:49.598738,2025-04-01 01:51:49.720457,0.121719
845,gaussiancopula,0,editednn,0,-1.0,ERROR,,,0.0
846,random,0.25,condensednn,0.125,-1.0,COMPLETE,2025-04-01 01:51:49.820520,2025-04-01 01:51:49.887224,0.066704
847,ctgan,auto,tomeklinks,0,1.0,COMPLETE,2025-04-01 01:51:49.899769,2025-04-01 01:51:54.287079,4.38731
848,copulagan,0.25,clustercentroid,0.25,-1.0,COMPLETE,2025-04-01 01:51:54.301002,2025-04-01 01:51:54.549202,0.2482
849,copulagan,2,onesidedselection,0,1.0,COMPLETE,2025-04-01 01:51:54.571763,2025-04-01 01:51:58.923769,4.352006
850,ctgan,0.5,random,0,1.0,COMPLETE,2025-04-01 01:51:58.938921,2025-04-01 01:52:03.385261,4.44634
851,gaussiancopula,1,condensednn,0.125,-1.0,COMPLETE,2025-04-01 01:52:03.399564,2025-04-01 01:52:03.532238,0.132674
852,smote,0.5,editednn,0.25,-1.0,COMPLETE,2025-04-01 01:52:03.545310,2025-04-01 01:52:03.610388,0.065078
853,copulagan,auto,nearmiss,0.25,-1.0,COMPLETE,2025-04-01 01:52:03.622526,2025-04-01 01:52:03.884126,0.2616
854,smote,auto,onesidedselection,0.5,-1.0,COMPLETE,2025-04-01 01:52:03.907315,2025-04-01 01:52:03.985781,0.078466
855,smote,2,tomeklinks,auto,-1.0,COMPLETE,2025-04-01 01:52:03.999062,2025-04-01 01:52:04.068315,0.069253
856,ctgan,2,onesidedselection,0.0625,-1.0,COMPLETE,2025-04-01 01:52:04.081427,2025-04-01 01:52:04.434096,0.352669
857,ctgan,0.5,random,0.125,1.0,COMPLETE,2025-04-01 01:52:04.447119,2025-04-01 01:52:08.760206,4.313087
858,fastml,0,onesidedselection,0.25,-1.0,COMPLETE,2025-04-01 01:52:08.775121,2025-04-01 01:52:08.854444,0.079323
859,adasyn,0.25,onesidedselection,auto,-1.0,COMPLETE,2025-04-01 01:52:08.867948,2025-04-01 01:52:08.942624,0.074676
860,random,2,instancehardness,0.5,-1.0,COMPLETE,2025-04-01 01:52:08.955906,2025-04-01 01:52:09.029575,0.073669
861,fastml,auto,random,0.125,1.0,COMPLETE,2025-04-01 01:52:09.043428,2025-04-01 01:52:13.257627,4.214199
862,adasyn,1,condensednn,0.125,-1.0,COMPLETE,2025-04-01 01:52:13.281937,2025-04-01 01:52:13.345565,0.063628
863,random,0.5,random,0.0625,-1.0,COMPLETE,2025-04-01 01:52:13.359196,2025-04-01 01:52:13.444170,0.084974
864,ctgan,0,editednn,0.0625,-1.0,COMPLETE,2025-04-01 01:52:13.458541,2025-04-01 01:52:13.542475,0.083934
865,adasyn,auto,tomeklinks,0.5,-1.0,COMPLETE,2025-04-01 01:52:13.556415,2025-04-01 01:52:13.629987,0.073572
866,ctgan,0.25,clustercentroid,auto,-1.0,COMPLETE,2025-04-01 01:52:13.643039,2025-04-01 01:52:13.977317,0.334278
867,random,0.25,random,0.125,-1.0,COMPLETE,2025-04-01 01:52:14.000355,2025-04-01 01:52:14.074161,0.073806
868,adasyn,1,random,0.125,-1.0,COMPLETE,2025-04-01 01:52:14.085962,2025-04-01 01:52:14.149344,0.063382
869,random,0.5,instancehardness,0.25,-1.0,COMPLETE,2025-04-01 01:52:14.161081,2025-04-01 01:52:14.232011,0.07093
870,copulagan,1,editednn,0.5,-1.0,COMPLETE,2025-04-01 01:52:14.244707,2025-04-01 01:52:14.473576,0.228869
871,random,0.25,clustercentroid,0.25,-1.0,COMPLETE,2025-04-01 01:52:14.496336,2025-04-01 01:52:14.570343,0.074007
872,random,auto,condensednn,0.5,-1.0,COMPLETE,2025-04-01 01:52:14.583650,2025-04-01 01:52:14.658272,0.074622
873,copulagan,auto,nearmiss,0,1.0,COMPLETE,2025-04-01 01:52:14.672154,2025-04-01 01:52:19.028638,4.356484
874,smote,1,condensednn,0.5,-1.0,COMPLETE,2025-04-01 01:52:19.043217,2025-04-01 01:52:19.111306,0.068089
875,smote,auto,clustercentroid,0.25,-1.0,COMPLETE,2025-04-01 01:52:19.123942,2025-04-01 01:52:19.193198,0.069256
876,copulagan,0.5,editednn,0,1.0,COMPLETE,2025-04-01 01:52:19.208110,2025-04-01 01:52:23.515828,4.307718
877,copulagan,0.5,onesidedselection,0,1.0,COMPLETE,2025-04-01 01:52:23.536274,2025-04-01 01:52:27.658189,4.121915
878,tvae,0,instancehardness,0.25,-1.0,COMPLETE,2025-04-01 01:52:27.684504,2025-04-01 01:52:27.767008,0.082504
879,copulagan,2,tomeklinks,0,1.0,COMPLETE,2025-04-01 01:52:27.780686,2025-04-01 01:52:32.098884,4.318198
880,ctgan,0.5,editednn,0,1.0,COMPLETE,2025-04-01 01:52:32.113064,2025-04-01 01:52:36.278699,4.165635
881,random,2,condensednn,0,-1.0,COMPLETE,2025-04-01 01:52:36.291823,2025-04-01 01:52:36.362473,0.07065
882,gaussiancopula,2,random,0,1.0,COMPLETE,2025-04-01 01:52:36.374242,2025-04-01 01:52:40.451687,4.077445
883,tvae,1,instancehardness,0.0625,-1.0,COMPLETE,2025-04-01 01:52:40.476068,2025-04-01 01:52:40.703002,0.226934
884,fastml,0.5,condensednn,0.125,-1.0,COMPLETE,2025-04-01 01:52:40.716570,2025-04-01 01:52:40.851464,0.134894
885,smote,0.5,condensednn,0.125,-1.0,COMPLETE,2025-04-01 01:52:40.865470,2025-04-01 01:52:40.941570,0.0761
886,random,2,tomeklinks,0.25,-1.0,COMPLETE,2025-04-01 01:52:40.956055,2025-04-01 01:52:41.036233,0.080178
887,copulagan,0.5,onesidedselection,0.25,-1.0,COMPLETE,2025-04-01 01:52:41.049519,2025-04-01 01:52:41.291561,0.242042
888,gaussiancopula,1,editednn,0.0625,-1.0,COMPLETE,2025-04-01 01:52:41.316978,2025-04-01 01:52:41.465920,0.148942
889,fastml,auto,instancehardness,0.0625,-1.0,COMPLETE,2025-04-01 01:52:41.482986,2025-04-01 01:52:41.625497,0.142511
890,adasyn,1,onesidedselection,0.25,-1.0,COMPLETE,2025-04-01 01:52:41.639222,2025-04-01 01:52:41.719933,0.080711
891,gaussiancopula,0.25,instancehardness,auto,-1.0,COMPLETE,2025-04-01 01:52:41.735337,2025-04-01 01:52:41.874924,0.139587
892,gaussiancopula,0.25,clustercentroid,0.125,-1.0,COMPLETE,2025-04-01 01:52:41.888986,2025-04-01 01:52:42.036590,0.147604
893,ctgan,0.5,editednn,0.0625,-1.0,COMPLETE,2025-04-01 01:52:42.052331,2025-04-01 01:52:42.400726,0.348395
894,tvae,0,tomeklinks,0.25,-1.0,COMPLETE,2025-04-01 01:52:42.414386,2025-04-01 01:52:42.499180,0.084794
895,adasyn,0.25,clustercentroid,0.5,-1.0,COMPLETE,2025-04-01 01:52:42.512524,2025-04-01 01:52:42.588028,0.075504
896,ctgan,2,nearmiss,0.0625,-1.0,COMPLETE,2025-04-01 01:52:42.602981,2025-04-01 01:52:42.929323,0.326342
897,ctgan,1,clustercentroid,0.25,-1.0,COMPLETE,2025-04-01 01:52:42.952761,2025-04-01 01:52:43.283138,0.330377
898,smote,auto,tomeklinks,auto,-1.0,COMPLETE,2025-04-01 01:52:43.303710,2025-04-01 01:52:43.380106,0.076396
899,ctgan,auto,condensednn,0.0625,-1.0,COMPLETE,2025-04-01 01:52:43.393181,2025-04-01 01:52:43.739698,0.346517
900,smote,0.5,onesidedselection,0.5,-1.0,COMPLETE,2025-04-01 01:52:43.754727,2025-04-01 01:52:43.829752,0.075025
901,tvae,auto,condensednn,0.0625,-1.0,COMPLETE,2025-04-01 01:52:43.843495,2025-04-01 01:52:44.058795,0.2153
902,fastml,2,onesidedselection,auto,-1.0,COMPLETE,2025-04-01 01:52:44.082378,2025-04-01 01:52:44.220209,0.137831
903,ctgan,2,instancehardness,0.5,-1.0,COMPLETE,2025-04-01 01:52:44.233494,2025-04-01 01:52:44.591088,0.357594
904,ctgan,auto,nearmiss,0,1.0,COMPLETE,2025-04-01 01:52:44.615301,2025-04-01 01:52:49.179720,4.564419
905,tvae,auto,condensednn,0.5,-1.0,COMPLETE,2025-04-01 01:52:49.200379,2025-04-01 01:52:49.429420,0.229041
906,tvae,0.5,editednn,0.25,-1.0,COMPLETE,2025-04-01 01:52:49.452905,2025-04-01 01:52:49.676275,0.22337
907,ctgan,1,tomeklinks,0.25,-1.0,COMPLETE,2025-04-01 01:52:49.700663,2025-04-01 01:52:50.057839,0.357176
908,fastml,0,clustercentroid,0.0625,-1.0,COMPLETE,2025-04-01 01:52:50.072045,2025-04-01 01:52:50.152838,0.080793
909,tvae,1,editednn,0.25,-1.0,COMPLETE,2025-04-01 01:52:50.166324,2025-04-01 01:52:50.372824,0.2065
910,copulagan,1,clustercentroid,0.25,-1.0,COMPLETE,2025-04-01 01:52:50.396961,2025-04-01 01:52:50.651245,0.254284
911,random,0.25,onesidedselection,0.125,-1.0,COMPLETE,2025-04-01 01:52:50.674812,2025-04-01 01:52:50.755937,0.081125
912,smote,0,random,0.25,-1.0,COMPLETE,2025-04-01 01:52:50.769140,2025-04-01 01:52:50.854529,0.085389
913,adasyn,0.25,onesidedselection,0.125,-1.0,COMPLETE,2025-04-01 01:52:50.869065,2025-04-01 01:52:50.941672,0.072607
914,gaussiancopula,1,editednn,0,1.0,COMPLETE,2025-04-01 01:52:50.954303,2025-04-01 01:52:55.258149,4.303846
915,smote,0,tomeklinks,0.125,-1.0,COMPLETE,2025-04-01 01:52:55.286759,2025-04-01 01:52:55.359256,0.072497
916,ctgan,1,nearmiss,0,1.0,COMPLETE,2025-04-01 01:52:55.372610,2025-04-01 01:52:59.579055,4.206445
917,ctgan,2,clustercentroid,auto,-1.0,COMPLETE,2025-04-01 01:52:59.593528,2025-04-01 01:52:59.906062,0.312534
918,copulagan,2,tomeklinks,0.5,-1.0,COMPLETE,2025-04-01 01:52:59.928422,2025-04-01 01:53:00.162173,0.233751
919,copulagan,auto,onesidedselection,0.0625,-1.0,COMPLETE,2025-04-01 01:53:00.185398,2025-04-01 01:53:00.445967,0.260569
920,ctgan,0,instancehardness,0.0625,-1.0,COMPLETE,2025-04-01 01:53:00.468032,2025-04-01 01:53:00.543838,0.075806
921,adasyn,2,instancehardness,auto,-1.0,COMPLETE,2025-04-01 01:53:00.557196,2025-04-01 01:53:00.624805,0.067609
922,smote,0.25,editednn,0.25,-1.0,COMPLETE,2025-04-01 01:53:00.637722,2025-04-01 01:53:00.706331,0.068609
923,gaussiancopula,0.5,nearmiss,0.25,-1.0,COMPLETE,2025-04-01 01:53:00.718052,2025-04-01 01:53:00.843231,0.125179
924,tvae,0.5,clustercentroid,0.5,-1.0,COMPLETE,2025-04-01 01:53:00.856098,2025-04-01 01:53:01.062897,0.206799
925,gaussiancopula,0.25,clustercentroid,0,1.0,COMPLETE,2025-04-01 01:53:01.086646,2025-04-01 01:53:05.305678,4.219032
926,fastml,0.5,nearmiss,0.0625,-1.0,COMPLETE,2025-04-01 01:53:05.331106,2025-04-01 01:53:05.494118,0.163012
927,gaussiancopula,0.25,editednn,0.125,-1.0,COMPLETE,2025-04-01 01:53:05.508484,2025-04-01 01:53:05.654248,0.145764
928,smote,0.5,clustercentroid,0.25,-1.0,COMPLETE,2025-04-01 01:53:05.667973,2025-04-01 01:53:05.744303,0.07633
929,copulagan,0,onesidedselection,0.0625,-1.0,COMPLETE,2025-04-01 01:53:05.757055,2025-04-01 01:53:05.841399,0.084344
930,ctgan,1,random,0.5,1.0,COMPLETE,2025-04-01 01:53:05.855258,2025-04-01 01:53:10.068934,4.213676
931,smote,auto,editednn,0,-1.0,COMPLETE,2025-04-01 01:53:10.082057,2025-04-01 01:53:10.147107,0.06505
932,fastml,2,onesidedselection,0.125,-1.0,COMPLETE,2025-04-01 01:53:10.158896,2025-04-01 01:53:10.280057,0.121161
933,adasyn,2,random,0.125,-1.0,COMPLETE,2025-04-01 01:53:10.292377,2025-04-01 01:53:10.363586,0.071209
934,smote,2,editednn,0.0625,-1.0,COMPLETE,2025-04-01 01:53:10.376507,2025-04-01 01:53:10.443709,0.067202
935,random,auto,editednn,0.0625,-1.0,COMPLETE,2025-04-01 01:53:10.455385,2025-04-01 01:53:10.524218,0.068833
936,copulagan,auto,random,0.25,0.92,COMPLETE,2025-04-01 01:53:10.535795,2025-04-01 01:53:14.674403,4.138608
937,ctgan,2,tomeklinks,0,1.0,COMPLETE,2025-04-01 01:53:14.689263,2025-04-01 01:53:18.885745,4.196482
938,random,2,condensednn,0.5,-1.0,COMPLETE,2025-04-01 01:53:18.901249,2025-04-01 01:53:18.973313,0.072064
939,smote,0.25,editednn,0.0625,-1.0,COMPLETE,2025-04-01 01:53:18.985656,2025-04-01 01:53:19.056257,0.070601
940,tvae,0.5,random,0.5,1.0,COMPLETE,2025-04-01 01:53:19.068704,2025-04-01 01:53:23.325624,4.25692
941,gaussiancopula,0,nearmiss,0,-1.0,ERROR,,,0.0
942,random,0,random,0.0625,-1.0,COMPLETE,2025-04-01 01:53:23.439679,2025-04-01 01:53:23.516312,0.076633
943,ctgan,2,clustercentroid,0,1.0,COMPLETE,2025-04-01 01:53:23.529078,2025-04-01 01:53:27.755891,4.226813
944,smote,auto,onesidedselection,0.125,-1.0,COMPLETE,2025-04-01 01:53:27.770050,2025-04-01 01:53:27.836859,0.066809
945,copulagan,2,instancehardness,0,1.0,COMPLETE,2025-04-01 01:53:27.848919,2025-04-01 01:53:31.947565,4.098646
946,smote,auto,instancehardness,0,-1.0,COMPLETE,2025-04-01 01:53:31.962391,2025-04-01 01:53:32.031457,0.069066
947,smote,0,tomeklinks,auto,-1.0,COMPLETE,2025-04-01 01:53:32.043867,2025-04-01 01:53:32.112844,0.068977
948,copulagan,0,clustercentroid,0,-1.0,ERROR,,,0.0
949,copulagan,0,random,0.0625,-1.0,COMPLETE,2025-04-01 01:53:32.237529,2025-04-01 01:53:32.324644,0.087115
950,ctgan,0.5,random,0.25,1.0,COMPLETE,2025-04-01 01:53:32.347325,2025-04-01 01:53:36.653540,4.306215
951,gaussiancopula,1,tomeklinks,0.5,-1.0,COMPLETE,2025-04-01 01:53:36.667283,2025-04-01 01:53:36.797078,0.129795
952,smote,2,nearmiss,0.125,-1.0,COMPLETE,2025-04-01 01:53:36.809854,2025-04-01 01:53:36.877383,0.067529
953,fastml,2,condensednn,0.5,-1.0,COMPLETE,2025-04-01 01:53:36.889655,2025-04-01 01:53:37.015296,0.125641
954,smote,0.25,clustercentroid,auto,-1.0,COMPLETE,2025-04-01 01:53:37.027863,2025-04-01 01:53:37.095313,0.06745
955,random,0.25,random,0,-1.0,COMPLETE,2025-04-01 01:53:37.107229,2025-04-01 01:53:37.181896,0.074667
956,random,auto,tomeklinks,0.0625,-1.0,COMPLETE,2025-04-01 01:53:37.194066,2025-04-01 01:53:37.264708,0.070642
957,gaussiancopula,0.25,clustercentroid,0.0625,-1.0,COMPLETE,2025-04-01 01:53:37.276522,2025-04-01 01:53:37.405176,0.128654
958,fastml,2,clustercentroid,0.5,-1.0,COMPLETE,2025-04-01 01:53:37.418652,2025-04-01 01:53:37.547301,0.128649
959,fastml,1,onesidedselection,0,1.0,COMPLETE,2025-04-01 01:53:37.559637,2025-04-01 01:53:41.525487,3.96585
960,copulagan,0,random,0.25,-1.0,COMPLETE,2025-04-01 01:53:41.548256,2025-04-01 01:53:41.631732,0.083476
961,tvae,2,instancehardness,auto,-1.0,COMPLETE,2025-04-01 01:53:41.653548,2025-04-01 01:53:41.862874,0.209326
962,adasyn,auto,instancehardness,0.0625,-1.0,COMPLETE,2025-04-01 01:53:41.884472,2025-04-01 01:53:41.949985,0.065513
963,ctgan,auto,onesidedselection,0.5,-1.0,COMPLETE,2025-04-01 01:53:41.962137,2025-04-01 01:53:42.286518,0.324381
964,copulagan,2,nearmiss,0.5,-1.0,COMPLETE,2025-04-01 01:53:42.305482,2025-04-01 01:53:42.542622,0.23714
965,smote,0.25,tomeklinks,0,-1.0,COMPLETE,2025-04-01 01:53:42.555077,2025-04-01 01:53:42.621560,0.066483
966,ctgan,1,instancehardness,0.0625,-1.0,COMPLETE,2025-04-01 01:53:42.633328,2025-04-01 01:53:42.935625,0.302297
967,copulagan,1,random,0.5,0.92,COMPLETE,2025-04-01 01:53:42.957392,2025-04-01 01:53:47.063794,4.106402
968,adasyn,0.5,editednn,0.0625,-1.0,COMPLETE,2025-04-01 01:53:47.087340,2025-04-01 01:53:47.157724,0.070384
969,adasyn,0.25,nearmiss,0.0625,-1.0,COMPLETE,2025-04-01 01:53:47.170991,2025-04-01 01:53:47.240976,0.069985
970,gaussiancopula,1,onesidedselection,0,1.0,COMPLETE,2025-04-01 01:53:47.253738,2025-04-01 01:53:51.475576,4.221838
971,tvae,0.5,instancehardness,auto,-1.0,COMPLETE,2025-04-01 01:53:51.500076,2025-04-01 01:53:51.719961,0.219885
972,fastml,2,condensednn,0,1.0,COMPLETE,2025-04-01 01:53:51.742720,2025-04-01 01:53:56.122355,4.379635
973,adasyn,auto,nearmiss,0.25,-1.0,COMPLETE,2025-04-01 01:53:56.137713,2025-04-01 01:53:56.223268,0.085555
974,gaussiancopula,1,condensednn,0.0625,-1.0,COMPLETE,2025-04-01 01:53:56.382711,2025-04-01 01:53:57.045967,0.663256
975,tvae,auto,onesidedselection,0.125,-1.0,COMPLETE,2025-04-01 01:53:57.108997,2025-04-01 01:53:57.701044,0.592047
976,ctgan,auto,editednn,0,1.0,COMPLETE,2025-04-01 01:53:57.764128,2025-04-01 01:54:03.162470,5.398342
977,fastml,1,random,0,1.0,COMPLETE,2025-04-01 01:54:03.188110,2025-04-01 01:54:07.686535,4.498425
978,fastml,0.25,instancehardness,0.5,-1.0,COMPLETE,2025-04-01 01:54:07.710591,2025-04-01 01:54:07.852284,0.141693
979,ctgan,0.5,nearmiss,0.25,-1.0,COMPLETE,2025-04-01 01:54:07.865869,2025-04-01 01:54:08.203874,0.338005
980,adasyn,0,tomeklinks,0.5,-1.0,COMPLETE,2025-04-01 01:54:08.218010,2025-04-01 01:54:08.289665,0.071655
981,ctgan,0,editednn,0.25,-1.0,COMPLETE,2025-04-01 01:54:08.302181,2025-04-01 01:54:08.387698,0.085517
982,fastml,0,condensednn,0.0625,-1.0,COMPLETE,2025-04-01 01:54:08.410562,2025-04-01 01:54:08.496102,0.08554
983,gaussiancopula,0.5,tomeklinks,0,1.0,COMPLETE,2025-04-01 01:54:08.508757,2025-04-01 01:54:12.880769,4.372012
984,adasyn,auto,editednn,0,-1.0,COMPLETE,2025-04-01 01:54:12.905253,2025-04-01 01:54:12.978968,0.073715
985,random,0.25,instancehardness,0.25,-1.0,COMPLETE,2025-04-01 01:54:12.991784,2025-04-01 01:54:13.067599,0.075815
986,tvae,1,tomeklinks,0,1.0,COMPLETE,2025-04-01 01:54:13.080557,2025-04-01 01:54:17.228657,4.1481
987,gaussiancopula,2,clustercentroid,auto,-1.0,COMPLETE,2025-04-01 01:54:17.242795,2025-04-01 01:54:17.370767,0.127972
988,ctgan,0.25,condensednn,0.0625,-1.0,COMPLETE,2025-04-01 01:54:17.383122,2025-04-01 01:54:17.701017,0.317895
989,gaussiancopula,2,nearmiss,auto,-1.0,COMPLETE,2025-04-01 01:54:17.723442,2025-04-01 01:54:17.848490,0.125048
990,fastml,2,clustercentroid,0,1.0,COMPLETE,2025-04-01 01:54:17.860947,2025-04-01 01:54:21.874755,4.013808
991,random,0,clustercentroid,0.125,-1.0,COMPLETE,2025-04-01 01:54:21.898859,2025-04-01 01:54:21.972913,0.074054
992,adasyn,1,tomeklinks,0.125,-1.0,COMPLETE,2025-04-01 01:54:21.986018,2025-04-01 01:54:22.053324,0.067306
993,ctgan,0.5,editednn,auto,-1.0,COMPLETE,2025-04-01 01:54:22.065883,2025-04-01 01:54:22.374696,0.308813
994,fastml,1,clustercentroid,0.5,-1.0,COMPLETE,2025-04-01 01:54:22.396582,2025-04-01 01:54:22.523499,0.126917
995,tvae,0.5,nearmiss,0.5,-1.0,COMPLETE,2025-04-01 01:54:22.536901,2025-04-01 01:54:22.742664,0.205763
996,ctgan,0,instancehardness,0.25,-1.0,COMPLETE,2025-04-01 01:54:22.765239,2025-04-01 01:54:22.846271,0.081032
997,smote,0.5,condensednn,0.0625,-1.0,COMPLETE,2025-04-01 01:54:22.858390,2025-04-01 01:54:22.926311,0.067921
998,tvae,auto,random,0.125,1.0,COMPLETE,2025-04-01 01:54:22.938443,2025-04-01 01:54:26.980380,4.041937
999,ctgan,0.25,instancehardness,0,0.9411764705882353,COMPLETE,2025-04-01 01:54:27.003104,2025-04-01 01:54:31.050776,4.047672
1000,copulagan,2,onesidedselection,0.0625,-1.0,COMPLETE,2025-04-01 01:54:31.074095,2025-04-01 01:54:31.308342,0.234247
1001,ctgan,0.5,tomeklinks,0.25,-1.0,COMPLETE,2025-04-01 01:54:31.330466,2025-04-01 01:54:31.646133,0.315667
1002,random,1,clustercentroid,0.125,-1.0,COMPLETE,2025-04-01 01:54:31.659748,2025-04-01 01:54:31.731261,0.071513
1003,copulagan,0.25,random,0,0.9411764705882353,COMPLETE,2025-04-01 01:54:31.743043,2025-04-01 01:54:35.848022,4.104979
1004,tvae,2,clustercentroid,0.0625,-1.0,COMPLETE,2025-04-01 01:54:35.876312,2025-04-01 01:54:36.088577,0.212265
1005,gaussiancopula,0.5,random,0.125,1.0,COMPLETE,2025-04-01 01:54:36.110651,2025-04-01 01:54:40.016872,3.906221
1006,adasyn,0,clustercentroid,0.125,-1.0,COMPLETE,2025-04-01 01:54:40.040188,2025-04-01 01:54:40.109845,0.069657
1007,adasyn,2,random,0,-1.0,COMPLETE,2025-04-01 01:54:40.122257,2025-04-01 01:54:40.193489,0.071232
1008,tvae,0,condensednn,0.25,-1.0,COMPLETE,2025-04-01 01:54:40.207145,2025-04-01 01:54:40.287219,0.080074
1009,adasyn,0.5,instancehardness,0.0625,-1.0,COMPLETE,2025-04-01 01:54:40.300176,2025-04-01 01:54:40.370077,0.069901
1010,fastml,0.25,nearmiss,0.0625,-1.0,COMPLETE,2025-04-01 01:54:40.382128,2025-04-01 01:54:40.509823,0.127695
1011,fastml,auto,instancehardness,auto,-1.0,COMPLETE,2025-04-01 01:54:40.523289,2025-04-01 01:54:40.659975,0.136686
1012,random,auto,editednn,auto,-1.0,COMPLETE,2025-04-01 01:54:40.672773,2025-04-01 01:54:40.743971,0.071198
1013,ctgan,0,editednn,auto,-1.0,COMPLETE,2025-04-01 01:54:40.756007,2025-04-01 01:54:40.834573,0.078566
1014,gaussiancopula,0,random,0.25,-1.0,COMPLETE,2025-04-01 01:54:40.846853,2025-04-01 01:54:40.927632,0.080779
1015,smote,auto,condensednn,0.125,-1.0,COMPLETE,2025-04-01 01:54:40.939396,2025-04-01 01:54:41.009710,0.070314
1016,adasyn,0,editednn,0,-1.0,ERROR,,,0.0
1017,tvae,1,condensednn,0.25,-1.0,COMPLETE,2025-04-01 01:54:41.103971,2025-04-01 01:54:41.309205,0.205234
1018,smote,0.25,nearmiss,auto,-1.0,COMPLETE,2025-04-01 01:54:41.331825,2025-04-01 01:54:41.400549,0.068724
1019,copulagan,1,editednn,0,1.0,COMPLETE,2025-04-01 01:54:41.412235,2025-04-01 01:54:45.459951,4.047716
1020,fastml,1,nearmiss,0.25,-1.0,COMPLETE,2025-04-01 01:54:45.473330,2025-04-01 01:54:45.607971,0.134641
1021,fastml,0,editednn,0,-1.0,ERROR,,,0.0
1022,random,2,condensednn,0.0625,-1.0,COMPLETE,2025-04-01 01:54:45.713270,2025-04-01 01:54:45.784823,0.071553
1023,tvae,0,instancehardness,0.5,-1.0,COMPLETE,2025-04-01 01:54:45.797783,2025-04-01 01:54:45.876961,0.079178
1024,gaussiancopula,0.5,random,0.5,1.0,COMPLETE,2025-04-01 01:54:45.889413,2025-04-01 01:54:49.792742,3.903329
1025,gaussiancopula,0,tomeklinks,auto,-1.0,COMPLETE,2025-04-01 01:54:49.816809,2025-04-01 01:54:49.894577,0.077768
1026,adasyn,0,condensednn,auto,-1.0,COMPLETE,2025-04-01 01:54:49.906675,2025-04-01 01:54:49.975632,0.068957
1027,ctgan,0.25,condensednn,auto,-1.0,COMPLETE,2025-04-01 01:54:49.987923,2025-04-01 01:54:50.299939,0.312016
1028,random,auto,onesidedselection,0.125,-1.0,COMPLETE,2025-04-01 01:54:50.321739,2025-04-01 01:54:50.392237,0.070498
1029,copulagan,auto,tomeklinks,0.5,-1.0,COMPLETE,2025-04-01 01:54:50.404690,2025-04-01 01:54:50.632713,0.228023
1030,tvae,0,nearmiss,0.125,-1.0,COMPLETE,2025-04-01 01:54:50.655720,2025-04-01 01:54:50.735865,0.080145
1031,smote,auto,nearmiss,0.125,-1.0,COMPLETE,2025-04-01 01:54:50.748861,2025-04-01 01:54:50.818365,0.069504
1032,gaussiancopula,0,random,0.0625,-1.0,COMPLETE,2025-04-01 01:54:50.830213,2025-04-01 01:54:50.910517,0.080304
1033,random,0.5,random,auto,-1.0,COMPLETE,2025-04-01 01:54:50.923264,2025-04-01 01:54:51.002933,0.079669
1034,ctgan,0.5,onesidedselection,0.0625,-1.0,COMPLETE,2025-04-01 01:54:51.015103,2025-04-01 01:54:51.323050,0.307947
1035,tvae,0.25,editednn,0.5,-1.0,COMPLETE,2025-04-01 01:54:51.345750,2025-04-01 01:54:51.539796,0.194046
1036,random,2,editednn,0.25,-1.0,COMPLETE,2025-04-01 01:54:51.562900,2025-04-01 01:54:51.635459,0.072559
1037,tvae,2,instancehardness,0.25,-1.0,COMPLETE,2025-04-01 01:54:51.647975,2025-04-01 01:54:51.846868,0.198893
1038,ctgan,0.25,nearmiss,auto,-1.0,COMPLETE,2025-04-01 01:54:51.869348,2025-04-01 01:54:52.184071,0.314723
1039,ctgan,0.5,random,0.5,1.0,COMPLETE,2025-04-01 01:54:52.206526,2025-04-01 01:54:56.342704,4.136178
1040,smote,0,nearmiss,0.5,-1.0,COMPLETE,2025-04-01 01:54:56.356297,2025-04-01 01:54:56.428742,0.072445
1041,ctgan,0.5,nearmiss,auto,-1.0,COMPLETE,2025-04-01 01:54:56.441479,2025-04-01 01:54:56.767560,0.326081
1042,fastml,1,nearmiss,0.5,-1.0,COMPLETE,2025-04-01 01:54:56.780731,2025-04-01 01:54:56.908965,0.128234
1043,smote,2,onesidedselection,auto,-1.0,COMPLETE,2025-04-01 01:54:56.921567,2025-04-01 01:54:56.992619,0.071052
1044,ctgan,2,condensednn,0.0625,-1.0,COMPLETE,2025-04-01 01:54:57.005017,2025-04-01 01:54:57.324930,0.319913
1045,tvae,1,nearmiss,0.0625,-1.0,COMPLETE,2025-04-01 01:54:57.348287,2025-04-01 01:54:57.560573,0.212286
1046,tvae,auto,nearmiss,0.0625,-1.0,COMPLETE,2025-04-01 01:54:57.582715,2025-04-01 01:54:57.779393,0.196678
1047,ctgan,0.5,tomeklinks,0.0625,-1.0,COMPLETE,2025-04-01 01:54:57.801551,2025-04-01 01:54:58.118504,0.316953
1048,tvae,0,editednn,0.0625,-1.0,COMPLETE,2025-04-01 01:54:58.141303,2025-04-01 01:54:58.224469,0.083166
1049,ctgan,0,condensednn,0.5,-1.0,COMPLETE,2025-04-01 01:54:58.248124,2025-04-01 01:54:58.334439,0.086315
1050,random,2,random,0.25,-1.0,COMPLETE,2025-04-01 01:54:58.357994,2025-04-01 01:54:58.445880,0.087886
1051,gaussiancopula,1,tomeklinks,0.0625,-1.0,COMPLETE,2025-04-01 01:54:58.469396,2025-04-01 01:54:58.599064,0.129668
1052,copulagan,0.5,tomeklinks,0.0625,-1.0,COMPLETE,2025-04-01 01:54:58.612213,2025-04-01 01:54:58.846901,0.234688
1053,fastml,0.5,editednn,0.125,-1.0,COMPLETE,2025-04-01 01:54:58.859700,2025-04-01 01:54:58.996590,0.13689
1054,fastml,0.25,clustercentroid,0.0625,-1.0,COMPLETE,2025-04-01 01:54:59.009245,2025-04-01 01:54:59.148207,0.138962
1055,adasyn,0.25,onesidedselection,0.25,-1.0,COMPLETE,2025-04-01 01:54:59.161631,2025-04-01 01:54:59.231634,0.070003
1056,smote,0.5,onesidedselection,0.125,-1.0,COMPLETE,2025-04-01 01:54:59.243885,2025-04-01 01:54:59.313997,0.070112
1057,ctgan,2,nearmiss,0.125,-1.0,COMPLETE,2025-04-01 01:54:59.326362,2025-04-01 01:54:59.641430,0.315068
1058,adasyn,0.5,condensednn,0.0625,-1.0,COMPLETE,2025-04-01 01:54:59.663906,2025-04-01 01:54:59.733710,0.069804
1059,copulagan,0.5,clustercentroid,0.0625,-1.0,COMPLETE,2025-04-01 01:54:59.745735,2025-04-01 01:54:59.984505,0.23877
1060,smote,0.25,clustercentroid,0.125,-1.0,COMPLETE,2025-04-01 01:55:00.006967,2025-04-01 01:55:00.078372,0.071405
1061,tvae,0,tomeklinks,0,-1.0,ERROR,,,0.0
1062,tvae,auto,instancehardness,auto,-1.0,COMPLETE,2025-04-01 01:55:00.189652,2025-04-01 01:55:00.401956,0.212304
1063,smote,2,condensednn,0.25,-1.0,COMPLETE,2025-04-01 01:55:00.425691,2025-04-01 01:55:00.504559,0.078868
1064,tvae,auto,onesidedselection,0.5,-1.0,COMPLETE,2025-04-01 01:55:00.517516,2025-04-01 01:55:00.733071,0.215555
1065,copulagan,0.25,onesidedselection,0.0625,-1.0,COMPLETE,2025-04-01 01:55:00.755261,2025-04-01 01:55:00.991322,0.236061
1066,random,auto,editednn,0,-1.0,COMPLETE,2025-04-01 01:55:01.013490,2025-04-01 01:55:01.092841,0.079351
1067,gaussiancopula,1,clustercentroid,0.25,-1.0,COMPLETE,2025-04-01 01:55:01.106577,2025-04-01 01:55:01.250809,0.144232
1068,copulagan,1,condensednn,auto,-1.0,COMPLETE,2025-04-01 01:55:01.264417,2025-04-01 01:55:01.513153,0.248736
1069,random,0,instancehardness,0.25,-1.0,COMPLETE,2025-04-01 01:55:01.538004,2025-04-01 01:55:01.612692,0.074688
1070,tvae,1,instancehardness,0.5,-1.0,COMPLETE,2025-04-01 01:55:01.626004,2025-04-01 01:55:01.847431,0.221427
1071,smote,2,instancehardness,0.0625,-1.0,COMPLETE,2025-04-01 01:55:01.872191,2025-04-01 01:55:01.955260,0.083069
1072,tvae,1,editednn,0,1.0,COMPLETE,2025-04-01 01:55:01.968169,2025-04-01 01:55:06.175008,4.206839
1073,copulagan,0.5,clustercentroid,0,1.0,COMPLETE,2025-04-01 01:55:06.200266,2025-04-01 01:55:10.438353,4.238087
1074,copulagan,auto,random,auto,0.92,COMPLETE,2025-04-01 01:55:10.456644,2025-04-01 01:55:14.831056,4.374412
1075,smote,1,tomeklinks,0.25,-1.0,COMPLETE,2025-04-01 01:55:14.855441,2025-04-01 01:55:14.927861,0.07242
1076,adasyn,0,onesidedselection,auto,-1.0,COMPLETE,2025-04-01 01:55:14.940146,2025-04-01 01:55:15.013931,0.073785
1077,adasyn,2,editednn,0.125,-1.0,COMPLETE,2025-04-01 01:55:15.027409,2025-04-01 01:55:15.102263,0.074854
1078,copulagan,2,random,0.25,0.92,COMPLETE,2025-04-01 01:55:15.115817,2025-04-01 01:55:19.528016,4.412199
1079,ctgan,0,nearmiss,0.5,-1.0,COMPLETE,2025-04-01 01:55:19.557713,2025-04-01 01:55:19.654448,0.096735
1080,gaussiancopula,1,onesidedselection,0.25,-1.0,COMPLETE,2025-04-01 01:55:19.681808,2025-04-01 01:55:19.834575,0.152767
1081,random,1,tomeklinks,0.125,-1.0,COMPLETE,2025-04-01 01:55:19.849018,2025-04-01 01:55:19.936096,0.087078
1082,fastml,0.25,editednn,0,1.0,COMPLETE,2025-04-01 01:55:19.949774,2025-04-01 01:55:24.341440,4.391666
1083,fastml,0.5,editednn,0,1.0,COMPLETE,2025-04-01 01:55:24.366130,2025-04-01 01:55:28.508009,4.141879
1084,smote,0.5,tomeklinks,auto,-1.0,COMPLETE,2025-04-01 01:55:28.531654,2025-04-01 01:55:28.602387,0.070733
1085,adasyn,0.25,tomeklinks,0.0625,-1.0,COMPLETE,2025-04-01 01:55:28.615270,2025-04-01 01:55:28.686213,0.070943
1086,fastml,1,nearmiss,auto,-1.0,COMPLETE,2025-04-01 01:55:28.699554,2025-04-01 01:55:28.831886,0.132332
1087,adasyn,0,editednn,0.25,-1.0,COMPLETE,2025-04-01 01:55:28.844129,2025-04-01 01:55:28.915503,0.071374
1088,tvae,2,editednn,0.25,-1.0,COMPLETE,2025-04-01 01:55:28.927458,2025-04-01 01:55:29.136758,0.2093
1089,fastml,0.25,onesidedselection,0,1.0,COMPLETE,2025-04-01 01:55:29.159605,2025-04-01 01:55:33.309025,4.14942
1090,ctgan,0.5,onesidedselection,0.125,-1.0,COMPLETE,2025-04-01 01:55:33.333382,2025-04-01 01:55:33.661042,0.32766
1091,smote,1,instancehardness,0.125,-1.0,COMPLETE,2025-04-01 01:55:33.684561,2025-04-01 01:55:33.759793,0.075232
1092,gaussiancopula,1,clustercentroid,auto,-1.0,COMPLETE,2025-04-01 01:55:33.773256,2025-04-01 01:55:33.924408,0.151152
1093,adasyn,2,condensednn,0.25,-1.0,COMPLETE,2025-04-01 01:55:33.938392,2025-04-01 01:55:34.015985,0.077593
1094,ctgan,2,editednn,0,1.0,COMPLETE,2025-04-01 01:55:34.029231,2025-04-01 01:55:38.560454,4.531223
1095,adasyn,0.25,editednn,0.5,-1.0,COMPLETE,2025-04-01 01:55:38.586130,2025-04-01 01:55:38.663003,0.076873
1096,random,0,random,auto,-1.0,COMPLETE,2025-04-01 01:55:38.676508,2025-04-01 01:55:38.762176,0.085668
1097,tvae,1,tomeklinks,0.0625,-1.0,COMPLETE,2025-04-01 01:55:38.794680,2025-04-01 01:55:39.009044,0.214364
1098,tvae,0.5,onesidedselection,0.0625,-1.0,COMPLETE,2025-04-01 01:55:39.031348,2025-04-01 01:55:39.231480,0.200132
1099,adasyn,0,editednn,0.125,-1.0,COMPLETE,2025-04-01 01:55:39.255133,2025-04-01 01:55:39.331780,0.076647
1100,fastml,0.25,condensednn,0,1.0,COMPLETE,2025-04-01 01:55:39.344378,2025-04-01 01:55:43.540331,4.195953
1101,fastml,1,instancehardness,auto,-1.0,COMPLETE,2025-04-01 01:55:43.564155,2025-04-01 01:55:43.703049,0.138894
1102,copulagan,0,onesidedselection,0,-1.0,ERROR,,,0.0
1103,adasyn,0,tomeklinks,0.125,-1.0,COMPLETE,2025-04-01 01:55:43.832403,2025-04-01 01:55:43.909652,0.077249
1104,tvae,2,instancehardness,0,1.0,COMPLETE,2025-04-01 01:55:43.922002,2025-04-01 01:55:48.175726,4.253724
1105,gaussiancopula,0.5,editednn,0.125,-1.0,COMPLETE,2025-04-01 01:55:48.190003,2025-04-01 01:55:48.347013,0.15701
1106,gaussiancopula,0.5,condensednn,0.5,-1.0,COMPLETE,2025-04-01 01:55:48.361216,2025-04-01 01:55:48.508162,0.146946
1107,random,1,onesidedselection,auto,-1.0,COMPLETE,2025-04-01 01:55:48.522787,2025-04-01 01:55:48.605636,0.082849
1108,adasyn,0.5,nearmiss,0.125,-1.0,COMPLETE,2025-04-01 01:55:48.618165,2025-04-01 01:55:48.693917,0.075752
1109,gaussiancopula,0.5,condensednn,auto,-1.0,COMPLETE,2025-04-01 01:55:48.707899,2025-04-01 01:55:48.845676,0.137777
1110,adasyn,2,tomeklinks,0.5,-1.0,COMPLETE,2025-04-01 01:55:48.859083,2025-04-01 01:55:48.939551,0.080468
1111,fastml,auto,clustercentroid,0.5,-1.0,COMPLETE,2025-04-01 01:55:48.953527,2025-04-01 01:55:49.105830,0.152303
1112,fastml,2,onesidedselection,0.5,-1.0,COMPLETE,2025-04-01 01:55:49.120356,2025-04-01 01:55:49.265907,0.145551
1113,copulagan,0.25,onesidedselection,0.5,-1.0,COMPLETE,2025-04-01 01:55:49.279488,2025-04-01 01:55:49.554717,0.275229
1114,ctgan,1,editednn,0.25,-1.0,COMPLETE,2025-04-01 01:55:49.568739,2025-04-01 01:55:49.926197,0.357458
1115,fastml,auto,instancehardness,0.125,-1.0,COMPLETE,2025-04-01 01:55:49.950239,2025-04-01 01:55:50.102406,0.152167
1116,random,1,onesidedselection,0.25,-1.0,COMPLETE,2025-04-01 01:55:50.117530,2025-04-01 01:55:50.202157,0.084627
1117,copulagan,0.5,condensednn,0.125,-1.0,COMPLETE,2025-04-01 01:55:50.231485,2025-04-01 01:55:50.479487,0.248002
1118,fastml,1,clustercentroid,auto,-1.0,COMPLETE,2025-04-01 01:55:50.503172,2025-04-01 01:55:50.643252,0.14008
1119,tvae,1,clustercentroid,0.0625,-1.0,COMPLETE,2025-04-01 01:55:50.656699,2025-04-01 01:55:50.869198,0.212499
1120,ctgan,2,onesidedselection,0.25,-1.0,COMPLETE,2025-04-01 01:55:50.892576,2025-04-01 01:55:51.226652,0.334076
1121,adasyn,1,nearmiss,0.25,-1.0,COMPLETE,2025-04-01 01:55:51.240936,2025-04-01 01:55:51.322252,0.081316
1122,adasyn,2,clustercentroid,auto,-1.0,COMPLETE,2025-04-01 01:55:51.335069,2025-04-01 01:55:51.409173,0.074104
1123,smote,0.25,clustercentroid,0.0625,-1.0,COMPLETE,2025-04-01 01:55:51.421732,2025-04-01 01:55:51.497221,0.075489
1124,adasyn,0,tomeklinks,auto,-1.0,COMPLETE,2025-04-01 01:55:51.510837,2025-04-01 01:55:51.584584,0.073747
1125,smote,1,condensednn,0.25,-1.0,COMPLETE,2025-04-01 01:55:51.598434,2025-04-01 01:55:51.671006,0.072572
1126,tvae,0.5,random,0.25,1.0,COMPLETE,2025-04-01 01:55:51.683484,2025-04-01 01:55:56.135201,4.451717
1127,smote,2,condensednn,0.125,-1.0,COMPLETE,2025-04-01 01:55:56.148716,2025-04-01 01:55:56.223964,0.075248
1128,gaussiancopula,0.5,instancehardness,auto,-1.0,COMPLETE,2025-04-01 01:55:56.237440,2025-04-01 01:55:56.374394,0.136954
1129,adasyn,0.25,editednn,0.0625,-1.0,COMPLETE,2025-04-01 01:55:56.387739,2025-04-01 01:55:56.469719,0.08198
1130,random,1,onesidedselection,0.0625,-1.0,COMPLETE,2025-04-01 01:55:56.483505,2025-04-01 01:55:56.558650,0.075145
1131,random,1,editednn,0.0625,-1.0,COMPLETE,2025-04-01 01:55:56.570674,2025-04-01 01:55:56.646800,0.076126
1132,tvae,2,clustercentroid,0,1.0,COMPLETE,2025-04-01 01:55:56.662967,2025-04-01 01:56:00.876914,4.213947
1133,tvae,0.5,clustercentroid,0.0625,-1.0,COMPLETE,2025-04-01 01:56:00.900657,2025-04-01 01:56:01.100659,0.200002
1134,ctgan,0.5,editednn,0.25,-1.0,COMPLETE,2025-04-01 01:56:01.117435,2025-04-01 01:56:01.427484,0.310049
1135,adasyn,auto,tomeklinks,0.25,-1.0,COMPLETE,2025-04-01 01:56:01.449777,2025-04-01 01:56:01.526368,0.076591
1136,gaussiancopula,auto,onesidedselection,auto,-1.0,COMPLETE,2025-04-01 01:56:01.540090,2025-04-01 01:56:01.673191,0.133101
1137,fastml,0.25,nearmiss,0.25,-1.0,COMPLETE,2025-04-01 01:56:01.685607,2025-04-01 01:56:01.813630,0.128023
1138,tvae,2,nearmiss,0.25,-1.0,COMPLETE,2025-04-01 01:56:01.826759,2025-04-01 01:56:02.027542,0.200783
1139,tvae,0,instancehardness,0,-1.0,ERROR,,,0.0
1140,gaussiancopula,0.5,onesidedselection,0.5,-1.0,COMPLETE,2025-04-01 01:56:02.160453,2025-04-01 01:56:02.305167,0.144714
1141,random,auto,clustercentroid,0.0625,-1.0,COMPLETE,2025-04-01 01:56:02.335216,2025-04-01 01:56:02.423121,0.087905
1142,tvae,0.25,instancehardness,0.0625,-1.0,COMPLETE,2025-04-01 01:56:02.435694,2025-04-01 01:56:02.643931,0.208237
1143,copulagan,0.25,tomeklinks,0,0.9411764705882353,COMPLETE,2025-04-01 01:56:02.666307,2025-04-01 01:56:06.785896,4.119589
1144,adasyn,auto,clustercentroid,auto,-1.0,COMPLETE,2025-04-01 01:56:06.809675,2025-04-01 01:56:06.884496,0.074821
1145,random,0.25,nearmiss,auto,-1.0,COMPLETE,2025-04-01 01:56:06.897247,2025-04-01 01:56:06.973063,0.075816
1146,tvae,2,tomeklinks,0,1.0,COMPLETE,2025-04-01 01:56:06.985977,2025-04-01 01:56:11.061708,4.075731
1147,copulagan,0,instancehardness,0.25,-1.0,COMPLETE,2025-04-01 01:56:11.086184,2025-04-01 01:56:11.172192,0.086008
1148,fastml,0.5,instancehardness,0.0625,-1.0,COMPLETE,2025-04-01 01:56:11.194676,2025-04-01 01:56:11.322913,0.128237
1149,fastml,0,onesidedselection,auto,-1.0,COMPLETE,2025-04-01 01:56:11.335789,2025-04-01 01:56:11.418276,0.082487
1150,ctgan,2,tomeklinks,0.25,-1.0,COMPLETE,2025-04-01 01:56:11.447053,2025-04-01 01:56:11.777757,0.330704
1151,random,0,random,0,-1.0,ERROR,,,0.0
1152,ctgan,auto,condensednn,0.5,-1.0,COMPLETE,2025-04-01 01:56:11.886422,2025-04-01 01:56:12.217141,0.330719
1153,tvae,auto,editednn,0.5,-1.0,COMPLETE,2025-04-01 01:56:12.236900,2025-04-01 01:56:12.457149,0.220249
1154,tvae,1,condensednn,auto,-1.0,COMPLETE,2025-04-01 01:56:12.479782,2025-04-01 01:56:12.688335,0.208553
1155,tvae,0.25,tomeklinks,0.0625,-1.0,COMPLETE,2025-04-01 01:56:12.710931,2025-04-01 01:56:12.908245,0.197314
1156,tvae,0.5,editednn,0,1.0,COMPLETE,2025-04-01 01:56:12.930712,2025-04-01 01:56:16.985854,4.055142
1157,smote,0.5,tomeklinks,0.5,-1.0,COMPLETE,2025-04-01 01:56:17.014323,2025-04-01 01:56:17.087212,0.072889
1158,copulagan,0.5,random,0,1.0,COMPLETE,2025-04-01 01:56:17.098979,2025-04-01 01:56:21.359626,4.260647
1159,copulagan,1,onesidedselection,auto,-1.0,COMPLETE,2025-04-01 01:56:21.383579,2025-04-01 01:56:21.653215,0.269636
1160,ctgan,0.25,onesidedselection,auto,-1.0,COMPLETE,2025-04-01 01:56:21.676730,2025-04-01 01:56:22.040657,0.363927
1161,tvae,1,random,0,1.0,COMPLETE,2025-04-01 01:56:22.054838,2025-04-01 01:56:26.166662,4.111824
1162,copulagan,1,editednn,auto,-1.0,COMPLETE,2025-04-01 01:56:26.194014,2025-04-01 01:56:26.438103,0.244089
1163,fastml,2,clustercentroid,auto,-1.0,COMPLETE,2025-04-01 01:56:26.463063,2025-04-01 01:56:26.596672,0.133609
1164,copulagan,0.25,instancehardness,auto,-1.0,COMPLETE,2025-04-01 01:56:26.608921,2025-04-01 01:56:26.851775,0.242854
1165,random,0.25,editednn,0.125,-1.0,COMPLETE,2025-04-01 01:56:26.876208,2025-04-01 01:56:26.954625,0.078417
1166,fastml,0,random,0.25,-1.0,COMPLETE,2025-04-01 01:56:26.967182,2025-04-01 01:56:27.049651,0.082469
1167,gaussiancopula,0.5,instancehardness,0,1.0,COMPLETE,2025-04-01 01:56:27.073201,2025-04-01 01:56:31.186504,4.113303
1168,copulagan,auto,nearmiss,0.0625,-1.0,COMPLETE,2025-04-01 01:56:31.212996,2025-04-01 01:56:31.461020,0.248024
1169,fastml,2,nearmiss,auto,-1.0,COMPLETE,2025-04-01 01:56:31.483512,2025-04-01 01:56:31.620775,0.137263
1170,tvae,auto,nearmiss,0.25,-1.0,COMPLETE,2025-04-01 01:56:31.634575,2025-04-01 01:56:31.854326,0.219751
1171,tvae,auto,instancehardness,0.25,-1.0,COMPLETE,2025-04-01 01:56:31.879720,2025-04-01 01:56:32.091693,0.211973
1172,smote,0.5,editednn,0.0625,-1.0,COMPLETE,2025-04-01 01:56:32.113823,2025-04-01 01:56:32.189176,0.075353
1173,ctgan,0,onesidedselection,0.0625,-1.0,COMPLETE,2025-04-01 01:56:32.201958,2025-04-01 01:56:32.288812,0.086854
1174,random,2,onesidedselection,0,-1.0,COMPLETE,2025-04-01 01:56:32.311211,2025-04-01 01:56:32.396181,0.08497
1175,ctgan,auto,instancehardness,0.0625,-1.0,COMPLETE,2025-04-01 01:56:32.419862,2025-04-01 01:56:32.737637,0.317775
1176,fastml,1,nearmiss,0.0625,-1.0,COMPLETE,2025-04-01 01:56:32.760411,2025-04-01 01:56:32.900444,0.140033
1177,gaussiancopula,0.5,nearmiss,auto,-1.0,COMPLETE,2025-04-01 01:56:32.914621,2025-04-01 01:56:33.052878,0.138257
1178,tvae,1,random,0.125,1.0,COMPLETE,2025-04-01 01:56:33.065512,2025-04-01 01:56:37.178139,4.112627
1179,smote,0.25,random,0.5,-1.0,COMPLETE,2025-04-01 01:56:37.201986,2025-04-01 01:56:37.277095,0.075109
1180,smote,0.5,nearmiss,0.25,-1.0,COMPLETE,2025-04-01 01:56:37.289424,2025-04-01 01:56:37.363301,0.073877
1181,fastml,2,instancehardness,0.25,-1.0,COMPLETE,2025-04-01 01:56:37.376222,2025-04-01 01:56:37.517374,0.141152
1182,tvae,0.5,onesidedselection,auto,-1.0,COMPLETE,2025-04-01 01:56:37.530674,2025-04-01 01:56:37.729066,0.198392
1183,random,0.25,instancehardness,0,-1.0,COMPLETE,2025-04-01 01:56:37.752232,2025-04-01 01:56:37.837398,0.085166
1184,gaussiancopula,0.25,onesidedselection,0.0625,-1.0,COMPLETE,2025-04-01 01:56:37.860884,2025-04-01 01:56:37.995860,0.134976
1185,ctgan,0,onesidedselection,0.25,-1.0,COMPLETE,2025-04-01 01:56:38.008178,2025-04-01 01:56:38.093408,0.08523
1186,adasyn,0.5,random,0.25,-1.0,COMPLETE,2025-04-01 01:56:38.114957,2025-04-01 01:56:38.187493,0.072536
1187,ctgan,0,onesidedselection,0.5,-1.0,COMPLETE,2025-04-01 01:56:38.199889,2025-04-01 01:56:38.291628,0.091739
1188,random,0,condensednn,0.25,-1.0,COMPLETE,2025-04-01 01:56:38.315835,2025-04-01 01:56:38.396881,0.081046
1189,copulagan,0,editednn,0.0625,-1.0,COMPLETE,2025-04-01 01:56:38.410540,2025-04-01 01:56:38.498628,0.088088
1190,copulagan,0,condensednn,0.125,-1.0,COMPLETE,2025-04-01 01:56:38.520308,2025-04-01 01:56:38.606878,0.08657
1191,fastml,0.5,onesidedselection,0.25,-1.0,COMPLETE,2025-04-01 01:56:38.628980,2025-04-01 01:56:38.768427,0.139447
1192,copulagan,auto,clustercentroid,0.125,-1.0,COMPLETE,2025-04-01 01:56:38.780745,2025-04-01 01:56:39.030705,0.24996
1193,smote,0.5,editednn,0,-1.0,COMPLETE,2025-04-01 01:56:39.053460,2025-04-01 01:56:39.126718,0.073258
1194,gaussiancopula,0,clustercentroid,auto,-1.0,COMPLETE,2025-04-01 01:56:39.139339,2025-04-01 01:56:39.222348,0.083009
1195,copulagan,2,onesidedselection,0.5,-1.0,COMPLETE,2025-04-01 01:56:39.245654,2025-04-01 01:56:39.511956,0.266302
1196,copulagan,1,clustercentroid,0.0625,-1.0,COMPLETE,2025-04-01 01:56:39.535952,2025-04-01 01:56:39.770271,0.234319
1197,smote,2,random,0,-1.0,COMPLETE,2025-04-01 01:56:39.783301,2025-04-01 01:56:39.856518,0.073217
1198,gaussiancopula,0.5,clustercentroid,0.125,-1.0,COMPLETE,2025-04-01 01:56:39.869564,2025-04-01 01:56:40.003325,0.133761
1199,smote,1,random,auto,-1.0,COMPLETE,2025-04-01 01:56:40.016534,2025-04-01 01:56:40.097855,0.081321
1200,fastml,2,editednn,0.25,-1.0,COMPLETE,2025-04-01 01:56:40.113786,2025-04-01 01:56:40.255038,0.141252
1201,tvae,auto,random,0,1.0,COMPLETE,2025-04-01 01:56:40.267460,2025-04-01 01:56:44.332833,4.065373
1202,adasyn,1,onesidedselection,0.125,-1.0,COMPLETE,2025-04-01 01:56:44.356762,2025-04-01 01:56:44.434701,0.077939
1203,ctgan,0.25,onesidedselection,0.125,-1.0,COMPLETE,2025-04-01 01:56:44.448240,2025-04-01 01:56:44.778750,0.33051
1204,smote,auto,nearmiss,0.0625,-1.0,COMPLETE,2025-04-01 01:56:44.796377,2025-04-01 01:56:44.872040,0.075663
1205,smote,0,instancehardness,0.25,-1.0,COMPLETE,2025-04-01 01:56:44.884600,2025-04-01 01:56:44.960028,0.075428
1206,gaussiancopula,0.25,clustercentroid,auto,-1.0,COMPLETE,2025-04-01 01:56:44.973374,2025-04-01 01:56:45.115930,0.142556
1207,smote,0.5,onesidedselection,0.25,-1.0,COMPLETE,2025-04-01 01:56:45.130000,2025-04-01 01:56:45.208568,0.078568
1208,gaussiancopula,1,random,0.0625,1.0,COMPLETE,2025-04-01 01:56:45.221143,2025-04-01 01:56:49.266657,4.045514
1209,fastml,1,tomeklinks,0.0625,-1.0,COMPLETE,2025-04-01 01:56:49.293435,2025-04-01 01:56:49.435742,0.142307
1210,copulagan,2,editednn,0.25,-1.0,COMPLETE,2025-04-01 01:56:49.448877,2025-04-01 01:56:49.733023,0.284146
1211,random,0.5,onesidedselection,0.0625,-1.0,COMPLETE,2025-04-01 01:56:49.755923,2025-04-01 01:56:49.836411,0.080488
1212,fastml,0.25,instancehardness,auto,-1.0,COMPLETE,2025-04-01 01:56:49.849399,2025-04-01 01:56:49.997736,0.148337
1213,adasyn,1,instancehardness,0.5,-1.0,COMPLETE,2025-04-01 01:56:50.015710,2025-04-01 01:56:50.106494,0.090784
1214,gaussiancopula,1,instancehardness,auto,-1.0,COMPLETE,2025-04-01 01:56:50.136199,2025-04-01 01:56:50.273710,0.137511
1215,ctgan,0,tomeklinks,0,-1.0,ERROR,,,0.0
1216,fastml,0.25,onesidedselection,0.25,-1.0,COMPLETE,2025-04-01 01:56:50.402711,2025-04-01 01:56:50.539323,0.136612
1217,ctgan,2,clustercentroid,0.0625,-1.0,COMPLETE,2025-04-01 01:56:50.552955,2025-04-01 01:56:50.898988,0.346033
1218,copulagan,2,instancehardness,0.5,-1.0,COMPLETE,2025-04-01 01:56:50.921355,2025-04-01 01:56:51.166028,0.244673
1219,smote,0,random,0.5,-1.0,COMPLETE,2025-04-01 01:56:51.189834,2025-04-01 01:56:51.279945,0.090111
1220,tvae,0.25,onesidedselection,auto,-1.0,COMPLETE,2025-04-01 01:56:51.293615,2025-04-01 01:56:51.517441,0.223826
1221,copulagan,0,condensednn,auto,-1.0,COMPLETE,2025-04-01 01:56:51.540158,2025-04-01 01:56:51.629452,0.089294
1222,ctgan,1,onesidedselection,0.0625,-1.0,COMPLETE,2025-04-01 01:56:51.651983,2025-04-01 01:56:52.001642,0.349659
1223,tvae,auto,nearmiss,0,1.0,COMPLETE,2025-04-01 01:56:52.016946,2025-04-01 01:56:56.229213,4.212267
1224,smote,0.25,instancehardness,auto,-1.0,COMPLETE,2025-04-01 01:56:56.243940,2025-04-01 01:56:56.319568,0.075628
1225,tvae,1,nearmiss,0.125,-1.0,COMPLETE,2025-04-01 01:56:56.332011,2025-04-01 01:56:56.546366,0.214355
1226,ctgan,0,nearmiss,0.25,-1.0,COMPLETE,2025-04-01 01:56:56.570191,2025-04-01 01:56:56.659950,0.089759
1227,random,auto,instancehardness,0.25,-1.0,COMPLETE,2025-04-01 01:56:56.682697,2025-04-01 01:56:56.764779,0.082082
1228,random,0.5,condensednn,0.0625,-1.0,COMPLETE,2025-04-01 01:56:56.777171,2025-04-01 01:56:56.856416,0.079245
1229,smote,0,condensednn,0.125,-1.0,COMPLETE,2025-04-01 01:56:56.869320,2025-04-01 01:56:56.947482,0.078162
1230,fastml,0,tomeklinks,0.0625,-1.0,COMPLETE,2025-04-01 01:56:56.960133,2025-04-01 01:56:57.040069,0.079936
1231,gaussiancopula,1,condensednn,0.25,-1.0,COMPLETE,2025-04-01 01:56:57.052350,2025-04-01 01:56:57.187730,0.13538
1232,copulagan,2,condensednn,0.125,-1.0,COMPLETE,2025-04-01 01:56:57.200815,2025-04-01 01:56:57.440113,0.239298
1233,adasyn,1,editednn,0.125,-1.0,COMPLETE,2025-04-01 01:56:57.463385,2025-04-01 01:56:57.538979,0.075594
1234,adasyn,auto,clustercentroid,0.5,-1.0,COMPLETE,2025-04-01 01:56:57.551035,2025-04-01 01:56:57.630245,0.07921
1235,fastml,2,instancehardness,0.5,-1.0,COMPLETE,2025-04-01 01:56:57.643041,2025-04-01 01:56:57.779490,0.136449
1236,adasyn,2,clustercentroid,0.25,-1.0,COMPLETE,2025-04-01 01:56:57.793033,2025-04-01 01:56:57.870896,0.077863
1237,smote,0.25,onesidedselection,0.25,-1.0,COMPLETE,2025-04-01 01:56:57.883358,2025-04-01 01:56:57.960577,0.077219
1238,tvae,0,onesidedselection,0.0625,-1.0,COMPLETE,2025-04-01 01:56:57.973360,2025-04-01 01:56:58.063097,0.089737
1239,copulagan,2,clustercentroid,auto,-1.0,COMPLETE,2025-04-01 01:56:58.086313,2025-04-01 01:56:58.321631,0.235318
1240,ctgan,0.5,condensednn,0.25,-1.0,COMPLETE,2025-04-01 01:56:58.345568,2025-04-01 01:56:58.675270,0.329702
1241,copulagan,2,nearmiss,0.25,-1.0,COMPLETE,2025-04-01 01:56:58.688904,2025-04-01 01:56:58.928706,0.239802
1242,random,1,editednn,0.25,-1.0,COMPLETE,2025-04-01 01:56:58.951210,2025-04-01 01:56:59.032851,0.081641
1243,copulagan,2,tomeklinks,0.25,-1.0,COMPLETE,2025-04-01 01:56:59.045562,2025-04-01 01:56:59.292120,0.246558
1244,smote,1,editednn,0.0625,-1.0,COMPLETE,2025-04-01 01:56:59.316016,2025-04-01 01:56:59.392742,0.076726
1245,adasyn,0,instancehardness,0.5,-1.0,COMPLETE,2025-04-01 01:56:59.404980,2025-04-01 01:56:59.481007,0.076027
1246,copulagan,0.25,condensednn,auto,-1.0,COMPLETE,2025-04-01 01:56:59.493920,2025-04-01 01:56:59.742156,0.248236
1247,copulagan,1,nearmiss,0.125,-1.0,COMPLETE,2025-04-01 01:56:59.765077,2025-04-01 01:57:00.019189,0.254112
1248,smote,2,tomeklinks,0.125,-1.0,COMPLETE,2025-04-01 01:57:00.042738,2025-04-01 01:57:00.120494,0.077756
1249,fastml,0.25,condensednn,0.125,-1.0,COMPLETE,2025-04-01 01:57:00.134082,2025-04-01 01:57:00.274534,0.140452
1250,random,2,tomeklinks,0,-1.0,COMPLETE,2025-04-01 01:57:00.287223,2025-04-01 01:57:00.369854,0.082631
1251,gaussiancopula,0.5,editednn,0,1.0,COMPLETE,2025-04-01 01:57:00.397227,2025-04-01 01:57:04.422398,4.025171
1252,ctgan,1,editednn,0.0625,-1.0,COMPLETE,2025-04-01 01:57:04.448092,2025-04-01 01:57:04.763805,0.315713
1253,gaussiancopula,0.5,condensednn,0.0625,-1.0,COMPLETE,2025-04-01 01:57:04.786391,2025-04-01 01:57:04.919754,0.133363
1254,tvae,2,nearmiss,0.0625,-1.0,COMPLETE,2025-04-01 01:57:04.932514,2025-04-01 01:57:05.156784,0.22427
1255,adasyn,0.5,nearmiss,0,-1.0,COMPLETE,2025-04-01 01:57:05.178585,2025-04-01 01:57:05.256985,0.0784
1256,random,auto,nearmiss,0.5,-1.0,COMPLETE,2025-04-01 01:57:05.269556,2025-04-01 01:57:05.348053,0.078497
1257,fastml,0.25,editednn,0.125,-1.0,COMPLETE,2025-04-01 01:57:05.360250,2025-04-01 01:57:05.495121,0.134871
1258,fastml,1,condensednn,0.25,-1.0,COMPLETE,2025-04-01 01:57:05.508033,2025-04-01 01:57:05.642798,0.134765
1259,copulagan,0.5,nearmiss,0.25,-1.0,COMPLETE,2025-04-01 01:57:05.655656,2025-04-01 01:57:05.904261,0.248605
1260,fastml,auto,onesidedselection,0,1.0,COMPLETE,2025-04-01 01:57:05.926250,2025-04-01 01:57:09.935698,4.009448
1261,fastml,auto,instancehardness,0,1.0,COMPLETE,2025-04-01 01:57:09.959203,2025-04-01 01:57:13.964953,4.00575
1262,ctgan,0.25,tomeklinks,0.0625,-1.0,COMPLETE,2025-04-01 01:57:13.978921,2025-04-01 01:57:14.327402,0.348481
1263,ctgan,auto,clustercentroid,0.0625,-1.0,COMPLETE,2025-04-01 01:57:14.340328,2025-04-01 01:57:14.683324,0.342996
1264,ctgan,0.25,condensednn,0.25,-1.0,COMPLETE,2025-04-01 01:57:14.695800,2025-04-01 01:57:15.023734,0.327934
1265,ctgan,0,random,auto,-1.0,COMPLETE,2025-04-01 01:57:15.046264,2025-04-01 01:57:15.142259,0.095995
1266,random,2,condensednn,0.125,-1.0,COMPLETE,2025-04-01 01:57:15.164894,2025-04-01 01:57:15.244096,0.079202
1267,smote,auto,random,0.5,-1.0,COMPLETE,2025-04-01 01:57:15.256370,2025-04-01 01:57:15.336576,0.080206
1268,fastml,0,editednn,0.125,-1.0,COMPLETE,2025-04-01 01:57:15.350456,2025-04-01 01:57:15.439583,0.089127
1269,fastml,auto,clustercentroid,auto,-1.0,COMPLETE,2025-04-01 01:57:15.462858,2025-04-01 01:57:15.604794,0.141936
1270,tvae,0,clustercentroid,0.0625,-1.0,COMPLETE,2025-04-01 01:57:15.617309,2025-04-01 01:57:15.704474,0.087165
1271,fastml,1,condensednn,0.125,-1.0,COMPLETE,2025-04-01 01:57:15.726764,2025-04-01 01:57:15.869175,0.142411
1272,adasyn,0,editednn,auto,-1.0,COMPLETE,2025-04-01 01:57:15.882145,2025-04-01 01:57:15.960091,0.077946
1273,random,auto,tomeklinks,0,-1.0,COMPLETE,2025-04-01 01:57:15.973777,2025-04-01 01:57:16.059132,0.085355
1274,copulagan,1,nearmiss,auto,-1.0,COMPLETE,2025-04-01 01:57:16.082316,2025-04-01 01:57:16.328712,0.246396
1275,adasyn,0.25,tomeklinks,0,-1.0,COMPLETE,2025-04-01 01:57:16.351372,2025-04-01 01:57:16.431402,0.08003
1276,smote,0,nearmiss,auto,-1.0,COMPLETE,2025-04-01 01:57:16.444324,2025-04-01 01:57:16.526781,0.082457
1277,gaussiancopula,0,clustercentroid,0,-1.0,ERROR,,,0.0
1278,fastml,1,clustercentroid,0.25,-1.0,COMPLETE,2025-04-01 01:57:16.648523,2025-04-01 01:57:16.789057,0.140534
1279,ctgan,2,tomeklinks,0.0625,-1.0,COMPLETE,2025-04-01 01:57:16.803057,2025-04-01 01:57:17.162073,0.359016
1280,adasyn,0,random,0,-1.0,ERROR,,,0.0
1281,copulagan,0.5,clustercentroid,0.5,-1.0,COMPLETE,2025-04-01 01:57:17.289834,2025-04-01 01:57:17.548719,0.258885
1282,random,2,clustercentroid,0.5,-1.0,COMPLETE,2025-04-01 01:57:17.571756,2025-04-01 01:57:17.652280,0.080524
1283,smote,2,clustercentroid,0,-1.0,COMPLETE,2025-04-01 01:57:17.664628,2025-04-01 01:57:17.742451,0.077823
1284,smote,1,nearmiss,0.0625,-1.0,COMPLETE,2025-04-01 01:57:17.756632,2025-04-01 01:57:17.838184,0.081552
1285,gaussiancopula,0.5,random,0.25,1.0,COMPLETE,2025-04-01 01:57:17.851381,2025-04-01 01:57:21.856775,4.005394
1286,gaussiancopula,2,instancehardness,0.0625,-1.0,COMPLETE,2025-04-01 01:57:21.880742,2025-04-01 01:57:22.027190,0.146448
1287,fastml,0.25,random,0.25,1.0,COMPLETE,2025-04-01 01:57:22.040184,2025-04-01 01:57:26.137647,4.097463
1288,copulagan,0.5,nearmiss,0.125,-1.0,COMPLETE,2025-04-01 01:57:26.161231,2025-04-01 01:57:26.425785,0.264554
1289,tvae,auto,clustercentroid,0.25,-1.0,COMPLETE,2025-04-01 01:57:26.448265,2025-04-01 01:57:26.677501,0.229236
1290,smote,0,instancehardness,auto,-1.0,COMPLETE,2025-04-01 01:57:26.699753,2025-04-01 01:57:26.779791,0.080038
1291,gaussiancopula,auto,random,0.125,1.0,COMPLETE,2025-04-01 01:57:26.793252,2025-04-01 01:57:30.744179,3.950927
1292,copulagan,0,editednn,0.25,-1.0,COMPLETE,2025-04-01 01:57:30.768437,2025-04-01 01:57:30.864465,0.096028
1293,smote,2,instancehardness,0,-1.0,COMPLETE,2025-04-01 01:57:30.877092,2025-04-01 01:57:30.956035,0.078943
1294,adasyn,2,nearmiss,0.0625,-1.0,COMPLETE,2025-04-01 01:57:30.969340,2025-04-01 01:57:31.048063,0.078723
1295,smote,1,instancehardness,auto,-1.0,COMPLETE,2025-04-01 01:57:31.060262,2025-04-01 01:57:31.135557,0.075295
1296,tvae,0.5,instancehardness,0,1.0,COMPLETE,2025-04-01 01:57:31.148089,2025-04-01 01:57:35.209224,4.061135
1297,adasyn,2,editednn,0.25,-1.0,COMPLETE,2025-04-01 01:57:35.232034,2025-04-01 01:57:35.311349,0.079315
1298,random,0.25,tomeklinks,0.125,-1.0,COMPLETE,2025-04-01 01:57:35.324028,2025-04-01 01:57:35.405365,0.081337
1299,ctgan,auto,tomeklinks,0.125,-1.0,COMPLETE,2025-04-01 01:57:35.417840,2025-04-01 01:57:35.731613,0.313773
1300,gaussiancopula,2,instancehardness,0.25,-1.0,COMPLETE,2025-04-01 01:57:35.754053,2025-04-01 01:57:35.892288,0.138235
1301,adasyn,2,clustercentroid,0.5,-1.0,COMPLETE,2025-04-01 01:57:35.905184,2025-04-01 01:57:35.984114,0.07893
1302,adasyn,0.25,instancehardness,auto,-1.0,COMPLETE,2025-04-01 01:57:35.997031,2025-04-01 01:57:36.073778,0.076747
1303,gaussiancopula,auto,nearmiss,0.125,-1.0,COMPLETE,2025-04-01 01:57:36.085789,2025-04-01 01:57:36.230413,0.144624
1304,tvae,2,editednn,auto,-1.0,COMPLETE,2025-04-01 01:57:36.243325,2025-04-01 01:57:36.463702,0.220377
1305,gaussiancopula,2,clustercentroid,0.25,-1.0,COMPLETE,2025-04-01 01:57:36.487817,2025-04-01 01:57:36.626479,0.138662
1306,ctgan,1,clustercentroid,0.0625,-1.0,COMPLETE,2025-04-01 01:57:36.638740,2025-04-01 01:57:36.972942,0.334202
1307,gaussiancopula,auto,instancehardness,0.5,-1.0,COMPLETE,2025-04-01 01:57:36.985714,2025-04-01 01:57:37.124922,0.139208
1308,adasyn,1,nearmiss,0,-1.0,COMPLETE,2025-04-01 01:57:37.138805,2025-04-01 01:57:37.222537,0.083732
1309,tvae,0,random,0.125,-1.0,COMPLETE,2025-04-01 01:57:37.235615,2025-04-01 01:57:37.332197,0.096582
1310,ctgan,0.25,clustercentroid,0,0.9411764705882353,COMPLETE,2025-04-01 01:57:37.355203,2025-04-01 01:57:41.473111,4.117908
1311,fastml,1,instancehardness,0,1.0,COMPLETE,2025-04-01 01:57:41.487310,2025-04-01 01:57:45.530136,4.042826
1312,tvae,auto,clustercentroid,auto,-1.0,COMPLETE,2025-04-01 01:57:45.544338,2025-04-01 01:57:45.746762,0.202424
1313,adasyn,auto,condensednn,0,-1.0,COMPLETE,2025-04-01 01:57:45.769708,2025-04-01 01:57:45.849057,0.079349
1314,ctgan,0,clustercentroid,0.25,-1.0,COMPLETE,2025-04-01 01:57:45.861609,2025-04-01 01:57:45.952995,0.091386
1315,ctgan,auto,condensednn,auto,-1.0,COMPLETE,2025-04-01 01:57:45.976433,2025-04-01 01:57:46.321607,0.345174
1316,ctgan,auto,condensednn,0.25,-1.0,COMPLETE,2025-04-01 01:57:46.334713,2025-04-01 01:57:46.657589,0.322876
1317,tvae,0.25,random,0.125,1.0,COMPLETE,2025-04-01 01:57:46.680989,2025-04-01 01:57:50.672458,3.991469
1318,smote,1,nearmiss,0.5,-1.0,COMPLETE,2025-04-01 01:57:50.685999,2025-04-01 01:57:50.764413,0.078414
1319,copulagan,0,editednn,0,-1.0,ERROR,,,0.0
1320,fastml,0,tomeklinks,0.125,-1.0,COMPLETE,2025-04-01 01:57:50.891003,2025-04-01 01:57:50.974305,0.083302
1321,random,0.5,condensednn,0.125,-1.0,COMPLETE,2025-04-01 01:57:50.996659,2025-04-01 01:57:51.078971,0.082312
1322,ctgan,2,clustercentroid,0.5,-1.0,COMPLETE,2025-04-01 01:57:51.106109,2025-04-01 01:57:51.445080,0.338971
1323,smote,0,onesidedselection,0,-1.0,ERROR,,,0.0
1324,random,0.5,nearmiss,0.0625,-1.0,COMPLETE,2025-04-01 01:57:51.567270,2025-04-01 01:57:51.650309,0.083039
1325,tvae,0,random,0,-1.0,ERROR,,,0.0
1326,smote,1,random,0.5,-1.0,COMPLETE,2025-04-01 01:57:51.776678,2025-04-01 01:57:51.857273,0.080595
1327,tvae,0,onesidedselection,0.25,-1.0,COMPLETE,2025-04-01 01:57:51.870768,2025-04-01 01:57:51.960321,0.089553
1328,ctgan,0.5,clustercentroid,0.5,-1.0,COMPLETE,2025-04-01 01:57:51.982569,2025-04-01 01:57:52.311986,0.329417
1329,random,0.25,instancehardness,0.125,-1.0,COMPLETE,2025-04-01 01:57:52.324967,2025-04-01 01:57:52.406486,0.081519
1330,smote,0.25,nearmiss,0.0625,-1.0,COMPLETE,2025-04-01 01:57:52.424197,2025-04-01 01:57:52.509106,0.084909
1331,gaussiancopula,1,instancehardness,0,1.0,COMPLETE,2025-04-01 01:57:52.531870,2025-04-01 01:57:56.610261,4.078391
1332,copulagan,2,editednn,0.125,-1.0,COMPLETE,2025-04-01 01:57:56.636285,2025-04-01 01:57:56.903552,0.267267
1333,tvae,0.25,tomeklinks,0.5,-1.0,COMPLETE,2025-04-01 01:57:56.926136,2025-04-01 01:57:57.158406,0.23227
1334,smote,auto,random,0.25,-1.0,COMPLETE,2025-04-01 01:57:57.182713,2025-04-01 01:57:57.272649,0.089936
1335,random,0.25,editednn,0.0625,-1.0,COMPLETE,2025-04-01 01:57:57.297136,2025-04-01 01:57:57.386897,0.089761
1336,random,2,editednn,0.125,-1.0,COMPLETE,2025-04-01 01:57:57.411759,2025-04-01 01:57:57.503132,0.091373
1337,gaussiancopula,0.5,editednn,0.25,-1.0,COMPLETE,2025-04-01 01:57:57.528301,2025-04-01 01:57:57.678912,0.150611
1338,tvae,auto,tomeklinks,0.125,-1.0,COMPLETE,2025-04-01 01:57:57.694181,2025-04-01 01:57:57.938124,0.243943
1339,smote,0.25,instancehardness,0,-1.0,COMPLETE,2025-04-01 01:57:57.961321,2025-04-01 01:57:58.052101,0.09078
1340,smote,0.25,onesidedselection,0.5,-1.0,COMPLETE,2025-04-01 01:57:58.075169,2025-04-01 01:57:58.160675,0.085506
1341,random,0.25,tomeklinks,0,-1.0,COMPLETE,2025-04-01 01:57:58.175097,2025-04-01 01:57:58.270962,0.095865
1342,ctgan,0.25,editednn,0.25,-1.0,COMPLETE,2025-04-01 01:57:58.294248,2025-04-01 01:57:58.667112,0.372864
1343,gaussiancopula,0.25,editednn,0.5,-1.0,COMPLETE,2025-04-01 01:57:58.681397,2025-04-01 01:57:58.825781,0.144384
1344,smote,0.25,onesidedselection,auto,-1.0,COMPLETE,2025-04-01 01:57:58.839210,2025-04-01 01:57:58.922553,0.083343
1345,copulagan,0.5,instancehardness,auto,-1.0,COMPLETE,2025-04-01 01:57:58.938333,2025-04-01 01:57:59.193946,0.255613
1346,ctgan,0,clustercentroid,0.0625,-1.0,COMPLETE,2025-04-01 01:57:59.218623,2025-04-01 01:57:59.313068,0.094445
1347,copulagan,0.5,onesidedselection,0.0625,-1.0,COMPLETE,2025-04-01 01:57:59.336250,2025-04-01 01:57:59.598228,0.261978
1348,tvae,auto,random,0.5,1.0,COMPLETE,2025-04-01 01:57:59.622001,2025-04-01 01:58:04.014022,4.392021
1349,adasyn,0,clustercentroid,auto,-1.0,COMPLETE,2025-04-01 01:58:04.028914,2025-04-01 01:58:04.112845,0.083931
1350,copulagan,0.25,condensednn,0.5,-1.0,COMPLETE,2025-04-01 01:58:04.125957,2025-04-01 01:58:04.377547,0.25159
1351,smote,0.25,tomeklinks,0.25,-1.0,COMPLETE,2025-04-01 01:58:04.394413,2025-04-01 01:58:04.476969,0.082556
1352,gaussiancopula,1,onesidedselection,0.0625,-1.0,COMPLETE,2025-04-01 01:58:04.490511,2025-04-01 01:58:04.632941,0.14243
1353,smote,1,tomeklinks,0.125,-1.0,COMPLETE,2025-04-01 01:58:04.646027,2025-04-01 01:58:04.727350,0.081323
1354,adasyn,auto,onesidedselection,auto,-1.0,COMPLETE,2025-04-01 01:58:04.740269,2025-04-01 01:58:04.817280,0.077011
1355,fastml,1,instancehardness,0.5,-1.0,COMPLETE,2025-04-01 01:58:04.829731,2025-04-01 01:58:04.970907,0.141176
1356,fastml,0.25,nearmiss,0.5,-1.0,COMPLETE,2025-04-01 01:58:04.984317,2025-04-01 01:58:05.124963,0.140646
1357,smote,auto,condensednn,auto,-1.0,COMPLETE,2025-04-01 01:58:05.148593,2025-04-01 01:58:05.239077,0.090484
1358,fastml,0.25,clustercentroid,0.5,-1.0,COMPLETE,2025-04-01 01:58:05.262496,2025-04-01 01:58:05.403657,0.141161
1359,copulagan,0,tomeklinks,0,-1.0,ERROR,,,0.0
1360,adasyn,1,random,0.5,-1.0,COMPLETE,2025-04-01 01:58:05.531196,2025-04-01 01:58:05.609172,0.077976
1361,ctgan,0.5,condensednn,0.0625,-1.0,COMPLETE,2025-04-01 01:58:05.621583,2025-04-01 01:58:05.944905,0.323322
1362,random,0,onesidedselection,0.0625,-1.0,COMPLETE,2025-04-01 01:58:05.966157,2025-04-01 01:58:06.049412,0.083255
1363,smote,auto,clustercentroid,0.5,-1.0,COMPLETE,2025-04-01 01:58:06.072239,2025-04-01 01:58:06.153056,0.080817
1364,gaussiancopula,2,clustercentroid,0.0625,-1.0,COMPLETE,2025-04-01 01:58:06.165945,2025-04-01 01:58:06.302379,0.136434
1365,copulagan,0.5,tomeklinks,auto,-1.0,COMPLETE,2025-04-01 01:58:06.315538,2025-04-01 01:58:06.583631,0.268093
1366,smote,0,tomeklinks,0.0625,-1.0,COMPLETE,2025-04-01 01:58:06.606010,2025-04-01 01:58:06.686411,0.080401
1367,gaussiancopula,0.5,tomeklinks,auto,-1.0,COMPLETE,2025-04-01 01:58:06.699024,2025-04-01 01:58:06.833879,0.134855
1368,random,0.5,onesidedselection,0,-1.0,COMPLETE,2025-04-01 01:58:06.846095,2025-04-01 01:58:06.933090,0.086995
1369,copulagan,0.25,nearmiss,0.0625,-1.0,COMPLETE,2025-04-01 01:58:06.955502,2025-04-01 01:58:07.205412,0.24991
1370,tvae,0,condensednn,0.125,-1.0,COMPLETE,2025-04-01 01:58:07.228791,2025-04-01 01:58:07.319260,0.090469
1371,ctgan,auto,instancehardness,0.25,-1.0,COMPLETE,2025-04-01 01:58:07.341420,2025-04-01 01:58:07.685238,0.343818
1372,fastml,auto,clustercentroid,0,1.0,COMPLETE,2025-04-01 01:58:07.699993,2025-04-01 01:58:11.715067,4.015074
1373,gaussiancopula,0,onesidedselection,0,-1.0,ERROR,,,0.0
1374,fastml,auto,condensednn,0.5,-1.0,COMPLETE,2025-04-01 01:58:11.849063,2025-04-01 01:58:11.986801,0.137738
1375,fastml,auto,onesidedselection,0.5,-1.0,COMPLETE,2025-04-01 01:58:12.000387,2025-04-01 01:58:12.141943,0.141556
1376,smote,1,nearmiss,0,-1.0,COMPLETE,2025-04-01 01:58:12.155306,2025-04-01 01:58:12.245662,0.090356
1377,random,0,nearmiss,auto,-1.0,COMPLETE,2025-04-01 01:58:12.269043,2025-04-01 01:58:12.354071,0.085028
1378,gaussiancopula,0.25,condensednn,auto,-1.0,COMPLETE,2025-04-01 01:58:12.376756,2025-04-01 01:58:12.522263,0.145507
1379,random,0,instancehardness,0.0625,-1.0,COMPLETE,2025-04-01 01:58:12.549595,2025-04-01 01:58:12.628389,0.078794
1380,ctgan,0,onesidedselection,0.125,-1.0,COMPLETE,2025-04-01 01:58:12.640606,2025-04-01 01:58:12.728182,0.087576
1381,gaussiancopula,2,editednn,auto,-1.0,COMPLETE,2025-04-01 01:58:12.751502,2025-04-01 01:58:12.895996,0.144494
1382,fastml,auto,instancehardness,0.5,-1.0,COMPLETE,2025-04-01 01:58:12.908733,2025-04-01 01:58:13.048484,0.139751
1383,gaussiancopula,0,instancehardness,0.25,-1.0,COMPLETE,2025-04-01 01:58:13.060651,2025-04-01 01:58:13.143776,0.083125
1384,tvae,0.25,editednn,0.125,-1.0,COMPLETE,2025-04-01 01:58:13.165831,2025-04-01 01:58:13.368542,0.202711
1385,copulagan,0.25,tomeklinks,0.0625,-1.0,COMPLETE,2025-04-01 01:58:13.392893,2025-04-01 01:58:13.633629,0.240736
1386,fastml,0,clustercentroid,0.25,-1.0,COMPLETE,2025-04-01 01:58:13.657008,2025-04-01 01:58:13.744706,0.087698
1387,ctgan,0.25,onesidedselection,0.25,-1.0,COMPLETE,2025-04-01 01:58:13.766832,2025-04-01 01:58:14.077253,0.310421
1388,random,auto,condensednn,0.0625,-1.0,COMPLETE,2025-04-01 01:58:14.099797,2025-04-01 01:58:14.185587,0.08579
1389,fastml,1,tomeklinks,0.25,-1.0,COMPLETE,2025-04-01 01:58:14.208333,2025-04-01 01:58:14.347330,0.138997
1390,ctgan,2,random,0,1.0,COMPLETE,2025-04-01 01:58:14.359572,2025-04-01 01:58:18.520912,4.16134
1391,fastml,0.5,instancehardness,0.125,-1.0,COMPLETE,2025-04-01 01:58:18.546119,2025-04-01 01:58:18.701060,0.154941
1392,copulagan,0,editednn,0.125,-1.0,COMPLETE,2025-04-01 01:58:18.716499,2025-04-01 01:58:18.813450,0.096951
1393,gaussiancopula,2,instancehardness,0.5,-1.0,COMPLETE,2025-04-01 01:58:18.838592,2025-04-01 01:58:18.997383,0.158791
1394,tvae,1,tomeklinks,0.5,-1.0,COMPLETE,2025-04-01 01:58:19.010554,2025-04-01 01:58:19.232865,0.222311
1395,copulagan,1,random,0,1.0,COMPLETE,2025-04-01 01:58:19.256924,2025-04-01 01:58:23.426454,4.16953
1396,smote,2,nearmiss,0.0625,-1.0,COMPLETE,2025-04-01 01:58:23.450410,2025-04-01 01:58:23.534825,0.084415
1397,ctgan,1,onesidedselection,0.25,-1.0,COMPLETE,2025-04-01 01:58:23.560254,2025-04-01 01:58:23.898687,0.338433
1398,gaussiancopula,2,tomeklinks,0,1.0,COMPLETE,2025-04-01 01:58:23.915316,2025-04-01 01:58:27.941995,4.026679
1399,adasyn,0,condensednn,0.5,-1.0,COMPLETE,2025-04-01 01:58:27.965058,2025-04-01 01:58:28.048035,0.082977
1400,random,0,instancehardness,0,-1.0,ERROR,,,0.0
1401,adasyn,0.25,instancehardness,0.25,-1.0,COMPLETE,2025-04-01 01:58:28.167537,2025-04-01 01:58:28.253593,0.086056
1402,adasyn,0.5,onesidedselection,0.125,-1.0,COMPLETE,2025-04-01 01:58:28.276425,2025-04-01 01:58:28.359012,0.082587
1403,adasyn,0,random,0.0625,-1.0,COMPLETE,2025-04-01 01:58:28.376714,2025-04-01 01:58:28.469536,0.092822
1404,copulagan,1,tomeklinks,0,1.0,COMPLETE,2025-04-01 01:58:28.492198,2025-04-01 01:58:32.615652,4.123454
1405,ctgan,1,random,auto,1.0,COMPLETE,2025-04-01 01:58:32.639015,2025-04-01 01:58:36.744609,4.105594
1406,tvae,1,editednn,auto,-1.0,COMPLETE,2025-04-01 01:58:36.767787,2025-04-01 01:58:36.974182,0.206395
1407,ctgan,0,nearmiss,0.0625,-1.0,COMPLETE,2025-04-01 01:58:36.996555,2025-04-01 01:58:37.086534,0.089979
1408,smote,0,condensednn,auto,-1.0,COMPLETE,2025-04-01 01:58:37.109073,2025-04-01 01:58:37.187962,0.078889
1409,fastml,0.25,editednn,0.0625,-1.0,COMPLETE,2025-04-01 01:58:37.200807,2025-04-01 01:58:37.351017,0.15021
1410,random,2,onesidedselection,0.5,-1.0,COMPLETE,2025-04-01 01:58:37.365183,2025-04-01 01:58:37.454377,0.089194
1411,ctgan,2,onesidedselection,0.125,-1.0,COMPLETE,2025-04-01 01:58:37.476877,2025-04-01 01:58:37.798576,0.321699
1412,copulagan,0.5,condensednn,auto,-1.0,COMPLETE,2025-04-01 01:58:37.820975,2025-04-01 01:58:38.069466,0.248491
1413,gaussiancopula,auto,instancehardness,0.25,-1.0,COMPLETE,2025-04-01 01:58:38.091790,2025-04-01 01:58:38.229787,0.137997
1414,copulagan,0.5,instancehardness,0.25,-1.0,COMPLETE,2025-04-01 01:58:38.242551,2025-04-01 01:58:38.484648,0.242097
1415,gaussiancopula,2,random,0.0625,1.0,COMPLETE,2025-04-01 01:58:38.497638,2025-04-01 01:58:42.425699,3.928061
1416,ctgan,auto,onesidedselection,0.25,-1.0,COMPLETE,2025-04-01 01:58:42.438938,2025-04-01 01:58:42.757701,0.318763
1417,smote,auto,condensednn,0,-1.0,COMPLETE,2025-04-01 01:58:42.780890,2025-04-01 01:58:42.864312,0.083422
1418,gaussiancopula,0.5,instancehardness,0.25,-1.0,COMPLETE,2025-04-01 01:58:42.877599,2025-04-01 01:58:43.016677,0.139078
1419,ctgan,0.25,tomeklinks,0,0.9411764705882353,COMPLETE,2025-04-01 01:58:43.029064,2025-04-01 01:58:47.102073,4.073009
1420,gaussiancopula,0,onesidedselection,0.25,-1.0,COMPLETE,2025-04-01 01:58:47.126931,2025-04-01 01:58:47.215947,0.089016
1421,fastml,2,nearmiss,0,1.0,COMPLETE,2025-04-01 01:58:47.237633,2025-04-01 01:58:51.350991,4.113358
1422,random,0.25,nearmiss,0.125,-1.0,COMPLETE,2025-04-01 01:58:51.376347,2025-04-01 01:58:51.463423,0.087076
1423,fastml,0.5,editednn,0.5,-1.0,COMPLETE,2025-04-01 01:58:51.485555,2025-04-01 01:58:51.635884,0.150329
1424,fastml,auto,clustercentroid,0.25,-1.0,COMPLETE,2025-04-01 01:58:51.648964,2025-04-01 01:58:51.792454,0.14349
1425,random,0.5,editednn,0,-1.0,COMPLETE,2025-04-01 01:58:51.804873,2025-04-01 01:58:51.895700,0.090827
1426,smote,auto,instancehardness,0.25,-1.0,COMPLETE,2025-04-01 01:58:51.919181,2025-04-01 01:58:52.007376,0.088195
1427,gaussiancopula,0,instancehardness,0.5,-1.0,COMPLETE,2025-04-01 01:58:52.020144,2025-04-01 01:58:52.107982,0.087838
1428,random,0.25,condensednn,0.5,-1.0,COMPLETE,2025-04-01 01:58:52.130589,2025-04-01 01:58:52.217562,0.086973
1429,ctgan,0.5,nearmiss,0,1.0,COMPLETE,2025-04-01 01:58:52.240040,2025-04-01 01:58:56.579622,4.339582
1430,tvae,0.25,condensednn,0.25,-1.0,COMPLETE,2025-04-01 01:58:56.606926,2025-04-01 01:58:56.824811,0.217885
1431,tvae,0,nearmiss,0.5,-1.0,COMPLETE,2025-04-01 01:58:56.848201,2025-04-01 01:58:56.942974,0.094773
1432,fastml,0.5,tomeklinks,auto,-1.0,COMPLETE,2025-04-01 01:58:56.965107,2025-04-01 01:58:57.122551,0.157444
1433,copulagan,0.25,editednn,auto,-1.0,COMPLETE,2025-04-01 01:58:57.136423,2025-04-01 01:58:57.398085,0.261662
1434,smote,0.5,instancehardness,0.5,-1.0,COMPLETE,2025-04-01 01:58:57.421299,2025-04-01 01:58:57.509019,0.08772
1435,ctgan,2,onesidedselection,auto,-1.0,COMPLETE,2025-04-01 01:58:57.532179,2025-04-01 01:58:57.876746,0.344567
1436,copulagan,0.5,tomeklinks,0.25,-1.0,COMPLETE,2025-04-01 01:58:57.891153,2025-04-01 01:58:58.158324,0.267171
1437,gaussiancopula,0,random,0.125,-1.0,COMPLETE,2025-04-01 01:58:58.181729,2025-04-01 01:58:58.282346,0.100617
1438,tvae,auto,onesidedselection,0.25,-1.0,COMPLETE,2025-04-01 01:58:58.304904,2025-04-01 01:58:58.524378,0.219474
1439,tvae,2,condensednn,0.125,-1.0,COMPLETE,2025-04-01 01:58:58.546697,2025-04-01 01:58:58.783456,0.236759
1440,tvae,0,tomeklinks,0.125,-1.0,COMPLETE,2025-04-01 01:58:58.796752,2025-04-01 01:58:58.893777,0.097025
1441,fastml,0,clustercentroid,0,-1.0,ERROR,,,0.0
1442,fastml,auto,nearmiss,0.25,-1.0,COMPLETE,2025-04-01 01:58:59.041137,2025-04-01 01:58:59.200788,0.159651
1443,random,2,instancehardness,auto,-1.0,COMPLETE,2025-04-01 01:58:59.214373,2025-04-01 01:58:59.302518,0.088145
1444,copulagan,1,tomeklinks,auto,-1.0,COMPLETE,2025-04-01 01:58:59.325989,2025-04-01 01:58:59.578167,0.252178
1445,adasyn,1,tomeklinks,0.25,-1.0,COMPLETE,2025-04-01 01:58:59.602923,2025-04-01 01:58:59.687907,0.084984
1446,copulagan,0.25,clustercentroid,0.5,-1.0,COMPLETE,2025-04-01 01:58:59.715644,2025-04-01 01:58:59.963663,0.248019
1447,gaussiancopula,0.25,random,0.5,0.9811320754716981,COMPLETE,2025-04-01 01:58:59.977399,2025-04-01 01:59:04.117376,4.139977
1448,adasyn,1,nearmiss,auto,-1.0,COMPLETE,2025-04-01 01:59:04.142255,2025-04-01 01:59:04.230817,0.088562
1449,adasyn,1,random,auto,-1.0,COMPLETE,2025-04-01 01:59:04.254460,2025-04-01 01:59:04.339467,0.085007
1450,fastml,auto,condensednn,auto,-1.0,COMPLETE,2025-04-01 01:59:04.362010,2025-04-01 01:59:04.506248,0.144238
1451,tvae,2,condensednn,0.0625,-1.0,COMPLETE,2025-04-01 01:59:04.520903,2025-04-01 01:59:04.741856,0.220953
1452,tvae,auto,editednn,0.0625,-1.0,COMPLETE,2025-04-01 01:59:04.765089,2025-04-01 01:59:04.980578,0.215489
1453,copulagan,auto,tomeklinks,auto,-1.0,COMPLETE,2025-04-01 01:59:05.005755,2025-04-01 01:59:05.256557,0.250802
1454,tvae,0.5,instancehardness,0.125,-1.0,COMPLETE,2025-04-01 01:59:05.280678,2025-04-01 01:59:05.496360,0.215682
1455,tvae,auto,tomeklinks,0.25,-1.0,COMPLETE,2025-04-01 01:59:05.520091,2025-04-01 01:59:05.734668,0.214577
1456,ctgan,0.25,clustercentroid,0.25,-1.0,COMPLETE,2025-04-01 01:59:05.758280,2025-04-01 01:59:06.089619,0.331339
1457,random,0,editednn,0.125,-1.0,COMPLETE,2025-04-01 01:59:06.103997,2025-04-01 01:59:06.191529,0.087532
1458,gaussiancopula,0.5,instancehardness,0.125,-1.0,COMPLETE,2025-04-01 01:59:06.214837,2025-04-01 01:59:06.368681,0.153844
1459,gaussiancopula,1,editednn,auto,-1.0,COMPLETE,2025-04-01 01:59:06.382856,2025-04-01 01:59:06.531092,0.148236
1460,adasyn,0.25,random,0.125,-1.0,COMPLETE,2025-04-01 01:59:06.545192,2025-04-01 01:59:06.634264,0.089072
1461,smote,0.5,clustercentroid,0,-1.0,COMPLETE,2025-04-01 01:59:06.656771,2025-04-01 01:59:06.740461,0.08369
1462,smote,0.5,nearmiss,0.0625,-1.0,COMPLETE,2025-04-01 01:59:06.764209,2025-04-01 01:59:06.849742,0.085533
1463,fastml,0.5,clustercentroid,0.125,-1.0,COMPLETE,2025-04-01 01:59:06.873038,2025-04-01 01:59:07.032153,0.159115
1464,adasyn,auto,editednn,0.5,-1.0,COMPLETE,2025-04-01 01:59:07.055747,2025-04-01 01:59:07.151621,0.095874
1465,adasyn,0.5,instancehardness,0,-1.0,COMPLETE,2025-04-01 01:59:07.177924,2025-04-01 01:59:07.264121,0.086197
1466,smote,2,clustercentroid,0.5,-1.0,COMPLETE,2025-04-01 01:59:07.288775,2025-04-01 01:59:07.377480,0.088705
1467,gaussiancopula,1,editednn,0.125,-1.0,COMPLETE,2025-04-01 01:59:07.400876,2025-04-01 01:59:07.542999,0.142123
1468,random,0,onesidedselection,auto,-1.0,COMPLETE,2025-04-01 01:59:07.555855,2025-04-01 01:59:07.644039,0.088184
1469,adasyn,2,instancehardness,0.25,-1.0,COMPLETE,2025-04-01 01:59:07.666958,2025-04-01 01:59:07.761848,0.09489
1470,adasyn,auto,instancehardness,0.25,-1.0,COMPLETE,2025-04-01 01:59:07.788203,2025-04-01 01:59:07.879376,0.091173
1471,gaussiancopula,auto,random,0,1.0,COMPLETE,2025-04-01 01:59:07.901920,2025-04-01 01:59:11.910931,4.009011
1472,gaussiancopula,0.25,condensednn,0.5,-1.0,COMPLETE,2025-04-01 01:59:11.935279,2025-04-01 01:59:12.090616,0.155337
1473,copulagan,auto,instancehardness,0.25,-1.0,COMPLETE,2025-04-01 01:59:12.103980,2025-04-01 01:59:12.359646,0.255666
1474,ctgan,0,random,0.125,-1.0,COMPLETE,2025-04-01 01:59:12.382462,2025-04-01 01:59:12.483752,0.10129
1475,copulagan,0.5,editednn,0.125,-1.0,COMPLETE,2025-04-01 01:59:12.507248,2025-04-01 01:59:12.754633,0.247385
1476,copulagan,0.5,instancehardness,0.0625,-1.0,COMPLETE,2025-04-01 01:59:12.777658,2025-04-01 01:59:13.023268,0.24561
1477,smote,0.25,instancehardness,0.25,-1.0,COMPLETE,2025-04-01 01:59:13.045829,2025-04-01 01:59:13.132050,0.086221
1478,ctgan,1,tomeklinks,0.5,-1.0,COMPLETE,2025-04-01 01:59:13.155418,2025-04-01 01:59:13.498666,0.343248
1479,gaussiancopula,auto,editednn,0.25,-1.0,COMPLETE,2025-04-01 01:59:13.512911,2025-04-01 01:59:13.668243,0.155332
1480,copulagan,0.5,tomeklinks,0.125,-1.0,COMPLETE,2025-04-01 01:59:13.681521,2025-04-01 01:59:13.964854,0.283333
1481,tvae,0,onesidedselection,0.125,-1.0,COMPLETE,2025-04-01 01:59:13.985354,2025-04-01 01:59:14.085970,0.100616
1482,adasyn,0.25,instancehardness,0.125,-1.0,COMPLETE,2025-04-01 01:59:14.109804,2025-04-01 01:59:14.200214,0.09041
1483,gaussiancopula,0.25,clustercentroid,0.5,-1.0,COMPLETE,2025-04-01 01:59:14.224439,2025-04-01 01:59:14.379383,0.154944
1484,ctgan,auto,tomeklinks,0.5,-1.0,COMPLETE,2025-04-01 01:59:14.394131,2025-04-01 01:59:14.756489,0.362358
1485,tvae,0.25,nearmiss,0,1.0,COMPLETE,2025-04-01 01:59:14.771278,2025-04-01 01:59:19.230378,4.4591
1486,random,0,condensednn,0.5,-1.0,COMPLETE,2025-04-01 01:59:19.247002,2025-04-01 01:59:19.336379,0.089377
1487,copulagan,2,random,auto,0.92,COMPLETE,2025-04-01 01:59:19.360617,2025-04-01 01:59:23.561001,4.200384
1488,tvae,2,instancehardness,0.5,-1.0,COMPLETE,2025-04-01 01:59:23.584738,2025-04-01 01:59:23.791243,0.206505
1489,fastml,1,instancehardness,0.25,-1.0,COMPLETE,2025-04-01 01:59:23.813926,2025-04-01 01:59:23.956991,0.143065
1490,ctgan,0,instancehardness,auto,-1.0,COMPLETE,2025-04-01 01:59:23.970198,2025-04-01 01:59:24.071598,0.1014
1491,fastml,0.5,random,0.25,1.0,COMPLETE,2025-04-01 01:59:24.093708,2025-04-01 01:59:28.126843,4.033135
1492,copulagan,0.25,nearmiss,0,0.9411764705882353,COMPLETE,2025-04-01 01:59:28.151168,2025-04-01 01:59:32.322483,4.171315
1493,smote,auto,onesidedselection,auto,-1.0,COMPLETE,2025-04-01 01:59:32.346789,2025-04-01 01:59:32.432629,0.08584
1494,smote,0.25,condensednn,0.5,-1.0,COMPLETE,2025-04-01 01:59:32.455668,2025-04-01 01:59:32.537122,0.081454
1495,tvae,auto,clustercentroid,0.0625,-1.0,COMPLETE,2025-04-01 01:59:32.566141,2025-04-01 01:59:32.777963,0.211822
1496,gaussiancopula,0.25,nearmiss,0.25,-1.0,COMPLETE,2025-04-01 01:59:32.800716,2025-04-01 01:59:32.949896,0.14918
1497,random,0.5,editednn,0.125,-1.0,COMPLETE,2025-04-01 01:59:32.973378,2025-04-01 01:59:33.065738,0.09236
1498,fastml,0.25,tomeklinks,0.0625,-1.0,COMPLETE,2025-04-01 01:59:33.089729,2025-04-01 01:59:33.234910,0.145181
1499,random,0.5,nearmiss,0,-1.0,COMPLETE,2025-04-01 01:59:33.248516,2025-04-01 01:59:33.341627,0.093111
1500,tvae,1,editednn,0.125,-1.0,COMPLETE,2025-04-01 01:59:33.363943,2025-04-01 01:59:33.614280,0.250337
1501,gaussiancopula,0.25,random,0.25,0.9811320754716981,COMPLETE,2025-04-01 01:59:33.638713,2025-04-01 01:59:37.702466,4.063753
1502,fastml,0,onesidedselection,0.0625,-1.0,COMPLETE,2025-04-01 01:59:37.726259,2025-04-01 01:59:37.813413,0.087154
1503,ctgan,2,nearmiss,0.25,-1.0,COMPLETE,2025-04-01 01:59:37.835790,2025-04-01 01:59:38.147628,0.311838
1504,gaussiancopula,1,onesidedselection,0.5,-1.0,COMPLETE,2025-04-01 01:59:38.170193,2025-04-01 01:59:38.313543,0.14335
1505,ctgan,1,clustercentroid,0.125,-1.0,COMPLETE,2025-04-01 01:59:38.326874,2025-04-01 01:59:38.664980,0.338106
1506,copulagan,0,tomeklinks,0.25,-1.0,COMPLETE,2025-04-01 01:59:38.688396,2025-04-01 01:59:38.787723,0.099327
1507,gaussiancopula,0,nearmiss,0.125,-1.0,COMPLETE,2025-04-01 01:59:38.810777,2025-04-01 01:59:38.903015,0.092238
1508,fastml,0.5,editednn,auto,-1.0,COMPLETE,2025-04-01 01:59:38.926690,2025-04-01 01:59:39.070879,0.144189
1509,random,1,onesidedselection,0.5,-1.0,COMPLETE,2025-04-01 01:59:39.083871,2025-04-01 01:59:39.168614,0.084743
1510,gaussiancopula,auto,clustercentroid,0.125,-1.0,COMPLETE,2025-04-01 01:59:39.190582,2025-04-01 01:59:39.344568,0.153986
1511,adasyn,2,condensednn,0.0625,-1.0,COMPLETE,2025-04-01 01:59:39.356994,2025-04-01 01:59:39.450315,0.093321
1512,random,2,nearmiss,0,-1.0,COMPLETE,2025-04-01 01:59:39.474758,2025-04-01 01:59:39.572084,0.097326
1513,gaussiancopula,1,condensednn,0.5,-1.0,COMPLETE,2025-04-01 01:59:39.595923,2025-04-01 01:59:39.748817,0.152894
1514,adasyn,0.25,clustercentroid,0.125,-1.0,COMPLETE,2025-04-01 01:59:39.771984,2025-04-01 01:59:39.856313,0.084329
1515,gaussiancopula,auto,condensednn,0.5,-1.0,COMPLETE,2025-04-01 01:59:39.883290,2025-04-01 01:59:40.033811,0.150521
1516,ctgan,2,editednn,0.125,-1.0,COMPLETE,2025-04-01 01:59:40.046344,2025-04-01 01:59:40.378085,0.331741
1517,tvae,auto,random,0.0625,1.0,COMPLETE,2025-04-01 01:59:40.391648,2025-04-01 01:59:44.462494,4.070846
1518,random,1,nearmiss,0.5,-1.0,COMPLETE,2025-04-01 01:59:44.486115,2025-04-01 01:59:44.574681,0.088566
1519,gaussiancopula,0.5,clustercentroid,0.0625,-1.0,COMPLETE,2025-04-01 01:59:44.596832,2025-04-01 01:59:44.738160,0.141328
1520,ctgan,auto,random,0.25,1.0,COMPLETE,2025-04-01 01:59:44.760527,2025-04-01 01:59:48.915761,4.155234
1521,ctgan,0.5,onesidedselection,auto,-1.0,COMPLETE,2025-04-01 01:59:48.939095,2025-04-01 01:59:49.262809,0.323714
1522,copulagan,1,editednn,0.25,-1.0,COMPLETE,2025-04-01 01:59:49.276918,2025-04-01 01:59:49.520871,0.243953
1523,tvae,0.25,random,0.0625,1.0,COMPLETE,2025-04-01 01:59:49.543047,2025-04-01 01:59:53.583648,4.040601
1524,gaussiancopula,1,onesidedselection,0.125,-1.0,COMPLETE,2025-04-01 01:59:53.611831,2025-04-01 01:59:53.753033,0.141202
1525,copulagan,0,condensednn,0.0625,-1.0,COMPLETE,2025-04-01 01:59:53.766269,2025-04-01 01:59:53.866604,0.100335
1526,adasyn,2,tomeklinks,0.25,-1.0,COMPLETE,2025-04-01 01:59:53.889205,2025-04-01 01:59:53.973638,0.084433
1527,gaussiancopula,0.5,condensednn,0,1.0,COMPLETE,2025-04-01 01:59:53.986314,2025-04-01 01:59:57.989051,4.002737
1528,random,0,clustercentroid,0.5,-1.0,COMPLETE,2025-04-01 01:59:58.006840,2025-04-01 01:59:58.100825,0.093985
1529,random,auto,onesidedselection,0.25,-1.0,COMPLETE,2025-04-01 01:59:58.124631,2025-04-01 01:59:58.221215,0.096584
1530,gaussiancopula,0,editednn,0.25,-1.0,COMPLETE,2025-04-01 01:59:58.244237,2025-04-01 01:59:58.334979,0.090742
1531,smote,2,onesidedselection,0.25,-1.0,COMPLETE,2025-04-01 01:59:58.357987,2025-04-01 01:59:58.446005,0.088018
1532,adasyn,1,nearmiss,0.0625,-1.0,COMPLETE,2025-04-01 01:59:58.458927,2025-04-01 01:59:58.544325,0.085398
1533,fastml,1,instancehardness,0.125,-1.0,COMPLETE,2025-04-01 01:59:58.567220,2025-04-01 01:59:58.713913,0.146693
1534,random,auto,tomeklinks,0.5,-1.0,COMPLETE,2025-04-01 01:59:58.727733,2025-04-01 01:59:58.824024,0.096291
1535,random,0,onesidedselection,0.5,-1.0,COMPLETE,2025-04-01 01:59:58.838523,2025-04-01 01:59:58.931413,0.09289
1536,gaussiancopula,auto,tomeklinks,0,1.0,COMPLETE,2025-04-01 01:59:58.954544,2025-04-01 02:00:03.059943,4.105399
1537,smote,0.25,random,0.125,-1.0,COMPLETE,2025-04-01 02:00:03.084783,2025-04-01 02:00:03.175756,0.090973
1538,gaussiancopula,2,tomeklinks,0.5,-1.0,COMPLETE,2025-04-01 02:00:03.199138,2025-04-01 02:00:03.346189,0.147051
1539,gaussiancopula,1,tomeklinks,0.25,-1.0,COMPLETE,2025-04-01 02:00:03.358934,2025-04-01 02:00:03.506987,0.148053
1540,random,0.25,instancehardness,auto,-1.0,COMPLETE,2025-04-01 02:00:03.519612,2025-04-01 02:00:03.611622,0.09201
1541,tvae,0,editednn,0,-1.0,ERROR,,,0.0
1542,smote,0,onesidedselection,0.125,-1.0,COMPLETE,2025-04-01 02:00:03.773066,2025-04-01 02:00:03.858445,0.085379
1543,adasyn,1,clustercentroid,0.125,-1.0,COMPLETE,2025-04-01 02:00:03.881267,2025-04-01 02:00:03.967568,0.086301
1544,tvae,auto,editednn,0.125,-1.0,COMPLETE,2025-04-01 02:00:03.990541,2025-04-01 02:00:04.208502,0.217961
1545,adasyn,2,editednn,0.0625,-1.0,COMPLETE,2025-04-01 02:00:04.232489,2025-04-01 02:00:04.319649,0.08716
1546,smote,0,editednn,auto,-1.0,COMPLETE,2025-04-01 02:00:04.342187,2025-04-01 02:00:04.425519,0.083332
1547,random,auto,tomeklinks,auto,-1.0,COMPLETE,2025-04-01 02:00:04.448009,2025-04-01 02:00:04.533923,0.085914
1548,copulagan,auto,tomeklinks,0.0625,-1.0,COMPLETE,2025-04-01 02:00:04.556003,2025-04-01 02:00:04.797093,0.24109
1549,tvae,0.5,editednn,0.5,-1.0,COMPLETE,2025-04-01 02:00:04.820199,2025-04-01 02:00:05.033218,0.213019
1550,ctgan,0.25,condensednn,0,0.9411764705882353,COMPLETE,2025-04-01 02:00:05.055932,2025-04-01 02:00:09.266403,4.210471
1551,smote,0.5,condensednn,0,-1.0,COMPLETE,2025-04-01 02:00:09.289866,2025-04-01 02:00:09.374406,0.08454
1552,random,0.5,editednn,0.0625,-1.0,COMPLETE,2025-04-01 02:00:09.396722,2025-04-01 02:00:09.484340,0.087618
1553,fastml,0,editednn,0.0625,-1.0,COMPLETE,2025-04-01 02:00:09.506729,2025-04-01 02:00:09.599901,0.093172
1554,tvae,1,nearmiss,auto,-1.0,COMPLETE,2025-04-01 02:00:09.624768,2025-04-01 02:00:09.848758,0.22399
1555,tvae,1,clustercentroid,0.125,-1.0,COMPLETE,2025-04-01 02:00:09.872055,2025-04-01 02:00:10.086841,0.214786
1556,adasyn,auto,instancehardness,0,-1.0,COMPLETE,2025-04-01 02:00:10.108644,2025-04-01 02:00:10.195987,0.087343
1557,ctgan,0,random,0.25,-1.0,COMPLETE,2025-04-01 02:00:10.218501,2025-04-01 02:00:10.321100,0.102599
1558,adasyn,auto,condensednn,0.0625,-1.0,COMPLETE,2025-04-01 02:00:10.343969,2025-04-01 02:00:10.432521,0.088552
1559,tvae,0.5,clustercentroid,0.25,-1.0,COMPLETE,2025-04-01 02:00:10.455560,2025-04-01 02:00:10.674265,0.218705
1560,tvae,2,clustercentroid,0.5,-1.0,COMPLETE,2025-04-01 02:00:10.696666,2025-04-01 02:00:10.915286,0.21862
1561,adasyn,0,editednn,0.5,-1.0,COMPLETE,2025-04-01 02:00:10.939039,2025-04-01 02:00:11.024804,0.085765
1562,smote,2,instancehardness,0.125,-1.0,COMPLETE,2025-04-01 02:00:11.047258,2025-04-01 02:00:11.131094,0.083836
1563,fastml,0,condensednn,auto,-1.0,COMPLETE,2025-04-01 02:00:11.153101,2025-04-01 02:00:11.244591,0.09149
1564,ctgan,0.25,random,0.125,0.9411764705882353,COMPLETE,2025-04-01 02:00:11.271653,2025-04-01 02:00:15.569111,4.297458
1565,gaussiancopula,auto,onesidedselection,0.125,-1.0,COMPLETE,2025-04-01 02:00:15.596509,2025-04-01 02:00:15.765950,0.169441
1566,random,0.5,onesidedselection,0.125,-1.0,COMPLETE,2025-04-01 02:00:15.779318,2025-04-01 02:00:15.883270,0.103952
1567,gaussiancopula,0.5,nearmiss,0.5,-1.0,COMPLETE,2025-04-01 02:00:15.905917,2025-04-01 02:00:16.068843,0.162926
1568,adasyn,2,nearmiss,auto,-1.0,COMPLETE,2025-04-01 02:00:16.092522,2025-04-01 02:00:16.184138,0.091616
1569,tvae,auto,random,0.25,1.0,COMPLETE,2025-04-01 02:00:16.208306,2025-04-01 02:00:20.586866,4.37856
1570,random,0,tomeklinks,auto,-1.0,COMPLETE,2025-04-01 02:00:20.600880,2025-04-01 02:00:20.686439,0.085559
1571,adasyn,0.5,clustercentroid,auto,-1.0,COMPLETE,2025-04-01 02:00:20.712997,2025-04-01 02:00:20.802638,0.089641
1572,gaussiancopula,2,tomeklinks,0.125,-1.0,COMPLETE,2025-04-01 02:00:20.825039,2025-04-01 02:00:20.972565,0.147526
1573,gaussiancopula,auto,condensednn,0,1.0,COMPLETE,2025-04-01 02:00:20.986504,2025-04-01 02:00:25.057655,4.071151
1574,random,0,clustercentroid,auto,-1.0,COMPLETE,2025-04-01 02:00:25.081404,2025-04-01 02:00:25.168687,0.087283
1575,tvae,0.5,instancehardness,0.5,-1.0,COMPLETE,2025-04-01 02:00:25.191007,2025-04-01 02:00:25.419108,0.228101
1576,gaussiancopula,0,onesidedselection,0.0625,-1.0,COMPLETE,2025-04-01 02:00:25.442009,2025-04-01 02:00:25.533240,0.091231
1577,copulagan,auto,onesidedselection,auto,-1.0,COMPLETE,2025-04-01 02:00:25.555466,2025-04-01 02:00:25.810866,0.2554
1578,copulagan,0,condensednn,0.5,-1.0,COMPLETE,2025-04-01 02:00:25.834108,2025-04-01 02:00:25.933330,0.099222
1579,tvae,auto,tomeklinks,0,1.0,COMPLETE,2025-04-01 02:00:25.956450,2025-04-01 02:00:30.034814,4.078364
1580,random,0.5,condensednn,0,-1.0,COMPLETE,2025-04-01 02:00:30.058953,2025-04-01 02:00:30.152354,0.093401
1581,adasyn,0,nearmiss,0,-1.0,ERROR,,,0.0
1582,adasyn,0,clustercentroid,0.5,-1.0,COMPLETE,2025-04-01 02:00:30.273610,2025-04-01 02:00:30.360109,0.086499
1583,ctgan,1,clustercentroid,0,1.0,COMPLETE,2025-04-01 02:00:30.382235,2025-04-01 02:00:34.550092,4.167857
1584,gaussiancopula,2,editednn,0.5,-1.0,COMPLETE,2025-04-01 02:00:34.575006,2025-04-01 02:00:34.731895,0.156889
1585,fastml,0.5,clustercentroid,auto,-1.0,COMPLETE,2025-04-01 02:00:34.746197,2025-04-01 02:00:34.899123,0.152926
1586,copulagan,0.5,onesidedselection,0.125,-1.0,COMPLETE,2025-04-01 02:00:34.911497,2025-04-01 02:00:35.176594,0.265097
1587,random,1,nearmiss,0.25,-1.0,COMPLETE,2025-04-01 02:00:35.200525,2025-04-01 02:00:35.294320,0.093795
1588,random,0,tomeklinks,0,-1.0,ERROR,,,0.0
1589,random,1,onesidedselection,0,-1.0,COMPLETE,2025-04-01 02:00:35.422964,2025-04-01 02:00:35.515403,0.092439
1590,copulagan,0.25,tomeklinks,0.25,-1.0,COMPLETE,2025-04-01 02:00:35.537476,2025-04-01 02:00:35.781817,0.244341
1591,fastml,0,random,0.125,-1.0,COMPLETE,2025-04-01 02:00:35.804916,2025-04-01 02:00:35.904644,0.099728
1592,gaussiancopula,0,onesidedselection,0.5,-1.0,COMPLETE,2025-04-01 02:00:35.926901,2025-04-01 02:00:36.016501,0.0896
1593,copulagan,auto,instancehardness,auto,-1.0,COMPLETE,2025-04-01 02:00:36.038414,2025-04-01 02:00:36.283685,0.245271
1594,adasyn,0.5,instancehardness,auto,-1.0,COMPLETE,2025-04-01 02:00:36.307685,2025-04-01 02:00:36.401519,0.093834
1595,adasyn,auto,condensednn,auto,-1.0,COMPLETE,2025-04-01 02:00:36.423894,2025-04-01 02:00:36.510580,0.086686
1596,tvae,0,tomeklinks,auto,-1.0,COMPLETE,2025-04-01 02:00:36.533337,2025-04-01 02:00:36.626796,0.093459
1597,random,1,instancehardness,0.125,-1.0,COMPLETE,2025-04-01 02:00:36.653184,2025-04-01 02:00:36.746758,0.093574
1598,gaussiancopula,1,onesidedselection,auto,-1.0,COMPLETE,2025-04-01 02:00:36.769715,2025-04-01 02:00:36.924305,0.15459
1599,random,2,editednn,0,-1.0,COMPLETE,2025-04-01 02:00:36.939079,2025-04-01 02:00:37.041209,0.10213
1600,gaussiancopula,0,clustercentroid,0.125,-1.0,COMPLETE,2025-04-01 02:00:37.062050,2025-04-01 02:00:37.159785,0.097735
1601,fastml,1,editednn,0.125,-1.0,COMPLETE,2025-04-01 02:00:37.182632,2025-04-01 02:00:37.332616,0.149984
1602,fastml,2,random,0.25,1.0,COMPLETE,2025-04-01 02:00:37.345563,2025-04-01 02:00:41.356489,4.010926
1603,adasyn,2,clustercentroid,0,-1.0,COMPLETE,2025-04-01 02:00:41.379825,2025-04-01 02:00:41.474163,0.094338
1604,copulagan,0.25,random,0.5,1.0,COMPLETE,2025-04-01 02:00:41.495773,2025-04-01 02:00:45.666964,4.171191
1605,ctgan,0.5,instancehardness,0.0625,-1.0,COMPLETE,2025-04-01 02:00:45.690882,2025-04-01 02:00:46.023779,0.332897
1606,tvae,0.5,clustercentroid,0.125,-1.0,COMPLETE,2025-04-01 02:00:46.039618,2025-04-01 02:00:46.257821,0.218203
1607,gaussiancopula,0,tomeklinks,0.5,-1.0,COMPLETE,2025-04-01 02:00:46.280434,2025-04-01 02:00:46.373265,0.092831
1608,adasyn,auto,tomeklinks,0,-1.0,COMPLETE,2025-04-01 02:00:46.395422,2025-04-01 02:00:46.479633,0.084211
1609,smote,1,condensednn,0.125,-1.0,COMPLETE,2025-04-01 02:00:46.492130,2025-04-01 02:00:46.578678,0.086548
1610,copulagan,auto,editednn,auto,-1.0,COMPLETE,2025-04-01 02:00:46.600585,2025-04-01 02:00:46.848712,0.248127
1611,random,0.25,random,auto,-1.0,COMPLETE,2025-04-01 02:00:46.870949,2025-04-01 02:00:46.972077,0.101128
1612,gaussiancopula,0.25,instancehardness,0.125,-1.0,COMPLETE,2025-04-01 02:00:46.994751,2025-04-01 02:00:47.140673,0.145922
1613,copulagan,0.25,condensednn,0.25,-1.0,COMPLETE,2025-04-01 02:00:47.154318,2025-04-01 02:00:47.395804,0.241486
1614,copulagan,0.25,clustercentroid,0.0625,-1.0,COMPLETE,2025-04-01 02:00:47.418182,2025-04-01 02:00:47.666600,0.248418
1615,gaussiancopula,0.25,random,0.0625,1.0,COMPLETE,2025-04-01 02:00:47.688766,2025-04-01 02:00:51.639407,3.950641
1616,gaussiancopula,1,random,0.25,1.0,COMPLETE,2025-04-01 02:00:51.664141,2025-04-01 02:00:55.553661,3.88952
1617,smote,0,onesidedselection,0.5,-1.0,COMPLETE,2025-04-01 02:00:55.578367,2025-04-01 02:00:55.672100,0.093733
1618,ctgan,0.5,instancehardness,0.5,-1.0,COMPLETE,2025-04-01 02:00:55.695857,2025-04-01 02:00:56.050282,0.354425
1619,adasyn,0,condensednn,0.0625,-1.0,COMPLETE,2025-04-01 02:00:56.063750,2025-04-01 02:00:56.150803,0.087053
1620,ctgan,2,random,0.25,1.0,COMPLETE,2025-04-01 02:00:56.173092,2025-04-01 02:01:00.370242,4.19715
1621,tvae,auto,condensednn,auto,-1.0,COMPLETE,2025-04-01 02:01:00.393504,2025-04-01 02:01:00.622100,0.228596
1622,fastml,2,random,0.125,1.0,COMPLETE,2025-04-01 02:01:00.644145,2025-04-01 02:01:04.916685,4.27254
1623,ctgan,1,tomeklinks,0.0625,-1.0,COMPLETE,2025-04-01 02:01:04.940674,2025-04-01 02:01:05.287793,0.347119
1624,random,0.5,instancehardness,0.125,-1.0,COMPLETE,2025-04-01 02:01:05.301904,2025-04-01 02:01:05.396099,0.094195
1625,copulagan,0.25,nearmiss,0.125,-1.0,COMPLETE,2025-04-01 02:01:05.419391,2025-04-01 02:01:05.698525,0.279134
1626,fastml,auto,onesidedselection,0.0625,-1.0,COMPLETE,2025-04-01 02:01:05.722338,2025-04-01 02:01:05.881787,0.159449
1627,ctgan,auto,clustercentroid,0.125,-1.0,COMPLETE,2025-04-01 02:01:05.905398,2025-04-01 02:01:06.236751,0.331353
1628,fastml,0.5,clustercentroid,0.0625,-1.0,COMPLETE,2025-04-01 02:01:06.258028,2025-04-01 02:01:06.401122,0.143094
1629,tvae,0,editednn,0.25,-1.0,COMPLETE,2025-04-01 02:01:06.414010,2025-04-01 02:01:06.510440,0.09643
1630,copulagan,0,instancehardness,0.125,-1.0,COMPLETE,2025-04-01 02:01:06.532266,2025-04-01 02:01:06.629945,0.097679
1631,smote,0.25,nearmiss,0.25,-1.0,COMPLETE,2025-04-01 02:01:06.651794,2025-04-01 02:01:06.736159,0.084365
1632,adasyn,1,editednn,0.0625,-1.0,COMPLETE,2025-04-01 02:01:06.757607,2025-04-01 02:01:06.841377,0.08377
1633,fastml,auto,nearmiss,0.0625,-1.0,COMPLETE,2025-04-01 02:01:06.863710,2025-04-01 02:01:07.005452,0.141742
1634,gaussiancopula,2,instancehardness,0,1.0,COMPLETE,2025-04-01 02:01:07.027789,2025-04-01 02:01:11.044314,4.016525
1635,random,1,clustercentroid,0.25,-1.0,COMPLETE,2025-04-01 02:01:11.070086,2025-04-01 02:01:11.159582,0.089496
1636,random,0,editednn,0,-1.0,ERROR,,,0.0
1637,ctgan,2,random,0.125,1.0,COMPLETE,2025-04-01 02:01:11.289009,2025-04-01 02:01:15.799344,4.510335
1638,gaussiancopula,0.25,tomeklinks,0.125,-1.0,COMPLETE,2025-04-01 02:01:15.829880,2025-04-01 02:01:16.011378,0.181498
1639,random,auto,tomeklinks,0.125,-1.0,COMPLETE,2025-04-01 02:01:16.038258,2025-04-01 02:01:16.138859,0.100601
1640,adasyn,0.5,nearmiss,0.5,-1.0,COMPLETE,2025-04-01 02:01:16.162081,2025-04-01 02:01:16.266813,0.104732
1641,random,auto,editednn,0.5,-1.0,COMPLETE,2025-04-01 02:01:16.291777,2025-04-01 02:01:16.404650,0.112873
1642,fastml,2,clustercentroid,0.0625,-1.0,COMPLETE,2025-04-01 02:01:16.429563,2025-04-01 02:01:16.589738,0.160175
1643,adasyn,2,onesidedselection,auto,-1.0,COMPLETE,2025-04-01 02:01:16.617940,2025-04-01 02:01:16.710707,0.092767
1644,gaussiancopula,2,editednn,0,1.0,COMPLETE,2025-04-01 02:01:16.733701,2025-04-01 02:01:20.806857,4.073156
1645,random,2,nearmiss,0.25,-1.0,COMPLETE,2025-04-01 02:01:20.830022,2025-04-01 02:01:20.919398,0.089376
1646,smote,auto,random,0,-1.0,COMPLETE,2025-04-01 02:01:20.941170,2025-04-01 02:01:21.029243,0.088073
1647,smote,0.5,nearmiss,auto,-1.0,COMPLETE,2025-04-01 02:01:21.052386,2025-04-01 02:01:21.142211,0.089825
1648,adasyn,0.25,instancehardness,0,-1.0,COMPLETE,2025-04-01 02:01:21.165571,2025-04-01 02:01:21.251852,0.086281
1649,ctgan,2,nearmiss,0.5,-1.0,COMPLETE,2025-04-01 02:01:21.273650,2025-04-01 02:01:21.609553,0.335903
1650,tvae,0.5,onesidedselection,0.125,-1.0,COMPLETE,2025-04-01 02:01:21.623704,2025-04-01 02:01:21.865366,0.241662
1651,random,0.5,random,0.25,-1.0,COMPLETE,2025-04-01 02:01:21.890210,2025-04-01 02:01:21.998808,0.108598
1652,random,0.5,tomeklinks,0,-1.0,COMPLETE,2025-04-01 02:01:22.022827,2025-04-01 02:01:22.125885,0.103058
1653,smote,0.5,instancehardness,0.125,-1.0,COMPLETE,2025-04-01 02:01:22.149266,2025-04-01 02:01:22.239936,0.09067
1654,adasyn,0,condensednn,0,-1.0,ERROR,,,0.0
1655,random,0,nearmiss,0.0625,-1.0,COMPLETE,2025-04-01 02:01:22.374051,2025-04-01 02:01:22.467202,0.093151
1656,smote,0,condensednn,0,-1.0,ERROR,,,0.0
1657,tvae,0.25,random,0,1.0,COMPLETE,2025-04-01 02:01:22.611621,2025-04-01 02:01:26.937727,4.326106
1658,adasyn,2,condensednn,0.5,-1.0,COMPLETE,2025-04-01 02:01:26.961764,2025-04-01 02:01:27.050551,0.088787
1659,ctgan,0,condensednn,0.25,-1.0,COMPLETE,2025-04-01 02:01:27.072675,2025-04-01 02:01:27.169943,0.097268
1660,random,1,condensednn,0.5,-1.0,COMPLETE,2025-04-01 02:01:27.192142,2025-04-01 02:01:27.280456,0.088314
1661,copulagan,0,tomeklinks,0.125,-1.0,COMPLETE,2025-04-01 02:01:27.302753,2025-04-01 02:01:27.404785,0.102032
1662,fastml,0,random,0.0625,-1.0,COMPLETE,2025-04-01 02:01:27.417684,2025-04-01 02:01:27.515519,0.097835
1663,smote,0.5,nearmiss,0,-1.0,COMPLETE,2025-04-01 02:01:27.537764,2025-04-01 02:01:27.630347,0.092583
1664,ctgan,auto,onesidedselection,0.0625,-1.0,COMPLETE,2025-04-01 02:01:27.653862,2025-04-01 02:01:28.000750,0.346888
1665,random,0.25,tomeklinks,0.25,-1.0,COMPLETE,2025-04-01 02:01:28.013156,2025-04-01 02:01:28.105397,0.092241
1666,copulagan,0.5,editednn,0.25,-1.0,COMPLETE,2025-04-01 02:01:28.131130,2025-04-01 02:01:28.392330,0.2612
1667,smote,0.5,tomeklinks,0.25,-1.0,COMPLETE,2025-04-01 02:01:28.405442,2025-04-01 02:01:28.494670,0.089228
1668,fastml,1,clustercentroid,0.0625,-1.0,COMPLETE,2025-04-01 02:01:28.517091,2025-04-01 02:01:28.668753,0.151662
1669,ctgan,0.25,random,0.5,1.0,COMPLETE,2025-04-01 02:01:28.686568,2025-04-01 02:01:32.924074,4.237506
1670,tvae,1,onesidedselection,0.25,-1.0,COMPLETE,2025-04-01 02:01:32.947841,2025-04-01 02:01:33.174432,0.226591
1671,gaussiancopula,2,instancehardness,0.125,-1.0,COMPLETE,2025-04-01 02:01:33.197455,2025-04-01 02:01:33.342118,0.144663
1672,copulagan,auto,random,0.5,0.92,COMPLETE,2025-04-01 02:01:33.354653,2025-04-01 02:01:37.458940,4.104287
1673,adasyn,1,clustercentroid,0.25,-1.0,COMPLETE,2025-04-01 02:01:37.483273,2025-04-01 02:01:37.574934,0.091661
1674,gaussiancopula,1,nearmiss,0.125,-1.0,COMPLETE,2025-04-01 02:01:37.596851,2025-04-01 02:01:37.746347,0.149496
1675,fastml,2,random,0.5,1.0,COMPLETE,2025-04-01 02:01:37.759618,2025-04-01 02:01:41.732534,3.972916
1676,copulagan,2,tomeklinks,0.0625,-1.0,COMPLETE,2025-04-01 02:01:41.756165,2025-04-01 02:01:42.031812,0.275647
1677,adasyn,0,tomeklinks,0,-1.0,ERROR,,,0.0
1678,gaussiancopula,0.25,onesidedselection,0.5,-1.0,COMPLETE,2025-04-01 02:01:42.171989,2025-04-01 02:01:42.318264,0.146275
1679,smote,0.5,condensednn,0.5,-1.0,COMPLETE,2025-04-01 02:01:42.332660,2025-04-01 02:01:42.422440,0.08978
1680,fastml,0,condensednn,0.125,-1.0,COMPLETE,2025-04-01 02:01:42.445055,2025-04-01 02:01:42.538645,0.09359
1681,smote,1,tomeklinks,0.0625,-1.0,COMPLETE,2025-04-01 02:01:42.560381,2025-04-01 02:01:42.651177,0.090796
1682,smote,1,nearmiss,0.125,-1.0,COMPLETE,2025-04-01 02:01:42.673985,2025-04-01 02:01:42.767865,0.09388
1683,copulagan,1,condensednn,0.0625,-1.0,COMPLETE,2025-04-01 02:01:42.792060,2025-04-01 02:01:43.049745,0.257685
1684,random,0,tomeklinks,0.0625,-1.0,COMPLETE,2025-04-01 02:01:43.072154,2025-04-01 02:01:43.159627,0.087473
1685,ctgan,0.5,onesidedselection,0.25,-1.0,COMPLETE,2025-04-01 02:01:43.181285,2025-04-01 02:01:43.504021,0.322736
1686,ctgan,0.25,editednn,auto,-1.0,COMPLETE,2025-04-01 02:01:43.519455,2025-04-01 02:01:43.846587,0.327132
1687,tvae,0.5,instancehardness,0.0625,-1.0,COMPLETE,2025-04-01 02:01:43.869484,2025-04-01 02:01:44.092450,0.222966
1688,fastml,0,condensednn,0.25,-1.0,COMPLETE,2025-04-01 02:01:44.115374,2025-04-01 02:01:44.212141,0.096767
1689,gaussiancopula,1,editednn,0.5,-1.0,COMPLETE,2025-04-01 02:01:44.234450,2025-04-01 02:01:44.382901,0.148451
1690,copulagan,0,clustercentroid,0.25,-1.0,COMPLETE,2025-04-01 02:01:44.396324,2025-04-01 02:01:44.509523,0.113199
1691,adasyn,0,instancehardness,0.125,-1.0,COMPLETE,2025-04-01 02:01:44.532760,2025-04-01 02:01:44.621352,0.088592
1692,copulagan,0.5,clustercentroid,0.125,-1.0,COMPLETE,2025-04-01 02:01:44.642915,2025-04-01 02:01:44.885971,0.243056
1693,gaussiancopula,0.25,onesidedselection,0.125,-1.0,COMPLETE,2025-04-01 02:01:44.908878,2025-04-01 02:01:45.057516,0.148638
1694,random,0.25,instancehardness,0.0625,-1.0,COMPLETE,2025-04-01 02:01:45.082000,2025-04-01 02:01:45.180723,0.098723
1695,adasyn,0.5,onesidedselection,0.25,-1.0,COMPLETE,2025-04-01 02:01:45.204397,2025-04-01 02:01:45.295691,0.091294
1696,random,0.25,tomeklinks,0.5,-1.0,COMPLETE,2025-04-01 02:01:45.317722,2025-04-01 02:01:45.409744,0.092022
1697,adasyn,2,editednn,0,-1.0,COMPLETE,2025-04-01 02:01:45.432214,2025-04-01 02:01:45.518844,0.08663
1698,smote,2,clustercentroid,0.125,-1.0,COMPLETE,2025-04-01 02:01:45.541674,2025-04-01 02:01:45.628014,0.08634
1699,gaussiancopula,2,nearmiss,0.25,-1.0,COMPLETE,2025-04-01 02:01:45.650560,2025-04-01 02:01:45.803800,0.15324
1700,tvae,0.5,nearmiss,0.0625,-1.0,COMPLETE,2025-04-01 02:01:45.832401,2025-04-01 02:01:46.068064,0.235663
1701,adasyn,0.25,clustercentroid,0.0625,-1.0,COMPLETE,2025-04-01 02:01:46.092787,2025-04-01 02:01:46.184743,0.091956
1702,ctgan,1,nearmiss,0.0625,-1.0,COMPLETE,2025-04-01 02:01:46.207831,2025-04-01 02:01:46.548473,0.340642
1703,fastml,0.5,onesidedselection,0.5,-1.0,COMPLETE,2025-04-01 02:01:46.561082,2025-04-01 02:01:46.713899,0.152817
1704,random,auto,random,auto,-1.0,COMPLETE,2025-04-01 02:01:46.740935,2025-04-01 02:01:46.844187,0.103252
1705,adasyn,2,instancehardness,0,-1.0,COMPLETE,2025-04-01 02:01:46.867992,2025-04-01 02:01:46.964294,0.096302
1706,gaussiancopula,0,nearmiss,0.0625,-1.0,COMPLETE,2025-04-01 02:01:46.986965,2025-04-01 02:01:47.082165,0.0952
1707,fastml,2,clustercentroid,0.125,-1.0,COMPLETE,2025-04-01 02:01:47.104452,2025-04-01 02:01:47.256839,0.152387
1708,ctgan,0.5,condensednn,0,1.0,COMPLETE,2025-04-01 02:01:47.280635,2025-04-01 02:01:51.455236,4.174601
1709,tvae,2,onesidedselection,0.25,-1.0,COMPLETE,2025-04-01 02:01:51.478653,2025-04-01 02:01:51.699596,0.220943
1710,smote,0.5,instancehardness,0.25,-1.0,COMPLETE,2025-04-01 02:01:51.722400,2025-04-01 02:01:51.814267,0.091867
1711,tvae,0.5,random,0.0625,1.0,COMPLETE,2025-04-01 02:01:51.837114,2025-04-01 02:01:55.906015,4.068901
1712,tvae,0.25,tomeklinks,0,1.0,COMPLETE,2025-04-01 02:01:55.931497,2025-04-01 02:02:00.112040,4.180543
1713,smote,2,editednn,0.125,-1.0,COMPLETE,2025-04-01 02:02:00.126639,2025-04-01 02:02:00.215569,0.08893
1714,tvae,2,editednn,0.125,-1.0,COMPLETE,2025-04-01 02:02:00.237628,2025-04-01 02:02:00.455871,0.218243
1715,adasyn,1,nearmiss,0.5,-1.0,COMPLETE,2025-04-01 02:02:00.469839,2025-04-01 02:02:00.577713,0.107874
1716,gaussiancopula,0.25,random,0,1.0,COMPLETE,2025-04-01 02:02:00.592829,2025-04-01 02:02:04.591993,3.999164
1717,copulagan,1,editednn,0.125,-1.0,COMPLETE,2025-04-01 02:02:04.607163,2025-04-01 02:02:04.865155,0.257992
1718,ctgan,2,instancehardness,0.25,-1.0,COMPLETE,2025-04-01 02:02:04.879324,2025-04-01 02:02:05.227021,0.347697
1719,random,1,clustercentroid,0.5,-1.0,COMPLETE,2025-04-01 02:02:05.242622,2025-04-01 02:02:05.359616,0.116994
1720,gaussiancopula,0,condensednn,0,-1.0,ERROR,,,0.0
1721,ctgan,0,condensednn,0,-1.0,ERROR,,,0.0
1722,random,0.5,condensednn,0.5,-1.0,COMPLETE,2025-04-01 02:02:05.659476,2025-04-01 02:02:05.781372,0.121896
1723,tvae,0,clustercentroid,0.25,-1.0,COMPLETE,2025-04-01 02:02:05.797989,2025-04-01 02:02:05.917567,0.119578
1724,random,2,nearmiss,0.0625,-1.0,COMPLETE,2025-04-01 02:02:05.933242,2025-04-01 02:02:06.043055,0.109813
1725,tvae,0,random,0.5,-1.0,COMPLETE,2025-04-01 02:02:06.056111,2025-04-01 02:02:06.178937,0.122826
1726,fastml,0.5,onesidedselection,auto,-1.0,COMPLETE,2025-04-01 02:02:06.196875,2025-04-01 02:02:06.368599,0.171724
1727,gaussiancopula,0.25,condensednn,0.0625,-1.0,COMPLETE,2025-04-01 02:02:06.383711,2025-04-01 02:02:06.558879,0.175168
1728,adasyn,0.25,nearmiss,0,-1.0,COMPLETE,2025-04-01 02:02:06.578255,2025-04-01 02:02:06.686097,0.107842
1729,random,0.5,clustercentroid,0,-1.0,COMPLETE,2025-04-01 02:02:06.699215,2025-04-01 02:02:06.817876,0.118661
1730,fastml,0.5,nearmiss,auto,-1.0,COMPLETE,2025-04-01 02:02:06.833151,2025-04-01 02:02:07.000339,0.167188
1731,smote,1,clustercentroid,0,-1.0,COMPLETE,2025-04-01 02:02:07.014056,2025-04-01 02:02:07.122031,0.107975
1732,copulagan,1,clustercentroid,0,1.0,COMPLETE,2025-04-01 02:02:07.134491,2025-04-01 02:02:11.351464,4.216973
1733,adasyn,2,onesidedselection,0,-1.0,COMPLETE,2025-04-01 02:02:11.368435,2025-04-01 02:02:11.481510,0.113075
1734,copulagan,auto,random,0.125,1.0,COMPLETE,2025-04-01 02:02:11.494828,2025-04-01 02:02:15.791704,4.296876
1735,gaussiancopula,auto,random,auto,1.0,COMPLETE,2025-04-01 02:02:15.807626,2025-04-01 02:02:19.833834,4.026208
1736,fastml,0.5,instancehardness,0.5,-1.0,COMPLETE,2025-04-01 02:02:19.859829,2025-04-01 02:02:20.017672,0.157843
1737,smote,1,onesidedselection,0.5,-1.0,COMPLETE,2025-04-01 02:02:20.042091,2025-04-01 02:02:20.142831,0.10074
1738,adasyn,0,instancehardness,auto,-1.0,COMPLETE,2025-04-01 02:02:20.165983,2025-04-01 02:02:20.265110,0.099127
1739,random,2,instancehardness,0.0625,-1.0,COMPLETE,2025-04-01 02:02:20.279143,2025-04-01 02:02:20.377809,0.098666
1740,random,auto,random,0,-1.0,COMPLETE,2025-04-01 02:02:20.401341,2025-04-01 02:02:20.509005,0.107664
1741,ctgan,auto,nearmiss,0.25,-1.0,COMPLETE,2025-04-01 02:02:20.534742,2025-04-01 02:02:20.886729,0.351987
1742,gaussiancopula,auto,instancehardness,0,1.0,COMPLETE,2025-04-01 02:02:20.900597,2025-04-01 02:02:24.934848,4.034251
1743,adasyn,2,nearmiss,0.25,-1.0,COMPLETE,2025-04-01 02:02:24.958624,2025-04-01 02:02:25.046562,0.087938
1744,tvae,1,tomeklinks,auto,-1.0,COMPLETE,2025-04-01 02:02:25.068498,2025-04-01 02:02:25.297140,0.228642
1745,gaussiancopula,0.25,instancehardness,0.25,-1.0,COMPLETE,2025-04-01 02:02:25.310041,2025-04-01 02:02:25.464773,0.154732
1746,ctgan,1,condensednn,0,1.0,COMPLETE,2025-04-01 02:02:25.482191,2025-04-01 02:02:29.647022,4.164831
1747,gaussiancopula,auto,random,0.25,1.0,COMPLETE,2025-04-01 02:02:29.670572,2025-04-01 02:02:33.616493,3.945921
1748,adasyn,0,nearmiss,0.125,-1.0,COMPLETE,2025-04-01 02:02:33.640670,2025-04-01 02:02:33.733309,0.092639
1749,smote,2,nearmiss,0,-1.0,COMPLETE,2025-04-01 02:02:33.755665,2025-04-01 02:02:33.845002,0.089337
1750,smote,0,editednn,0,-1.0,ERROR,,,0.0
1751,fastml,0.5,random,auto,1.0,COMPLETE,2025-04-01 02:02:33.979715,2025-04-01 02:02:38.009634,4.029919
1752,random,auto,random,0.0625,-1.0,COMPLETE,2025-04-01 02:02:38.032957,2025-04-01 02:02:38.136188,0.103231
1753,fastml,0,instancehardness,auto,-1.0,COMPLETE,2025-04-01 02:02:38.158620,2025-04-01 02:02:38.257033,0.098413
1754,copulagan,0.25,tomeklinks,0.125,-1.0,COMPLETE,2025-04-01 02:02:38.271209,2025-04-01 02:02:38.551389,0.28018
1755,tvae,0.25,condensednn,0.5,-1.0,COMPLETE,2025-04-01 02:02:38.574964,2025-04-01 02:02:38.802984,0.22802
1756,tvae,0.25,onesidedselection,0.5,-1.0,COMPLETE,2025-04-01 02:02:38.825288,2025-04-01 02:02:39.054614,0.229326
1757,fastml,0.25,tomeklinks,0.5,-1.0,COMPLETE,2025-04-01 02:02:39.078151,2025-04-01 02:02:39.231368,0.153217
1758,gaussiancopula,2,condensednn,0.125,-1.0,COMPLETE,2025-04-01 02:02:39.255066,2025-04-01 02:02:39.403258,0.148192
1759,gaussiancopula,auto,condensednn,0.125,-1.0,COMPLETE,2025-04-01 02:02:39.421009,2025-04-01 02:02:39.569828,0.148819
1760,smote,1,editednn,auto,-1.0,COMPLETE,2025-04-01 02:02:39.583746,2025-04-01 02:02:39.688668,0.104922
1761,random,0.25,random,0.25,-1.0,COMPLETE,2025-04-01 02:02:39.713434,2025-04-01 02:02:39.817344,0.10391
1762,gaussiancopula,auto,random,0.5,1.0,COMPLETE,2025-04-01 02:02:39.841950,2025-04-01 02:02:43.962129,4.120179
1763,adasyn,1,clustercentroid,0.0625,-1.0,COMPLETE,2025-04-01 02:02:43.986808,2025-04-01 02:02:44.092642,0.105834
1764,fastml,0.25,tomeklinks,auto,-1.0,COMPLETE,2025-04-01 02:02:44.117072,2025-04-01 02:02:44.281537,0.164465
1765,adasyn,2,nearmiss,0,-1.0,COMPLETE,2025-04-01 02:02:44.305725,2025-04-01 02:02:44.405632,0.099907
1766,fastml,1,editednn,0.0625,-1.0,COMPLETE,2025-04-01 02:02:44.429339,2025-04-01 02:02:44.602541,0.173202
1767,smote,0.25,condensednn,0.25,-1.0,COMPLETE,2025-04-01 02:02:44.628913,2025-04-01 02:02:44.728234,0.099321
1768,copulagan,0.5,nearmiss,0,1.0,COMPLETE,2025-04-01 02:02:44.751031,2025-04-01 02:02:49.458676,4.707645
1769,random,2,nearmiss,0.5,-1.0,COMPLETE,2025-04-01 02:02:49.485535,2025-04-01 02:02:49.594877,0.109342
1770,random,0,condensednn,0.0625,-1.0,COMPLETE,2025-04-01 02:02:49.618562,2025-04-01 02:02:49.716832,0.09827
1771,adasyn,auto,instancehardness,auto,-1.0,COMPLETE,2025-04-01 02:02:49.739939,2025-04-01 02:02:49.843541,0.103602
1772,random,0,random,0.5,-1.0,COMPLETE,2025-04-01 02:02:49.866898,2025-04-01 02:02:49.974290,0.107392
1773,tvae,0.5,onesidedselection,0.5,-1.0,COMPLETE,2025-04-01 02:02:49.998873,2025-04-01 02:02:50.257411,0.258538
1774,random,0,instancehardness,auto,-1.0,COMPLETE,2025-04-01 02:02:50.282580,2025-04-01 02:02:50.385855,0.103275
1775,copulagan,auto,onesidedselection,0.125,-1.0,COMPLETE,2025-04-01 02:02:50.410903,2025-04-01 02:02:50.704413,0.29351
1776,fastml,2,clustercentroid,0.25,-1.0,COMPLETE,2025-04-01 02:02:50.729189,2025-04-01 02:02:50.898874,0.169685
1777,copulagan,auto,condensednn,auto,-1.0,COMPLETE,2025-04-01 02:02:50.923870,2025-04-01 02:02:51.212153,0.288283
1778,gaussiancopula,0.25,tomeklinks,0.5,-1.0,COMPLETE,2025-04-01 02:02:51.236805,2025-04-01 02:02:51.401595,0.16479
1779,random,1,random,0.125,-1.0,COMPLETE,2025-04-01 02:02:51.426529,2025-04-01 02:02:51.538277,0.111748
1780,smote,0.5,tomeklinks,0.0625,-1.0,COMPLETE,2025-04-01 02:02:51.563196,2025-04-01 02:02:51.679962,0.116766
1781,tvae,0,clustercentroid,auto,-1.0,COMPLETE,2025-04-01 02:02:51.705188,2025-04-01 02:02:51.819874,0.114686
1782,adasyn,0.5,condensednn,auto,-1.0,COMPLETE,2025-04-01 02:02:51.844283,2025-04-01 02:02:51.947910,0.103627
1783,adasyn,0.25,random,0,-1.0,COMPLETE,2025-04-01 02:02:51.972172,2025-04-01 02:02:52.074442,0.10227
1784,ctgan,0,random,0.0625,-1.0,COMPLETE,2025-04-01 02:02:52.099947,2025-04-01 02:02:52.219251,0.119304
1785,fastml,2,tomeklinks,0.125,-1.0,COMPLETE,2025-04-01 02:02:52.243466,2025-04-01 02:02:52.412571,0.169105
1786,fastml,1,condensednn,0.0625,-1.0,COMPLETE,2025-04-01 02:02:52.437238,2025-04-01 02:02:52.603538,0.1663
1787,adasyn,2,condensednn,0.125,-1.0,COMPLETE,2025-04-01 02:02:52.627194,2025-04-01 02:02:52.724679,0.097485
1788,smote,0.5,tomeklinks,0.125,-1.0,COMPLETE,2025-04-01 02:02:52.748264,2025-04-01 02:02:52.851355,0.103091
1789,fastml,auto,tomeklinks,0.0625,-1.0,COMPLETE,2025-04-01 02:02:52.875356,2025-04-01 02:02:53.063403,0.188047
1790,fastml,0.5,condensednn,0.0625,-1.0,COMPLETE,2025-04-01 02:02:53.089078,2025-04-01 02:02:53.265420,0.176342
1791,fastml,2,nearmiss,0.125,-1.0,COMPLETE,2025-04-01 02:02:53.278980,2025-04-01 02:02:53.439742,0.160762
1792,gaussiancopula,auto,editednn,0,1.0,COMPLETE,2025-04-01 02:02:53.463668,2025-04-01 02:02:57.815119,4.351451
1793,gaussiancopula,0.5,random,0.0625,1.0,COMPLETE,2025-04-01 02:02:57.841182,2025-04-01 02:03:02.172153,4.330971
1794,gaussiancopula,0,onesidedselection,0.125,-1.0,COMPLETE,2025-04-01 02:03:02.197219,2025-04-01 02:03:02.308409,0.11119
1795,copulagan,0.25,clustercentroid,0.125,-1.0,COMPLETE,2025-04-01 02:03:02.322516,2025-04-01 02:03:02.611970,0.289454
1796,copulagan,2,clustercentroid,0.0625,-1.0,COMPLETE,2025-04-01 02:03:02.636896,2025-04-01 02:03:02.931597,0.294701
1797,fastml,0,instancehardness,0.0625,-1.0,COMPLETE,2025-04-01 02:03:02.955843,2025-04-01 02:03:03.066369,0.110526
1798,smote,0.25,tomeklinks,0.0625,-1.0,COMPLETE,2025-04-01 02:03:03.090265,2025-04-01 02:03:03.188564,0.098299
1799,fastml,0,nearmiss,auto,-1.0,COMPLETE,2025-04-01 02:03:03.212627,2025-04-01 02:03:03.320073,0.107446
1800,copulagan,auto,condensednn,0.5,-1.0,COMPLETE,2025-04-01 02:03:03.345275,2025-04-01 02:03:03.634828,0.289553
1801,gaussiancopula,0.25,tomeklinks,0.25,-1.0,COMPLETE,2025-04-01 02:03:03.659092,2025-04-01 02:03:03.828340,0.169248
1802,copulagan,0.5,clustercentroid,auto,-1.0,COMPLETE,2025-04-01 02:03:03.852144,2025-04-01 02:03:04.144491,0.292347
1803,tvae,auto,onesidedselection,0.0625,-1.0,COMPLETE,2025-04-01 02:03:04.167591,2025-04-01 02:03:04.418246,0.250655
1804,gaussiancopula,0.5,onesidedselection,0.0625,-1.0,COMPLETE,2025-04-01 02:03:04.443290,2025-04-01 02:03:04.614658,0.171368
1805,copulagan,0,onesidedselection,auto,-1.0,COMPLETE,2025-04-01 02:03:04.638987,2025-04-01 02:03:04.757259,0.118272
1806,gaussiancopula,0.25,onesidedselection,auto,-1.0,COMPLETE,2025-04-01 02:03:04.780864,2025-04-01 02:03:04.951003,0.170139
1807,gaussiancopula,1,tomeklinks,0,1.0,COMPLETE,2025-04-01 02:03:04.975193,2025-04-01 02:03:09.284236,4.309043
1808,copulagan,0.5,condensednn,0.0625,-1.0,COMPLETE,2025-04-01 02:03:09.309296,2025-04-01 02:03:09.585224,0.275928
1809,fastml,0,random,auto,-1.0,COMPLETE,2025-04-01 02:03:09.611215,2025-04-01 02:03:09.721055,0.10984
1810,random,2,instancehardness,0.25,-1.0,COMPLETE,2025-04-01 02:03:09.745489,2025-04-01 02:03:09.852306,0.106817
1811,gaussiancopula,0,nearmiss,0.25,-1.0,COMPLETE,2025-04-01 02:03:09.876904,2025-04-01 02:03:09.988363,0.111459
1812,random,auto,onesidedselection,0,-1.0,COMPLETE,2025-04-01 02:03:10.013663,2025-04-01 02:03:10.125597,0.111934
1813,copulagan,0.5,random,0.0625,1.0,COMPLETE,2025-04-01 02:03:10.149088,2025-04-01 02:03:14.453309,4.304221
1814,copulagan,1,instancehardness,auto,-1.0,COMPLETE,2025-04-01 02:03:14.477267,2025-04-01 02:03:14.725444,0.248177
1815,fastml,0.5,tomeklinks,0,1.0,COMPLETE,2025-04-01 02:03:14.747853,2025-04-01 02:03:19.067713,4.31986
1816,smote,1,clustercentroid,0.0625,-1.0,COMPLETE,2025-04-01 02:03:19.091427,2025-04-01 02:03:19.187382,0.095955
1817,ctgan,0.5,instancehardness,0,1.0,COMPLETE,2025-04-01 02:03:19.200685,2025-04-01 02:03:23.640000,4.439315
1818,copulagan,0.25,random,auto,1.0,COMPLETE,2025-04-01 02:03:23.664034,2025-04-01 02:03:27.896423,4.232389
1819,gaussiancopula,2,nearmiss,0,1.0,COMPLETE,2025-04-01 02:03:27.919691,2025-04-01 02:03:32.065492,4.145801
1820,tvae,auto,nearmiss,0.5,-1.0,COMPLETE,2025-04-01 02:03:32.088963,2025-04-01 02:03:32.310746,0.221783
1821,smote,auto,editednn,0.0625,-1.0,COMPLETE,2025-04-01 02:03:32.332938,2025-04-01 02:03:32.423615,0.090677
1822,tvae,0.25,tomeklinks,0.125,-1.0,COMPLETE,2025-04-01 02:03:32.446366,2025-04-01 02:03:32.670477,0.224111
1823,random,auto,condensednn,0.25,-1.0,COMPLETE,2025-04-01 02:03:32.693156,2025-04-01 02:03:32.788648,0.095492
1824,smote,2,tomeklinks,0.25,-1.0,COMPLETE,2025-04-01 02:03:32.801806,2025-04-01 02:03:32.895062,0.093256
1825,smote,0.25,random,0,-1.0,COMPLETE,2025-04-01 02:03:32.916692,2025-04-01 02:03:33.007820,0.091128
1826,copulagan,0.25,editednn,0.5,-1.0,COMPLETE,2025-04-01 02:03:33.029768,2025-04-01 02:03:33.280623,0.250855
1827,random,auto,clustercentroid,auto,-1.0,COMPLETE,2025-04-01 02:03:33.304252,2025-04-01 02:03:33.405566,0.101314
1828,adasyn,0.5,tomeklinks,0.0625,-1.0,COMPLETE,2025-04-01 02:03:33.428478,2025-04-01 02:03:33.524886,0.096408
1829,tvae,0,nearmiss,0,-1.0,ERROR,,,0.0
1830,fastml,0.25,random,0.0625,1.0,COMPLETE,2025-04-01 02:03:33.681874,2025-04-01 02:03:37.908561,4.226687
1831,random,1,nearmiss,0.0625,-1.0,COMPLETE,2025-04-01 02:03:37.933004,2025-04-01 02:03:38.037919,0.104915
1832,random,1,condensednn,0,-1.0,COMPLETE,2025-04-01 02:03:38.061646,2025-04-01 02:03:38.160443,0.098797
1833,gaussiancopula,2,nearmiss,0.125,-1.0,COMPLETE,2025-04-01 02:03:38.182837,2025-04-01 02:03:38.335797,0.15296
1834,random,2,onesidedselection,0.25,-1.0,COMPLETE,2025-04-01 02:03:38.358773,2025-04-01 02:03:38.456979,0.098206
1835,adasyn,1,editednn,0.25,-1.0,COMPLETE,2025-04-01 02:03:38.480747,2025-04-01 02:03:38.575730,0.094983
1836,smote,1,onesidedselection,0,-1.0,COMPLETE,2025-04-01 02:03:38.598710,2025-04-01 02:03:38.689802,0.091092
1837,copulagan,2,tomeklinks,0.125,-1.0,COMPLETE,2025-04-01 02:03:38.711792,2025-04-01 02:03:38.974327,0.262535
1838,adasyn,2,editednn,0.5,-1.0,COMPLETE,2025-04-01 02:03:38.997096,2025-04-01 02:03:39.096193,0.099097
1839,smote,1,editednn,0.125,-1.0,COMPLETE,2025-04-01 02:03:39.119897,2025-04-01 02:03:39.218924,0.099027
1840,gaussiancopula,1,instancehardness,0.0625,-1.0,COMPLETE,2025-04-01 02:03:39.241373,2025-04-01 02:03:39.391175,0.149802
1841,gaussiancopula,auto,instancehardness,0.125,-1.0,COMPLETE,2025-04-01 02:03:39.414795,2025-04-01 02:03:39.574048,0.159253
1842,adasyn,0.5,nearmiss,auto,-1.0,COMPLETE,2025-04-01 02:03:39.596913,2025-04-01 02:03:39.702631,0.105718
1843,ctgan,0,instancehardness,0.125,-1.0,COMPLETE,2025-04-01 02:03:39.727249,2025-04-01 02:03:39.846914,0.119665
1844,adasyn,0.5,tomeklinks,0,-1.0,COMPLETE,2025-04-01 02:03:39.870213,2025-04-01 02:03:39.968255,0.098042
1845,copulagan,0,condensednn,0.25,-1.0,COMPLETE,2025-04-01 02:03:39.991585,2025-04-01 02:03:40.120580,0.128995
1846,gaussiancopula,2,editednn,0.25,-1.0,COMPLETE,2025-04-01 02:03:40.145022,2025-04-01 02:03:40.332467,0.187445
1847,ctgan,0.5,nearmiss,0.125,-1.0,COMPLETE,2025-04-01 02:03:40.357386,2025-04-01 02:03:40.721021,0.363635
1848,fastml,1,editednn,0.25,-1.0,COMPLETE,2025-04-01 02:03:40.744004,2025-04-01 02:03:40.903901,0.159897
1849,adasyn,0,onesidedselection,0.125,-1.0,COMPLETE,2025-04-01 02:03:40.919586,2025-04-01 02:03:41.020218,0.100632
1850,gaussiancopula,0.5,instancehardness,0.0625,-1.0,COMPLETE,2025-04-01 02:03:41.036133,2025-04-01 02:03:41.204551,0.168418
1851,smote,0.5,onesidedselection,0.0625,-1.0,COMPLETE,2025-04-01 02:03:41.228199,2025-04-01 02:03:41.328217,0.100018
1852,adasyn,0.25,random,auto,-1.0,COMPLETE,2025-04-01 02:03:41.352702,2025-04-01 02:03:41.453132,0.10043
1853,copulagan,0.5,nearmiss,0.5,-1.0,COMPLETE,2025-04-01 02:03:41.476531,2025-04-01 02:03:41.751500,0.274969
1854,adasyn,0.5,onesidedselection,0.5,-1.0,COMPLETE,2025-04-01 02:03:41.776266,2025-04-01 02:03:41.871227,0.094961
1855,copulagan,1,instancehardness,0.125,-1.0,COMPLETE,2025-04-01 02:03:41.893702,2025-04-01 02:03:42.159817,0.266115
1856,random,0,nearmiss,0.5,-1.0,COMPLETE,2025-04-01 02:03:42.183122,2025-04-01 02:03:42.283185,0.100063
1857,fastml,auto,editednn,0,1.0,COMPLETE,2025-04-01 02:03:42.305730,2025-04-01 02:03:46.487160,4.18143
1858,copulagan,2,instancehardness,0.0625,-1.0,COMPLETE,2025-04-01 02:03:46.512291,2025-04-01 02:03:46.804407,0.292116
1859,adasyn,0,nearmiss,auto,-1.0,COMPLETE,2025-04-01 02:03:46.828343,2025-04-01 02:03:46.937030,0.108687
1860,adasyn,0,instancehardness,0.0625,-1.0,COMPLETE,2025-04-01 02:03:46.961624,2025-04-01 02:03:47.069747,0.108123
1861,copulagan,0.25,nearmiss,0.25,-1.0,COMPLETE,2025-04-01 02:03:47.094301,2025-04-01 02:03:47.375367,0.281066
1862,gaussiancopula,auto,clustercentroid,0.5,-1.0,COMPLETE,2025-04-01 02:03:47.398379,2025-04-01 02:03:47.557446,0.159067
1863,ctgan,1,condensednn,auto,-1.0,COMPLETE,2025-04-01 02:03:47.583808,2025-04-01 02:03:47.961572,0.377764
1864,copulagan,0,random,0.125,-1.0,COMPLETE,2025-04-01 02:03:47.984404,2025-04-01 02:03:48.098565,0.114161
1865,smote,auto,clustercentroid,0.125,-1.0,COMPLETE,2025-04-01 02:03:48.121899,2025-04-01 02:03:48.220312,0.098413
1866,smote,1,editednn,0.25,-1.0,COMPLETE,2025-04-01 02:03:48.242858,2025-04-01 02:03:48.337452,0.094594
1867,gaussiancopula,0.5,random,0,1.0,COMPLETE,2025-04-01 02:03:48.360834,2025-04-01 02:03:52.425391,4.064557
1868,fastml,2,editednn,0.125,-1.0,COMPLETE,2025-04-01 02:03:52.449351,2025-04-01 02:03:52.599828,0.150477
1869,gaussiancopula,auto,clustercentroid,0.25,-1.0,COMPLETE,2025-04-01 02:03:52.622257,2025-04-01 02:03:52.781715,0.159458
1870,tvae,1,random,0.5,1.0,COMPLETE,2025-04-01 02:03:52.804220,2025-04-01 02:03:57.435740,4.63152
1871,gaussiancopula,0.5,clustercentroid,0.5,-1.0,COMPLETE,2025-04-01 02:03:57.460967,2025-04-01 02:03:57.625552,0.164585
1872,ctgan,0,condensednn,0.125,-1.0,COMPLETE,2025-04-01 02:03:57.649605,2025-04-01 02:03:57.771205,0.1216
1873,copulagan,1,nearmiss,0.0625,-1.0,COMPLETE,2025-04-01 02:03:57.794668,2025-04-01 02:03:58.058919,0.264251
1874,gaussiancopula,0.5,editednn,0.5,-1.0,COMPLETE,2025-04-01 02:03:58.082889,2025-04-01 02:03:58.247571,0.164682
1875,tvae,auto,editednn,auto,-1.0,COMPLETE,2025-04-01 02:03:58.271658,2025-04-01 02:03:58.515471,0.243813
1876,random,0,clustercentroid,0.25,-1.0,COMPLETE,2025-04-01 02:03:58.541269,2025-04-01 02:03:58.652311,0.111042
1877,smote,auto,tomeklinks,0.125,-1.0,COMPLETE,2025-04-01 02:03:58.676303,2025-04-01 02:03:58.777736,0.101433
1878,fastml,1,tomeklinks,0.125,-1.0,COMPLETE,2025-04-01 02:03:58.800659,2025-04-01 02:03:58.967366,0.166707
1879,tvae,0,tomeklinks,0.0625,-1.0,COMPLETE,2025-04-01 02:03:58.991311,2025-04-01 02:03:59.109575,0.118264
1880,copulagan,2,clustercentroid,0.25,-1.0,COMPLETE,2025-04-01 02:03:59.133932,2025-04-01 02:03:59.405756,0.271824
1881,tvae,0.25,instancehardness,0,1.0,COMPLETE,2025-04-01 02:03:59.428603,2025-04-01 02:04:03.685632,4.257029
1882,adasyn,auto,random,0.5,-1.0,COMPLETE,2025-04-01 02:04:03.710797,2025-04-01 02:04:03.812293,0.101496
1883,adasyn,0.5,clustercentroid,0.0625,-1.0,COMPLETE,2025-04-01 02:04:03.835657,2025-04-01 02:04:03.933017,0.09736
1884,adasyn,auto,onesidedselection,0,-1.0,COMPLETE,2025-04-01 02:04:03.955504,2025-04-01 02:04:04.051013,0.095509
1885,ctgan,0.5,clustercentroid,0.25,-1.0,COMPLETE,2025-04-01 02:04:04.064192,2025-04-01 02:04:04.402796,0.338604
1886,adasyn,0.5,condensednn,0.125,-1.0,COMPLETE,2025-04-01 02:04:04.416939,2025-04-01 02:04:04.515999,0.09906
1887,copulagan,0,condensednn,0,-1.0,ERROR,,,0.0
1888,adasyn,1,condensednn,0.25,-1.0,COMPLETE,2025-04-01 02:04:04.677050,2025-04-01 02:04:04.779453,0.102403
1889,fastml,0.5,clustercentroid,0.5,-1.0,COMPLETE,2025-04-01 02:04:04.792469,2025-04-01 02:04:04.950485,0.158016
1890,copulagan,1,instancehardness,0.25,-1.0,COMPLETE,2025-04-01 02:04:04.973710,2025-04-01 02:04:05.238231,0.264521
1891,tvae,0,editednn,0.125,-1.0,COMPLETE,2025-04-01 02:04:05.261032,2025-04-01 02:04:05.368828,0.107796
1892,smote,2,random,0.25,-1.0,COMPLETE,2025-04-01 02:04:05.391870,2025-04-01 02:04:05.487307,0.095437
1893,fastml,auto,nearmiss,0.125,-1.0,COMPLETE,2025-04-01 02:04:05.510865,2025-04-01 02:04:05.675369,0.164504
1894,smote,0,clustercentroid,0.25,-1.0,COMPLETE,2025-04-01 02:04:05.699133,2025-04-01 02:04:05.796879,0.097746
1895,copulagan,0.25,onesidedselection,0,0.9411764705882353,COMPLETE,2025-04-01 02:04:05.819391,2025-04-01 02:04:10.022904,4.203513
1896,smote,auto,onesidedselection,0,-1.0,COMPLETE,2025-04-01 02:04:10.046614,2025-04-01 02:04:10.139843,0.093229
1897,ctgan,0.25,random,0.25,1.0,COMPLETE,2025-04-01 02:04:10.162755,2025-04-01 02:04:14.338841,4.176086
1898,ctgan,0,onesidedselection,auto,-1.0,COMPLETE,2025-04-01 02:04:14.363464,2025-04-01 02:04:14.473758,0.110294
1899,gaussiancopula,0.5,onesidedselection,0.125,-1.0,COMPLETE,2025-04-01 02:04:14.498334,2025-04-01 02:04:14.655438,0.157104
1900,smote,0,nearmiss,0.0625,-1.0,COMPLETE,2025-04-01 02:04:14.678199,2025-04-01 02:04:14.779130,0.100931
1901,smote,0.25,editednn,auto,-1.0,COMPLETE,2025-04-01 02:04:14.801956,2025-04-01 02:04:14.903689,0.101733
1902,adasyn,0.5,onesidedselection,0.0625,-1.0,COMPLETE,2025-04-01 02:04:14.927723,2025-04-01 02:04:15.030227,0.102504
1903,copulagan,0.25,condensednn,0.0625,-1.0,COMPLETE,2025-04-01 02:04:15.053346,2025-04-01 02:04:15.312372,0.259026
1904,random,auto,instancehardness,auto,-1.0,COMPLETE,2025-04-01 02:04:15.336193,2025-04-01 02:04:15.440160,0.103967
1905,gaussiancopula,1,instancehardness,0.25,-1.0,COMPLETE,2025-04-01 02:04:15.463910,2025-04-01 02:04:15.636420,0.17251
1906,adasyn,1,editednn,auto,-1.0,COMPLETE,2025-04-01 02:04:15.660272,2025-04-01 02:04:15.762946,0.102674
1907,tvae,2,condensednn,0,1.0,COMPLETE,2025-04-01 02:04:15.786230,2025-04-01 02:04:19.932160,4.14593
1908,smote,0.25,random,0.0625,-1.0,COMPLETE,2025-04-01 02:04:19.956914,2025-04-01 02:04:20.058705,0.101791
1909,fastml,0.25,condensednn,0.25,-1.0,COMPLETE,2025-04-01 02:04:20.081479,2025-04-01 02:04:20.248393,0.166914
1910,copulagan,auto,tomeklinks,0.125,-1.0,COMPLETE,2025-04-01 02:04:20.271423,2025-04-01 02:04:20.538475,0.267052
1911,gaussiancopula,0,instancehardness,0.125,-1.0,COMPLETE,2025-04-01 02:04:20.551878,2025-04-01 02:04:20.656622,0.104744
1912,fastml,1,condensednn,0,1.0,COMPLETE,2025-04-01 02:04:20.679485,2025-04-01 02:04:24.800695,4.12121
1913,fastml,2,editednn,0,1.0,COMPLETE,2025-04-01 02:04:24.824397,2025-04-01 02:04:29.020137,4.19574
1914,adasyn,0,instancehardness,0,-1.0,ERROR,,,0.0
1915,copulagan,2,onesidedselection,0.125,-1.0,COMPLETE,2025-04-01 02:04:29.167640,2025-04-01 02:04:29.451157,0.283517
1916,ctgan,auto,clustercentroid,auto,-1.0,COMPLETE,2025-04-01 02:04:29.474741,2025-04-01 02:04:29.838222,0.363481
1917,ctgan,1,clustercentroid,auto,-1.0,COMPLETE,2025-04-01 02:04:29.851153,2025-04-01 02:04:30.208318,0.357165
1918,smote,0.25,random,0.25,-1.0,COMPLETE,2025-04-01 02:04:30.232309,2025-04-01 02:04:30.330511,0.098202
1919,smote,0,nearmiss,0.125,-1.0,COMPLETE,2025-04-01 02:04:30.354687,2025-04-01 02:04:30.456073,0.101386
1920,adasyn,1,clustercentroid,0,-1.0,COMPLETE,2025-04-01 02:04:30.479505,2025-04-01 02:04:30.581088,0.101583
1921,random,0.5,onesidedselection,auto,-1.0,COMPLETE,2025-04-01 02:04:30.604966,2025-04-01 02:04:30.713056,0.10809
1922,tvae,0.5,tomeklinks,0.125,-1.0,COMPLETE,2025-04-01 02:04:30.736602,2025-04-01 02:04:30.964982,0.22838
1923,adasyn,0.25,tomeklinks,0.5,-1.0,COMPLETE,2025-04-01 02:04:30.987804,2025-04-01 02:04:31.090401,0.102597
1924,copulagan,1,nearmiss,0.5,-1.0,COMPLETE,2025-04-01 02:04:31.113569,2025-04-01 02:04:31.373063,0.259494
1925,adasyn,2,instancehardness,0.0625,-1.0,COMPLETE,2025-04-01 02:04:31.396107,2025-04-01 02:04:31.503726,0.107619
1926,random,2,onesidedselection,0.0625,-1.0,COMPLETE,2025-04-01 02:04:31.526526,2025-04-01 02:04:31.630419,0.103893
1927,ctgan,0.25,tomeklinks,0.25,-1.0,COMPLETE,2025-04-01 02:04:31.656061,2025-04-01 02:04:32.040464,0.384403
1928,fastml,1,onesidedselection,0.25,-1.0,COMPLETE,2025-04-01 02:04:32.053873,2025-04-01 02:04:32.216736,0.162863
1929,copulagan,2,condensednn,0,1.0,COMPLETE,2025-04-01 02:04:32.242053,2025-04-01 02:04:36.515764,4.273711
1930,fastml,0,onesidedselection,0,-1.0,ERROR,,,0.0
1931,fastml,0.5,instancehardness,0.25,-1.0,COMPLETE,2025-04-01 02:04:36.670625,2025-04-01 02:04:36.826563,0.155938
1932,fastml,0,random,0,-1.0,ERROR,,,0.0
1933,ctgan,0,random,0.5,-1.0,COMPLETE,2025-04-01 02:04:36.994650,2025-04-01 02:04:37.112183,0.117533
1934,copulagan,0.5,onesidedselection,0.5,-1.0,COMPLETE,2025-04-01 02:04:37.136537,2025-04-01 02:04:37.402891,0.266354
1935,gaussiancopula,0,tomeklinks,0.25,-1.0,COMPLETE,2025-04-01 02:04:37.426068,2025-04-01 02:04:37.531600,0.105532
1936,adasyn,0.5,random,0.5,-1.0,COMPLETE,2025-04-01 02:04:37.555382,2025-04-01 02:04:37.661288,0.105906
1937,fastml,1,onesidedselection,auto,-1.0,COMPLETE,2025-04-01 02:04:37.684044,2025-04-01 02:04:37.860545,0.176501
1938,random,1,tomeklinks,0.0625,-1.0,COMPLETE,2025-04-01 02:04:37.885513,2025-04-01 02:04:37.999112,0.113599
1939,tvae,1,condensednn,0,1.0,COMPLETE,2025-04-01 02:04:38.023917,2025-04-01 02:04:42.318309,4.294392
1940,copulagan,2,condensednn,0.25,-1.0,COMPLETE,2025-04-01 02:04:42.332625,2025-04-01 02:04:42.599983,0.267358
1941,smote,auto,nearmiss,0,-1.0,COMPLETE,2025-04-01 02:04:42.622637,2025-04-01 02:04:42.717098,0.094461
1942,tvae,0.25,random,auto,1.0,COMPLETE,2025-04-01 02:04:42.740372,2025-04-01 02:04:46.839010,4.098638
1943,ctgan,2,clustercentroid,0.25,-1.0,COMPLETE,2025-04-01 02:04:46.863309,2025-04-01 02:04:47.197973,0.334664
1944,gaussiancopula,0.5,editednn,auto,-1.0,COMPLETE,2025-04-01 02:04:47.210949,2025-04-01 02:04:47.372735,0.161786
1945,smote,0,nearmiss,0,-1.0,ERROR,,,0.0
1946,tvae,0.25,clustercentroid,0.25,-1.0,COMPLETE,2025-04-01 02:04:47.521902,2025-04-01 02:04:47.756563,0.234661
1947,copulagan,0.5,instancehardness,0.5,-1.0,COMPLETE,2025-04-01 02:04:47.771109,2025-04-01 02:04:48.029042,0.257933
1948,gaussiancopula,2,nearmiss,0.5,-1.0,COMPLETE,2025-04-01 02:04:48.052240,2025-04-01 02:04:48.212466,0.160226
1949,smote,auto,instancehardness,0.125,-1.0,COMPLETE,2025-04-01 02:04:48.236405,2025-04-01 02:04:48.334839,0.098434
1950,copulagan,1,nearmiss,0,1.0,COMPLETE,2025-04-01 02:04:48.357452,2025-04-01 02:04:52.526409,4.168957
1951,fastml,0.5,random,0.125,1.0,COMPLETE,2025-04-01 02:04:52.550293,2025-04-01 02:04:56.718513,4.16822
1952,tvae,0.25,editednn,0.0625,-1.0,COMPLETE,2025-04-01 02:04:56.744779,2025-04-01 02:04:56.976486,0.231707
1953,tvae,0.25,onesidedselection,0.0625,-1.0,COMPLETE,2025-04-01 02:04:57.002009,2025-04-01 02:04:57.236977,0.234968
1954,tvae,auto,clustercentroid,0,1.0,COMPLETE,2025-04-01 02:04:57.261839,2025-04-01 02:05:01.505499,4.24366
1955,fastml,1,random,0.5,1.0,COMPLETE,2025-04-01 02:05:01.532153,2025-04-01 02:05:05.677154,4.145001
1956,adasyn,auto,random,0.125,-1.0,COMPLETE,2025-04-01 02:05:05.701988,2025-04-01 02:05:05.801004,0.099016
1957,adasyn,1,instancehardness,0,-1.0,COMPLETE,2025-04-01 02:05:05.823348,2025-04-01 02:05:05.922263,0.098915
1958,adasyn,0.25,instancehardness,0.0625,-1.0,COMPLETE,2025-04-01 02:05:05.944951,2025-04-01 02:05:06.046452,0.101501
1959,ctgan,auto,nearmiss,0.0625,-1.0,COMPLETE,2025-04-01 02:05:06.070936,2025-04-01 02:05:06.424033,0.353097
1960,copulagan,0,instancehardness,auto,-1.0,COMPLETE,2025-04-01 02:05:06.438753,2025-04-01 02:05:06.554090,0.115337
1961,tvae,auto,nearmiss,auto,-1.0,COMPLETE,2025-04-01 02:05:06.576230,2025-04-01 02:05:06.800131,0.223901
1962,fastml,0.25,instancehardness,0.0625,-1.0,COMPLETE,2025-04-01 02:05:06.823849,2025-04-01 02:05:06.998448,0.174599
1963,smote,1,clustercentroid,auto,-1.0,COMPLETE,2025-04-01 02:05:07.022355,2025-04-01 02:05:07.125681,0.103326
1964,adasyn,0.5,editednn,0.5,-1.0,COMPLETE,2025-04-01 02:05:07.148694,2025-04-01 02:05:07.250058,0.101364
1965,smote,0.25,nearmiss,0,-1.0,COMPLETE,2025-04-01 02:05:07.274061,2025-04-01 02:05:07.384642,0.110581
1966,fastml,auto,nearmiss,0.5,-1.0,COMPLETE,2025-04-01 02:05:07.407475,2025-04-01 02:05:07.575586,0.168111
1967,ctgan,2,onesidedselection,0.5,-1.0,COMPLETE,2025-04-01 02:05:07.598929,2025-04-01 02:05:07.969949,0.37102
1968,copulagan,0.5,onesidedselection,auto,-1.0,COMPLETE,2025-04-01 02:05:07.983074,2025-04-01 02:05:08.248447,0.265373
1969,fastml,0.5,nearmiss,0.125,-1.0,COMPLETE,2025-04-01 02:05:08.271873,2025-04-01 02:05:08.430844,0.158971
1970,adasyn,0,random,auto,-1.0,COMPLETE,2025-04-01 02:05:08.456064,2025-04-01 02:05:08.569436,0.113372
1971,random,0.25,clustercentroid,auto,-1.0,COMPLETE,2025-04-01 02:05:08.592484,2025-04-01 02:05:08.695140,0.102656
1972,adasyn,auto,condensednn,0.125,-1.0,COMPLETE,2025-04-01 02:05:08.717939,2025-04-01 02:05:08.816073,0.098134
1973,gaussiancopula,0,condensednn,0.5,-1.0,COMPLETE,2025-04-01 02:05:08.840439,2025-04-01 02:05:08.950302,0.109863
1974,smote,1,nearmiss,0.25,-1.0,COMPLETE,2025-04-01 02:05:08.973057,2025-04-01 02:05:09.075682,0.102625
1975,fastml,2,onesidedselection,0.0625,-1.0,COMPLETE,2025-04-01 02:05:09.089459,2025-04-01 02:05:09.269160,0.179701
1976,fastml,1,nearmiss,0,1.0,COMPLETE,2025-04-01 02:05:09.295166,2025-04-01 02:05:13.534992,4.239826
1977,gaussiancopula,2,onesidedselection,0.5,-1.0,COMPLETE,2025-04-01 02:05:13.559345,2025-04-01 02:05:13.722686,0.163341
1978,ctgan,0.25,tomeklinks,auto,-1.0,COMPLETE,2025-04-01 02:05:13.745567,2025-04-01 02:05:14.098796,0.353229
1979,gaussiancopula,auto,random,0.0625,1.0,COMPLETE,2025-04-01 02:05:14.113390,2025-04-01 02:05:18.188764,4.075374
1980,fastml,2,tomeklinks,0.5,-1.0,COMPLETE,2025-04-01 02:05:18.212996,2025-04-01 02:05:18.375217,0.162221
1981,smote,0,clustercentroid,0.5,-1.0,COMPLETE,2025-04-01 02:05:18.398320,2025-04-01 02:05:18.496580,0.09826
1982,tvae,0,instancehardness,auto,-1.0,COMPLETE,2025-04-01 02:05:18.519613,2025-04-01 02:05:18.626614,0.107001
1983,smote,1,editednn,0.5,-1.0,COMPLETE,2025-04-01 02:05:18.650067,2025-04-01 02:05:18.751594,0.101527
1984,random,0.25,condensednn,0.25,-1.0,COMPLETE,2025-04-01 02:05:18.775166,2025-04-01 02:05:18.881116,0.10595
1985,smote,auto,condensednn,0.5,-1.0,COMPLETE,2025-04-01 02:05:18.903726,2025-04-01 02:05:19.008218,0.104492
1986,ctgan,2,onesidedselection,0,1.0,COMPLETE,2025-04-01 02:05:19.030960,2025-04-01 02:05:23.430080,4.39912
1987,random,1,tomeklinks,auto,-1.0,COMPLETE,2025-04-01 02:05:23.453991,2025-04-01 02:05:23.555324,0.101333
1988,random,2,tomeklinks,0.125,-1.0,COMPLETE,2025-04-01 02:05:23.577505,2025-04-01 02:05:23.678165,0.10066
1989,adasyn,0.25,clustercentroid,0,-1.0,COMPLETE,2025-04-01 02:05:23.700230,2025-04-01 02:05:23.798855,0.098625
1990,ctgan,1,nearmiss,auto,-1.0,COMPLETE,2025-04-01 02:05:23.822082,2025-04-01 02:05:24.172487,0.350405
1991,adasyn,auto,instancehardness,0.125,-1.0,COMPLETE,2025-04-01 02:05:24.192049,2025-04-01 02:05:24.317905,0.125856
1992,fastml,1,instancehardness,0.0625,-1.0,COMPLETE,2025-04-01 02:05:24.341899,2025-04-01 02:05:24.508789,0.16689
1993,smote,0.5,random,auto,-1.0,COMPLETE,2025-04-01 02:05:24.532286,2025-04-01 02:05:24.638396,0.10611
1994,copulagan,0,clustercentroid,0.0625,-1.0,COMPLETE,2025-04-01 02:05:24.661407,2025-04-01 02:05:24.791035,0.129628
1995,copulagan,1,tomeklinks,0.5,-1.0,COMPLETE,2025-04-01 02:05:24.813732,2025-04-01 02:05:25.069761,0.256029
1996,random,0.5,random,0.125,-1.0,COMPLETE,2025-04-01 02:05:25.093211,2025-04-01 02:05:25.202920,0.109709
1997,ctgan,auto,clustercentroid,0.25,-1.0,COMPLETE,2025-04-01 02:05:25.225323,2025-04-01 02:05:25.576115,0.350792
1998,smote,0.5,editednn,0.125,-1.0,COMPLETE,2025-04-01 02:05:25.590302,2025-04-01 02:05:25.690089,0.099787
1999,smote,0,instancehardness,0,-1.0,ERROR,,,0.0
2000,copulagan,auto,onesidedselection,0.25,-1.0,COMPLETE,2025-04-01 02:05:25.838496,2025-04-01 02:05:26.127412,0.288916
2001,adasyn,0.25,clustercentroid,auto,-1.0,COMPLETE,2025-04-01 02:05:26.150718,2025-04-01 02:05:26.250779,0.100061
2002,random,0.25,onesidedselection,0.25,-1.0,COMPLETE,2025-04-01 02:05:26.273576,2025-04-01 02:05:26.374720,0.101144
2003,tvae,0,condensednn,0.5,-1.0,COMPLETE,2025-04-01 02:05:26.397786,2025-04-01 02:05:26.507452,0.109666
2004,adasyn,1,editednn,0.5,-1.0,COMPLETE,2025-04-01 02:05:26.529945,2025-04-01 02:05:26.627296,0.097351
2005,adasyn,1,random,0,-1.0,COMPLETE,2025-04-01 02:05:26.650141,2025-04-01 02:05:26.750860,0.100719
2006,copulagan,2,tomeklinks,auto,-1.0,COMPLETE,2025-04-01 02:05:26.764932,2025-04-01 02:05:27.019234,0.254302
2007,ctgan,0,tomeklinks,0.0625,-1.0,COMPLETE,2025-04-01 02:05:27.041014,2025-04-01 02:05:27.146992,0.105978
2008,random,auto,nearmiss,0.25,-1.0,COMPLETE,2025-04-01 02:05:27.169221,2025-04-01 02:05:27.271116,0.101895
2009,random,0.25,onesidedselection,0,-1.0,COMPLETE,2025-04-01 02:05:27.294458,2025-04-01 02:05:27.400912,0.106454
2010,tvae,2,random,auto,1.0,COMPLETE,2025-04-01 02:05:27.424244,2025-04-01 02:05:31.683787,4.259543
2011,smote,auto,random,auto,-1.0,COMPLETE,2025-04-01 02:05:31.707107,2025-04-01 02:05:31.809148,0.102041
2012,adasyn,auto,clustercentroid,0.0625,-1.0,COMPLETE,2025-04-01 02:05:31.834011,2025-04-01 02:05:31.932222,0.098211
2013,ctgan,0.25,onesidedselection,0.0625,-1.0,COMPLETE,2025-04-01 02:05:31.953956,2025-04-01 02:05:32.302169,0.348213
2014,ctgan,0.25,tomeklinks,0.125,-1.0,COMPLETE,2025-04-01 02:05:32.315954,2025-04-01 02:05:32.683080,0.367126
2015,random,0.25,clustercentroid,0.125,-1.0,COMPLETE,2025-04-01 02:05:32.696846,2025-04-01 02:05:32.798043,0.101197
2016,ctgan,2,editednn,0.0625,-1.0,COMPLETE,2025-04-01 02:05:32.822263,2025-04-01 02:05:33.193969,0.371706
2017,ctgan,0,nearmiss,0.125,-1.0,COMPLETE,2025-04-01 02:05:33.207589,2025-04-01 02:05:33.319011,0.111422
2018,tvae,0,editednn,0.5,-1.0,COMPLETE,2025-04-01 02:05:33.341416,2025-04-01 02:05:33.457440,0.116024
2019,copulagan,0.25,condensednn,0,0.9411764705882353,COMPLETE,2025-04-01 02:05:33.480735,2025-04-01 02:05:37.668434,4.187699
2020,copulagan,0,onesidedselection,0.5,-1.0,COMPLETE,2025-04-01 02:05:37.692555,2025-04-01 02:05:37.800266,0.107711
2021,random,1,random,0.25,-1.0,COMPLETE,2025-04-01 02:05:37.822245,2025-04-01 02:05:37.929221,0.106976
2022,gaussiancopula,0,clustercentroid,0.0625,-1.0,COMPLETE,2025-04-01 02:05:37.951687,2025-04-01 02:05:38.061788,0.110101
2023,gaussiancopula,1,nearmiss,auto,-1.0,COMPLETE,2025-04-01 02:05:38.084100,2025-04-01 02:05:38.265163,0.181063
2024,tvae,1,nearmiss,0.5,-1.0,COMPLETE,2025-04-01 02:05:38.290579,2025-04-01 02:05:38.540793,0.250214
2025,tvae,0,clustercentroid,0.5,-1.0,COMPLETE,2025-04-01 02:05:38.564322,2025-04-01 02:05:38.680766,0.116444
2026,smote,0,condensednn,0.5,-1.0,COMPLETE,2025-04-01 02:05:38.706603,2025-04-01 02:05:38.811322,0.104719
2027,ctgan,auto,onesidedselection,0.125,-1.0,COMPLETE,2025-04-01 02:05:38.834851,2025-04-01 02:05:39.197410,0.362559
2028,random,0.25,onesidedselection,0.0625,-1.0,COMPLETE,2025-04-01 02:05:39.221042,2025-04-01 02:05:39.329209,0.108167
2029,tvae,0.5,clustercentroid,auto,-1.0,COMPLETE,2025-04-01 02:05:39.351769,2025-04-01 02:05:39.593065,0.241296
2030,adasyn,2,tomeklinks,0,-1.0,COMPLETE,2025-04-01 02:05:39.616706,2025-04-01 02:05:39.732053,0.115347
2031,copulagan,0.25,random,0.125,1.0,COMPLETE,2025-04-01 02:05:39.757037,2025-04-01 02:05:43.990117,4.23308
2032,gaussiancopula,0.25,condensednn,0.125,-1.0,COMPLETE,2025-04-01 02:05:44.013986,2025-04-01 02:05:44.170483,0.156497
2033,ctgan,0.5,tomeklinks,0.5,-1.0,COMPLETE,2025-04-01 02:05:44.192822,2025-04-01 02:05:44.530590,0.337768
2034,fastml,1,random,0.125,1.0,COMPLETE,2025-04-01 02:05:44.543906,2025-04-01 02:05:48.736925,4.193019
2035,smote,0.5,onesidedselection,auto,-1.0,COMPLETE,2025-04-01 02:05:48.754152,2025-04-01 02:05:48.871220,0.117068
2036,random,0.25,nearmiss,0.0625,-1.0,COMPLETE,2025-04-01 02:05:48.895406,2025-04-01 02:05:49.011036,0.11563
2037,fastml,0.5,condensednn,0.5,-1.0,COMPLETE,2025-04-01 02:05:49.035213,2025-04-01 02:05:49.201463,0.16625
2038,smote,2,instancehardness,0.5,-1.0,COMPLETE,2025-04-01 02:05:49.226052,2025-04-01 02:05:49.341047,0.114995
2039,adasyn,1,tomeklinks,auto,-1.0,COMPLETE,2025-04-01 02:05:49.365909,2025-04-01 02:05:49.473791,0.107882
2040,tvae,0,nearmiss,auto,-1.0,COMPLETE,2025-04-01 02:05:49.497796,2025-04-01 02:05:49.622578,0.124782
2041,gaussiancopula,0,editednn,auto,-1.0,COMPLETE,2025-04-01 02:05:49.646194,2025-04-01 02:05:49.755364,0.10917
2042,random,auto,nearmiss,auto,-1.0,COMPLETE,2025-04-01 02:05:49.779279,2025-04-01 02:05:49.883278,0.103999
2043,ctgan,1,random,0.25,1.0,COMPLETE,2025-04-01 02:05:49.906007,2025-04-01 02:05:54.201618,4.295611
2044,copulagan,auto,editednn,0.125,-1.0,COMPLETE,2025-04-01 02:05:54.225686,2025-04-01 02:05:54.501151,0.275465
2045,tvae,0.5,random,auto,1.0,COMPLETE,2025-04-01 02:05:54.523980,2025-04-01 02:05:58.832374,4.308394
2046,random,auto,clustercentroid,0.5,-1.0,COMPLETE,2025-04-01 02:05:58.857044,2025-04-01 02:05:58.967122,0.110078
2047,smote,2,editednn,0.5,-1.0,COMPLETE,2025-04-01 02:05:58.990039,2025-04-01 02:05:59.091318,0.101279
2048,gaussiancopula,0.5,nearmiss,0.125,-1.0,COMPLETE,2025-04-01 02:05:59.104127,2025-04-01 02:05:59.263606,0.159479
2049,smote,1,instancehardness,0.25,-1.0,COMPLETE,2025-04-01 02:05:59.286385,2025-04-01 02:05:59.388837,0.102452
2050,gaussiancopula,0,nearmiss,0.5,-1.0,COMPLETE,2025-04-01 02:05:59.413562,2025-04-01 02:05:59.521595,0.108033
2051,fastml,1,clustercentroid,0.125,-1.0,COMPLETE,2025-04-01 02:05:59.544401,2025-04-01 02:05:59.705896,0.161495
2052,copulagan,0.5,condensednn,0.25,-1.0,COMPLETE,2025-04-01 02:05:59.730157,2025-04-01 02:05:59.991511,0.261354
2053,random,0.5,instancehardness,auto,-1.0,COMPLETE,2025-04-01 02:06:00.015385,2025-04-01 02:06:00.126433,0.111048
2054,copulagan,0.25,condensednn,0.125,-1.0,COMPLETE,2025-04-01 02:06:00.149949,2025-04-01 02:06:00.415382,0.265433
2055,ctgan,auto,onesidedselection,auto,-1.0,COMPLETE,2025-04-01 02:06:00.438727,2025-04-01 02:06:00.794786,0.356059
2056,fastml,0.25,editednn,0.25,-1.0,COMPLETE,2025-04-01 02:06:00.808910,2025-04-01 02:06:00.972774,0.163864
2057,gaussiancopula,auto,condensednn,0.25,-1.0,COMPLETE,2025-04-01 02:06:00.996589,2025-04-01 02:06:01.163182,0.166593
2058,gaussiancopula,0,condensednn,auto,-1.0,COMPLETE,2025-04-01 02:06:01.187315,2025-04-01 02:06:01.301424,0.114109
2059,gaussiancopula,2,condensednn,0.5,-1.0,COMPLETE,2025-04-01 02:06:01.324935,2025-04-01 02:06:01.487540,0.162605
2060,ctgan,auto,random,auto,1.0,COMPLETE,2025-04-01 02:06:01.511206,2025-04-01 02:06:05.728430,4.217224
2061,smote,0.25,tomeklinks,0.5,-1.0,COMPLETE,2025-04-01 02:06:05.752650,2025-04-01 02:06:05.853999,0.101349
2062,adasyn,2,random,0.5,-1.0,COMPLETE,2025-04-01 02:06:05.876512,2025-04-01 02:06:05.978773,0.102261
2063,smote,0.25,instancehardness,0.125,-1.0,COMPLETE,2025-04-01 02:06:06.001366,2025-04-01 02:06:06.100416,0.09905
2064,ctgan,2,condensednn,0.25,-1.0,COMPLETE,2025-04-01 02:06:06.124193,2025-04-01 02:06:06.472405,0.348212
2065,fastml,0.25,instancehardness,0,1.0,COMPLETE,2025-04-01 02:06:06.488146,2025-04-01 02:06:10.524774,4.036628
2066,fastml,0.5,editednn,0.0625,-1.0,COMPLETE,2025-04-01 02:06:10.548597,2025-04-01 02:06:10.714477,0.16588
2067,gaussiancopula,1,random,auto,1.0,COMPLETE,2025-04-01 02:06:10.736846,2025-04-01 02:06:14.784171,4.047325
2068,smote,0.25,onesidedselection,0.0625,-1.0,COMPLETE,2025-04-01 02:06:14.810201,2025-04-01 02:06:14.916728,0.106527
2069,random,2,editednn,auto,-1.0,COMPLETE,2025-04-01 02:06:14.940074,2025-04-01 02:06:15.047179,0.107105
2070,ctgan,0.5,clustercentroid,auto,-1.0,COMPLETE,2025-04-01 02:06:15.069665,2025-04-01 02:06:15.418258,0.348593
2071,random,auto,instancehardness,0.0625,-1.0,COMPLETE,2025-04-01 02:06:15.432716,2025-04-01 02:06:15.539886,0.10717
2072,adasyn,1,random,0.25,-1.0,COMPLETE,2025-04-01 02:06:15.555660,2025-04-01 02:06:15.656313,0.100653
2073,copulagan,2,instancehardness,auto,-1.0,COMPLETE,2025-04-01 02:06:15.679330,2025-04-01 02:06:15.938167,0.258837
2074,smote,0,editednn,0.5,-1.0,COMPLETE,2025-04-01 02:06:15.960908,2025-04-01 02:06:16.064782,0.103874
2075,copulagan,0,tomeklinks,auto,-1.0,COMPLETE,2025-04-01 02:06:16.088345,2025-04-01 02:06:16.199675,0.11133
2076,tvae,0,condensednn,0,-1.0,ERROR,,,0.0
2077,fastml,1,random,0.0625,1.0,COMPLETE,2025-04-01 02:06:16.357714,2025-04-01 02:06:20.423422,4.065708
2078,random,0.25,nearmiss,0,-1.0,COMPLETE,2025-04-01 02:06:20.447795,2025-04-01 02:06:20.558061,0.110266
2079,fastml,0,tomeklinks,0.5,-1.0,COMPLETE,2025-04-01 02:06:20.580847,2025-04-01 02:06:20.689571,0.108724
2080,random,1,onesidedselection,0.125,-1.0,COMPLETE,2025-04-01 02:06:20.711778,2025-04-01 02:06:20.814263,0.102485
2081,fastml,0,nearmiss,0.0625,-1.0,COMPLETE,2025-04-01 02:06:20.837814,2025-04-01 02:06:20.961597,0.123783
2082,random,0,nearmiss,0.25,-1.0,COMPLETE,2025-04-01 02:06:20.985015,2025-04-01 02:06:21.090954,0.105939
2083,tvae,1,editednn,0.0625,-1.0,COMPLETE,2025-04-01 02:06:21.114724,2025-04-01 02:06:21.363532,0.248808
2084,gaussiancopula,2,condensednn,auto,-1.0,COMPLETE,2025-04-01 02:06:21.386137,2025-04-01 02:06:21.547303,0.161166
2085,adasyn,0.5,clustercentroid,0.5,-1.0,COMPLETE,2025-04-01 02:06:21.572288,2025-04-01 02:06:21.681366,0.109078
2086,ctgan,0.25,condensednn,0.125,-1.0,COMPLETE,2025-04-01 02:06:21.705521,2025-04-01 02:06:22.064833,0.359312
2087,random,0.5,clustercentroid,auto,-1.0,COMPLETE,2025-04-01 02:06:22.079573,2025-04-01 02:06:22.203979,0.124406
2088,copulagan,0.25,instancehardness,0.125,-1.0,COMPLETE,2025-04-01 02:06:22.223835,2025-04-01 02:06:22.512047,0.288212
2089,ctgan,0.5,random,auto,1.0,COMPLETE,2025-04-01 02:06:22.537660,2025-04-01 02:06:26.998214,4.460554
2090,random,0,nearmiss,0.125,-1.0,COMPLETE,2025-04-01 02:06:27.022757,2025-04-01 02:06:27.131114,0.108357
2091,fastml,auto,condensednn,0.0625,-1.0,COMPLETE,2025-04-01 02:06:27.154936,2025-04-01 02:06:27.333163,0.178227
2092,ctgan,auto,instancehardness,0.125,-1.0,COMPLETE,2025-04-01 02:06:27.357807,2025-04-01 02:06:27.720505,0.362698
2093,ctgan,0,clustercentroid,auto,-1.0,COMPLETE,2025-04-01 02:06:27.735854,2025-04-01 02:06:27.854607,0.118753
2094,adasyn,1,instancehardness,0.125,-1.0,COMPLETE,2025-04-01 02:06:27.878039,2025-04-01 02:06:27.981082,0.103043
2095,gaussiancopula,0.5,instancehardness,0.5,-1.0,COMPLETE,2025-04-01 02:06:28.004562,2025-04-01 02:06:28.176634,0.172072
2096,ctgan,0.5,nearmiss,0.0625,-1.0,COMPLETE,2025-04-01 02:06:28.200358,2025-04-01 02:06:28.570258,0.3699
2097,copulagan,1,tomeklinks,0.125,-1.0,COMPLETE,2025-04-01 02:06:28.594039,2025-04-01 02:06:28.886370,0.292331
2098,ctgan,0.5,tomeklinks,0.125,-1.0,COMPLETE,2025-04-01 02:06:28.910620,2025-04-01 02:06:29.277748,0.367128
2099,adasyn,1,tomeklinks,0,-1.0,COMPLETE,2025-04-01 02:06:29.292868,2025-04-01 02:06:29.406238,0.11337
2100,smote,0.5,condensednn,0.25,-1.0,COMPLETE,2025-04-01 02:06:29.430443,2025-04-01 02:06:29.536165,0.105722
2101,smote,1,tomeklinks,0,-1.0,COMPLETE,2025-04-01 02:06:29.560590,2025-04-01 02:06:29.671448,0.110858
2102,smote,1,condensednn,auto,-1.0,COMPLETE,2025-04-01 02:06:29.696654,2025-04-01 02:06:29.806706,0.110052
2103,copulagan,0.25,clustercentroid,0,0.9411764705882353,COMPLETE,2025-04-01 02:06:29.830402,2025-04-01 02:06:34.031616,4.201214
2104,fastml,0.25,onesidedselection,0.125,-1.0,COMPLETE,2025-04-01 02:06:34.047462,2025-04-01 02:06:34.219352,0.17189
2105,adasyn,1,editednn,0,-1.0,COMPLETE,2025-04-01 02:06:34.242827,2025-04-01 02:06:34.349383,0.106556
2106,ctgan,0.5,instancehardness,auto,-1.0,COMPLETE,2025-04-01 02:06:34.372417,2025-04-01 02:06:34.719300,0.346883
2107,fastml,2,condensednn,auto,-1.0,COMPLETE,2025-04-01 02:06:34.733167,2025-04-01 02:06:34.895728,0.162561
2108,tvae,0,random,0.0625,-1.0,COMPLETE,2025-04-01 02:06:34.918650,2025-04-01 02:06:35.035073,0.116423
2109,fastml,1,editednn,0.5,-1.0,COMPLETE,2025-04-01 02:06:35.058068,2025-04-01 02:06:35.220186,0.162118
2110,fastml,0,condensednn,0,-1.0,ERROR,,,0.0
2111,copulagan,auto,random,0.0625,1.0,COMPLETE,2025-04-01 02:06:35.381664,2025-04-01 02:06:39.832058,4.450394
2112,copulagan,auto,clustercentroid,0,1.0,COMPLETE,2025-04-01 02:06:39.857235,2025-04-01 02:06:44.295616,4.438381
2113,fastml,0,clustercentroid,0.125,-1.0,COMPLETE,2025-04-01 02:06:44.321542,2025-04-01 02:06:44.436206,0.114664
2114,adasyn,auto,random,auto,-1.0,COMPLETE,2025-04-01 02:06:44.459942,2025-04-01 02:06:44.565857,0.105915
2115,adasyn,2,onesidedselection,0.0625,-1.0,COMPLETE,2025-04-01 02:06:44.589362,2025-04-01 02:06:44.698067,0.108705
2116,fastml,0,tomeklinks,0,-1.0,ERROR,,,0.0
2117,tvae,0,onesidedselection,0.5,-1.0,COMPLETE,2025-04-01 02:06:44.868406,2025-04-01 02:06:44.984718,0.116312
2118,fastml,0,nearmiss,0.125,-1.0,COMPLETE,2025-04-01 02:06:45.007007,2025-04-01 02:06:45.117803,0.110796
2119,tvae,2,editednn,0,1.0,COMPLETE,2025-04-01 02:06:45.141875,2025-04-01 02:06:49.532799,4.390924
2120,smote,0,instancehardness,0.0625,-1.0,COMPLETE,2025-04-01 02:06:49.557006,2025-04-01 02:06:49.668978,0.111972
2121,copulagan,2,editednn,auto,-1.0,COMPLETE,2025-04-01 02:06:49.693359,2025-04-01 02:06:49.989790,0.296431
2122,smote,1,onesidedselection,0.125,-1.0,COMPLETE,2025-04-01 02:06:50.017719,2025-04-01 02:06:50.142258,0.124539
2123,gaussiancopula,1,nearmiss,0.0625,-1.0,COMPLETE,2025-04-01 02:06:50.167409,2025-04-01 02:06:50.350338,0.182929
2124,random,2,editednn,0.0625,-1.0,COMPLETE,2025-04-01 02:06:50.375329,2025-04-01 02:06:50.491264,0.115935
2125,copulagan,0.5,instancehardness,0.125,-1.0,COMPLETE,2025-04-01 02:06:50.514737,2025-04-01 02:06:50.817266,0.302529
2126,fastml,0,instancehardness,0.125,-1.0,COMPLETE,2025-04-01 02:06:50.841267,2025-04-01 02:06:50.952927,0.11166
2127,random,auto,onesidedselection,0.0625,-1.0,COMPLETE,2025-04-01 02:06:50.976460,2025-04-01 02:06:51.086082,0.109622
2128,fastml,0,nearmiss,0,-1.0,ERROR,,,0.0
2129,fastml,auto,tomeklinks,auto,-1.0,COMPLETE,2025-04-01 02:06:51.270402,2025-04-01 02:06:51.450836,0.180434
2130,random,0,clustercentroid,0,-1.0,ERROR,,,0.0
2131,adasyn,0.25,clustercentroid,0.25,-1.0,COMPLETE,2025-04-01 02:06:51.620897,2025-04-01 02:06:51.733006,0.112109
2132,smote,auto,clustercentroid,auto,-1.0,COMPLETE,2025-04-01 02:06:51.757767,2025-04-01 02:06:51.875130,0.117363
2133,smote,2,random,0.125,-1.0,COMPLETE,2025-04-01 02:06:51.899443,2025-04-01 02:06:52.011142,0.111699
2134,fastml,2,random,0.0625,1.0,COMPLETE,2025-04-01 02:06:52.034908,2025-04-01 02:06:56.394770,4.359862
2135,adasyn,0.25,tomeklinks,0.125,-1.0,COMPLETE,2025-04-01 02:06:56.419370,2025-04-01 02:06:56.524405,0.105035
2136,gaussiancopula,0.25,nearmiss,0.5,-1.0,COMPLETE,2025-04-01 02:06:56.548961,2025-04-01 02:06:56.717391,0.16843
2137,fastml,1,random,auto,1.0,COMPLETE,2025-04-01 02:06:56.741578,2025-04-01 02:07:01.018929,4.277351
2138,random,auto,editednn,0.125,-1.0,COMPLETE,2025-04-01 02:07:01.044629,2025-04-01 02:07:01.157735,0.113106
2139,fastml,0.25,nearmiss,auto,-1.0,COMPLETE,2025-04-01 02:07:01.181728,2025-04-01 02:07:01.358839,0.177111
2140,smote,0.25,condensednn,auto,-1.0,COMPLETE,2025-04-01 02:07:01.372321,2025-04-01 02:07:01.484433,0.112112
2141,fastml,auto,random,auto,1.0,COMPLETE,2025-04-01 02:07:01.507475,2025-04-01 02:07:05.766125,4.25865
2142,adasyn,1,tomeklinks,0.5,-1.0,COMPLETE,2025-04-01 02:07:05.791353,2025-04-01 02:07:05.896369,0.105016
2143,tvae,0.25,editednn,auto,-1.0,COMPLETE,2025-04-01 02:07:05.919188,2025-04-01 02:07:06.150349,0.231161
2144,random,0.25,tomeklinks,0.0625,-1.0,COMPLETE,2025-04-01 02:07:06.174872,2025-04-01 02:07:06.290731,0.115859
2145,smote,auto,instancehardness,0.5,-1.0,COMPLETE,2025-04-01 02:07:06.314787,2025-04-01 02:07:06.433260,0.118473
2146,smote,2,nearmiss,0.5,-1.0,COMPLETE,2025-04-01 02:07:06.457331,2025-04-01 02:07:06.561422,0.104091
2147,copulagan,1,random,0.25,0.92,COMPLETE,2025-04-01 02:07:06.585096,2025-04-01 02:07:10.979053,4.393957
2148,tvae,0.25,tomeklinks,auto,-1.0,COMPLETE,2025-04-01 02:07:11.003732,2025-04-01 02:07:11.247165,0.243433
2149,copulagan,0.5,random,0.5,0.92,COMPLETE,2025-04-01 02:07:11.271336,2025-04-01 02:07:15.643581,4.372245
2150,adasyn,0.5,clustercentroid,0.25,-1.0,COMPLETE,2025-04-01 02:07:15.669390,2025-04-01 02:07:15.781367,0.111977
2151,tvae,auto,condensednn,0.25,-1.0,COMPLETE,2025-04-01 02:07:15.806682,2025-04-01 02:07:16.044576,0.237894
2152,smote,2,tomeklinks,0.0625,-1.0,COMPLETE,2025-04-01 02:07:16.069574,2025-04-01 02:07:16.183605,0.114031
2153,fastml,0,onesidedselection,0.125,-1.0,COMPLETE,2025-04-01 02:07:16.207781,2025-04-01 02:07:16.325407,0.117626
2154,gaussiancopula,auto,onesidedselection,0.5,-1.0,COMPLETE,2025-04-01 02:07:16.348496,2025-04-01 02:07:16.526857,0.178361
2155,copulagan,2,clustercentroid,0,1.0,COMPLETE,2025-04-01 02:07:16.550231,2025-04-01 02:07:21.124330,4.574099
2156,gaussiancopula,0.25,nearmiss,0.125,-1.0,COMPLETE,2025-04-01 02:07:21.149380,2025-04-01 02:07:21.317082,0.167702
2157,copulagan,auto,tomeklinks,0,1.0,COMPLETE,2025-04-01 02:07:21.341663,2025-04-01 02:07:25.834821,4.493158
2158,gaussiancopula,auto,onesidedselection,0,1.0,COMPLETE,2025-04-01 02:07:25.860149,2025-04-01 02:07:30.229189,4.36904
2159,tvae,0,condensednn,0.0625,-1.0,COMPLETE,2025-04-01 02:07:30.260768,2025-04-01 02:07:30.379123,0.118355
2160,tvae,0.5,condensednn,0.25,-1.0,COMPLETE,2025-04-01 02:07:30.402895,2025-04-01 02:07:30.658512,0.255617
2161,fastml,0.5,instancehardness,auto,-1.0,COMPLETE,2025-04-01 02:07:30.681489,2025-04-01 02:07:30.849487,0.167998
2162,ctgan,2,condensednn,auto,-1.0,COMPLETE,2025-04-01 02:07:30.873864,2025-04-01 02:07:31.285087,0.411223
2163,tvae,auto,clustercentroid,0.5,-1.0,COMPLETE,2025-04-01 02:07:31.298721,2025-04-01 02:07:31.586028,0.287307
2164,random,1,editednn,auto,-1.0,COMPLETE,2025-04-01 02:07:31.609479,2025-04-01 02:07:31.727755,0.118276
2165,tvae,0.5,editednn,auto,-1.0,COMPLETE,2025-04-01 02:07:31.751326,2025-04-01 02:07:32.024013,0.272687
2166,smote,auto,editednn,0.25,-1.0,COMPLETE,2025-04-01 02:07:32.047474,2025-04-01 02:07:32.152625,0.105151
2167,adasyn,0.25,condensednn,0.5,-1.0,COMPLETE,2025-04-01 02:07:32.176033,2025-04-01 02:07:32.282745,0.106712
2168,smote,0.25,onesidedselection,0.125,-1.0,COMPLETE,2025-04-01 02:07:32.307433,2025-04-01 02:07:32.415866,0.108433
2169,adasyn,auto,nearmiss,0.5,-1.0,COMPLETE,2025-04-01 02:07:32.440842,2025-04-01 02:07:32.557045,0.116203
2170,copulagan,1,random,auto,0.92,COMPLETE,2025-04-01 02:07:32.581070,2025-04-01 02:07:36.947664,4.366594
2171,random,2,tomeklinks,auto,-1.0,COMPLETE,2025-04-01 02:07:36.973009,2025-04-01 02:07:37.084416,0.111407
2172,fastml,auto,tomeklinks,0.25,-1.0,COMPLETE,2025-04-01 02:07:37.107362,2025-04-01 02:07:37.270501,0.163139
2173,gaussiancopula,2,editednn,0.0625,-1.0,COMPLETE,2025-04-01 02:07:37.294456,2025-04-01 02:07:37.471904,0.177448
2174,ctgan,0.5,instancehardness,0.125,-1.0,COMPLETE,2025-04-01 02:07:37.495816,2025-04-01 02:07:37.872769,0.376953
2175,copulagan,auto,condensednn,0.125,-1.0,COMPLETE,2025-04-01 02:07:37.896129,2025-04-01 02:07:38.175582,0.279453
2176,fastml,0.25,random,0,1.0,COMPLETE,2025-04-01 02:07:38.189798,2025-04-01 02:07:42.469441,4.279643
2177,tvae,0.25,instancehardness,0.5,-1.0,COMPLETE,2025-04-01 02:07:42.493875,2025-04-01 02:07:42.729591,0.235716
2178,ctgan,0.5,clustercentroid,0,1.0,COMPLETE,2025-04-01 02:07:42.754047,2025-04-01 02:07:47.226462,4.472415
2179,gaussiancopula,2,instancehardness,auto,-1.0,COMPLETE,2025-04-01 02:07:47.252511,2025-04-01 02:07:47.432950,0.180439
2180,copulagan,1,random,0.125,1.0,COMPLETE,2025-04-01 02:07:47.458295,2025-04-01 02:07:51.836372,4.378077
2181,adasyn,auto,editednn,0.25,-1.0,COMPLETE,2025-04-01 02:07:51.862412,2025-04-01 02:07:51.972335,0.109923
2182,fastml,0,nearmiss,0.5,-1.0,COMPLETE,2025-04-01 02:07:51.996792,2025-04-01 02:07:52.120596,0.123804
2183,tvae,1,random,0.25,1.0,COMPLETE,2025-04-01 02:07:52.144109,2025-04-01 02:07:56.771742,4.627633
2184,copulagan,0.5,tomeklinks,0.5,-1.0,COMPLETE,2025-04-01 02:07:56.797269,2025-04-01 02:07:57.112434,0.315165
2185,tvae,0.25,random,0.25,1.0,COMPLETE,2025-04-01 02:07:57.136858,2025-04-01 02:08:01.478171,4.341313
2186,tvae,2,clustercentroid,auto,-1.0,COMPLETE,2025-04-01 02:08:01.504362,2025-04-01 02:08:01.757183,0.252821
2187,fastml,0.25,editednn,auto,-1.0,COMPLETE,2025-04-01 02:08:01.781183,2025-04-01 02:08:01.946851,0.165668
2188,ctgan,0.5,onesidedselection,0,1.0,COMPLETE,2025-04-01 02:08:01.971101,2025-04-01 02:08:06.398036,4.426935
2189,adasyn,0,clustercentroid,0.25,-1.0,COMPLETE,2025-04-01 02:08:06.423218,2025-04-01 02:08:06.530262,0.107044
2190,smote,2,condensednn,auto,-1.0,COMPLETE,2025-04-01 02:08:06.553270,2025-04-01 02:08:06.664265,0.110995
2191,fastml,auto,condensednn,0.25,-1.0,COMPLETE,2025-04-01 02:08:06.688467,2025-04-01 02:08:06.878338,0.189871
2192,tvae,2,tomeklinks,auto,-1.0,COMPLETE,2025-04-01 02:08:06.902347,2025-04-01 02:08:07.149180,0.246833
2193,ctgan,auto,clustercentroid,0,1.0,COMPLETE,2025-04-01 02:08:07.173033,2025-04-01 02:08:11.635055,4.462022
2194,ctgan,auto,editednn,0.125,-1.0,COMPLETE,2025-04-01 02:08:11.660240,2025-04-01 02:08:12.013524,0.353284
2195,random,1,random,0,-1.0,COMPLETE,2025-04-01 02:08:12.028288,2025-04-01 02:08:12.145412,0.117124
2196,ctgan,0,clustercentroid,0.5,-1.0,COMPLETE,2025-04-01 02:08:12.168745,2025-04-01 02:08:12.290368,0.121623
2197,tvae,1,clustercentroid,0.5,-1.0,COMPLETE,2025-04-01 02:08:12.314467,2025-04-01 02:08:12.567261,0.252794
2198,gaussiancopula,2,onesidedselection,auto,-1.0,COMPLETE,2025-04-01 02:08:12.590925,2025-04-01 02:08:12.763810,0.172885
2199,tvae,2,random,0.125,1.0,COMPLETE,2025-04-01 02:08:12.788014,2025-04-01 02:08:17.126614,4.3386
2200,random,2,tomeklinks,0.0625,-1.0,COMPLETE,2025-04-01 02:08:17.151830,2025-04-01 02:08:17.273064,0.121234
2201,gaussiancopula,2,tomeklinks,auto,-1.0,COMPLETE,2025-04-01 02:08:17.297434,2025-04-01 02:08:17.469779,0.172345
2202,adasyn,0.25,onesidedselection,0.5,-1.0,COMPLETE,2025-04-01 02:08:17.493929,2025-04-01 02:08:17.607402,0.113473
2203,random,2,clustercentroid,auto,-1.0,COMPLETE,2025-04-01 02:08:17.634951,2025-04-01 02:08:17.752005,0.117054
2204,adasyn,0.5,random,0.0625,-1.0,COMPLETE,2025-04-01 02:08:17.774816,2025-04-01 02:08:17.902920,0.128104
2205,tvae,0.25,nearmiss,auto,-1.0,COMPLETE,2025-04-01 02:08:17.927663,2025-04-01 02:08:18.182146,0.254483
2206,ctgan,2,instancehardness,auto,-1.0,COMPLETE,2025-04-01 02:08:18.207219,2025-04-01 02:08:18.590428,0.383209
2207,copulagan,0.5,nearmiss,0.0625,-1.0,COMPLETE,2025-04-01 02:08:18.604671,2025-04-01 02:08:18.906908,0.302237
2208,smote,auto,random,0.0625,-1.0,COMPLETE,2025-04-01 02:08:18.931146,2025-04-01 02:08:19.047785,0.116639
2209,fastml,1,onesidedselection,0.0625,-1.0,COMPLETE,2025-04-01 02:08:19.062080,2025-04-01 02:08:19.249531,0.187451
2210,random,0.25,editednn,0,-1.0,COMPLETE,2025-04-01 02:08:19.273076,2025-04-01 02:08:19.388691,0.115615
2211,fastml,0.25,instancehardness,0.25,-1.0,COMPLETE,2025-04-01 02:08:19.412118,2025-04-01 02:08:19.586971,0.174853
2212,gaussiancopula,auto,onesidedselection,0.0625,-1.0,COMPLETE,2025-04-01 02:08:19.611490,2025-04-01 02:08:19.789956,0.178466
2213,smote,0.25,nearmiss,0.125,-1.0,COMPLETE,2025-04-01 02:08:19.814388,2025-04-01 02:08:19.929451,0.115063
2214,smote,1,onesidedselection,0.25,-1.0,COMPLETE,2025-04-01 02:08:19.952893,2025-04-01 02:08:20.063712,0.110819
2215,tvae,auto,clustercentroid,0.125,-1.0,COMPLETE,2025-04-01 02:08:20.088139,2025-04-01 02:08:20.340246,0.252107
2216,copulagan,0,nearmiss,0.0625,-1.0,COMPLETE,2025-04-01 02:08:20.364203,2025-04-01 02:08:20.492230,0.128027
2217,fastml,2,condensednn,0.125,-1.0,COMPLETE,2025-04-01 02:08:20.517430,2025-04-01 02:08:20.696636,0.179206
2218,ctgan,0,clustercentroid,0.125,-1.0,COMPLETE,2025-04-01 02:08:20.723359,2025-04-01 02:08:20.855360,0.132001
2219,adasyn,0.25,random,0.0625,-1.0,COMPLETE,2025-04-01 02:08:20.879035,2025-04-01 02:08:20.988455,0.10942
2220,random,0.25,editednn,auto,-1.0,COMPLETE,2025-04-01 02:08:21.012421,2025-04-01 02:08:21.128373,0.115952
2221,adasyn,2,nearmiss,0.125,-1.0,COMPLETE,2025-04-01 02:08:21.152035,2025-04-01 02:08:21.267861,0.115826
2222,smote,0,tomeklinks,0.5,-1.0,COMPLETE,2025-04-01 02:08:21.291902,2025-04-01 02:08:21.404979,0.113077
2223,gaussiancopula,0.25,tomeklinks,0.0625,-1.0,COMPLETE,2025-04-01 02:08:21.428458,2025-04-01 02:08:21.612116,0.183658
2224,smote,2,random,0.0625,-1.0,COMPLETE,2025-04-01 02:08:21.636636,2025-04-01 02:08:21.760757,0.124121
2225,copulagan,auto,nearmiss,0.5,-1.0,COMPLETE,2025-04-01 02:08:21.786464,2025-04-01 02:08:22.082762,0.296298
2226,smote,0.25,clustercentroid,0.25,-1.0,COMPLETE,2025-04-01 02:08:22.107017,2025-04-01 02:08:22.225769,0.118752
2227,gaussiancopula,0.25,instancehardness,0.0625,-1.0,COMPLETE,2025-04-01 02:08:22.250166,2025-04-01 02:08:22.426884,0.176718
2228,ctgan,auto,nearmiss,0.5,-1.0,COMPLETE,2025-04-01 02:08:22.449647,2025-04-01 02:08:22.808863,0.359216
2229,copulagan,0,instancehardness,0.5,-1.0,COMPLETE,2025-04-01 02:08:22.823298,2025-04-01 02:08:22.954332,0.131034
2230,ctgan,1,clustercentroid,0.5,-1.0,COMPLETE,2025-04-01 02:08:22.978226,2025-04-01 02:08:23.343324,0.365098
2231,random,1,condensednn,0.125,-1.0,COMPLETE,2025-04-01 02:08:23.358577,2025-04-01 02:08:23.475599,0.117022
2232,fastml,1,condensednn,0.5,-1.0,COMPLETE,2025-04-01 02:08:23.499363,2025-04-01 02:08:23.679317,0.179954
2233,adasyn,1,tomeklinks,0.0625,-1.0,COMPLETE,2025-04-01 02:08:23.702974,2025-04-01 02:08:23.812757,0.109783
2234,ctgan,0.5,editednn,0.5,-1.0,COMPLETE,2025-04-01 02:08:23.836754,2025-04-01 02:08:24.200662,0.363908
2235,gaussiancopula,0,editednn,0.125,-1.0,COMPLETE,2025-04-01 02:08:24.215063,2025-04-01 02:08:24.330020,0.114957
2236,tvae,auto,instancehardness,0.0625,-1.0,COMPLETE,2025-04-01 02:08:24.354741,2025-04-01 02:08:24.601431,0.24669
2237,ctgan,1,instancehardness,auto,-1.0,COMPLETE,2025-04-01 02:08:24.625900,2025-04-01 02:08:24.993195,0.367295
2238,copulagan,0.25,tomeklinks,0.5,-1.0,COMPLETE,2025-04-01 02:08:25.007144,2025-04-01 02:08:25.318829,0.311685
2239,smote,2,onesidedselection,0.0625,-1.0,COMPLETE,2025-04-01 02:08:25.336970,2025-04-01 02:08:25.458338,0.121368
2240,copulagan,0.5,tomeklinks,0,1.0,COMPLETE,2025-04-01 02:08:25.482243,2025-04-01 02:08:29.915786,4.433543
2241,gaussiancopula,2,clustercentroid,0,1.0,COMPLETE,2025-04-01 02:08:29.941567,2025-04-01 02:08:34.239771,4.298204
2242,ctgan,0.5,onesidedselection,0.5,-1.0,COMPLETE,2025-04-01 02:08:34.264819,2025-04-01 02:08:34.634490,0.369671
2243,tvae,0.25,instancehardness,0.25,-1.0,COMPLETE,2025-04-01 02:08:34.648752,2025-04-01 02:08:34.894515,0.245763
2244,copulagan,0.25,clustercentroid,auto,-1.0,COMPLETE,2025-04-01 02:08:34.917931,2025-04-01 02:08:35.190108,0.272177
2245,ctgan,auto,random,0,1.0,COMPLETE,2025-04-01 02:08:35.213571,2025-04-01 02:08:39.717490,4.503919
2246,smote,0,onesidedselection,0.0625,-1.0,COMPLETE,2025-04-01 02:08:39.742479,2025-04-01 02:08:39.852905,0.110426
2247,tvae,auto,editednn,0,1.0,COMPLETE,2025-04-01 02:08:39.875896,2025-04-01 02:08:44.215258,4.339362
2248,random,0.25,clustercentroid,0.5,-1.0,COMPLETE,2025-04-01 02:08:44.240207,2025-04-01 02:08:44.361122,0.120915
2249,copulagan,0,nearmiss,0.25,-1.0,COMPLETE,2025-04-01 02:08:44.385430,2025-04-01 02:08:44.514462,0.129032
2250,ctgan,2,random,auto,1.0,COMPLETE,2025-04-01 02:08:44.538471,2025-04-01 02:08:48.952567,4.414096
2251,random,0,onesidedselection,0.125,-1.0,COMPLETE,2025-04-01 02:08:48.979272,2025-04-01 02:08:49.108013,0.128741
2252,fastml,2,instancehardness,auto,-1.0,COMPLETE,2025-04-01 02:08:49.132281,2025-04-01 02:08:49.304930,0.172649
2253,tvae,0.5,condensednn,auto,-1.0,COMPLETE,2025-04-01 02:08:49.327992,2025-04-01 02:08:49.594026,0.266034
2254,random,auto,instancehardness,0,-1.0,COMPLETE,2025-04-01 02:08:49.617836,2025-04-01 02:08:49.737676,0.11984
2255,ctgan,0,onesidedselection,0,-1.0,ERROR,,,0.0
2256,adasyn,0,editednn,0.0625,-1.0,COMPLETE,2025-04-01 02:08:49.911756,2025-04-01 02:08:50.026454,0.114698
2257,copulagan,auto,editednn,0.5,-1.0,COMPLETE,2025-04-01 02:08:50.050426,2025-04-01 02:08:50.326593,0.276167
2258,tvae,0,random,auto,-1.0,COMPLETE,2025-04-01 02:08:50.350086,2025-04-01 02:08:50.476778,0.126692
2259,random,2,onesidedselection,auto,-1.0,COMPLETE,2025-04-01 02:08:50.500439,2025-04-01 02:08:50.622771,0.122332
2260,gaussiancopula,1,tomeklinks,0.125,-1.0,COMPLETE,2025-04-01 02:08:50.648204,2025-04-01 02:08:50.822580,0.174376
2261,tvae,0.25,editednn,0,1.0,COMPLETE,2025-04-01 02:08:50.848962,2025-04-01 02:08:55.333798,4.484836
2262,smote,0.25,condensednn,0.125,-1.0,COMPLETE,2025-04-01 02:08:55.359994,2025-04-01 02:08:55.479474,0.11948
2263,random,1,instancehardness,0.5,-1.0,COMPLETE,2025-04-01 02:08:55.504345,2025-04-01 02:08:55.623287,0.118942
2264,random,0.25,nearmiss,0.5,-1.0,COMPLETE,2025-04-01 02:08:55.648684,2025-04-01 02:08:55.771085,0.122401
2265,copulagan,2,nearmiss,0.125,-1.0,COMPLETE,2025-04-01 02:08:55.785132,2025-04-01 02:08:56.070442,0.28531
2266,random,0.5,tomeklinks,0.0625,-1.0,COMPLETE,2025-04-01 02:08:56.084608,2025-04-01 02:08:56.208086,0.123478
2267,adasyn,0.5,random,0,-1.0,COMPLETE,2025-04-01 02:08:56.222502,2025-04-01 02:08:56.347276,0.124774
2268,ctgan,1,tomeklinks,0,1.0,COMPLETE,2025-04-01 02:08:56.364427,2025-04-01 02:09:00.813216,4.448789
2269,smote,0.25,condensednn,0,-1.0,COMPLETE,2025-04-01 02:09:00.830368,2025-04-01 02:09:00.946808,0.11644
2270,ctgan,0.25,nearmiss,0,0.9411764705882353,COMPLETE,2025-04-01 02:09:00.962250,2025-04-01 02:09:05.150570,4.18832
2271,smote,1,instancehardness,0.0625,-1.0,COMPLETE,2025-04-01 02:09:05.166211,2025-04-01 02:09:05.290086,0.123875
2272,random,auto,onesidedselection,auto,-1.0,COMPLETE,2025-04-01 02:09:05.305866,2025-04-01 02:09:05.423820,0.117954
2273,smote,1,onesidedselection,0.0625,-1.0,COMPLETE,2025-04-01 02:09:05.437502,2025-04-01 02:09:05.557461,0.119959
2274,copulagan,1,onesidedselection,0.5,-1.0,COMPLETE,2025-04-01 02:09:05.572858,2025-04-01 02:09:05.849964,0.277106
2275,fastml,0.25,clustercentroid,0,1.0,COMPLETE,2025-04-01 02:09:05.864855,2025-04-01 02:09:09.973442,4.108587
2276,gaussiancopula,auto,nearmiss,0.25,-1.0,COMPLETE,2025-04-01 02:09:09.991718,2025-04-01 02:09:10.169252,0.177534
2277,ctgan,0.5,clustercentroid,0.125,-1.0,COMPLETE,2025-04-01 02:09:10.184783,2025-04-01 02:09:10.533677,0.348894
2278,smote,0,onesidedselection,auto,-1.0,COMPLETE,2025-04-01 02:09:10.547625,2025-04-01 02:09:10.668064,0.120439
2279,ctgan,2,instancehardness,0.125,-1.0,COMPLETE,2025-04-01 02:09:10.681987,2025-04-01 02:09:11.037377,0.35539
2280,ctgan,1,random,0.125,1.0,COMPLETE,2025-04-01 02:09:11.052063,2025-04-01 02:09:15.173994,4.121931
2281,tvae,0,nearmiss,0.0625,-1.0,COMPLETE,2025-04-01 02:09:15.199312,2025-04-01 02:09:15.316454,0.117142
2282,smote,0.5,clustercentroid,0.0625,-1.0,COMPLETE,2025-04-01 02:09:15.339791,2025-04-01 02:09:15.449106,0.109315
2283,random,1,random,0.0625,-1.0,COMPLETE,2025-04-01 02:09:15.471969,2025-04-01 02:09:15.588735,0.116766
2284,adasyn,0.5,onesidedselection,0,-1.0,COMPLETE,2025-04-01 02:09:15.613209,2025-04-01 02:09:15.721656,0.108447
2285,random,1,random,0.5,-1.0,COMPLETE,2025-04-01 02:09:15.745701,2025-04-01 02:09:15.872141,0.12644
2286,adasyn,0,nearmiss,0.0625,-1.0,COMPLETE,2025-04-01 02:09:15.895954,2025-04-01 02:09:16.009456,0.113502
2287,tvae,1,clustercentroid,0.25,-1.0,COMPLETE,2025-04-01 02:09:16.032357,2025-04-01 02:09:16.283824,0.251467
2288,gaussiancopula,2,nearmiss,0.0625,-1.0,COMPLETE,2025-04-01 02:09:16.309106,2025-04-01 02:09:16.494117,0.185011
2289,gaussiancopula,1,nearmiss,0,1.0,COMPLETE,2025-04-01 02:09:16.517168,2025-04-01 02:09:20.575645,4.058477
2290,fastml,auto,clustercentroid,0.125,-1.0,COMPLETE,2025-04-01 02:09:20.600164,2025-04-01 02:09:20.777878,0.177714
2291,gaussiancopula,2,random,auto,1.0,COMPLETE,2025-04-01 02:09:20.801791,2025-04-01 02:09:24.819174,4.017383
2292,adasyn,auto,condensednn,0.25,-1.0,COMPLETE,2025-04-01 02:09:24.844574,2025-04-01 02:09:24.960237,0.115663
2293,fastml,0,instancehardness,0.5,-1.0,COMPLETE,2025-04-01 02:09:24.984070,2025-04-01 02:09:25.105274,0.121204
2294,adasyn,0.25,random,0.25,-1.0,COMPLETE,2025-04-01 02:09:25.129164,2025-04-01 02:09:25.246773,0.117609
2295,fastml,0,clustercentroid,auto,-1.0,COMPLETE,2025-04-01 02:09:25.270962,2025-04-01 02:09:25.392229,0.121267
2296,fastml,0.25,instancehardness,0.125,-1.0,COMPLETE,2025-04-01 02:09:25.415744,2025-04-01 02:09:25.592929,0.177185
2297,fastml,auto,editednn,0.5,-1.0,COMPLETE,2025-04-01 02:09:25.616083,2025-04-01 02:09:25.794218,0.178135
2298,gaussiancopula,0.25,editednn,0.0625,-1.0,COMPLETE,2025-04-01 02:09:25.818373,2025-04-01 02:09:26.013007,0.194634
2299,adasyn,0.5,instancehardness,0.5,-1.0,COMPLETE,2025-04-01 02:09:26.037191,2025-04-01 02:09:26.148921,0.11173
2300,fastml,2,condensednn,0.25,-1.0,COMPLETE,2025-04-01 02:09:26.172754,2025-04-01 02:09:26.340543,0.167789
2301,ctgan,1,random,0.0625,1.0,COMPLETE,2025-04-01 02:09:26.365340,2025-04-01 02:09:30.862415,4.497075
2302,copulagan,0.5,random,0.125,1.0,COMPLETE,2025-04-01 02:09:30.887621,2025-04-01 02:09:35.200276,4.312655
2303,fastml,2,tomeklinks,0.0625,-1.0,COMPLETE,2025-04-01 02:09:35.225076,2025-04-01 02:09:35.388085,0.163009
2304,random,1,instancehardness,0,-1.0,COMPLETE,2025-04-01 02:09:35.400963,2025-04-01 02:09:35.515870,0.114907
