group1,group2,p_value,reject,test_used,effect_type,effect_value,effect_interpretation
fastml + condensednn,fastml + instancehardness,0.0,True,Kruskal-Wallis + Dunn,Cliff's delta,0.3371,medium
ctgan + condensednn,fastml + tomeklinks,0.0,True,Kruskal-Wallis + Dunn,Cliff's delta,0.3469,medium
ctgan + condensednn,gaussiancopula + clustercentroid,0.0,True,Kruskal-Wallis + Dunn,Cliff's delta,0.2997,small
copulagan + condensednn,copulagan + tomeklinks,0.0,True,Kruskal-Wallis + Dunn,Cliff's delta,0.3611,medium
ctgan + condensednn,gaussiancopula + instancehardness,0.0,True,Kruskal-Wallis + Dunn,Cliff's delta,0.3157,small
ctgan + condensednn,gaussiancopula + nearmiss,0.0,True,Kruskal-Wallis + Dunn,Cliff's delta,0.3139,small
smote + condensednn,smote + random,0.0,True,Kruskal-Wallis + Dunn,Cliff's delta,0.2907,small
smote + condensednn,smote + tomeklinks,0.0,True,Kruskal-Wallis + Dunn,Cliff's delta,0.3155,small
ctgan + condensednn,gaussiancopula + random,0.0,True,Kruskal-Wallis + Dunn,Cliff's delta,0.3319,medium
ctgan + condensednn,gaussiancopula + tomeklinks,0.0,True,Kruskal-Wallis + Dunn,Cliff's delta,0.3284,small
ctgan + condensednn,fastml + random,0.0,True,Kruskal-Wallis + Dunn,Cliff's delta,0.3368,medium
ctgan + condensednn,random + clustercentroid,0.0,True,Kruskal-Wallis + Dunn,Cliff's delta,0.3286,small
ctgan + condensednn,random + instancehardness,0.0,True,Kruskal-Wallis + Dunn,Cliff's delta,0.3172,small
ctgan + condensednn,random + nearmiss,0.0,True,Kruskal-Wallis + Dunn,Cliff's delta,0.3199,small
copulagan + condensednn,copulagan + random,0.0,True,Kruskal-Wallis + Dunn,Cliff's delta,0.3601,medium
copulagan + condensednn,copulagan + nearmiss,0.0,True,Kruskal-Wallis + Dunn,Cliff's delta,0.3398,medium
ctgan + condensednn,random + random,0.0,True,Kruskal-Wallis + Dunn,Cliff's delta,0.3482,medium
smote + editednn,smote + nearmiss,0.0,True,Kruskal-Wallis + Dunn,Cliff's delta,0.3549,medium
ctgan + condensednn,random + tomeklinks,0.0,True,Kruskal-Wallis + Dunn,Cliff's delta,0.3552,medium
ctgan + condensednn,smote + clustercentroid,0.0,True,Kruskal-Wallis + Dunn,Cliff's delta,0.3797,medium
smote + editednn,smote + random,0.0,True,Kruskal-Wallis + Dunn,Cliff's delta,0.3876,medium
fastml + random,tvae + editednn,0.0,True,Kruskal-Wallis + Dunn,Cliff's delta,-0.332,medium
ctgan + condensednn,fastml + nearmiss,0.0,True,Kruskal-Wallis + Dunn,Cliff's delta,0.3263,small
ctgan + condensednn,fastml + instancehardness,0.0,True,Kruskal-Wallis + Dunn,Cliff's delta,0.3305,medium
ctgan + condensednn,fastml + clustercentroid,0.0,True,Kruskal-Wallis + Dunn,Cliff's delta,0.3029,small
copulagan + tomeklinks,random + condensednn,0.0,True,Kruskal-Wallis + Dunn,Cliff's delta,-0.3448,medium
smote + clustercentroid,smote + condensednn,0.0,True,Kruskal-Wallis + Dunn,Cliff's delta,-0.3217,small
smote + clustercentroid,smote + editednn,0.0,True,Kruskal-Wallis + Dunn,Cliff's delta,-0.3928,medium
copulagan + condensednn,ctgan + random,0.0,True,Kruskal-Wallis + Dunn,Cliff's delta,0.3498,medium
copulagan + tomeklinks,tvae + condensednn,0.0,True,Kruskal-Wallis + Dunn,Cliff's delta,-0.3613,medium
copulagan + tomeklinks,tvae + editednn,0.0,True,Kruskal-Wallis + Dunn,Cliff's delta,-0.3,small
gaussiancopula + clustercentroid,random + condensednn,0.0,True,Kruskal-Wallis + Dunn,Cliff's delta,-0.2997,small
ctgan + clustercentroid,fastml + editednn,0.0,True,Kruskal-Wallis + Dunn,Cliff's delta,-0.3404,medium
fastml + tomeklinks,tvae + editednn,0.0,True,Kruskal-Wallis + Dunn,Cliff's delta,-0.3229,small
fastml + tomeklinks,tvae + condensednn,0.0,True,Kruskal-Wallis + Dunn,Cliff's delta,-0.3665,medium
copulagan + condensednn,ctgan + nearmiss,0.0,True,Kruskal-Wallis + Dunn,Cliff's delta,0.3493,medium
fastml + tomeklinks,random + condensednn,0.0,True,Kruskal-Wallis + Dunn,Cliff's delta,-0.341,medium
copulagan + condensednn,ctgan + instancehardness,0.0,True,Kruskal-Wallis + Dunn,Cliff's delta,0.3467,medium
random + clustercentroid,random + condensednn,0.0,True,Kruskal-Wallis + Dunn,Cliff's delta,-0.3331,medium
fastml + tomeklinks,gaussiancopula + condensednn,0.0,True,Kruskal-Wallis + Dunn,Cliff's delta,-0.2839,small
smote + clustercentroid,tvae + condensednn,0.0,True,Kruskal-Wallis + Dunn,Cliff's delta,-0.4104,medium
smote + clustercentroid,tvae + editednn,0.0,True,Kruskal-Wallis + Dunn,Cliff's delta,-0.3984,medium
ctgan + condensednn,ctgan + instancehardness,0.0,True,Kruskal-Wallis + Dunn,Cliff's delta,0.3186,small
ctgan + condensednn,ctgan + nearmiss,0.0,True,Kruskal-Wallis + Dunn,Cliff's delta,0.3142,small
ctgan + condensednn,ctgan + random,0.0,True,Kruskal-Wallis + Dunn,Cliff's delta,0.3167,small
ctgan + condensednn,ctgan + tomeklinks,0.0,True,Kruskal-Wallis + Dunn,Cliff's delta,0.3475,medium
smote + editednn,smote + tomeklinks,0.0,True,Kruskal-Wallis + Dunn,Cliff's delta,0.3651,medium
fastml + random,tvae + condensednn,0.0,True,Kruskal-Wallis + Dunn,Cliff's delta,-0.372,medium
ctgan + condensednn,smote + instancehardness,0.0,True,Kruskal-Wallis + Dunn,Cliff's delta,0.334,medium
ctgan + condensednn,smote + nearmiss,0.0,True,Kruskal-Wallis + Dunn,Cliff's delta,0.3538,medium
ctgan + editednn,gaussiancopula + tomeklinks,0.0,True,Kruskal-Wallis + Dunn,Cliff's delta,0.3409,medium
ctgan + editednn,random + clustercentroid,0.0,True,Kruskal-Wallis + Dunn,Cliff's delta,0.3726,medium
random + clustercentroid,smote + editednn,0.0,True,Kruskal-Wallis + Dunn,Cliff's delta,-0.3244,small
ctgan + editednn,random + instancehardness,0.0,True,Kruskal-Wallis + Dunn,Cliff's delta,0.3203,small
smote + instancehardness,tvae + condensednn,0.0,True,Kruskal-Wallis + Dunn,Cliff's delta,-0.3278,small
ctgan + editednn,random + nearmiss,0.0,True,Kruskal-Wallis + Dunn,Cliff's delta,0.3534,medium
ctgan + editednn,random + random,0.0,True,Kruskal-Wallis + Dunn,Cliff's delta,0.3902,medium
ctgan + editednn,random + tomeklinks,0.0,True,Kruskal-Wallis + Dunn,Cliff's delta,0.3817,medium
ctgan + editednn,smote + clustercentroid,0.0,True,Kruskal-Wallis + Dunn,Cliff's delta,0.4316,medium
ctgan + editednn,smote + instancehardness,0.0,True,Kruskal-Wallis + Dunn,Cliff's delta,0.3362,medium
ctgan + editednn,smote + nearmiss,0.0,True,Kruskal-Wallis + Dunn,Cliff's delta,0.3941,medium
ctgan + editednn,smote + onesidedselection,0.0,True,Kruskal-Wallis + Dunn,Cliff's delta,0.3288,small
ctgan + editednn,smote + random,0.0,True,Kruskal-Wallis + Dunn,Cliff's delta,0.4328,medium
ctgan + editednn,smote + tomeklinks,0.0,True,Kruskal-Wallis + Dunn,Cliff's delta,0.4443,medium
ctgan + editednn,tvae + clustercentroid,0.0,True,Kruskal-Wallis + Dunn,Cliff's delta,0.3313,medium
ctgan + editednn,tvae + instancehardness,0.0,True,Kruskal-Wallis + Dunn,Cliff's delta,0.326,small
ctgan + editednn,tvae + nearmiss,0.0,True,Kruskal-Wallis + Dunn,Cliff's delta,0.3429,medium
ctgan + editednn,tvae + random,0.0,True,Kruskal-Wallis + Dunn,Cliff's delta,0.3701,medium
ctgan + editednn,tvae + tomeklinks,0.0,True,Kruskal-Wallis + Dunn,Cliff's delta,0.3453,medium
random + clustercentroid,tvae + condensednn,0.0,True,Kruskal-Wallis + Dunn,Cliff's delta,-0.3576,medium
copulagan + condensednn,tvae + tomeklinks,0.0,True,Kruskal-Wallis + Dunn,Cliff's delta,0.3871,medium
ctgan + editednn,gaussiancopula + random,0.0,True,Kruskal-Wallis + Dunn,Cliff's delta,0.3594,medium
gaussiancopula + clustercentroid,tvae + condensednn,0.0,True,Kruskal-Wallis + Dunn,Cliff's delta,-0.3259,small
ctgan + editednn,gaussiancopula + nearmiss,0.0,True,Kruskal-Wallis + Dunn,Cliff's delta,0.3325,medium
fastml + random,smote + editednn,0.0,True,Kruskal-Wallis + Dunn,Cliff's delta,-0.314,small
ctgan + condensednn,smote + onesidedselection,0.0,True,Kruskal-Wallis + Dunn,Cliff's delta,0.3128,small
ctgan + condensednn,smote + random,0.0,True,Kruskal-Wallis + Dunn,Cliff's delta,0.3731,medium
ctgan + condensednn,smote + tomeklinks,0.0,True,Kruskal-Wallis + Dunn,Cliff's delta,0.3735,medium
ctgan + condensednn,tvae + clustercentroid,0.0,True,Kruskal-Wallis + Dunn,Cliff's delta,0.3095,small
ctgan + condensednn,tvae + instancehardness,0.0,True,Kruskal-Wallis + Dunn,Cliff's delta,0.3087,small
smote + editednn,tvae + random,0.0,True,Kruskal-Wallis + Dunn,Cliff's delta,0.3117,small
ctgan + condensednn,tvae + nearmiss,0.0,True,Kruskal-Wallis + Dunn,Cliff's delta,0.3219,small
ctgan + condensednn,tvae + random,0.0,True,Kruskal-Wallis + Dunn,Cliff's delta,0.3352,medium
copulagan + condensednn,copulagan + instancehardness,0.0,True,Kruskal-Wallis + Dunn,Cliff's delta,0.3337,medium
ctgan + condensednn,tvae + tomeklinks,0.0,True,Kruskal-Wallis + Dunn,Cliff's delta,0.3438,medium
ctgan + editednn,ctgan + instancehardness,0.0,True,Kruskal-Wallis + Dunn,Cliff's delta,0.3106,small
random + condensednn,tvae + nearmiss,0.0,True,Kruskal-Wallis + Dunn,Cliff's delta,0.319,small
ctgan + editednn,ctgan + nearmiss,0.0,True,Kruskal-Wallis + Dunn,Cliff's delta,0.3374,medium
ctgan + editednn,ctgan + random,0.0,True,Kruskal-Wallis + Dunn,Cliff's delta,0.337,medium
ctgan + editednn,ctgan + tomeklinks,0.0,True,Kruskal-Wallis + Dunn,Cliff's delta,0.3354,medium
ctgan + editednn,fastml + clustercentroid,0.0,True,Kruskal-Wallis + Dunn,Cliff's delta,0.3179,small
ctgan + editednn,fastml + instancehardness,0.0,True,Kruskal-Wallis + Dunn,Cliff's delta,0.337,medium
ctgan + editednn,fastml + nearmiss,0.0,True,Kruskal-Wallis + Dunn,Cliff's delta,0.3485,medium
ctgan + editednn,fastml + random,0.0,True,Kruskal-Wallis + Dunn,Cliff's delta,0.366,medium
ctgan + editednn,fastml + tomeklinks,0.0,True,Kruskal-Wallis + Dunn,Cliff's delta,0.3582,medium
ctgan + editednn,gaussiancopula + clustercentroid,0.0,True,Kruskal-Wallis + Dunn,Cliff's delta,0.3062,small
ctgan + editednn,gaussiancopula + instancehardness,0.0,True,Kruskal-Wallis + Dunn,Cliff's delta,0.3276,small
ctgan + instancehardness,fastml + condensednn,0.0,True,Kruskal-Wallis + Dunn,Cliff's delta,-0.3305,medium
copulagan + condensednn,ctgan + tomeklinks,0.0,True,Kruskal-Wallis + Dunn,Cliff's delta,0.3471,medium
copulagan + tomeklinks,fastml + condensednn,0.0,True,Kruskal-Wallis + Dunn,Cliff's delta,-0.3517,medium
copulagan + instancehardness,fastml + condensednn,0.0,True,Kruskal-Wallis + Dunn,Cliff's delta,-0.2971,small
copulagan + instancehardness,fastml + editednn,0.0,True,Kruskal-Wallis + Dunn,Cliff's delta,-0.3712,medium
copulagan + condensednn,smote + clustercentroid,0.0,True,Kruskal-Wallis + Dunn,Cliff's delta,0.4145,medium
copulagan + condensednn,random + tomeklinks,0.0,True,Kruskal-Wallis + Dunn,Cliff's delta,0.3773,medium
random + random,smote + condensednn,0.0,True,Kruskal-Wallis + Dunn,Cliff's delta,-0.295,small
random + random,smote + editednn,0.0,True,Kruskal-Wallis + Dunn,Cliff's delta,-0.3462,medium
gaussiancopula + random,random + condensednn,0.0,True,Kruskal-Wallis + Dunn,Cliff's delta,-0.3305,medium
copulagan + condensednn,random + random,0.0,True,Kruskal-Wallis + Dunn,Cliff's delta,0.3827,medium
copulagan + condensednn,random + onesidedselection,0.0,True,Kruskal-Wallis + Dunn,Cliff's delta,0.2427,small
gaussiancopula + random,tvae + condensednn,0.0,True,Kruskal-Wallis + Dunn,Cliff's delta,-0.3499,medium
copulagan + instancehardness,tvae + condensednn,0.0,True,Kruskal-Wallis + Dunn,Cliff's delta,-0.3142,small
copulagan + nearmiss,ctgan + editednn,0.0,True,Kruskal-Wallis + Dunn,Cliff's delta,-0.3306,medium
copulagan + nearmiss,fastml + condensednn,0.0,True,Kruskal-Wallis + Dunn,Cliff's delta,-0.3235,small
copulagan + nearmiss,fastml + editednn,0.0,True,Kruskal-Wallis + Dunn,Cliff's delta,-0.3942,medium
random + random,tvae + condensednn,0.0,True,Kruskal-Wallis + Dunn,Cliff's delta,-0.3755,medium
copulagan + condensednn,random + nearmiss,0.0,True,Kruskal-Wallis + Dunn,Cliff's delta,0.3317,medium
gaussiancopula + nearmiss,tvae + condensednn,0.0,True,Kruskal-Wallis + Dunn,Cliff's delta,-0.3293,small
random + random,tvae + editednn,0.0,True,Kruskal-Wallis + Dunn,Cliff's delta,-0.3629,medium
copulagan + nearmiss,random + condensednn,0.0,True,Kruskal-Wallis + Dunn,Cliff's delta,-0.3032,small
gaussiancopula + nearmiss,random + condensednn,0.0,True,Kruskal-Wallis + Dunn,Cliff's delta,-0.3124,small
copulagan + nearmiss,ctgan + condensednn,0.0,True,Kruskal-Wallis + Dunn,Cliff's delta,-0.3086,small
copulagan + instancehardness,ctgan + editednn,0.0,True,Kruskal-Wallis + Dunn,Cliff's delta,-0.3049,small
copulagan + instancehardness,ctgan + condensednn,0.0,True,Kruskal-Wallis + Dunn,Cliff's delta,-0.3096,small
gaussiancopula + random,tvae + editednn,0.0,True,Kruskal-Wallis + Dunn,Cliff's delta,-0.3119,small
random + nearmiss,tvae + condensednn,0.0,True,Kruskal-Wallis + Dunn,Cliff's delta,-0.3386,medium
random + nearmiss,tvae + editednn,0.0,True,Kruskal-Wallis + Dunn,Cliff's delta,-0.3184,small
copulagan + condensednn,tvae + nearmiss,0.0,True,Kruskal-Wallis + Dunn,Cliff's delta,0.3431,medium
copulagan + condensednn,tvae + instancehardness,0.0,True,Kruskal-Wallis + Dunn,Cliff's delta,0.3624,medium
copulagan + condensednn,tvae + clustercentroid,0.0,True,Kruskal-Wallis + Dunn,Cliff's delta,0.3605,medium
copulagan + editednn,fastml + random,0.0,True,Kruskal-Wallis + Dunn,Cliff's delta,0.2787,small
copulagan + condensednn,smote + tomeklinks,0.0,True,Kruskal-Wallis + Dunn,Cliff's delta,0.4,medium
copulagan + condensednn,smote + random,0.0,True,Kruskal-Wallis + Dunn,Cliff's delta,0.4074,medium
copulagan + editednn,random + clustercentroid,0.0,True,Kruskal-Wallis + Dunn,Cliff's delta,0.3121,small
copulagan + condensednn,smote + onesidedselection,0.0,True,Kruskal-Wallis + Dunn,Cliff's delta,0.3315,medium
copulagan + editednn,random + random,0.0,True,Kruskal-Wallis + Dunn,Cliff's delta,0.3172,small
copulagan + editednn,random + tomeklinks,0.0,True,Kruskal-Wallis + Dunn,Cliff's delta,0.322,small
copulagan + editednn,smote + clustercentroid,0.0,True,Kruskal-Wallis + Dunn,Cliff's delta,0.369,medium
copulagan + editednn,smote + nearmiss,0.0,True,Kruskal-Wallis + Dunn,Cliff's delta,0.3504,medium
copulagan + editednn,smote + random,0.0,True,Kruskal-Wallis + Dunn,Cliff's delta,0.3675,medium
copulagan + editednn,smote + tomeklinks,0.0,True,Kruskal-Wallis + Dunn,Cliff's delta,0.3714,medium
gaussiancopula + tomeklinks,random + condensednn,0.0,True,Kruskal-Wallis + Dunn,Cliff's delta,-0.3183,small
copulagan + editednn,tvae + random,0.0,True,Kruskal-Wallis + Dunn,Cliff's delta,0.2793,small
copulagan + condensednn,smote + nearmiss,0.0,True,Kruskal-Wallis + Dunn,Cliff's delta,0.3759,medium
fastml + condensednn,fastml + nearmiss,0.0,True,Kruskal-Wallis + Dunn,Cliff's delta,0.337,medium
copulagan + condensednn,smote + instancehardness,0.0,True,Kruskal-Wallis + Dunn,Cliff's delta,0.3546,medium
copulagan + nearmiss,tvae + condensednn,0.0,True,Kruskal-Wallis + Dunn,Cliff's delta,-0.3361,medium
copulagan + condensednn,random + instancehardness,0.0,True,Kruskal-Wallis + Dunn,Cliff's delta,0.3421,medium
gaussiancopula + tomeklinks,tvae + condensednn,0.0,True,Kruskal-Wallis + Dunn,Cliff's delta,-0.3345,medium
gaussiancopula + instancehardness,tvae + condensednn,0.0,True,Kruskal-Wallis + Dunn,Cliff's delta,-0.3424,medium
copulagan + condensednn,gaussiancopula + clustercentroid,0.0,True,Kruskal-Wallis + Dunn,Cliff's delta,0.3254,small
copulagan + condensednn,fastml + tomeklinks,0.0,True,Kruskal-Wallis + Dunn,Cliff's delta,0.3699,medium
gaussiancopula + condensednn,smote + tomeklinks,0.0,True,Kruskal-Wallis + Dunn,Cliff's delta,0.3293,small
gaussiancopula + condensednn,smote + random,0.0,True,Kruskal-Wallis + Dunn,Cliff's delta,0.3202,small
copulagan + condensednn,fastml + random,0.0,True,Kruskal-Wallis + Dunn,Cliff's delta,0.3809,medium
copulagan + condensednn,fastml + onesidedselection,0.0,True,Kruskal-Wallis + Dunn,Cliff's delta,0.2826,small
copulagan + condensednn,fastml + nearmiss,0.0,True,Kruskal-Wallis + Dunn,Cliff's delta,0.353,medium
gaussiancopula + condensednn,smote + nearmiss,0.0,True,Kruskal-Wallis + Dunn,Cliff's delta,0.3128,small
gaussiancopula + condensednn,smote + clustercentroid,0.0,True,Kruskal-Wallis + Dunn,Cliff's delta,0.3364,medium
copulagan + random,tvae + condensednn,0.0,True,Kruskal-Wallis + Dunn,Cliff's delta,-0.3565,medium
copulagan + random,tvae + editednn,0.0,True,Kruskal-Wallis + Dunn,Cliff's delta,-0.3088,small
gaussiancopula + condensednn,random + tomeklinks,0.0,True,Kruskal-Wallis + Dunn,Cliff's delta,0.29,small
gaussiancopula + condensednn,random + random,0.0,True,Kruskal-Wallis + Dunn,Cliff's delta,0.2813,small
copulagan + condensednn,fastml + instancehardness,0.0,True,Kruskal-Wallis + Dunn,Cliff's delta,0.3551,medium
copulagan + tomeklinks,ctgan + condensednn,0.0,True,Kruskal-Wallis + Dunn,Cliff's delta,-0.3344,medium
copulagan + tomeklinks,ctgan + editednn,0.0,True,Kruskal-Wallis + Dunn,Cliff's delta,-0.3467,medium
random + tomeklinks,tvae + condensednn,0.0,True,Kruskal-Wallis + Dunn,Cliff's delta,-0.3756,medium
gaussiancopula + condensednn,random + clustercentroid,0.0,True,Kruskal-Wallis + Dunn,Cliff's delta,0.2779,small
random + tomeklinks,tvae + editednn,0.0,True,Kruskal-Wallis + Dunn,Cliff's delta,-0.3592,medium
copulagan + condensednn,fastml + clustercentroid,0.0,True,Kruskal-Wallis + Dunn,Cliff's delta,0.3312,medium
gaussiancopula + condensednn,gaussiancopula + random,0.0,True,Kruskal-Wallis + Dunn,Cliff's delta,0.2677,small
copulagan + random,random + condensednn,0.0,True,Kruskal-Wallis + Dunn,Cliff's delta,-0.3434,medium
copulagan + tomeklinks,fastml + editednn,0.0,True,Kruskal-Wallis + Dunn,Cliff's delta,-0.4249,medium
copulagan + condensednn,gaussiancopula + instancehardness,0.0,True,Kruskal-Wallis + Dunn,Cliff's delta,0.3509,medium
gaussiancopula + condensednn,tvae + tomeklinks,0.0,True,Kruskal-Wallis + Dunn,Cliff's delta,0.2605,small
copulagan + onesidedselection,fastml + editednn,0.0,True,Kruskal-Wallis + Dunn,Cliff's delta,-0.2703,small
gaussiancopula + instancehardness,random + condensednn,0.0,True,Kruskal-Wallis + Dunn,Cliff's delta,-0.3273,small
copulagan + condensednn,random + clustercentroid,0.0,True,Kruskal-Wallis + Dunn,Cliff's delta,0.3593,medium
copulagan + condensednn,gaussiancopula + tomeklinks,0.0,True,Kruskal-Wallis + Dunn,Cliff's delta,0.3528,medium
gaussiancopula + editednn,smote + tomeklinks,0.0,True,Kruskal-Wallis + Dunn,Cliff's delta,0.3522,medium
gaussiancopula + editednn,smote + random,0.0,True,Kruskal-Wallis + Dunn,Cliff's delta,0.3474,medium
gaussiancopula + editednn,smote + nearmiss,0.0,True,Kruskal-Wallis + Dunn,Cliff's delta,0.3243,small
copulagan + random,ctgan + condensednn,0.0,True,Kruskal-Wallis + Dunn,Cliff's delta,-0.3285,small
copulagan + random,ctgan + editednn,0.0,True,Kruskal-Wallis + Dunn,Cliff's delta,-0.3475,medium
gaussiancopula + editednn,smote + clustercentroid,0.0,True,Kruskal-Wallis + Dunn,Cliff's delta,0.3711,medium
gaussiancopula + editednn,random + tomeklinks,0.0,True,Kruskal-Wallis + Dunn,Cliff's delta,0.3045,small
gaussiancopula + editednn,random + random,0.0,True,Kruskal-Wallis + Dunn,Cliff's delta,0.2992,small
copulagan + condensednn,gaussiancopula + random,0.0,True,Kruskal-Wallis + Dunn,Cliff's delta,0.3624,medium
copulagan + random,fastml + condensednn,0.0,True,Kruskal-Wallis + Dunn,Cliff's delta,-0.3371,medium
copulagan + random,fastml + editednn,0.0,True,Kruskal-Wallis + Dunn,Cliff's delta,-0.4073,medium
gaussiancopula + editednn,random + clustercentroid,0.0,True,Kruskal-Wallis + Dunn,Cliff's delta,0.3089,small
random + tomeklinks,smote + condensednn,0.0,True,Kruskal-Wallis + Dunn,Cliff's delta,-0.3029,small
random + tomeklinks,smote + editednn,0.0,True,Kruskal-Wallis + Dunn,Cliff's delta,-0.3389,medium
random + instancehardness,tvae + condensednn,0.0,True,Kruskal-Wallis + Dunn,Cliff's delta,-0.3425,medium
copulagan + random,gaussiancopula + condensednn,0.0,True,Kruskal-Wallis + Dunn,Cliff's delta,-0.2676,small
copulagan + condensednn,gaussiancopula + nearmiss,0.0,True,Kruskal-Wallis + Dunn,Cliff's delta,0.331,medium
gaussiancopula + condensednn,tvae + random,0.0,True,Kruskal-Wallis + Dunn,Cliff's delta,0.2691,small
ctgan + instancehardness,fastml + editednn,0.0,True,Kruskal-Wallis + Dunn,Cliff's delta,-0.3844,medium
fastml + random,random + condensednn,0.0,True,Kruskal-Wallis + Dunn,Cliff's delta,-0.357,medium
fastml + random,gaussiancopula + condensednn,0.0,True,Kruskal-Wallis + Dunn,Cliff's delta,-0.2777,small
adasyn + condensednn,copulagan + instancehardness,0.0,True,Kruskal-Wallis + Dunn,Cliff's delta,0.6567,large
fastml + editednn,smote + random,0.0,True,Kruskal-Wallis + Dunn,Cliff's delta,0.4905,large
fastml + editednn,smote + onesidedselection,0.0,True,Kruskal-Wallis + Dunn,Cliff's delta,0.384,medium
adasyn + condensednn,copulagan + clustercentroid,0.0,True,Kruskal-Wallis + Dunn,Cliff's delta,0.6044,large
fastml + editednn,smote + nearmiss,0.0,True,Kruskal-Wallis + Dunn,Cliff's delta,0.4592,medium
fastml + editednn,smote + instancehardness,0.0,True,Kruskal-Wallis + Dunn,Cliff's delta,0.3892,medium
ctgan + tomeklinks,fastml + condensednn,0.0,True,Kruskal-Wallis + Dunn,Cliff's delta,-0.3353,medium
ctgan + tomeklinks,fastml + editednn,0.0,True,Kruskal-Wallis + Dunn,Cliff's delta,-0.4118,medium
smote + random,tvae + condensednn,0.0,True,Kruskal-Wallis + Dunn,Cliff's delta,-0.3948,medium
smote + random,tvae + editednn,0.0,True,Kruskal-Wallis + Dunn,Cliff's delta,-0.4013,medium
fastml + editednn,smote + clustercentroid,0.0,True,Kruskal-Wallis + Dunn,Cliff's delta,0.4855,large
fastml + editednn,random + tomeklinks,0.0,True,Kruskal-Wallis + Dunn,Cliff's delta,0.4595,medium
fastml + editednn,random + random,0.0,True,Kruskal-Wallis + Dunn,Cliff's delta,0.4637,medium
fastml + editednn,random + onesidedselection,0.0,True,Kruskal-Wallis + Dunn,Cliff's delta,0.2974,small
fastml + editednn,random + nearmiss,0.0,True,Kruskal-Wallis + Dunn,Cliff's delta,0.4093,medium
random + condensednn,smote + random,0.0,True,Kruskal-Wallis + Dunn,Cliff's delta,0.3809,medium
fastml + editednn,random + instancehardness,0.0,True,Kruskal-Wallis + Dunn,Cliff's delta,0.3903,medium
fastml + editednn,random + clustercentroid,0.0,True,Kruskal-Wallis + Dunn,Cliff's delta,0.4263,medium
fastml + editednn,gaussiancopula + tomeklinks,0.0,True,Kruskal-Wallis + Dunn,Cliff's delta,0.4188,medium
fastml + editednn,gaussiancopula + random,0.0,True,Kruskal-Wallis + Dunn,Cliff's delta,0.4094,medium
ctgan + tomeklinks,random + condensednn,0.0,True,Kruskal-Wallis + Dunn,Cliff's delta,-0.3165,small
adasyn + condensednn,copulagan + nearmiss,0.0,True,Kruskal-Wallis + Dunn,Cliff's delta,0.6405,large
adasyn + condensednn,copulagan + onesidedselection,0.0,True,Kruskal-Wallis + Dunn,Cliff's delta,0.4575,medium
adasyn + condensednn,copulagan + random,0.0,True,Kruskal-Wallis + Dunn,Cliff's delta,0.6524,large
adasyn + condensednn,copulagan + tomeklinks,0.0,True,Kruskal-Wallis + Dunn,Cliff's delta,0.6668,large
adasyn + condensednn,gaussiancopula + onesidedselection,0.0,True,Kruskal-Wallis + Dunn,Cliff's delta,0.4892,large
adasyn + condensednn,gaussiancopula + nearmiss,0.0,True,Kruskal-Wallis + Dunn,Cliff's delta,0.6255,large
adasyn + condensednn,gaussiancopula + instancehardness,0.0,True,Kruskal-Wallis + Dunn,Cliff's delta,0.659,large
fastml + editednn,tvae + nearmiss,0.0,True,Kruskal-Wallis + Dunn,Cliff's delta,0.3884,medium
fastml + editednn,tvae + instancehardness,0.0,True,Kruskal-Wallis + Dunn,Cliff's delta,0.3966,medium
adasyn + condensednn,gaussiancopula + clustercentroid,0.0,True,Kruskal-Wallis + Dunn,Cliff's delta,0.61,large
adasyn + condensednn,fastml + tomeklinks,0.0,True,Kruskal-Wallis + Dunn,Cliff's delta,0.6676,large
adasyn + condensednn,fastml + random,0.0,True,Kruskal-Wallis + Dunn,Cliff's delta,0.6802,large
adasyn + condensednn,fastml + onesidedselection,0.0,True,Kruskal-Wallis + Dunn,Cliff's delta,0.5105,large
adasyn + condensednn,fastml + nearmiss,0.0,True,Kruskal-Wallis + Dunn,Cliff's delta,0.643,large
fastml + editednn,gaussiancopula + onesidedselection,0.0,True,Kruskal-Wallis + Dunn,Cliff's delta,0.2794,small
adasyn + condensednn,fastml + instancehardness,0.0,True,Kruskal-Wallis + Dunn,Cliff's delta,0.675,large
ctgan + random,tvae + condensednn,0.0,True,Kruskal-Wallis + Dunn,Cliff's delta,-0.3443,medium
adasyn + condensednn,fastml + clustercentroid,0.0,True,Kruskal-Wallis + Dunn,Cliff's delta,0.6184,large
adasyn + condensednn,ctgan + tomeklinks,0.0,True,Kruskal-Wallis + Dunn,Cliff's delta,0.6714,large
adasyn + condensednn,ctgan + random,0.0,True,Kruskal-Wallis + Dunn,Cliff's delta,0.6453,large
adasyn + condensednn,ctgan + onesidedselection,0.0,True,Kruskal-Wallis + Dunn,Cliff's delta,0.513,large
adasyn + condensednn,ctgan + nearmiss,0.0,True,Kruskal-Wallis + Dunn,Cliff's delta,0.6416,large
adasyn + condensednn,ctgan + instancehardness,0.0,True,Kruskal-Wallis + Dunn,Cliff's delta,0.6567,large
random + condensednn,smote + onesidedselection,0.0,True,Kruskal-Wallis + Dunn,Cliff's delta,0.2978,small
fastml + editednn,smote + tomeklinks,0.0,True,Kruskal-Wallis + Dunn,Cliff's delta,0.4924,large
adasyn + condensednn,ctgan + clustercentroid,0.0,True,Kruskal-Wallis + Dunn,Cliff's delta,0.6003,large
fastml + editednn,tvae + clustercentroid,0.0,True,Kruskal-Wallis + Dunn,Cliff's delta,0.3732,medium
adasyn + condensednn,gaussiancopula + random,0.0,True,Kruskal-Wallis + Dunn,Cliff's delta,0.6627,large
fastml + editednn,gaussiancopula + nearmiss,0.0,True,Kruskal-Wallis + Dunn,Cliff's delta,0.3857,medium
smote + tomeklinks,tvae + condensednn,0.0,True,Kruskal-Wallis + Dunn,Cliff's delta,-0.3936,medium
fastml + condensednn,random + random,0.0,True,Kruskal-Wallis + Dunn,Cliff's delta,0.3635,medium
tvae + condensednn,tvae + nearmiss,0.0,True,Kruskal-Wallis + Dunn,Cliff's delta,0.345,medium
random + condensednn,tvae + clustercentroid,0.0,True,Kruskal-Wallis + Dunn,Cliff's delta,0.3339,medium
random + condensednn,tvae + instancehardness,0.0,True,Kruskal-Wallis + Dunn,Cliff's delta,0.3284,small
tvae + condensednn,tvae + random,0.0,True,Kruskal-Wallis + Dunn,Cliff's delta,0.3684,medium
tvae + condensednn,tvae + tomeklinks,0.0,True,Kruskal-Wallis + Dunn,Cliff's delta,0.3614,medium
fastml + condensednn,random + nearmiss,0.0,True,Kruskal-Wallis + Dunn,Cliff's delta,0.3161,small
fastml + condensednn,random + instancehardness,0.0,True,Kruskal-Wallis + Dunn,Cliff's delta,0.3228,small
fastml + condensednn,random + clustercentroid,0.0,True,Kruskal-Wallis + Dunn,Cliff's delta,0.3371,medium
random + condensednn,tvae + tomeklinks,0.0,True,Kruskal-Wallis + Dunn,Cliff's delta,0.3461,medium
fastml + condensednn,gaussiancopula + tomeklinks,0.0,True,Kruskal-Wallis + Dunn,Cliff's delta,0.3458,medium
tvae + editednn,tvae + random,0.0,True,Kruskal-Wallis + Dunn,Cliff's delta,0.3241,small
tvae + editednn,tvae + tomeklinks,0.0,True,Kruskal-Wallis + Dunn,Cliff's delta,0.3181,small
fastml + condensednn,gaussiancopula + random,0.0,True,Kruskal-Wallis + Dunn,Cliff's delta,0.3395,medium
fastml + condensednn,gaussiancopula + nearmiss,0.0,True,Kruskal-Wallis + Dunn,Cliff's delta,0.3156,small
fastml + condensednn,gaussiancopula + instancehardness,0.0,True,Kruskal-Wallis + Dunn,Cliff's delta,0.3336,medium
fastml + clustercentroid,tvae + condensednn,0.0,True,Kruskal-Wallis + Dunn,Cliff's delta,-0.3233,small
fastml + condensednn,gaussiancopula + clustercentroid,0.0,True,Kruskal-Wallis + Dunn,Cliff's delta,0.3037,small
fastml + condensednn,fastml + tomeklinks,0.0,True,Kruskal-Wallis + Dunn,Cliff's delta,0.3521,medium
fastml + condensednn,fastml + random,0.0,True,Kruskal-Wallis + Dunn,Cliff's delta,0.3593,medium
random + condensednn,tvae + random,0.0,True,Kruskal-Wallis + Dunn,Cliff's delta,0.3366,medium
fastml + condensednn,random + tomeklinks,0.0,True,Kruskal-Wallis + Dunn,Cliff's delta,0.362,medium
tvae + condensednn,tvae + instancehardness,0.0,True,Kruskal-Wallis + Dunn,Cliff's delta,0.3517,medium
fastml + condensednn,smote + clustercentroid,0.0,True,Kruskal-Wallis + Dunn,Cliff's delta,0.3941,medium
fastml + condensednn,smote + instancehardness,0.0,True,Kruskal-Wallis + Dunn,Cliff's delta,0.3319,medium
fastml + editednn,gaussiancopula + clustercentroid,0.0,True,Kruskal-Wallis + Dunn,Cliff's delta,0.3633,medium
fastml + editednn,fastml + tomeklinks,0.0,True,Kruskal-Wallis + Dunn,Cliff's delta,0.4153,medium
fastml + editednn,fastml + random,0.0,True,Kruskal-Wallis + Dunn,Cliff's delta,0.4328,medium
smote + tomeklinks,tvae + editednn,0.0,True,Kruskal-Wallis + Dunn,Cliff's delta,-0.3751,medium
fastml + editednn,fastml + onesidedselection,0.0,True,Kruskal-Wallis + Dunn,Cliff's delta,0.3043,small
fastml + editednn,fastml + nearmiss,0.0,True,Kruskal-Wallis + Dunn,Cliff's delta,0.4173,medium
fastml + editednn,fastml + instancehardness,0.0,True,Kruskal-Wallis + Dunn,Cliff's delta,0.3921,medium
fastml + condensednn,tvae + tomeklinks,0.0,True,Kruskal-Wallis + Dunn,Cliff's delta,0.3572,medium
ctgan + tomeklinks,tvae + condensednn,0.0,True,Kruskal-Wallis + Dunn,Cliff's delta,-0.3311,medium
random + editednn,random + random,0.0,True,Kruskal-Wallis + Dunn,Cliff's delta,0.3161,small
fastml + editednn,gaussiancopula + instancehardness,0.0,True,Kruskal-Wallis + Dunn,Cliff's delta,0.389,medium
fastml + condensednn,tvae + random,0.0,True,Kruskal-Wallis + Dunn,Cliff's delta,0.3503,medium
fastml + condensednn,tvae + instancehardness,0.0,True,Kruskal-Wallis + Dunn,Cliff's delta,0.339,medium
tvae + clustercentroid,tvae + condensednn,0.0,True,Kruskal-Wallis + Dunn,Cliff's delta,-0.356,medium
random + condensednn,smote + tomeklinks,0.0,True,Kruskal-Wallis + Dunn,Cliff's delta,0.3821,medium
fastml + clustercentroid,fastml + condensednn,0.0,True,Kruskal-Wallis + Dunn,Cliff's delta,-0.3069,small
fastml + clustercentroid,fastml + editednn,0.0,True,Kruskal-Wallis + Dunn,Cliff's delta,-0.3723,medium
fastml + condensednn,tvae + clustercentroid,0.0,True,Kruskal-Wallis + Dunn,Cliff's delta,0.329,small
fastml + condensednn,smote + tomeklinks,0.0,True,Kruskal-Wallis + Dunn,Cliff's delta,0.3858,medium
fastml + condensednn,smote + random,0.0,True,Kruskal-Wallis + Dunn,Cliff's delta,0.3842,medium
fastml + condensednn,smote + onesidedselection,0.0,True,Kruskal-Wallis + Dunn,Cliff's delta,0.309,small
fastml + condensednn,smote + nearmiss,0.0,True,Kruskal-Wallis + Dunn,Cliff's delta,0.364,medium
fastml + condensednn,tvae + nearmiss,0.0,True,Kruskal-Wallis + Dunn,Cliff's delta,0.3206,small
fastml + random,gaussiancopula + editednn,0.0,True,Kruskal-Wallis + Dunn,Cliff's delta,-0.2784,small
adasyn + condensednn,gaussiancopula + tomeklinks,0.0,True,Kruskal-Wallis + Dunn,Cliff's delta,0.6615,large
random + editednn,random + tomeklinks,0.0,True,Kruskal-Wallis + Dunn,Cliff's delta,0.284,small
adasyn + editednn,smote + clustercentroid,0.0,True,Kruskal-Wallis + Dunn,Cliff's delta,0.659,large
adasyn + editednn,random + tomeklinks,0.0,True,Kruskal-Wallis + Dunn,Cliff's delta,0.6277,large
adasyn + editednn,random + random,0.0,True,Kruskal-Wallis + Dunn,Cliff's delta,0.6392,large
adasyn + editednn,random + onesidedselection,0.0,True,Kruskal-Wallis + Dunn,Cliff's delta,0.4609,medium
adasyn + editednn,random + nearmiss,0.0,True,Kruskal-Wallis + Dunn,Cliff's delta,0.5979,large
adasyn + editednn,random + instancehardness,0.0,True,Kruskal-Wallis + Dunn,Cliff's delta,0.583,large
ctgan + nearmiss,tvae + condensednn,0.0,True,Kruskal-Wallis + Dunn,Cliff's delta,-0.3464,medium
random + editednn,smote + nearmiss,0.0,True,Kruskal-Wallis + Dunn,Cliff's delta,0.3223,small
adasyn + editednn,random + clustercentroid,0.0,True,Kruskal-Wallis + Dunn,Cliff's delta,0.614,large
adasyn + editednn,gaussiancopula + tomeklinks,0.0,True,Kruskal-Wallis + Dunn,Cliff's delta,0.5934,large
adasyn + editednn,gaussiancopula + random,0.0,True,Kruskal-Wallis + Dunn,Cliff's delta,0.6077,large
adasyn + editednn,gaussiancopula + onesidedselection,0.0,True,Kruskal-Wallis + Dunn,Cliff's delta,0.4322,medium
adasyn + editednn,gaussiancopula + nearmiss,0.0,True,Kruskal-Wallis + Dunn,Cliff's delta,0.5864,large
adasyn + editednn,gaussiancopula + instancehardness,0.0,True,Kruskal-Wallis + Dunn,Cliff's delta,0.584,large
fastml + nearmiss,random + condensednn,0.0,True,Kruskal-Wallis + Dunn,Cliff's delta,-0.3275,small
random + condensednn,random + nearmiss,0.0,True,Kruskal-Wallis + Dunn,Cliff's delta,0.3107,small
adasyn + editednn,gaussiancopula + clustercentroid,0.0,True,Kruskal-Wallis + Dunn,Cliff's delta,0.567,large
adasyn + editednn,fastml + tomeklinks,0.0,True,Kruskal-Wallis + Dunn,Cliff's delta,0.6091,large
adasyn + editednn,fastml + random,0.0,True,Kruskal-Wallis + Dunn,Cliff's delta,0.6242,large
adasyn + editednn,fastml + onesidedselection,0.0,True,Kruskal-Wallis + Dunn,Cliff's delta,0.4901,large
adasyn + editednn,fastml + nearmiss,0.0,True,Kruskal-Wallis + Dunn,Cliff's delta,0.6057,large
random + condensednn,random + instancehardness,0.0,True,Kruskal-Wallis + Dunn,Cliff's delta,0.3201,small
adasyn + condensednn,random + clustercentroid,0.0,True,Kruskal-Wallis + Dunn,Cliff's delta,0.6472,large
fastml + nearmiss,tvae + condensednn,0.0,True,Kruskal-Wallis + Dunn,Cliff's delta,-0.358,medium
adasyn + editednn,smote + nearmiss,0.0,True,Kruskal-Wallis + Dunn,Cliff's delta,0.6392,large
ctgan + instancehardness,random + condensednn,0.0,True,Kruskal-Wallis + Dunn,Cliff's delta,-0.3292,small
fastml + onesidedselection,tvae + condensednn,0.0,True,Kruskal-Wallis + Dunn,Cliff's delta,-0.2751,small
ctgan + instancehardness,tvae + condensednn,0.0,True,Kruskal-Wallis + Dunn,Cliff's delta,-0.3467,medium
random + editednn,smote + tomeklinks,0.0,True,Kruskal-Wallis + Dunn,Cliff's delta,0.3575,medium
random + clustercentroid,tvae + editednn,0.0,True,Kruskal-Wallis + Dunn,Cliff's delta,-0.3299,small
ctgan + nearmiss,fastml + condensednn,0.0,True,Kruskal-Wallis + Dunn,Cliff's delta,-0.3347,medium
ctgan + nearmiss,fastml + editednn,0.0,True,Kruskal-Wallis + Dunn,Cliff's delta,-0.4134,medium
random + editednn,smote + random,0.0,True,Kruskal-Wallis + Dunn,Cliff's delta,0.3578,medium
smote + nearmiss,tvae + condensednn,0.0,True,Kruskal-Wallis + Dunn,Cliff's delta,-0.3779,medium
smote + nearmiss,tvae + editednn,0.0,True,Kruskal-Wallis + Dunn,Cliff's delta,-0.3697,medium
adasyn + editednn,tvae + tomeklinks,0.0,True,Kruskal-Wallis + Dunn,Cliff's delta,0.6174,large
adasyn + editednn,tvae + random,0.0,True,Kruskal-Wallis + Dunn,Cliff's delta,0.6151,large
adasyn + editednn,tvae + onesidedselection,0.0,True,Kruskal-Wallis + Dunn,Cliff's delta,0.43,medium
adasyn + editednn,tvae + nearmiss,0.0,True,Kruskal-Wallis + Dunn,Cliff's delta,0.5903,large
adasyn + editednn,tvae + instancehardness,0.0,True,Kruskal-Wallis + Dunn,Cliff's delta,0.5946,large
ctgan + nearmiss,random + condensednn,0.0,True,Kruskal-Wallis + Dunn,Cliff's delta,-0.3254,small
fastml + nearmiss,tvae + editednn,0.0,True,Kruskal-Wallis + Dunn,Cliff's delta,-0.3157,small
adasyn + editednn,tvae + clustercentroid,0.0,True,Kruskal-Wallis + Dunn,Cliff's delta,0.5947,large
adasyn + editednn,smote + tomeklinks,0.0,True,Kruskal-Wallis + Dunn,Cliff's delta,0.6626,large
adasyn + editednn,smote + random,0.0,True,Kruskal-Wallis + Dunn,Cliff's delta,0.6696,large
adasyn + editednn,smote + onesidedselection,0.0,True,Kruskal-Wallis + Dunn,Cliff's delta,0.5698,large
adasyn + editednn,smote + instancehardness,0.0,True,Kruskal-Wallis + Dunn,Cliff's delta,0.5785,large
ctgan + onesidedselection,fastml + editednn,0.0,True,Kruskal-Wallis + Dunn,Cliff's delta,-0.3133,small
adasyn + editednn,fastml + instancehardness,0.0,True,Kruskal-Wallis + Dunn,Cliff's delta,0.5989,large
random + condensednn,random + random,0.0,True,Kruskal-Wallis + Dunn,Cliff's delta,0.3578,medium
adasyn + condensednn,tvae + random,0.0,True,Kruskal-Wallis + Dunn,Cliff's delta,0.6704,large
adasyn + condensednn,tvae + onesidedselection,0.0,True,Kruskal-Wallis + Dunn,Cliff's delta,0.4383,medium
adasyn + condensednn,tvae + nearmiss,0.0,True,Kruskal-Wallis + Dunn,Cliff's delta,0.6436,large
adasyn + condensednn,tvae + instancehardness,0.0,True,Kruskal-Wallis + Dunn,Cliff's delta,0.6735,large
random + editednn,smote + clustercentroid,0.0,True,Kruskal-Wallis + Dunn,Cliff's delta,0.3703,medium
random + condensednn,smote + nearmiss,0.0,True,Kruskal-Wallis + Dunn,Cliff's delta,0.354,medium
adasyn + condensednn,tvae + clustercentroid,0.0,True,Kruskal-Wallis + Dunn,Cliff's delta,0.6404,large
adasyn + condensednn,smote + tomeklinks,0.0,True,Kruskal-Wallis + Dunn,Cliff's delta,0.6733,large
adasyn + condensednn,smote + random,0.0,True,Kruskal-Wallis + Dunn,Cliff's delta,0.6788,large
adasyn + condensednn,smote + onesidedselection,0.0,True,Kruskal-Wallis + Dunn,Cliff's delta,0.5774,large
adasyn + condensednn,smote + nearmiss,0.0,True,Kruskal-Wallis + Dunn,Cliff's delta,0.6507,large
adasyn + condensednn,smote + instancehardness,0.0,True,Kruskal-Wallis + Dunn,Cliff's delta,0.6537,large
ctgan + random,random + condensednn,0.0,True,Kruskal-Wallis + Dunn,Cliff's delta,-0.304,small
fastml + editednn,tvae + tomeklinks,0.0,True,Kruskal-Wallis + Dunn,Cliff's delta,0.4264,medium
adasyn + condensednn,smote + clustercentroid,0.0,True,Kruskal-Wallis + Dunn,Cliff's delta,0.6755,large
adasyn + condensednn,random + tomeklinks,0.0,True,Kruskal-Wallis + Dunn,Cliff's delta,0.674,large
adasyn + condensednn,random + random,0.0,True,Kruskal-Wallis + Dunn,Cliff's delta,0.6789,large
adasyn + condensednn,random + onesidedselection,0.0,True,Kruskal-Wallis + Dunn,Cliff's delta,0.463,medium
adasyn + condensednn,random + nearmiss,0.0,True,Kruskal-Wallis + Dunn,Cliff's delta,0.6145,large
adasyn + condensednn,random + instancehardness,0.0,True,Kruskal-Wallis + Dunn,Cliff's delta,0.6542,large
fastml + editednn,tvae + random,0.0,True,Kruskal-Wallis + Dunn,Cliff's delta,0.4263,medium
adasyn + condensednn,tvae + tomeklinks,0.0,True,Kruskal-Wallis + Dunn,Cliff's delta,0.6897,large
ctgan + random,fastml + editednn,0.0,True,Kruskal-Wallis + Dunn,Cliff's delta,-0.3917,medium
fastml + instancehardness,random + condensednn,0.0,True,Kruskal-Wallis + Dunn,Cliff's delta,-0.3339,medium
adasyn + editednn,copulagan + random,0.0,True,Kruskal-Wallis + Dunn,Cliff's delta,0.6006,large
adasyn + editednn,fastml + clustercentroid,0.0,True,Kruskal-Wallis + Dunn,Cliff's delta,0.5786,large
adasyn + editednn,ctgan + tomeklinks,0.0,True,Kruskal-Wallis + Dunn,Cliff's delta,0.587,large
adasyn + editednn,ctgan + random,0.0,True,Kruskal-Wallis + Dunn,Cliff's delta,0.5993,large
adasyn + editednn,ctgan + onesidedselection,0.0,True,Kruskal-Wallis + Dunn,Cliff's delta,0.4521,medium
adasyn + editednn,ctgan + nearmiss,0.0,True,Kruskal-Wallis + Dunn,Cliff's delta,0.5963,large
adasyn + editednn,ctgan + instancehardness,0.0,True,Kruskal-Wallis + Dunn,Cliff's delta,0.5792,large
random + condensednn,random + tomeklinks,0.0,True,Kruskal-Wallis + Dunn,Cliff's delta,0.3537,medium
random + condensednn,smote + clustercentroid,0.0,True,Kruskal-Wallis + Dunn,Cliff's delta,0.3919,medium
adasyn + editednn,ctgan + clustercentroid,0.0,True,Kruskal-Wallis + Dunn,Cliff's delta,0.5422,large
adasyn + editednn,copulagan + tomeklinks,0.0,True,Kruskal-Wallis + Dunn,Cliff's delta,0.6131,large
random + condensednn,smote + instancehardness,0.0,True,Kruskal-Wallis + Dunn,Cliff's delta,0.3105,small
copulagan + condensednn,tvae + random,0.0,True,Kruskal-Wallis + Dunn,Cliff's delta,0.3834,medium
adasyn + editednn,copulagan + onesidedselection,0.0,True,Kruskal-Wallis + Dunn,Cliff's delta,0.4471,medium
adasyn + editednn,copulagan + nearmiss,0.0,True,Kruskal-Wallis + Dunn,Cliff's delta,0.5921,large
adasyn + editednn,copulagan + instancehardness,0.0,True,Kruskal-Wallis + Dunn,Cliff's delta,0.5629,large
fastml + instancehardness,tvae + condensednn,0.0,True,Kruskal-Wallis + Dunn,Cliff's delta,-0.3476,medium
copulagan + clustercentroid,fastml + editednn,0.0,True,Kruskal-Wallis + Dunn,Cliff's delta,-0.3457,medium
adasyn + editednn,copulagan + clustercentroid,0.0,True,Kruskal-Wallis + Dunn,Cliff's delta,0.5463,large
ctgan + random,fastml + condensednn,0.0,True,Kruskal-Wallis + Dunn,Cliff's delta,-0.321,small
smote + onesidedselection,tvae + condensednn,0.0,True,Kruskal-Wallis + Dunn,Cliff's delta,-0.3116,small
copulagan + condensednn,ctgan + onesidedselection,0.0001,True,Kruskal-Wallis + Dunn,Cliff's delta,0.2608,small
copulagan + clustercentroid,tvae + condensednn,0.0001,True,Kruskal-Wallis + Dunn,Cliff's delta,-0.3146,small
random + clustercentroid,smote + condensednn,0.0001,True,Kruskal-Wallis + Dunn,Cliff's delta,-0.2637,small
copulagan + condensednn,ctgan + clustercentroid,0.0001,True,Kruskal-Wallis + Dunn,Cliff's delta,0.3077,small
random + clustercentroid,random + editednn,0.0001,True,Kruskal-Wallis + Dunn,Cliff's delta,-0.3076,small
gaussiancopula + tomeklinks,tvae + editednn,0.0001,True,Kruskal-Wallis + Dunn,Cliff's delta,-0.3153,small
copulagan + clustercentroid,copulagan + condensednn,0.0001,True,Kruskal-Wallis + Dunn,Cliff's delta,-0.3131,small
fastml + tomeklinks,gaussiancopula + editednn,0.0001,True,Kruskal-Wallis + Dunn,Cliff's delta,-0.296,small
ctgan + nearmiss,tvae + editednn,0.0001,True,Kruskal-Wallis + Dunn,Cliff's delta,-0.2982,small
copulagan + random,smote + editednn,0.0001,True,Kruskal-Wallis + Dunn,Cliff's delta,-0.3043,small
fastml + editednn,tvae + onesidedselection,0.0001,True,Kruskal-Wallis + Dunn,Cliff's delta,0.2473,small
gaussiancopula + condensednn,random + nearmiss,0.0001,True,Kruskal-Wallis + Dunn,Cliff's delta,0.2642,small
copulagan + tomeklinks,gaussiancopula + condensednn,0.0001,True,Kruskal-Wallis + Dunn,Cliff's delta,-0.2786,small
fastml + tomeklinks,smote + editednn,0.0001,True,Kruskal-Wallis + Dunn,Cliff's delta,-0.2847,small
smote + onesidedselection,tvae + editednn,0.0001,True,Kruskal-Wallis + Dunn,Cliff's delta,-0.2865,small
ctgan + clustercentroid,tvae + condensednn,0.0001,True,Kruskal-Wallis + Dunn,Cliff's delta,-0.3121,small
ctgan + tomeklinks,tvae + editednn,0.0001,True,Kruskal-Wallis + Dunn,Cliff's delta,-0.291,small
copulagan + editednn,copulagan + random,0.0001,True,Kruskal-Wallis + Dunn,Cliff's delta,0.2626,small
smote + condensednn,smote + nearmiss,0.0001,True,Kruskal-Wallis + Dunn,Cliff's delta,0.2943,small
ctgan + onesidedselection,tvae + condensednn,0.0001,True,Kruskal-Wallis + Dunn,Cliff's delta,-0.2818,small
fastml + instancehardness,tvae + editednn,0.0001,True,Kruskal-Wallis + Dunn,Cliff's delta,-0.2937,small
smote + editednn,tvae + tomeklinks,0.0001,True,Kruskal-Wallis + Dunn,Cliff's delta,0.2917,small
adasyn + instancehardness,smote + clustercentroid,0.0001,True,Kruskal-Wallis + Dunn,Cliff's delta,0.4655,medium
ctgan + editednn,fastml + onesidedselection,0.0001,True,Kruskal-Wallis + Dunn,Cliff's delta,0.2724,small
fastml + random,smote + condensednn,0.0001,True,Kruskal-Wallis + Dunn,Cliff's delta,-0.2713,small
fastml + random,random + editednn,0.0001,True,Kruskal-Wallis + Dunn,Cliff's delta,-0.278,small
ctgan + condensednn,fastml + onesidedselection,0.0001,True,Kruskal-Wallis + Dunn,Cliff's delta,0.2519,small
copulagan + random,gaussiancopula + editednn,0.0001,True,Kruskal-Wallis + Dunn,Cliff's delta,-0.2571,small
ctgan + random,tvae + editednn,0.0001,True,Kruskal-Wallis + Dunn,Cliff's delta,-0.2966,small
tvae + clustercentroid,tvae + editednn,0.0001,True,Kruskal-Wallis + Dunn,Cliff's delta,-0.2944,small
copulagan + editednn,fastml + tomeklinks,0.0001,True,Kruskal-Wallis + Dunn,Cliff's delta,0.2904,small
copulagan + editednn,gaussiancopula + random,0.0001,True,Kruskal-Wallis + Dunn,Cliff's delta,0.2794,small
copulagan + editednn,tvae + tomeklinks,0.0001,True,Kruskal-Wallis + Dunn,Cliff's delta,0.2832,small
random + onesidedselection,tvae + condensednn,0.0001,True,Kruskal-Wallis + Dunn,Cliff's delta,-0.2418,small
gaussiancopula + random,smote + editednn,0.0001,True,Kruskal-Wallis + Dunn,Cliff's delta,-0.3059,small
fastml + condensednn,fastml + onesidedselection,0.0001,True,Kruskal-Wallis + Dunn,Cliff's delta,0.2531,small
gaussiancopula + editednn,gaussiancopula + random,0.0001,True,Kruskal-Wallis + Dunn,Cliff's delta,0.2815,small
copulagan + instancehardness,random + condensednn,0.0001,True,Kruskal-Wallis + Dunn,Cliff's delta,-0.2957,small
tvae + editednn,tvae + nearmiss,0.0001,True,Kruskal-Wallis + Dunn,Cliff's delta,0.2806,small
fastml + nearmiss,gaussiancopula + condensednn,0.0001,True,Kruskal-Wallis + Dunn,Cliff's delta,-0.2718,small
gaussiancopula + editednn,tvae + random,0.0001,True,Kruskal-Wallis + Dunn,Cliff's delta,0.2758,small
fastml + clustercentroid,random + condensednn,0.0001,True,Kruskal-Wallis + Dunn,Cliff's delta,-0.3023,small
adasyn + onesidedselection,smote + random,0.0002,True,Kruskal-Wallis + Dunn,Cliff's delta,0.4173,medium
fastml + nearmiss,smote + editednn,0.0002,True,Kruskal-Wallis + Dunn,Cliff's delta,-0.277,small
ctgan + nearmiss,gaussiancopula + condensednn,0.0002,True,Kruskal-Wallis + Dunn,Cliff's delta,-0.2638,small
fastml + onesidedselection,random + condensednn,0.0002,True,Kruskal-Wallis + Dunn,Cliff's delta,-0.2438,small
ctgan + instancehardness,tvae + editednn,0.0002,True,Kruskal-Wallis + Dunn,Cliff's delta,-0.2847,small
copulagan + editednn,fastml + nearmiss,0.0002,True,Kruskal-Wallis + Dunn,Cliff's delta,0.2942,small
copulagan + condensednn,gaussiancopula + onesidedselection,0.0002,True,Kruskal-Wallis + Dunn,Cliff's delta,0.2425,small
ctgan + tomeklinks,gaussiancopula + condensednn,0.0002,True,Kruskal-Wallis + Dunn,Cliff's delta,-0.2455,small
copulagan + editednn,random + nearmiss,0.0002,True,Kruskal-Wallis + Dunn,Cliff's delta,0.3089,small
adasyn + instancehardness,smote + random,0.0002,True,Kruskal-Wallis + Dunn,Cliff's delta,0.4597,medium
gaussiancopula + condensednn,tvae + clustercentroid,0.0002,True,Kruskal-Wallis + Dunn,Cliff's delta,0.2679,small
adasyn + onesidedselection,smote + clustercentroid,0.0002,True,Kruskal-Wallis + Dunn,Cliff's delta,0.4366,medium
random + editednn,tvae + random,0.0002,True,Kruskal-Wallis + Dunn,Cliff's delta,0.2876,small
gaussiancopula + editednn,tvae + tomeklinks,0.0002,True,Kruskal-Wallis + Dunn,Cliff's delta,0.2633,small
gaussiancopula + condensednn,gaussiancopula + tomeklinks,0.0002,True,Kruskal-Wallis + Dunn,Cliff's delta,0.2517,small
gaussiancopula + onesidedselection,tvae + condensednn,0.0002,True,Kruskal-Wallis + Dunn,Cliff's delta,-0.2551,small
ctgan + random,gaussiancopula + condensednn,0.0002,True,Kruskal-Wallis + Dunn,Cliff's delta,-0.2543,small
random + nearmiss,smote + editednn,0.0002,True,Kruskal-Wallis + Dunn,Cliff's delta,-0.2848,small
fastml + condensednn,random + onesidedselection,0.0003,True,Kruskal-Wallis + Dunn,Cliff's delta,0.2089,small
adasyn + instancehardness,smote + tomeklinks,0.0003,True,Kruskal-Wallis + Dunn,Cliff's delta,0.4507,medium
ctgan + condensednn,random + onesidedselection,0.0003,True,Kruskal-Wallis + Dunn,Cliff's delta,0.2148,small
smote + condensednn,tvae + random,0.0003,True,Kruskal-Wallis + Dunn,Cliff's delta,0.2607,small
gaussiancopula + random,random + editednn,0.0003,True,Kruskal-Wallis + Dunn,Cliff's delta,-0.2892,small
fastml + tomeklinks,random + editednn,0.0003,True,Kruskal-Wallis + Dunn,Cliff's delta,-0.2608,small
gaussiancopula + nearmiss,tvae + editednn,0.0003,True,Kruskal-Wallis + Dunn,Cliff's delta,-0.2673,small
gaussiancopula + instancehardness,tvae + editednn,0.0003,True,Kruskal-Wallis + Dunn,Cliff's delta,-0.2841,small
gaussiancopula + condensednn,smote + onesidedselection,0.0003,True,Kruskal-Wallis + Dunn,Cliff's delta,0.2595,small
copulagan + random,random + editednn,0.0003,True,Kruskal-Wallis + Dunn,Cliff's delta,-0.2754,small
gaussiancopula + condensednn,tvae + nearmiss,0.0003,True,Kruskal-Wallis + Dunn,Cliff's delta,0.2632,small
random + instancehardness,tvae + editednn,0.0003,True,Kruskal-Wallis + Dunn,Cliff's delta,-0.2913,small
ctgan + onesidedselection,fastml + condensednn,0.0004,True,Kruskal-Wallis + Dunn,Cliff's delta,-0.2525,small
gaussiancopula + editednn,random + nearmiss,0.0004,True,Kruskal-Wallis + Dunn,Cliff's delta,0.302,small
copulagan + random,smote + condensednn,0.0004,True,Kruskal-Wallis + Dunn,Cliff's delta,-0.2662,small
fastml + instancehardness,gaussiancopula + condensednn,0.0004,True,Kruskal-Wallis + Dunn,Cliff's delta,-0.2702,small
copulagan + tomeklinks,smote + editednn,0.0004,True,Kruskal-Wallis + Dunn,Cliff's delta,-0.2724,small
copulagan + clustercentroid,fastml + condensednn,0.0004,True,Kruskal-Wallis + Dunn,Cliff's delta,-0.2942,small
fastml + nearmiss,gaussiancopula + editednn,0.0004,True,Kruskal-Wallis + Dunn,Cliff's delta,-0.2932,small
copulagan + editednn,copulagan + tomeklinks,0.0004,True,Kruskal-Wallis + Dunn,Cliff's delta,0.2789,small
ctgan + editednn,random + onesidedselection,0.0004,True,Kruskal-Wallis + Dunn,Cliff's delta,0.2493,small
random + editednn,tvae + tomeklinks,0.0004,True,Kruskal-Wallis + Dunn,Cliff's delta,0.2534,small
adasyn + onesidedselection,smote + tomeklinks,0.0004,True,Kruskal-Wallis + Dunn,Cliff's delta,0.3895,medium
ctgan + clustercentroid,fastml + condensednn,0.0005,True,Kruskal-Wallis + Dunn,Cliff's delta,-0.2812,small
ctgan + condensednn,ctgan + onesidedselection,0.0005,True,Kruskal-Wallis + Dunn,Cliff's delta,0.2643,small
gaussiancopula + random,smote + condensednn,0.0005,True,Kruskal-Wallis + Dunn,Cliff's delta,-0.2688,small
copulagan + nearmiss,tvae + editednn,0.0005,True,Kruskal-Wallis + Dunn,Cliff's delta,-0.2892,small
fastml + tomeklinks,smote + condensednn,0.0005,True,Kruskal-Wallis + Dunn,Cliff's delta,-0.2876,small
copulagan + clustercentroid,ctgan + condensednn,0.0005,True,Kruskal-Wallis + Dunn,Cliff's delta,-0.2903,small
gaussiancopula + tomeklinks,smote + editednn,0.0005,True,Kruskal-Wallis + Dunn,Cliff's delta,-0.2718,small
ctgan + random,smote + editednn,0.0006,True,Kruskal-Wallis + Dunn,Cliff's delta,-0.2923,small
copulagan + editednn,gaussiancopula + tomeklinks,0.0006,True,Kruskal-Wallis + Dunn,Cliff's delta,0.2791,small
copulagan + clustercentroid,ctgan + editednn,0.0006,True,Kruskal-Wallis + Dunn,Cliff's delta,-0.271,small
ctgan + tomeklinks,smote + editednn,0.0006,True,Kruskal-Wallis + Dunn,Cliff's delta,-0.2654,small
smote + instancehardness,tvae + editednn,0.0006,True,Kruskal-Wallis + Dunn,Cliff's delta,-0.298,small
ctgan + nearmiss,smote + editednn,0.0006,True,Kruskal-Wallis + Dunn,Cliff's delta,-0.2905,small
ctgan + clustercentroid,ctgan + condensednn,0.0006,True,Kruskal-Wallis + Dunn,Cliff's delta,-0.2814,small
smote + editednn,tvae + nearmiss,0.0007,True,Kruskal-Wallis + Dunn,Cliff's delta,0.2692,small
copulagan + editednn,ctgan + random,0.0007,True,Kruskal-Wallis + Dunn,Cliff's delta,0.258,small
copulagan + editednn,ctgan + tomeklinks,0.0007,True,Kruskal-Wallis + Dunn,Cliff's delta,0.2731,small
copulagan + editednn,tvae + clustercentroid,0.0007,True,Kruskal-Wallis + Dunn,Cliff's delta,0.2527,small
smote + condensednn,tvae + tomeklinks,0.0007,True,Kruskal-Wallis + Dunn,Cliff's delta,0.2533,small
smote + editednn,smote + onesidedselection,0.0007,True,Kruskal-Wallis + Dunn,Cliff's delta,0.2928,small
ctgan + instancehardness,gaussiancopula + condensednn,0.0007,True,Kruskal-Wallis + Dunn,Cliff's delta,-0.2617,small
copulagan + editednn,ctgan + nearmiss,0.0007,True,Kruskal-Wallis + Dunn,Cliff's delta,0.2696,small
smote + editednn,tvae + clustercentroid,0.0007,True,Kruskal-Wallis + Dunn,Cliff's delta,0.2942,small
random + condensednn,random + onesidedselection,0.0007,True,Kruskal-Wallis + Dunn,Cliff's delta,0.2072,small
ctgan + editednn,ctgan + onesidedselection,0.0007,True,Kruskal-Wallis + Dunn,Cliff's delta,0.2245,small
gaussiancopula + condensednn,random + instancehardness,0.0008,True,Kruskal-Wallis + Dunn,Cliff's delta,0.2577,small
copulagan + editednn,smote + onesidedselection,0.0008,True,Kruskal-Wallis + Dunn,Cliff's delta,0.2971,small
gaussiancopula + condensednn,gaussiancopula + instancehardness,0.0008,True,Kruskal-Wallis + Dunn,Cliff's delta,0.2636,small
copulagan + tomeklinks,gaussiancopula + editednn,0.0008,True,Kruskal-Wallis + Dunn,Cliff's delta,-0.266,small
ctgan + clustercentroid,ctgan + editednn,0.0008,True,Kruskal-Wallis + Dunn,Cliff's delta,-0.2642,small
copulagan + editednn,tvae + nearmiss,0.0008,True,Kruskal-Wallis + Dunn,Cliff's delta,0.2796,small
random + editednn,random + nearmiss,0.0008,True,Kruskal-Wallis + Dunn,Cliff's delta,0.2672,small
fastml + condensednn,gaussiancopula + onesidedselection,0.0009,True,Kruskal-Wallis + Dunn,Cliff's delta,0.2337,small
fastml + instancehardness,smote + editednn,0.001,True,Kruskal-Wallis + Dunn,Cliff's delta,-0.2504,small
gaussiancopula + editednn,gaussiancopula + tomeklinks,0.001,True,Kruskal-Wallis + Dunn,Cliff's delta,0.2441,small
gaussiancopula + condensednn,gaussiancopula + nearmiss,0.001,True,Kruskal-Wallis + Dunn,Cliff's delta,0.2623,small
adasyn + instancehardness,random + random,0.001,True,Kruskal-Wallis + Dunn,Cliff's delta,0.4311,medium
copulagan + clustercentroid,random + condensednn,0.001,True,Kruskal-Wallis + Dunn,Cliff's delta,-0.2905,small
ctgan + onesidedselection,random + condensednn,0.001,True,Kruskal-Wallis + Dunn,Cliff's delta,-0.2523,small
fastml + nearmiss,random + editednn,0.001,True,Kruskal-Wallis + Dunn,Cliff's delta,-0.2552,small
ctgan + condensednn,gaussiancopula + onesidedselection,0.0011,True,Kruskal-Wallis + Dunn,Cliff's delta,0.2356,small
adasyn + instancehardness,random + tomeklinks,0.0012,True,Kruskal-Wallis + Dunn,Cliff's delta,0.4273,medium
ctgan + random,gaussiancopula + editednn,0.0012,True,Kruskal-Wallis + Dunn,Cliff's delta,-0.2524,small
tvae + editednn,tvae + instancehardness,0.0012,True,Kruskal-Wallis + Dunn,Cliff's delta,0.2658,small
ctgan + clustercentroid,random + condensednn,0.0012,True,Kruskal-Wallis + Dunn,Cliff's delta,-0.287,small
copulagan + editednn,fastml + instancehardness,0.0012,True,Kruskal-Wallis + Dunn,Cliff's delta,0.26,small
ctgan + nearmiss,gaussiancopula + editednn,0.0012,True,Kruskal-Wallis + Dunn,Cliff's delta,-0.2628,small
ctgan + tomeklinks,gaussiancopula + editednn,0.0012,True,Kruskal-Wallis + Dunn,Cliff's delta,-0.239,small
random + nearmiss,smote + condensednn,0.0013,True,Kruskal-Wallis + Dunn,Cliff's delta,-0.2521,small
copulagan + condensednn,copulagan + onesidedselection,0.0014,True,Kruskal-Wallis + Dunn,Cliff's delta,0.2233,small
gaussiancopula + editednn,tvae + clustercentroid,0.0014,True,Kruskal-Wallis + Dunn,Cliff's delta,0.2532,small
copulagan + nearmiss,gaussiancopula + condensednn,0.0014,True,Kruskal-Wallis + Dunn,Cliff's delta,-0.262,small
adasyn + onesidedselection,random + random,0.0014,True,Kruskal-Wallis + Dunn,Cliff's delta,0.4043,medium
ctgan + editednn,gaussiancopula + onesidedselection,0.0015,True,Kruskal-Wallis + Dunn,Cliff's delta,0.2224,small
gaussiancopula + editednn,smote + onesidedselection,0.0015,True,Kruskal-Wallis + Dunn,Cliff's delta,0.2351,small
gaussiancopula + editednn,tvae + nearmiss,0.0015,True,Kruskal-Wallis + Dunn,Cliff's delta,0.2811,small
fastml + nearmiss,smote + condensednn,0.0016,True,Kruskal-Wallis + Dunn,Cliff's delta,-0.2653,small
adasyn + onesidedselection,random + tomeklinks,0.0017,True,Kruskal-Wallis + Dunn,Cliff's delta,0.3866,medium
ctgan + instancehardness,smote + editednn,0.0017,True,Kruskal-Wallis + Dunn,Cliff's delta,-0.2624,small
copulagan + onesidedselection,tvae + condensednn,0.0017,True,Kruskal-Wallis + Dunn,Cliff's delta,-0.2294,small
gaussiancopula + condensednn,smote + instancehardness,0.0018,True,Kruskal-Wallis + Dunn,Cliff's delta,0.2647,small
copulagan + tomeklinks,random + editednn,0.0018,True,Kruskal-Wallis + Dunn,Cliff's delta,-0.2376,small
gaussiancopula + clustercentroid,tvae + editednn,0.0018,True,Kruskal-Wallis + Dunn,Cliff's delta,-0.268,small
copulagan + editednn,ctgan + instancehardness,0.002,True,Kruskal-Wallis + Dunn,Cliff's delta,0.2515,small
gaussiancopula + instancehardness,smote + editednn,0.002,True,Kruskal-Wallis + Dunn,Cliff's delta,-0.247,small
random + instancehardness,smote + editednn,0.002,True,Kruskal-Wallis + Dunn,Cliff's delta,-0.2632,small
fastml + instancehardness,gaussiancopula + editednn,0.0021,True,Kruskal-Wallis + Dunn,Cliff's delta,-0.2525,small
fastml + clustercentroid,tvae + editednn,0.0021,True,Kruskal-Wallis + Dunn,Cliff's delta,-0.2726,small
gaussiancopula + onesidedselection,random + condensednn,0.0023,True,Kruskal-Wallis + Dunn,Cliff's delta,-0.2324,small
copulagan + editednn,gaussiancopula + instancehardness,0.0023,True,Kruskal-Wallis + Dunn,Cliff's delta,0.2544,small
copulagan + editednn,random + instancehardness,0.0023,True,Kruskal-Wallis + Dunn,Cliff's delta,0.2576,small
copulagan + instancehardness,tvae + editednn,0.0024,True,Kruskal-Wallis + Dunn,Cliff's delta,-0.2766,small
gaussiancopula + nearmiss,smote + editednn,0.0024,True,Kruskal-Wallis + Dunn,Cliff's delta,-0.2665,small
gaussiancopula + tomeklinks,random + editednn,0.0024,True,Kruskal-Wallis + Dunn,Cliff's delta,-0.241,small
adasyn + instancehardness,smote + nearmiss,0.0025,True,Kruskal-Wallis + Dunn,Cliff's delta,0.4049,medium
copulagan + tomeklinks,smote + condensednn,0.0027,True,Kruskal-Wallis + Dunn,Cliff's delta,-0.2766,small
ctgan + tomeklinks,random + editednn,0.0028,True,Kruskal-Wallis + Dunn,Cliff's delta,-0.2335,small
copulagan + editednn,gaussiancopula + nearmiss,0.0028,True,Kruskal-Wallis + Dunn,Cliff's delta,0.2694,small
ctgan + random,random + editednn,0.0028,True,Kruskal-Wallis + Dunn,Cliff's delta,-0.2613,small
ctgan + nearmiss,random + editednn,0.0028,True,Kruskal-Wallis + Dunn,Cliff's delta,-0.2621,small
random + editednn,tvae + clustercentroid,0.0031,True,Kruskal-Wallis + Dunn,Cliff's delta,0.2519,small
copulagan + nearmiss,smote + editednn,0.0033,True,Kruskal-Wallis + Dunn,Cliff's delta,-0.2551,small
gaussiancopula + condensednn,tvae + instancehardness,0.0033,True,Kruskal-Wallis + Dunn,Cliff's delta,0.2585,small
random + editednn,tvae + nearmiss,0.0034,True,Kruskal-Wallis + Dunn,Cliff's delta,0.2543,small
random + editednn,smote + onesidedselection,0.0034,True,Kruskal-Wallis + Dunn,Cliff's delta,0.2703,small
ctgan + instancehardness,gaussiancopula + editednn,0.0035,True,Kruskal-Wallis + Dunn,Cliff's delta,-0.2382,small
adasyn + onesidedselection,smote + nearmiss,0.0035,True,Kruskal-Wallis + Dunn,Cliff's delta,0.3075,small
copulagan + condensednn,tvae + onesidedselection,0.0036,True,Kruskal-Wallis + Dunn,Cliff's delta,0.2204,small
gaussiancopula + tomeklinks,smote + condensednn,0.0036,True,Kruskal-Wallis + Dunn,Cliff's delta,-0.2518,small
copulagan + editednn,copulagan + nearmiss,0.0038,True,Kruskal-Wallis + Dunn,Cliff's delta,0.259,small
gaussiancopula + editednn,random + instancehardness,0.0041,True,Kruskal-Wallis + Dunn,Cliff's delta,0.2438,small
gaussiancopula + editednn,gaussiancopula + instancehardness,0.0041,True,Kruskal-Wallis + Dunn,Cliff's delta,0.2396,small
ctgan + random,smote + condensednn,0.0042,True,Kruskal-Wallis + Dunn,Cliff's delta,-0.2282,small
ctgan + nearmiss,smote + condensednn,0.0042,True,Kruskal-Wallis + Dunn,Cliff's delta,-0.2512,small
smote + editednn,smote + instancehardness,0.0042,True,Kruskal-Wallis + Dunn,Cliff's delta,0.2746,small
ctgan + tomeklinks,smote + condensednn,0.0042,True,Kruskal-Wallis + Dunn,Cliff's delta,-0.2545,small
tvae + condensednn,tvae + onesidedselection,0.0043,True,Kruskal-Wallis + Dunn,Cliff's delta,0.2171,small
smote + condensednn,tvae + clustercentroid,0.0046,True,Kruskal-Wallis + Dunn,Cliff's delta,0.226,small
adasyn + instancehardness,fastml + random,0.0046,True,Kruskal-Wallis + Dunn,Cliff's delta,0.4223,medium
fastml + instancehardness,random + editednn,0.0047,True,Kruskal-Wallis + Dunn,Cliff's delta,-0.2257,small
adasyn + instancehardness,random + clustercentroid,0.0048,True,Kruskal-Wallis + Dunn,Cliff's delta,0.4158,medium
smote + condensednn,smote + onesidedselection,0.0049,True,Kruskal-Wallis + Dunn,Cliff's delta,0.223,small
copulagan + editednn,smote + instancehardness,0.0049,True,Kruskal-Wallis + Dunn,Cliff's delta,0.2773,small
gaussiancopula + editednn,gaussiancopula + nearmiss,0.0049,True,Kruskal-Wallis + Dunn,Cliff's delta,0.2771,small
smote + condensednn,tvae + nearmiss,0.005,True,Kruskal-Wallis + Dunn,Cliff's delta,0.2561,small
gaussiancopula + clustercentroid,gaussiancopula + condensednn,0.0052,True,Kruskal-Wallis + Dunn,Cliff's delta,-0.2553,small
fastml + onesidedselection,tvae + editednn,0.0058,True,Kruskal-Wallis + Dunn,Cliff's delta,-0.2258,small
fastml + clustercentroid,gaussiancopula + condensednn,0.0059,True,Kruskal-Wallis + Dunn,Cliff's delta,-0.2532,small
copulagan + onesidedselection,fastml + condensednn,0.0064,True,Kruskal-Wallis + Dunn,Cliff's delta,-0.2123,small
adasyn + onesidedselection,fastml + random,0.0064,True,Kruskal-Wallis + Dunn,Cliff's delta,0.4589,medium
adasyn + onesidedselection,random + clustercentroid,0.0067,True,Kruskal-Wallis + Dunn,Cliff's delta,0.3905,medium
adasyn + instancehardness,tvae + random,0.0067,True,Kruskal-Wallis + Dunn,Cliff's delta,0.4219,medium
copulagan + instancehardness,gaussiancopula + condensednn,0.0067,True,Kruskal-Wallis + Dunn,Cliff's delta,-0.2098,small
copulagan + nearmiss,gaussiancopula + editednn,0.0068,True,Kruskal-Wallis + Dunn,Cliff's delta,-0.2532,small
fastml + instancehardness,smote + condensednn,0.0069,True,Kruskal-Wallis + Dunn,Cliff's delta,-0.2473,small
smote + editednn,tvae + instancehardness,0.0076,True,Kruskal-Wallis + Dunn,Cliff's delta,0.2414,small
ctgan + instancehardness,random + editednn,0.0077,True,Kruskal-Wallis + Dunn,Cliff's delta,-0.237,small
adasyn + clustercentroid,smote + clustercentroid,0.008,True,Kruskal-Wallis + Dunn,Cliff's delta,0.3996,medium
copulagan + onesidedselection,ctgan + condensednn,0.008,True,Kruskal-Wallis + Dunn,Cliff's delta,-0.2143,small
gaussiancopula + editednn,smote + instancehardness,0.0085,True,Kruskal-Wallis + Dunn,Cliff's delta,0.2354,small
adasyn + condensednn,random + editednn,0.0088,True,Kruskal-Wallis + Dunn,Cliff's delta,0.3876,medium
random + editednn,random + instancehardness,0.0089,True,Kruskal-Wallis + Dunn,Cliff's delta,0.2431,small
gaussiancopula + instancehardness,random + editednn,0.0089,True,Kruskal-Wallis + Dunn,Cliff's delta,-0.2237,small
copulagan + editednn,tvae + instancehardness,0.009,True,Kruskal-Wallis + Dunn,Cliff's delta,0.2452,small
adasyn + instancehardness,copulagan + random,0.009,True,Kruskal-Wallis + Dunn,Cliff's delta,0.3983,medium
adasyn + instancehardness,fastml + tomeklinks,0.0091,True,Kruskal-Wallis + Dunn,Cliff's delta,0.4216,medium
adasyn + onesidedselection,tvae + random,0.0092,True,Kruskal-Wallis + Dunn,Cliff's delta,0.4698,medium
adasyn + clustercentroid,smote + random,0.0098,True,Kruskal-Wallis + Dunn,Cliff's delta,0.3983,medium
copulagan + onesidedselection,ctgan + editednn,0.01,True,Kruskal-Wallis + Dunn,Cliff's delta,-0.23,small
adasyn + instancehardness,gaussiancopula + random,0.0101,True,Kruskal-Wallis + Dunn,Cliff's delta,0.4028,medium
gaussiancopula + nearmiss,random + editednn,0.0107,True,Kruskal-Wallis + Dunn,Cliff's delta,-0.2522,small
ctgan + instancehardness,smote + condensednn,0.0111,True,Kruskal-Wallis + Dunn,Cliff's delta,-0.2612,small
adasyn + instancehardness,tvae + tomeklinks,0.0114,True,Kruskal-Wallis + Dunn,Cliff's delta,0.4331,medium
gaussiancopula + clustercentroid,smote + editednn,0.0115,True,Kruskal-Wallis + Dunn,Cliff's delta,-0.2638,small
adasyn + condensednn,smote + condensednn,0.0121,True,Kruskal-Wallis + Dunn,Cliff's delta,0.3397,medium
adasyn + onesidedselection,copulagan + random,0.0123,True,Kruskal-Wallis + Dunn,Cliff's delta,0.3716,medium
adasyn + onesidedselection,fastml + tomeklinks,0.0125,True,Kruskal-Wallis + Dunn,Cliff's delta,0.4161,medium
random + instancehardness,smote + condensednn,0.0128,True,Kruskal-Wallis + Dunn,Cliff's delta,-0.2573,small
gaussiancopula + instancehardness,smote + condensednn,0.0128,True,Kruskal-Wallis + Dunn,Cliff's delta,-0.2641,small
fastml + clustercentroid,smote + editednn,0.0132,True,Kruskal-Wallis + Dunn,Cliff's delta,-0.2484,small
copulagan + editednn,gaussiancopula + clustercentroid,0.0137,True,Kruskal-Wallis + Dunn,Cliff's delta,0.2432,small
adasyn + onesidedselection,gaussiancopula + random,0.0137,True,Kruskal-Wallis + Dunn,Cliff's delta,0.3871,medium
adasyn + condensednn,gaussiancopula + editednn,0.014,True,Kruskal-Wallis + Dunn,Cliff's delta,0.3443,medium
adasyn + nearmiss,smote + clustercentroid,0.0144,True,Kruskal-Wallis + Dunn,Cliff's delta,0.3724,medium
copulagan + nearmiss,random + editednn,0.0145,True,Kruskal-Wallis + Dunn,Cliff's delta,-0.2239,small
copulagan + instancehardness,smote + editednn,0.0146,True,Kruskal-Wallis + Dunn,Cliff's delta,-0.2516,small
copulagan + onesidedselection,random + condensednn,0.0149,True,Kruskal-Wallis + Dunn,Cliff's delta,-0.2069,small
adasyn + clustercentroid,smote + tomeklinks,0.0151,True,Kruskal-Wallis + Dunn,Cliff's delta,0.4003,medium
gaussiancopula + nearmiss,smote + condensednn,0.0152,True,Kruskal-Wallis + Dunn,Cliff's delta,-0.2498,small
adasyn + onesidedselection,tvae + tomeklinks,0.0154,True,Kruskal-Wallis + Dunn,Cliff's delta,0.495,large
gaussiancopula + editednn,tvae + instancehardness,0.0155,True,Kruskal-Wallis + Dunn,Cliff's delta,0.24,small
fastml + onesidedselection,gaussiancopula + condensednn,0.0156,True,Kruskal-Wallis + Dunn,Cliff's delta,-0.2169,small
copulagan + editednn,fastml + clustercentroid,0.0156,True,Kruskal-Wallis + Dunn,Cliff's delta,0.2478,small
fastml + condensednn,tvae + onesidedselection,0.0156,True,Kruskal-Wallis + Dunn,Cliff's delta,0.1927,small
adasyn + instancehardness,random + nearmiss,0.0169,True,Kruskal-Wallis + Dunn,Cliff's delta,0.3618,medium
adasyn + tomeklinks,smote + clustercentroid,0.0173,True,Kruskal-Wallis + Dunn,Cliff's delta,0.3925,medium
adasyn + nearmiss,smote + random,0.0174,True,Kruskal-Wallis + Dunn,Cliff's delta,0.3532,medium
copulagan + editednn,copulagan + instancehardness,0.0174,True,Kruskal-Wallis + Dunn,Cliff's delta,0.2133,small
random + editednn,smote + instancehardness,0.0176,True,Kruskal-Wallis + Dunn,Cliff's delta,0.2583,small
adasyn + instancehardness,fastml + nearmiss,0.0187,True,Kruskal-Wallis + Dunn,Cliff's delta,0.3914,medium
ctgan + condensednn,tvae + onesidedselection,0.0192,True,Kruskal-Wallis + Dunn,Cliff's delta,0.1875,small
adasyn + condensednn,copulagan + editednn,0.0195,True,Kruskal-Wallis + Dunn,Cliff's delta,0.4094,medium
random + onesidedselection,tvae + editednn,0.0198,True,Kruskal-Wallis + Dunn,Cliff's delta,-0.204,small
copulagan + nearmiss,smote + condensednn,0.0203,True,Kruskal-Wallis + Dunn,Cliff's delta,-0.2282,small
adasyn + tomeklinks,smote + random,0.021,True,Kruskal-Wallis + Dunn,Cliff's delta,0.3655,medium
adasyn + onesidedselection,random + nearmiss,0.0228,True,Kruskal-Wallis + Dunn,Cliff's delta,0.3212,small
gaussiancopula + clustercentroid,gaussiancopula + editednn,0.0233,True,Kruskal-Wallis + Dunn,Cliff's delta,-0.2388,small
ctgan + editednn,tvae + onesidedselection,0.0238,True,Kruskal-Wallis + Dunn,Cliff's delta,0.204,small
smote + condensednn,smote + instancehardness,0.0242,True,Kruskal-Wallis + Dunn,Cliff's delta,0.2461,small
adasyn + instancehardness,copulagan + tomeklinks,0.0252,True,Kruskal-Wallis + Dunn,Cliff's delta,0.3936,medium
adasyn + onesidedselection,fastml + nearmiss,0.0253,True,Kruskal-Wallis + Dunn,Cliff's delta,0.3874,medium
fastml + clustercentroid,gaussiancopula + editednn,0.0266,True,Kruskal-Wallis + Dunn,Cliff's delta,-0.236,small
adasyn + nearmiss,smote + tomeklinks,0.0267,True,Kruskal-Wallis + Dunn,Cliff's delta,0.3559,medium
copulagan + clustercentroid,tvae + editednn,0.0278,True,Kruskal-Wallis + Dunn,Cliff's delta,-0.2347,small
copulagan + instancehardness,gaussiancopula + editednn,0.0296,True,Kruskal-Wallis + Dunn,Cliff's delta,-0.2096,small
ctgan + onesidedselection,tvae + editednn,0.0297,True,Kruskal-Wallis + Dunn,Cliff's delta,-0.2008,small
adasyn + instancehardness,gaussiancopula + tomeklinks,0.0299,True,Kruskal-Wallis + Dunn,Cliff's delta,0.3559,medium
adasyn + instancehardness,smote + onesidedselection,0.0312,True,Kruskal-Wallis + Dunn,Cliff's delta,0.3706,medium
adasyn + tomeklinks,smote + tomeklinks,0.032,True,Kruskal-Wallis + Dunn,Cliff's delta,0.3297,small
random + editednn,tvae + instancehardness,0.0322,True,Kruskal-Wallis + Dunn,Cliff's delta,0.2072,small
adasyn + instancehardness,ctgan + random,0.0325,True,Kruskal-Wallis + Dunn,Cliff's delta,0.4008,medium
fastml + onesidedselection,smote + editednn,0.0325,True,Kruskal-Wallis + Dunn,Cliff's delta,-0.1945,small
adasyn + instancehardness,ctgan + nearmiss,0.0326,True,Kruskal-Wallis + Dunn,Cliff's delta,0.3723,medium
adasyn + instancehardness,ctgan + tomeklinks,0.0327,True,Kruskal-Wallis + Dunn,Cliff's delta,0.4194,medium
ctgan + clustercentroid,tvae + editednn,0.0332,True,Kruskal-Wallis + Dunn,Cliff's delta,-0.2257,small
adasyn + onesidedselection,copulagan + tomeklinks,0.0339,True,Kruskal-Wallis + Dunn,Cliff's delta,0.3586,medium
adasyn + instancehardness,tvae + clustercentroid,0.0344,True,Kruskal-Wallis + Dunn,Cliff's delta,0.3823,medium
adasyn + condensednn,gaussiancopula + condensednn,0.0346,True,Kruskal-Wallis + Dunn,Cliff's delta,0.2433,small
random + condensednn,tvae + onesidedselection,0.0348,True,Kruskal-Wallis + Dunn,Cliff's delta,0.1921,small
adasyn + instancehardness,tvae + nearmiss,0.0359,True,Kruskal-Wallis + Dunn,Cliff's delta,0.3966,medium
adasyn + condensednn,smote + editednn,0.0361,True,Kruskal-Wallis + Dunn,Cliff's delta,0.3473,medium
copulagan + editednn,fastml + onesidedselection,0.0392,True,Kruskal-Wallis + Dunn,Cliff's delta,0.2147,small
adasyn + onesidedselection,gaussiancopula + tomeklinks,0.04,True,Kruskal-Wallis + Dunn,Cliff's delta,0.3727,medium
adasyn + onesidedselection,smote + onesidedselection,0.0416,True,Kruskal-Wallis + Dunn,Cliff's delta,0.2756,small
adasyn + instancehardness,fastml + instancehardness,0.0433,True,Kruskal-Wallis + Dunn,Cliff's delta,0.4023,medium
adasyn + onesidedselection,ctgan + random,0.0435,True,Kruskal-Wallis + Dunn,Cliff's delta,0.3855,medium
smote + condensednn,tvae + instancehardness,0.0436,True,Kruskal-Wallis + Dunn,Cliff's delta,0.251,small
adasyn + onesidedselection,ctgan + nearmiss,0.0436,True,Kruskal-Wallis + Dunn,Cliff's delta,0.3517,medium
adasyn + onesidedselection,ctgan + tomeklinks,0.0437,True,Kruskal-Wallis + Dunn,Cliff's delta,0.3878,medium
adasyn + clustercentroid,random + random,0.046,True,Kruskal-Wallis + Dunn,Cliff's delta,0.4012,medium
adasyn + onesidedselection,tvae + clustercentroid,0.046,True,Kruskal-Wallis + Dunn,Cliff's delta,0.3976,medium
gaussiancopula + clustercentroid,random + editednn,0.0476,True,Kruskal-Wallis + Dunn,Cliff's delta,-0.2419,small
adasyn + onesidedselection,tvae + nearmiss,0.048,True,Kruskal-Wallis + Dunn,Cliff's delta,0.3817,medium
gaussiancopula + condensednn,random + onesidedselection,0.05,False,Kruskal-Wallis + Dunn,Cliff's delta,0.1843,small
adasyn + clustercentroid,random + tomeklinks,0.0535,False,Kruskal-Wallis + Dunn,Cliff's delta,0.3545,medium
fastml + clustercentroid,random + editednn,0.054,False,Kruskal-Wallis + Dunn,Cliff's delta,-0.2266,small
adasyn + instancehardness,ctgan + instancehardness,0.0572,False,Kruskal-Wallis + Dunn,Cliff's delta,0.3738,medium
gaussiancopula + onesidedselection,tvae + editednn,0.0572,False,Kruskal-Wallis + Dunn,Cliff's delta,-0.1875,small
adasyn + onesidedselection,fastml + instancehardness,0.0578,False,Kruskal-Wallis + Dunn,Cliff's delta,0.3879,medium
copulagan + instancehardness,random + editednn,0.0599,False,Kruskal-Wallis + Dunn,Cliff's delta,-0.2195,small
adasyn + condensednn,tvae + editednn,0.0612,False,Kruskal-Wallis + Dunn,Cliff's delta,0.3763,medium
adasyn + instancehardness,gaussiancopula + instancehardness,0.062,False,Kruskal-Wallis + Dunn,Cliff's delta,0.3804,medium
adasyn + instancehardness,random + instancehardness,0.0623,False,Kruskal-Wallis + Dunn,Cliff's delta,0.3586,medium
adasyn + random,smote + clustercentroid,0.0632,False,Kruskal-Wallis + Dunn,Cliff's delta,0.3414,medium
gaussiancopula + clustercentroid,smote + condensednn,0.0636,False,Kruskal-Wallis + Dunn,Cliff's delta,-0.2303,small
fastml + onesidedselection,gaussiancopula + editednn,0.0651,False,Kruskal-Wallis + Dunn,Cliff's delta,-0.2107,small
adasyn + instancehardness,gaussiancopula + nearmiss,0.0688,False,Kruskal-Wallis + Dunn,Cliff's delta,0.3725,medium
copulagan + clustercentroid,gaussiancopula + condensednn,0.0691,False,Kruskal-Wallis + Dunn,Cliff's delta,-0.2462,small
fastml + clustercentroid,smote + condensednn,0.0719,False,Kruskal-Wallis + Dunn,Cliff's delta,-0.2308,small
ctgan + onesidedselection,gaussiancopula + condensednn,0.0734,False,Kruskal-Wallis + Dunn,Cliff's delta,-0.2091,small
adasyn + random,smote + random,0.0756,False,Kruskal-Wallis + Dunn,Cliff's delta,0.3314,medium
adasyn + onesidedselection,ctgan + instancehardness,0.0759,False,Kruskal-Wallis + Dunn,Cliff's delta,0.3482,medium
copulagan + instancehardness,smote + condensednn,0.0793,False,Kruskal-Wallis + Dunn,Cliff's delta,-0.2227,small
adasyn + nearmiss,random + random,0.0793,False,Kruskal-Wallis + Dunn,Cliff's delta,0.3525,medium
adasyn + instancehardness,smote + instancehardness,0.0809,False,Kruskal-Wallis + Dunn,Cliff's delta,0.3817,medium
adasyn + instancehardness,copulagan + nearmiss,0.0818,False,Kruskal-Wallis + Dunn,Cliff's delta,0.3651,medium
ctgan + clustercentroid,gaussiancopula + condensednn,0.0819,False,Kruskal-Wallis + Dunn,Cliff's delta,-0.2425,small
adasyn + onesidedselection,gaussiancopula + instancehardness,0.0821,False,Kruskal-Wallis + Dunn,Cliff's delta,0.3463,medium
adasyn + onesidedselection,random + instancehardness,0.0824,False,Kruskal-Wallis + Dunn,Cliff's delta,0.3325,medium
adasyn + onesidedselection,gaussiancopula + nearmiss,0.0911,False,Kruskal-Wallis + Dunn,Cliff's delta,0.3502,medium
adasyn + nearmiss,random + tomeklinks,0.0916,False,Kruskal-Wallis + Dunn,Cliff's delta,0.3192,small
adasyn + tomeklinks,random + random,0.094,False,Kruskal-Wallis + Dunn,Cliff's delta,0.3431,medium
adasyn + clustercentroid,smote + nearmiss,0.0948,False,Kruskal-Wallis + Dunn,Cliff's delta,0.2963,small
random + onesidedselection,smote + editednn,0.097,False,Kruskal-Wallis + Dunn,Cliff's delta,-0.2137,small
adasyn + onesidedselection,smote + instancehardness,0.1068,False,Kruskal-Wallis + Dunn,Cliff's delta,0.2947,small
adasyn + onesidedselection,copulagan + nearmiss,0.1083,False,Kruskal-Wallis + Dunn,Cliff's delta,0.3614,medium
adasyn + tomeklinks,random + tomeklinks,0.1087,False,Kruskal-Wallis + Dunn,Cliff's delta,0.3465,medium
adasyn + random,smote + tomeklinks,0.1117,False,Kruskal-Wallis + Dunn,Cliff's delta,0.3388,medium
adasyn + editednn,random + editednn,0.1143,False,Kruskal-Wallis + Dunn,Cliff's delta,0.3257,small
copulagan + editednn,random + onesidedselection,0.1194,False,Kruskal-Wallis + Dunn,Cliff's delta,0.2099,small
fastml + onesidedselection,random + editednn,0.1288,False,Kruskal-Wallis + Dunn,Cliff's delta,-0.1862,small
adasyn + instancehardness,tvae + instancehardness,0.1297,False,Kruskal-Wallis + Dunn,Cliff's delta,0.3844,medium
copulagan + clustercentroid,smote + editednn,0.1319,False,Kruskal-Wallis + Dunn,Cliff's delta,-0.2248,small
gaussiancopula + condensednn,gaussiancopula + onesidedselection,0.1377,False,Kruskal-Wallis + Dunn,Cliff's delta,0.1988,small
ctgan + onesidedselection,smote + editednn,0.1395,False,Kruskal-Wallis + Dunn,Cliff's delta,-0.1827,small
adasyn + editednn,smote + condensednn,0.1486,False,Kruskal-Wallis + Dunn,Cliff's delta,0.2906,small
ctgan + clustercentroid,smote + editednn,0.1552,False,Kruskal-Wallis + Dunn,Cliff's delta,-0.2242,small
adasyn + nearmiss,smote + nearmiss,0.1598,False,Kruskal-Wallis + Dunn,Cliff's delta,0.2546,small
adasyn + instancehardness,gaussiancopula + clustercentroid,0.1626,False,Kruskal-Wallis + Dunn,Cliff's delta,0.3277,small
copulagan + clustercentroid,copulagan + editednn,0.1629,False,Kruskal-Wallis + Dunn,Cliff's delta,-0.2049,small
adasyn + clustercentroid,fastml + random,0.1631,False,Kruskal-Wallis + Dunn,Cliff's delta,0.3919,medium
fastml + onesidedselection,smote + condensednn,0.1654,False,Kruskal-Wallis + Dunn,Cliff's delta,-0.1854,small
adasyn + clustercentroid,random + clustercentroid,0.1692,False,Kruskal-Wallis + Dunn,Cliff's delta,0.346,medium
adasyn + onesidedselection,tvae + instancehardness,0.1701,False,Kruskal-Wallis + Dunn,Cliff's delta,0.423,medium
copulagan + editednn,ctgan + onesidedselection,0.172,False,Kruskal-Wallis + Dunn,Cliff's delta,0.1975,small
adasyn + editednn,gaussiancopula + editednn,0.1728,False,Kruskal-Wallis + Dunn,Cliff's delta,0.3004,small
adasyn + instancehardness,fastml + clustercentroid,0.1751,False,Kruskal-Wallis + Dunn,Cliff's delta,0.336,medium
adasyn + instancehardness,copulagan + instancehardness,0.1863,False,Kruskal-Wallis + Dunn,Cliff's delta,0.3719,medium
adasyn + tomeklinks,smote + nearmiss,0.1876,False,Kruskal-Wallis + Dunn,Cliff's delta,0.2703,small
copulagan + editednn,ctgan + clustercentroid,0.1912,False,Kruskal-Wallis + Dunn,Cliff's delta,0.2106,small
gaussiancopula + editednn,random + onesidedselection,0.1924,False,Kruskal-Wallis + Dunn,Cliff's delta,0.1854,small
smote + clustercentroid,tvae + onesidedselection,0.1944,False,Kruskal-Wallis + Dunn,Cliff's delta,-0.1907,small
adasyn + onesidedselection,gaussiancopula + clustercentroid,0.2121,False,Kruskal-Wallis + Dunn,Cliff's delta,0.278,small
adasyn + clustercentroid,tvae + random,0.2229,False,Kruskal-Wallis + Dunn,Cliff's delta,0.3666,medium
adasyn + onesidedselection,fastml + clustercentroid,0.2292,False,Kruskal-Wallis + Dunn,Cliff's delta,0.2995,small
adasyn + editednn,copulagan + editednn,0.232,False,Kruskal-Wallis + Dunn,Cliff's delta,0.3056,small
adasyn + onesidedselection,copulagan + instancehardness,0.2433,False,Kruskal-Wallis + Dunn,Cliff's delta,0.3374,medium
gaussiancopula + onesidedselection,smote + editednn,0.2517,False,Kruskal-Wallis + Dunn,Cliff's delta,-0.1753,small
smote + random,tvae + onesidedselection,0.2542,False,Kruskal-Wallis + Dunn,Cliff's delta,-0.1765,small
copulagan + clustercentroid,gaussiancopula + editednn,0.2604,False,Kruskal-Wallis + Dunn,Cliff's delta,-0.1973,small
adasyn + nearmiss,fastml + random,0.2707,False,Kruskal-Wallis + Dunn,Cliff's delta,0.3954,medium
ctgan + onesidedselection,gaussiancopula + editednn,0.2752,False,Kruskal-Wallis + Dunn,Cliff's delta,-0.1916,small
adasyn + nearmiss,random + clustercentroid,0.2805,False,Kruskal-Wallis + Dunn,Cliff's delta,0.3274,small
adasyn + clustercentroid,copulagan + random,0.2832,False,Kruskal-Wallis + Dunn,Cliff's delta,0.3572,medium
adasyn + clustercentroid,fastml + tomeklinks,0.2862,False,Kruskal-Wallis + Dunn,Cliff's delta,0.357,medium
copulagan + onesidedselection,tvae + editednn,0.2862,False,Kruskal-Wallis + Dunn,Cliff's delta,-0.1928,small
adasyn + instancehardness,fastml + onesidedselection,0.2918,False,Kruskal-Wallis + Dunn,Cliff's delta,0.3016,small
ctgan + clustercentroid,gaussiancopula + editednn,0.3046,False,Kruskal-Wallis + Dunn,Cliff's delta,-0.219,small
adasyn + clustercentroid,gaussiancopula + random,0.3108,False,Kruskal-Wallis + Dunn,Cliff's delta,0.3614,medium
adasyn + random,random + random,0.3111,False,Kruskal-Wallis + Dunn,Cliff's delta,0.3201,small
copulagan + editednn,gaussiancopula + onesidedselection,0.3121,False,Kruskal-Wallis + Dunn,Cliff's delta,0.2008,small
adasyn + tomeklinks,fastml + random,0.3165,False,Kruskal-Wallis + Dunn,Cliff's delta,0.3769,medium
adasyn + tomeklinks,random + clustercentroid,0.328,False,Kruskal-Wallis + Dunn,Cliff's delta,0.331,medium
adasyn + clustercentroid,tvae + tomeklinks,0.3433,False,Kruskal-Wallis + Dunn,Cliff's delta,0.3967,medium
adasyn + random,random + tomeklinks,0.3559,False,Kruskal-Wallis + Dunn,Cliff's delta,0.3067,small
adasyn + condensednn,random + condensednn,0.3566,False,Kruskal-Wallis + Dunn,Cliff's delta,0.2513,small
random + editednn,random + onesidedselection,0.3642,False,Kruskal-Wallis + Dunn,Cliff's delta,0.1947,small
adasyn + nearmiss,tvae + random,0.3652,False,Kruskal-Wallis + Dunn,Cliff's delta,0.3702,medium
adasyn + onesidedselection,fastml + onesidedselection,0.3774,False,Kruskal-Wallis + Dunn,Cliff's delta,0.2919,small
adasyn + editednn,gaussiancopula + condensednn,0.3815,False,Kruskal-Wallis + Dunn,Cliff's delta,0.2011,small
adasyn + editednn,smote + editednn,0.3869,False,Kruskal-Wallis + Dunn,Cliff's delta,0.35,medium
copulagan + onesidedselection,smote + clustercentroid,0.4007,False,Kruskal-Wallis + Dunn,Cliff's delta,0.1849,small
adasyn + condensednn,adasyn + random,0.4041,False,Kruskal-Wallis + Dunn,Cliff's delta,0.5283,large
adasyn + tomeklinks,tvae + random,0.4272,False,Kruskal-Wallis + Dunn,Cliff's delta,0.3802,medium
adasyn + condensednn,ctgan + editednn,0.4374,False,Kruskal-Wallis + Dunn,Cliff's delta,0.3293,small
random + onesidedselection,smote + condensednn,0.4484,False,Kruskal-Wallis + Dunn,Cliff's delta,-0.1511,small
smote + tomeklinks,tvae + onesidedselection,0.4484,False,Kruskal-Wallis + Dunn,Cliff's delta,-0.1733,small
adasyn + nearmiss,copulagan + random,0.4603,False,Kruskal-Wallis + Dunn,Cliff's delta,0.3438,medium
adasyn + nearmiss,fastml + tomeklinks,0.4651,False,Kruskal-Wallis + Dunn,Cliff's delta,0.3398,medium
adasyn + clustercentroid,random + nearmiss,0.4762,False,Kruskal-Wallis + Dunn,Cliff's delta,0.2547,small
copulagan + clustercentroid,random + editednn,0.4849,False,Kruskal-Wallis + Dunn,Cliff's delta,-0.2085,small
adasyn + condensednn,ctgan + condensednn,0.4884,False,Kruskal-Wallis + Dunn,Cliff's delta,0.2262,small
gaussiancopula + editednn,gaussiancopula + onesidedselection,0.4885,False,Kruskal-Wallis + Dunn,Cliff's delta,0.1709,small
adasyn + nearmiss,gaussiancopula + random,0.5032,False,Kruskal-Wallis + Dunn,Cliff's delta,0.3264,small
ctgan + onesidedselection,random + editednn,0.5104,False,Kruskal-Wallis + Dunn,Cliff's delta,-0.1717,small
copulagan + onesidedselection,smote + random,0.5146,False,Kruskal-Wallis + Dunn,Cliff's delta,0.1764,small
adasyn + clustercentroid,fastml + nearmiss,0.5173,False,Kruskal-Wallis + Dunn,Cliff's delta,0.3016,small
adasyn + tomeklinks,copulagan + random,0.5353,False,Kruskal-Wallis + Dunn,Cliff's delta,0.3193,small
adasyn + tomeklinks,fastml + tomeklinks,0.5409,False,Kruskal-Wallis + Dunn,Cliff's delta,0.3245,small
adasyn + condensednn,fastml + condensednn,0.5416,False,Kruskal-Wallis + Dunn,Cliff's delta,0.2068,small
adasyn + instancehardness,random + onesidedselection,0.5416,False,Kruskal-Wallis + Dunn,Cliff's delta,0.2802,small
adasyn + nearmiss,tvae + tomeklinks,0.5526,False,Kruskal-Wallis + Dunn,Cliff's delta,0.4065,medium
ctgan + clustercentroid,random + editednn,0.5616,False,Kruskal-Wallis + Dunn,Cliff's delta,-0.2069,small
adasyn + random,smote + nearmiss,0.5798,False,Kruskal-Wallis + Dunn,Cliff's delta,0.2472,small
adasyn + tomeklinks,gaussiancopula + random,0.5842,False,Kruskal-Wallis + Dunn,Cliff's delta,0.3321,medium
tvae + editednn,tvae + onesidedselection,0.5852,False,Kruskal-Wallis + Dunn,Cliff's delta,0.1595,small
copulagan + clustercentroid,smote + condensednn,0.5871,False,Kruskal-Wallis + Dunn,Cliff's delta,-0.2062,small
ctgan + onesidedselection,smote + condensednn,0.6182,False,Kruskal-Wallis + Dunn,Cliff's delta,-0.1986,small
adasyn + editednn,tvae + editednn,0.6201,False,Kruskal-Wallis + Dunn,Cliff's delta,0.3646,medium
copulagan + onesidedselection,gaussiancopula + condensednn,0.6295,False,Kruskal-Wallis + Dunn,Cliff's delta,-0.1807,small
adasyn + tomeklinks,tvae + tomeklinks,0.6419,False,Kruskal-Wallis + Dunn,Cliff's delta,0.3833,medium
adasyn + instancehardness,copulagan + clustercentroid,0.6427,False,Kruskal-Wallis + Dunn,Cliff's delta,0.2742,small
adasyn + clustercentroid,copulagan + tomeklinks,0.6587,False,Kruskal-Wallis + Dunn,Cliff's delta,0.315,small
adasyn + instancehardness,ctgan + onesidedselection,0.6634,False,Kruskal-Wallis + Dunn,Cliff's delta,0.288,small
ctgan + clustercentroid,smote + condensednn,0.678,False,Kruskal-Wallis + Dunn,Cliff's delta,-0.2152,small
adasyn + onesidedselection,random + onesidedselection,0.6904,False,Kruskal-Wallis + Dunn,Cliff's delta,0.27,small
adasyn + instancehardness,ctgan + clustercentroid,0.7044,False,Kruskal-Wallis + Dunn,Cliff's delta,0.3329,medium
adasyn + clustercentroid,gaussiancopula + tomeklinks,0.7571,False,Kruskal-Wallis + Dunn,Cliff's delta,0.3175,small
adasyn + nearmiss,random + nearmiss,0.7574,False,Kruskal-Wallis + Dunn,Cliff's delta,0.2501,small
adasyn + clustercentroid,smote + onesidedselection,0.759,False,Kruskal-Wallis + Dunn,Cliff's delta,0.2355,small
adasyn + clustercentroid,ctgan + random,0.811,False,Kruskal-Wallis + Dunn,Cliff's delta,0.3292,small
adasyn + clustercentroid,ctgan + nearmiss,0.8127,False,Kruskal-Wallis + Dunn,Cliff's delta,0.2966,small
adasyn + clustercentroid,ctgan + tomeklinks,0.8148,False,Kruskal-Wallis + Dunn,Cliff's delta,0.3049,small
adasyn + onesidedselection,copulagan + clustercentroid,0.8193,False,Kruskal-Wallis + Dunn,Cliff's delta,0.2613,small
adasyn + nearmiss,fastml + nearmiss,0.821,False,Kruskal-Wallis + Dunn,Cliff's delta,0.3105,small
adasyn + onesidedselection,ctgan + onesidedselection,0.8452,False,Kruskal-Wallis + Dunn,Cliff's delta,0.238,small
adasyn + clustercentroid,tvae + clustercentroid,0.8485,False,Kruskal-Wallis + Dunn,Cliff's delta,0.3298,small
adasyn + tomeklinks,random + nearmiss,0.8765,False,Kruskal-Wallis + Dunn,Cliff's delta,0.2455,small
copulagan + onesidedselection,smote + tomeklinks,0.8786,False,Kruskal-Wallis + Dunn,Cliff's delta,0.1459,negligible
adasyn + clustercentroid,tvae + nearmiss,0.8786,False,Kruskal-Wallis + Dunn,Cliff's delta,0.2992,small
gaussiancopula + onesidedselection,random + editednn,0.8798,False,Kruskal-Wallis + Dunn,Cliff's delta,-0.1679,small
adasyn + onesidedselection,ctgan + clustercentroid,0.8942,False,Kruskal-Wallis + Dunn,Cliff's delta,0.2807,small
adasyn + instancehardness,gaussiancopula + onesidedselection,0.93,False,Kruskal-Wallis + Dunn,Cliff's delta,0.2774,small
adasyn + random,fastml + random,0.9455,False,Kruskal-Wallis + Dunn,Cliff's delta,0.3285,small
adasyn + condensednn,adasyn + tomeklinks,0.9472,False,Kruskal-Wallis + Dunn,Cliff's delta,0.5329,large
adasyn + tomeklinks,fastml + nearmiss,0.9477,False,Kruskal-Wallis + Dunn,Cliff's delta,0.3082,small
adasyn + random,random + clustercentroid,0.9758,False,Kruskal-Wallis + Dunn,Cliff's delta,0.2718,small
fastml + editednn,gaussiancopula + editednn,1.0,False,Kruskal-Wallis + Dunn,Cliff's delta,0.1107,negligible
smote + random,tvae + tomeklinks,1.0,False,Kruskal-Wallis + Dunn,Cliff's delta,-0.1018,negligible
fastml + onesidedselection,tvae + onesidedselection,1.0,False,Kruskal-Wallis + Dunn,Cliff's delta,-0.066,negligible
smote + tomeklinks,tvae + instancehardness,1.0,False,Kruskal-Wallis + Dunn,Cliff's delta,-0.1515,small
fastml + random,gaussiancopula + clustercentroid,1.0,False,Kruskal-Wallis + Dunn,Cliff's delta,-0.0801,negligible
fastml + editednn,gaussiancopula + condensednn,1.0,False,Kruskal-Wallis + Dunn,Cliff's delta,0.0317,negligible
fastml + random,fastml + tomeklinks,1.0,False,Kruskal-Wallis + Dunn,Cliff's delta,-0.0107,negligible
smote + instancehardness,tvae + random,1.0,False,Kruskal-Wallis + Dunn,Cliff's delta,0.0342,negligible
fastml + onesidedselection,tvae + random,1.0,False,Kruskal-Wallis + Dunn,Cliff's delta,0.0775,negligible
smote + tomeklinks,tvae + nearmiss,1.0,False,Kruskal-Wallis + Dunn,Cliff's delta,-0.0863,negligible
smote + tomeklinks,tvae + clustercentroid,1.0,False,Kruskal-Wallis + Dunn,Cliff's delta,-0.0897,negligible
fastml + random,gaussiancopula + onesidedselection,1.0,False,Kruskal-Wallis + Dunn,Cliff's delta,-0.0923,negligible
fastml + onesidedselection,tvae + tomeklinks,1.0,False,Kruskal-Wallis + Dunn,Cliff's delta,0.0581,negligible
fastml + random,gaussiancopula + nearmiss,1.0,False,Kruskal-Wallis + Dunn,Cliff's delta,-0.0635,negligible
fastml + onesidedselection,tvae + nearmiss,1.0,False,Kruskal-Wallis + Dunn,Cliff's delta,0.035,negligible
fastml + random,gaussiancopula + instancehardness,1.0,False,Kruskal-Wallis + Dunn,Cliff's delta,-0.0598,negligible
fastml + nearmiss,gaussiancopula + nearmiss,1.0,False,Kruskal-Wallis + Dunn,Cliff's delta,-0.0471,negligible
fastml + random,gaussiancopula + tomeklinks,1.0,False,Kruskal-Wallis + Dunn,Cliff's delta,-0.0244,negligible
tvae + condensednn,tvae + editednn,1.0,False,Kruskal-Wallis + Dunn,Cliff's delta,0.0975,negligible
fastml + condensednn,random + editednn,1.0,False,Kruskal-Wallis + Dunn,Cliff's delta,0.1273,negligible
fastml + condensednn,random + condensednn,1.0,False,Kruskal-Wallis + Dunn,Cliff's delta,0.0197,negligible
tvae + instancehardness,tvae + nearmiss,1.0,False,Kruskal-Wallis + Dunn,Cliff's delta,0.034,negligible
smote + instancehardness,tvae + clustercentroid,1.0,False,Kruskal-Wallis + Dunn,Cliff's delta,0.0326,negligible
smote + instancehardness,smote + tomeklinks,1.0,False,Kruskal-Wallis + Dunn,Cliff's delta,0.1299,negligible
fastml + random,smote + instancehardness,1.0,False,Kruskal-Wallis + Dunn,Cliff's delta,-0.0652,negligible
fastml + condensednn,smote + condensednn,1.0,False,Kruskal-Wallis + Dunn,Cliff's delta,0.0972,negligible
tvae + instancehardness,tvae + onesidedselection,1.0,False,Kruskal-Wallis + Dunn,Cliff's delta,-0.0767,negligible
fastml + condensednn,gaussiancopula + editednn,1.0,False,Kruskal-Wallis + Dunn,Cliff's delta,0.1066,negligible
tvae + instancehardness,tvae + tomeklinks,1.0,False,Kruskal-Wallis + Dunn,Cliff's delta,0.0434,negligible
fastml + condensednn,gaussiancopula + condensednn,1.0,False,Kruskal-Wallis + Dunn,Cliff's delta,0.0505,negligible
tvae + nearmiss,tvae + onesidedselection,1.0,False,Kruskal-Wallis + Dunn,Cliff's delta,-0.1059,negligible
tvae + nearmiss,tvae + random,1.0,False,Kruskal-Wallis + Dunn,Cliff's delta,0.0449,negligible
tvae + nearmiss,tvae + tomeklinks,1.0,False,Kruskal-Wallis + Dunn,Cliff's delta,0.0386,negligible
tvae + onesidedselection,tvae + random,1.0,False,Kruskal-Wallis + Dunn,Cliff's delta,0.1181,negligible
tvae + instancehardness,tvae + random,1.0,False,Kruskal-Wallis + Dunn,Cliff's delta,0.0705,negligible
fastml + random,gaussiancopula + random,1.0,False,Kruskal-Wallis + Dunn,Cliff's delta,-0.0292,negligible
fastml + random,smote + clustercentroid,1.0,False,Kruskal-Wallis + Dunn,Cliff's delta,0.0672,negligible
fastml + condensednn,smote + editednn,1.0,False,Kruskal-Wallis + Dunn,Cliff's delta,0.0955,negligible
fastml + random,random + clustercentroid,1.0,False,Kruskal-Wallis + Dunn,Cliff's delta,-0.0313,negligible
smote + instancehardness,tvae + onesidedselection,1.0,False,Kruskal-Wallis + Dunn,Cliff's delta,-0.0624,negligible
smote + tomeklinks,tvae + random,1.0,False,Kruskal-Wallis + Dunn,Cliff's delta,-0.0538,negligible
smote + tomeklinks,tvae + tomeklinks,1.0,False,Kruskal-Wallis + Dunn,Cliff's delta,-0.0981,negligible
fastml + condensednn,tvae + editednn,1.0,False,Kruskal-Wallis + Dunn,Cliff's delta,0.0994,negligible
tvae + clustercentroid,tvae + instancehardness,1.0,False,Kruskal-Wallis + Dunn,Cliff's delta,0.0025,negligible
fastml + random,random + instancehardness,1.0,False,Kruskal-Wallis + Dunn,Cliff's delta,-0.0527,negligible
fastml + random,random + tomeklinks,1.0,False,Kruskal-Wallis + Dunn,Cliff's delta,0.0366,negligible
tvae + clustercentroid,tvae + nearmiss,1.0,False,Kruskal-Wallis + Dunn,Cliff's delta,-0.0083,negligible
fastml + random,random + nearmiss,1.0,False,Kruskal-Wallis + Dunn,Cliff's delta,-0.0371,negligible
smote + instancehardness,tvae + nearmiss,1.0,False,Kruskal-Wallis + Dunn,Cliff's delta,0.0103,negligible
tvae + clustercentroid,tvae + onesidedselection,1.0,False,Kruskal-Wallis + Dunn,Cliff's delta,-0.0892,negligible
fastml + random,random + onesidedselection,1.0,False,Kruskal-Wallis + Dunn,Cliff's delta,-0.086,negligible
fastml + random,random + random,1.0,False,Kruskal-Wallis + Dunn,Cliff's delta,0.0296,negligible
tvae + clustercentroid,tvae + random,1.0,False,Kruskal-Wallis + Dunn,Cliff's delta,0.0368,negligible
tvae + clustercentroid,tvae + tomeklinks,1.0,False,Kruskal-Wallis + Dunn,Cliff's delta,0.0486,negligible
fastml + condensednn,tvae + condensednn,1.0,False,Kruskal-Wallis + Dunn,Cliff's delta,-0.0244,negligible
smote + instancehardness,tvae + instancehardness,1.0,False,Kruskal-Wallis + Dunn,Cliff's delta,-0.0344,negligible
fastml + editednn,smote + condensednn,1.0,False,Kruskal-Wallis + Dunn,Cliff's delta,0.1179,negligible
smote + instancehardness,tvae + tomeklinks,1.0,False,Kruskal-Wallis + Dunn,Cliff's delta,0.0131,negligible
fastml + instancehardness,tvae + clustercentroid,1.0,False,Kruskal-Wallis + Dunn,Cliff's delta,0.0089,negligible
fastml + nearmiss,smote + random,1.0,False,Kruskal-Wallis + Dunn,Cliff's delta,0.1068,negligible
fastml + instancehardness,smote + tomeklinks,1.0,False,Kruskal-Wallis + Dunn,Cliff's delta,0.0994,negligible
fastml + nearmiss,smote + tomeklinks,1.0,False,Kruskal-Wallis + Dunn,Cliff's delta,0.0717,negligible
fastml + nearmiss,tvae + clustercentroid,1.0,False,Kruskal-Wallis + Dunn,Cliff's delta,-0.0112,negligible
smote + nearmiss,tvae + instancehardness,1.0,False,Kruskal-Wallis + Dunn,Cliff's delta,-0.1128,negligible
fastml + nearmiss,tvae + instancehardness,1.0,False,Kruskal-Wallis + Dunn,Cliff's delta,-0.0532,negligible
fastml + instancehardness,smote + random,1.0,False,Kruskal-Wallis + Dunn,Cliff's delta,0.1361,negligible
fastml + instancehardness,smote + onesidedselection,1.0,False,Kruskal-Wallis + Dunn,Cliff's delta,0.004,negligible
fastml + instancehardness,smote + nearmiss,1.0,False,Kruskal-Wallis + Dunn,Cliff's delta,0.0898,negligible
fastml + nearmiss,smote + onesidedselection,1.0,False,Kruskal-Wallis + Dunn,Cliff's delta,-0.0035,negligible
fastml + instancehardness,smote + instancehardness,1.0,False,Kruskal-Wallis + Dunn,Cliff's delta,-0.0086,negligible
smote + onesidedselection,smote + tomeklinks,1.0,False,Kruskal-Wallis + Dunn,Cliff's delta,0.0948,negligible
fastml + instancehardness,smote + clustercentroid,1.0,False,Kruskal-Wallis + Dunn,Cliff's delta,0.1208,negligible
fastml + instancehardness,random + tomeklinks,1.0,False,Kruskal-Wallis + Dunn,Cliff's delta,0.0837,negligible
fastml + instancehardness,random + random,1.0,False,Kruskal-Wallis + Dunn,Cliff's delta,0.0788,negligible
fastml + instancehardness,random + onesidedselection,1.0,False,Kruskal-Wallis + Dunn,Cliff's delta,-0.0374,negligible
fastml + nearmiss,tvae + onesidedselection,1.0,False,Kruskal-Wallis + Dunn,Cliff's delta,-0.1226,negligible
fastml + nearmiss,tvae + random,1.0,False,Kruskal-Wallis + Dunn,Cliff's delta,0.0207,negligible
fastml + instancehardness,random + nearmiss,1.0,False,Kruskal-Wallis + Dunn,Cliff's delta,0.0252,negligible
fastml + nearmiss,tvae + tomeklinks,1.0,False,Kruskal-Wallis + Dunn,Cliff's delta,0.0079,negligible
fastml + onesidedselection,fastml + random,1.0,False,Kruskal-Wallis + Dunn,Cliff's delta,0.073,negligible
fastml + nearmiss,tvae + nearmiss,1.0,False,Kruskal-Wallis + Dunn,Cliff's delta,-0.0141,negligible
fastml + nearmiss,smote + nearmiss,1.0,False,Kruskal-Wallis + Dunn,Cliff's delta,0.057,negligible
fastml + nearmiss,smote + instancehardness,1.0,False,Kruskal-Wallis + Dunn,Cliff's delta,-0.014,negligible
smote + onesidedselection,smote + random,1.0,False,Kruskal-Wallis + Dunn,Cliff's delta,0.0757,negligible
fastml + nearmiss,gaussiancopula + onesidedselection,1.0,False,Kruskal-Wallis + Dunn,Cliff's delta,-0.073,negligible
smote + nearmiss,tvae + random,1.0,False,Kruskal-Wallis + Dunn,Cliff's delta,-0.0171,negligible
fastml + nearmiss,gaussiancopula + random,1.0,False,Kruskal-Wallis + Dunn,Cliff's delta,0.0077,negligible
smote + nearmiss,tvae + tomeklinks,1.0,False,Kruskal-Wallis + Dunn,Cliff's delta,-0.0654,negligible
fastml + nearmiss,gaussiancopula + clustercentroid,1.0,False,Kruskal-Wallis + Dunn,Cliff's delta,-0.0444,negligible
fastml + nearmiss,gaussiancopula + tomeklinks,1.0,False,Kruskal-Wallis + Dunn,Cliff's delta,0.0075,negligible
smote + nearmiss,tvae + onesidedselection,1.0,False,Kruskal-Wallis + Dunn,Cliff's delta,-0.136,negligible
fastml + nearmiss,random + clustercentroid,1.0,False,Kruskal-Wallis + Dunn,Cliff's delta,0.0204,negligible
fastml + nearmiss,fastml + tomeklinks,1.0,False,Kruskal-Wallis + Dunn,Cliff's delta,-0.0081,negligible
fastml + nearmiss,random + instancehardness,1.0,False,Kruskal-Wallis + Dunn,Cliff's delta,-0.0206,negligible
fastml + nearmiss,random + nearmiss,1.0,False,Kruskal-Wallis + Dunn,Cliff's delta,0.0275,negligible
fastml + nearmiss,fastml + random,1.0,False,Kruskal-Wallis + Dunn,Cliff's delta,0.0287,negligible
fastml + nearmiss,fastml + onesidedselection,1.0,False,Kruskal-Wallis + Dunn,Cliff's delta,-0.0548,negligible
fastml + instancehardness,tvae + tomeklinks,1.0,False,Kruskal-Wallis + Dunn,Cliff's delta,0.0165,negligible
fastml + nearmiss,random + onesidedselection,1.0,False,Kruskal-Wallis + Dunn,Cliff's delta,-0.0696,negligible
fastml + nearmiss,random + random,1.0,False,Kruskal-Wallis + Dunn,Cliff's delta,0.0722,negligible
fastml + nearmiss,random + tomeklinks,1.0,False,Kruskal-Wallis + Dunn,Cliff's delta,0.0695,negligible
smote + nearmiss,tvae + nearmiss,1.0,False,Kruskal-Wallis + Dunn,Cliff's delta,-0.0571,negligible
fastml + instancehardness,tvae + random,1.0,False,Kruskal-Wallis + Dunn,Cliff's delta,0.051,negligible
fastml + instancehardness,tvae + onesidedselection,1.0,False,Kruskal-Wallis + Dunn,Cliff's delta,-0.0823,negligible
fastml + nearmiss,smote + clustercentroid,1.0,False,Kruskal-Wallis + Dunn,Cliff's delta,0.0855,negligible
fastml + instancehardness,tvae + nearmiss,1.0,False,Kruskal-Wallis + Dunn,Cliff's delta,-0.0114,negligible
fastml + instancehardness,tvae + instancehardness,1.0,False,Kruskal-Wallis + Dunn,Cliff's delta,-0.0252,negligible
smote + onesidedselection,tvae + clustercentroid,1.0,False,Kruskal-Wallis + Dunn,Cliff's delta,0.0105,negligible
fastml + onesidedselection,tvae + instancehardness,1.0,False,Kruskal-Wallis + Dunn,Cliff's delta,0.004,negligible
smote + onesidedselection,tvae + instancehardness,1.0,False,Kruskal-Wallis + Dunn,Cliff's delta,-0.0353,negligible
smote + onesidedselection,tvae + nearmiss,1.0,False,Kruskal-Wallis + Dunn,Cliff's delta,-0.0008,negligible
smote + nearmiss,smote + random,1.0,False,Kruskal-Wallis + Dunn,Cliff's delta,0.0478,negligible
fastml + onesidedselection,random + instancehardness,1.0,False,Kruskal-Wallis + Dunn,Cliff's delta,0.0214,negligible
smote + random,smote + tomeklinks,1.0,False,Kruskal-Wallis + Dunn,Cliff's delta,-0.0014,negligible
fastml + onesidedselection,random + nearmiss,1.0,False,Kruskal-Wallis + Dunn,Cliff's delta,0.0796,negligible
smote + random,tvae + clustercentroid,1.0,False,Kruskal-Wallis + Dunn,Cliff's delta,-0.0734,negligible
fastml + onesidedselection,random + onesidedselection,1.0,False,Kruskal-Wallis + Dunn,Cliff's delta,-0.0088,negligible
fastml + onesidedselection,random + random,1.0,False,Kruskal-Wallis + Dunn,Cliff's delta,0.1096,negligible
smote + nearmiss,smote + onesidedselection,1.0,False,Kruskal-Wallis + Dunn,Cliff's delta,-0.0287,negligible
fastml + onesidedselection,random + tomeklinks,1.0,False,Kruskal-Wallis + Dunn,Cliff's delta,0.1032,negligible
fastml + onesidedselection,smote + clustercentroid,1.0,False,Kruskal-Wallis + Dunn,Cliff's delta,0.1506,small
fastml + onesidedselection,random + clustercentroid,1.0,False,Kruskal-Wallis + Dunn,Cliff's delta,0.0942,negligible
fastml + nearmiss,gaussiancopula + instancehardness,1.0,False,Kruskal-Wallis + Dunn,Cliff's delta,-0.0126,negligible
fastml + onesidedselection,smote + nearmiss,1.0,False,Kruskal-Wallis + Dunn,Cliff's delta,0.0958,negligible
smote + random,tvae + instancehardness,1.0,False,Kruskal-Wallis + Dunn,Cliff's delta,-0.1541,small
fastml + onesidedselection,smote + onesidedselection,1.0,False,Kruskal-Wallis + Dunn,Cliff's delta,0.0414,negligible
fastml + onesidedselection,smote + random,1.0,False,Kruskal-Wallis + Dunn,Cliff's delta,0.1428,negligible
fastml + onesidedselection,smote + tomeklinks,1.0,False,Kruskal-Wallis + Dunn,Cliff's delta,0.1032,negligible
smote + random,tvae + nearmiss,1.0,False,Kruskal-Wallis + Dunn,Cliff's delta,-0.1115,negligible
fastml + onesidedselection,tvae + clustercentroid,1.0,False,Kruskal-Wallis + Dunn,Cliff's delta,0.039,negligible
smote + random,tvae + random,1.0,False,Kruskal-Wallis + Dunn,Cliff's delta,-0.0796,negligible
fastml + editednn,random + editednn,1.0,False,Kruskal-Wallis + Dunn,Cliff's delta,0.1404,negligible
fastml + editednn,random + condensednn,1.0,False,Kruskal-Wallis + Dunn,Cliff's delta,0.0114,negligible
fastml + onesidedselection,smote + instancehardness,1.0,False,Kruskal-Wallis + Dunn,Cliff's delta,0.0209,negligible
fastml + editednn,smote + editednn,1.0,False,Kruskal-Wallis + Dunn,Cliff's delta,0.1031,negligible
fastml + onesidedselection,gaussiancopula + tomeklinks,1.0,False,Kruskal-Wallis + Dunn,Cliff's delta,0.0226,negligible
smote + onesidedselection,tvae + tomeklinks,1.0,False,Kruskal-Wallis + Dunn,Cliff's delta,0.0131,negligible
fastml + onesidedselection,fastml + tomeklinks,1.0,False,Kruskal-Wallis + Dunn,Cliff's delta,0.0519,negligible
fastml + instancehardness,random + clustercentroid,1.0,False,Kruskal-Wallis + Dunn,Cliff's delta,0.0344,negligible
fastml + instancehardness,gaussiancopula + tomeklinks,1.0,False,Kruskal-Wallis + Dunn,Cliff's delta,0.0104,negligible
smote + nearmiss,tvae + clustercentroid,1.0,False,Kruskal-Wallis + Dunn,Cliff's delta,-0.0465,negligible
fastml + instancehardness,gaussiancopula + random,1.0,False,Kruskal-Wallis + Dunn,Cliff's delta,0.0266,negligible
fastml + instancehardness,gaussiancopula + onesidedselection,1.0,False,Kruskal-Wallis + Dunn,Cliff's delta,-0.0588,negligible
fastml + instancehardness,gaussiancopula + nearmiss,1.0,False,Kruskal-Wallis + Dunn,Cliff's delta,-0.0149,negligible
fastml + instancehardness,gaussiancopula + instancehardness,1.0,False,Kruskal-Wallis + Dunn,Cliff's delta,0.0078,negligible
smote + onesidedselection,tvae + onesidedselection,1.0,False,Kruskal-Wallis + Dunn,Cliff's delta,-0.0877,negligible
fastml + instancehardness,gaussiancopula + clustercentroid,1.0,False,Kruskal-Wallis + Dunn,Cliff's delta,-0.026,negligible
fastml + instancehardness,fastml + tomeklinks,1.0,False,Kruskal-Wallis + Dunn,Cliff's delta,0.0179,negligible
fastml + onesidedselection,gaussiancopula + clustercentroid,1.0,False,Kruskal-Wallis + Dunn,Cliff's delta,0.0279,negligible
fastml + instancehardness,fastml + random,1.0,False,Kruskal-Wallis + Dunn,Cliff's delta,0.0506,negligible
fastml + instancehardness,fastml + onesidedselection,1.0,False,Kruskal-Wallis + Dunn,Cliff's delta,-0.0134,negligible
fastml + instancehardness,fastml + nearmiss,1.0,False,Kruskal-Wallis + Dunn,Cliff's delta,0.0069,negligible
fastml + onesidedselection,gaussiancopula + instancehardness,1.0,False,Kruskal-Wallis + Dunn,Cliff's delta,0.0047,negligible
fastml + onesidedselection,gaussiancopula + nearmiss,1.0,False,Kruskal-Wallis + Dunn,Cliff's delta,0.032,negligible
fastml + editednn,tvae + editednn,1.0,False,Kruskal-Wallis + Dunn,Cliff's delta,0.1039,negligible
fastml + editednn,tvae + condensednn,1.0,False,Kruskal-Wallis + Dunn,Cliff's delta,-0.0198,negligible
smote + onesidedselection,tvae + random,1.0,False,Kruskal-Wallis + Dunn,Cliff's delta,0.0223,negligible
fastml + onesidedselection,gaussiancopula + onesidedselection,1.0,False,Kruskal-Wallis + Dunn,Cliff's delta,-0.0366,negligible
smote + nearmiss,smote + tomeklinks,1.0,False,Kruskal-Wallis + Dunn,Cliff's delta,0.0564,negligible
fastml + onesidedselection,gaussiancopula + random,1.0,False,Kruskal-Wallis + Dunn,Cliff's delta,0.0745,negligible
fastml + instancehardness,random + instancehardness,1.0,False,Kruskal-Wallis + Dunn,Cliff's delta,-0.0027,negligible
smote + instancehardness,smote + random,1.0,False,Kruskal-Wallis + Dunn,Cliff's delta,0.1495,small
gaussiancopula + clustercentroid,random + random,1.0,False,Kruskal-Wallis + Dunn,Cliff's delta,0.1098,negligible
fastml + random,smote + onesidedselection,1.0,False,Kruskal-Wallis + Dunn,Cliff's delta,-0.0286,negligible
random + onesidedselection,tvae + nearmiss,1.0,False,Kruskal-Wallis + Dunn,Cliff's delta,0.0577,negligible
random + onesidedselection,tvae + onesidedselection,1.0,False,Kruskal-Wallis + Dunn,Cliff's delta,-0.0219,negligible
gaussiancopula + random,tvae + clustercentroid,1.0,False,Kruskal-Wallis + Dunn,Cliff's delta,-0.0171,negligible
gaussiancopula + random,smote + tomeklinks,1.0,False,Kruskal-Wallis + Dunn,Cliff's delta,0.0517,negligible
gaussiancopula + random,smote + random,1.0,False,Kruskal-Wallis + Dunn,Cliff's delta,0.0834,negligible
gaussiancopula + random,smote + onesidedselection,1.0,False,Kruskal-Wallis + Dunn,Cliff's delta,-0.0109,negligible
random + onesidedselection,tvae + instancehardness,1.0,False,Kruskal-Wallis + Dunn,Cliff's delta,0.0187,negligible
gaussiancopula + random,smote + nearmiss,1.0,False,Kruskal-Wallis + Dunn,Cliff's delta,0.0112,negligible
random + onesidedselection,tvae + tomeklinks,1.0,False,Kruskal-Wallis + Dunn,Cliff's delta,0.0928,negligible
gaussiancopula + random,smote + instancehardness,1.0,False,Kruskal-Wallis + Dunn,Cliff's delta,-0.0531,negligible
random + random,random + tomeklinks,1.0,False,Kruskal-Wallis + Dunn,Cliff's delta,0.0049,negligible
gaussiancopula + random,smote + clustercentroid,1.0,False,Kruskal-Wallis + Dunn,Cliff's delta,0.0957,negligible
gaussiancopula + random,random + tomeklinks,1.0,False,Kruskal-Wallis + Dunn,Cliff's delta,0.0245,negligible
gaussiancopula + random,random + random,1.0,False,Kruskal-Wallis + Dunn,Cliff's delta,0.0485,negligible
random + onesidedselection,tvae + random,1.0,False,Kruskal-Wallis + Dunn,Cliff's delta,0.0928,negligible
gaussiancopula + random,random + onesidedselection,1.0,False,Kruskal-Wallis + Dunn,Cliff's delta,-0.0783,negligible
gaussiancopula + random,tvae + instancehardness,1.0,False,Kruskal-Wallis + Dunn,Cliff's delta,-0.0596,negligible
gaussiancopula + random,tvae + onesidedselection,1.0,False,Kruskal-Wallis + Dunn,Cliff's delta,-0.1178,negligible
random + onesidedselection,random + random,1.0,False,Kruskal-Wallis + Dunn,Cliff's delta,0.1024,negligible
gaussiancopula + tomeklinks,random + onesidedselection,1.0,False,Kruskal-Wallis + Dunn,Cliff's delta,-0.0462,negligible
gaussiancopula + tomeklinks,random + nearmiss,1.0,False,Kruskal-Wallis + Dunn,Cliff's delta,0.0217,negligible
random + onesidedselection,random + tomeklinks,1.0,False,Kruskal-Wallis + Dunn,Cliff's delta,0.0942,negligible
random + onesidedselection,smote + clustercentroid,1.0,False,Kruskal-Wallis + Dunn,Cliff's delta,0.145,negligible
gaussiancopula + tomeklinks,random + instancehardness,1.0,False,Kruskal-Wallis + Dunn,Cliff's delta,-0.0101,negligible
gaussiancopula + random,tvae + nearmiss,1.0,False,Kruskal-Wallis + Dunn,Cliff's delta,-0.0217,negligible
random + onesidedselection,smote + instancehardness,1.0,False,Kruskal-Wallis + Dunn,Cliff's delta,0.0014,negligible
random + onesidedselection,smote + onesidedselection,1.0,False,Kruskal-Wallis + Dunn,Cliff's delta,0.0524,negligible
gaussiancopula + tomeklinks,random + clustercentroid,1.0,False,Kruskal-Wallis + Dunn,Cliff's delta,0.025,negligible
gaussiancopula + random,tvae + tomeklinks,1.0,False,Kruskal-Wallis + Dunn,Cliff's delta,0.0086,negligible
random + onesidedselection,smote + random,1.0,False,Kruskal-Wallis + Dunn,Cliff's delta,0.126,negligible
random + onesidedselection,smote + tomeklinks,1.0,False,Kruskal-Wallis + Dunn,Cliff's delta,0.1437,negligible
random + onesidedselection,tvae + clustercentroid,1.0,False,Kruskal-Wallis + Dunn,Cliff's delta,0.0546,negligible
random + onesidedselection,smote + nearmiss,1.0,False,Kruskal-Wallis + Dunn,Cliff's delta,0.0674,negligible
random + nearmiss,tvae + tomeklinks,1.0,False,Kruskal-Wallis + Dunn,Cliff's delta,0.006,negligible
gaussiancopula + random,random + nearmiss,1.0,False,Kruskal-Wallis + Dunn,Cliff's delta,-0.0162,negligible
random + random,smote + clustercentroid,1.0,False,Kruskal-Wallis + Dunn,Cliff's delta,0.043,negligible
gaussiancopula + onesidedselection,smote + clustercentroid,1.0,False,Kruskal-Wallis + Dunn,Cliff's delta,0.1424,negligible
gaussiancopula + onesidedselection,random + tomeklinks,1.0,False,Kruskal-Wallis + Dunn,Cliff's delta,0.1305,negligible
gaussiancopula + onesidedselection,random + random,1.0,False,Kruskal-Wallis + Dunn,Cliff's delta,0.1242,negligible
gaussiancopula + onesidedselection,random + onesidedselection,1.0,False,Kruskal-Wallis + Dunn,Cliff's delta,0.0335,negligible
gaussiancopula + onesidedselection,random + nearmiss,1.0,False,Kruskal-Wallis + Dunn,Cliff's delta,0.0831,negligible
random + random,smote + tomeklinks,1.0,False,Kruskal-Wallis + Dunn,Cliff's delta,0.0408,negligible
gaussiancopula + onesidedselection,smote + condensednn,1.0,False,Kruskal-Wallis + Dunn,Cliff's delta,-0.1717,small
random + random,tvae + clustercentroid,1.0,False,Kruskal-Wallis + Dunn,Cliff's delta,-0.0655,negligible
gaussiancopula + onesidedselection,random + clustercentroid,1.0,False,Kruskal-Wallis + Dunn,Cliff's delta,0.1025,negligible
gaussiancopula + onesidedselection,gaussiancopula + tomeklinks,1.0,False,Kruskal-Wallis + Dunn,Cliff's delta,0.0662,negligible
gaussiancopula + onesidedselection,gaussiancopula + random,1.0,False,Kruskal-Wallis + Dunn,Cliff's delta,0.0782,negligible
gaussiancopula + nearmiss,tvae + tomeklinks,1.0,False,Kruskal-Wallis + Dunn,Cliff's delta,0.0351,negligible
gaussiancopula + nearmiss,tvae + random,1.0,False,Kruskal-Wallis + Dunn,Cliff's delta,0.0479,negligible
gaussiancopula + nearmiss,tvae + onesidedselection,1.0,False,Kruskal-Wallis + Dunn,Cliff's delta,-0.1014,negligible
gaussiancopula + onesidedselection,random + instancehardness,1.0,False,Kruskal-Wallis + Dunn,Cliff's delta,0.0343,negligible
gaussiancopula + random,random + instancehardness,1.0,False,Kruskal-Wallis + Dunn,Cliff's delta,-0.0363,negligible
gaussiancopula + onesidedselection,smote + instancehardness,1.0,False,Kruskal-Wallis + Dunn,Cliff's delta,0.0448,negligible
random + random,smote + random,1.0,False,Kruskal-Wallis + Dunn,Cliff's delta,0.0385,negligible
random + random,smote + instancehardness,1.0,False,Kruskal-Wallis + Dunn,Cliff's delta,-0.0983,negligible
gaussiancopula + random,random + clustercentroid,1.0,False,Kruskal-Wallis + Dunn,Cliff's delta,0.0227,negligible
random + random,smote + nearmiss,1.0,False,Kruskal-Wallis + Dunn,Cliff's delta,-0.0346,negligible
gaussiancopula + random,gaussiancopula + tomeklinks,1.0,False,Kruskal-Wallis + Dunn,Cliff's delta,-0.0172,negligible
gaussiancopula + onesidedselection,tvae + tomeklinks,1.0,False,Kruskal-Wallis + Dunn,Cliff's delta,0.0935,negligible
gaussiancopula + onesidedselection,tvae + random,1.0,False,Kruskal-Wallis + Dunn,Cliff's delta,0.0845,negligible
gaussiancopula + onesidedselection,smote + nearmiss,1.0,False,Kruskal-Wallis + Dunn,Cliff's delta,0.1072,negligible
gaussiancopula + onesidedselection,tvae + onesidedselection,1.0,False,Kruskal-Wallis + Dunn,Cliff's delta,-0.0244,negligible
gaussiancopula + onesidedselection,tvae + instancehardness,1.0,False,Kruskal-Wallis + Dunn,Cliff's delta,0.0311,negligible
random + random,smote + onesidedselection,1.0,False,Kruskal-Wallis + Dunn,Cliff's delta,-0.0508,negligible
gaussiancopula + onesidedselection,tvae + clustercentroid,1.0,False,Kruskal-Wallis + Dunn,Cliff's delta,0.0569,negligible
gaussiancopula + onesidedselection,smote + tomeklinks,1.0,False,Kruskal-Wallis + Dunn,Cliff's delta,0.1528,small
gaussiancopula + onesidedselection,smote + random,1.0,False,Kruskal-Wallis + Dunn,Cliff's delta,0.1566,small
gaussiancopula + onesidedselection,smote + onesidedselection,1.0,False,Kruskal-Wallis + Dunn,Cliff's delta,0.0952,negligible
gaussiancopula + onesidedselection,tvae + nearmiss,1.0,False,Kruskal-Wallis + Dunn,Cliff's delta,0.0824,negligible
gaussiancopula + nearmiss,tvae + nearmiss,1.0,False,Kruskal-Wallis + Dunn,Cliff's delta,0.0326,negligible
gaussiancopula + tomeklinks,random + random,1.0,False,Kruskal-Wallis + Dunn,Cliff's delta,0.0673,negligible
random + nearmiss,tvae + random,1.0,False,Kruskal-Wallis + Dunn,Cliff's delta,0.0264,negligible
random + editednn,tvae + condensednn,1.0,False,Kruskal-Wallis + Dunn,Cliff's delta,-0.1237,negligible
random + clustercentroid,smote + clustercentroid,1.0,False,Kruskal-Wallis + Dunn,Cliff's delta,0.0576,negligible
random + editednn,tvae + editednn,1.0,False,Kruskal-Wallis + Dunn,Cliff's delta,-0.0344,negligible
random + clustercentroid,random + tomeklinks,1.0,False,Kruskal-Wallis + Dunn,Cliff's delta,0.0237,negligible
random + clustercentroid,random + random,1.0,False,Kruskal-Wallis + Dunn,Cliff's delta,0.0323,negligible
random + clustercentroid,random + onesidedselection,1.0,False,Kruskal-Wallis + Dunn,Cliff's delta,-0.0947,negligible
random + clustercentroid,smote + instancehardness,1.0,False,Kruskal-Wallis + Dunn,Cliff's delta,-0.0758,negligible
random + clustercentroid,random + nearmiss,1.0,False,Kruskal-Wallis + Dunn,Cliff's delta,-0.0299,negligible
random + editednn,tvae + onesidedselection,1.0,False,Kruskal-Wallis + Dunn,Cliff's delta,0.1486,small
gaussiancopula + tomeklinks,tvae + tomeklinks,1.0,False,Kruskal-Wallis + Dunn,Cliff's delta,-0.0151,negligible
random + instancehardness,random + nearmiss,1.0,False,Kruskal-Wallis + Dunn,Cliff's delta,0.0241,negligible
random + instancehardness,random + onesidedselection,1.0,False,Kruskal-Wallis + Dunn,Cliff's delta,-0.0214,negligible
random + instancehardness,random + random,1.0,False,Kruskal-Wallis + Dunn,Cliff's delta,0.0557,negligible
random + instancehardness,random + tomeklinks,1.0,False,Kruskal-Wallis + Dunn,Cliff's delta,0.0645,negligible
random + clustercentroid,random + instancehardness,1.0,False,Kruskal-Wallis + Dunn,Cliff's delta,-0.0531,negligible
random + instancehardness,smote + clustercentroid,1.0,False,Kruskal-Wallis + Dunn,Cliff's delta,0.1339,negligible
random + clustercentroid,smote + nearmiss,1.0,False,Kruskal-Wallis + Dunn,Cliff's delta,-0.0138,negligible
random + clustercentroid,smote + random,1.0,False,Kruskal-Wallis + Dunn,Cliff's delta,0.0581,negligible
random + condensednn,tvae + editednn,1.0,False,Kruskal-Wallis + Dunn,Cliff's delta,0.067,negligible
random + condensednn,tvae + condensednn,1.0,False,Kruskal-Wallis + Dunn,Cliff's delta,-0.0369,negligible
random + editednn,smote + condensednn,1.0,False,Kruskal-Wallis + Dunn,Cliff's delta,-0.0255,negligible
random + condensednn,smote + editednn,1.0,False,Kruskal-Wallis + Dunn,Cliff's delta,0.0638,negligible
random + editednn,smote + editednn,1.0,False,Kruskal-Wallis + Dunn,Cliff's delta,-0.0203,negligible
random + condensednn,smote + condensednn,1.0,False,Kruskal-Wallis + Dunn,Cliff's delta,0.0941,negligible
random + clustercentroid,smote + onesidedselection,1.0,False,Kruskal-Wallis + Dunn,Cliff's delta,-0.0358,negligible
random + condensednn,random + editednn,1.0,False,Kruskal-Wallis + Dunn,Cliff's delta,0.0921,negligible
random + clustercentroid,tvae + random,1.0,False,Kruskal-Wallis + Dunn,Cliff's delta,-0.0059,negligible
random + clustercentroid,tvae + onesidedselection,1.0,False,Kruskal-Wallis + Dunn,Cliff's delta,-0.143,negligible
random + clustercentroid,tvae + nearmiss,1.0,False,Kruskal-Wallis + Dunn,Cliff's delta,-0.0306,negligible
random + clustercentroid,tvae + instancehardness,1.0,False,Kruskal-Wallis + Dunn,Cliff's delta,-0.0655,negligible
random + clustercentroid,tvae + clustercentroid,1.0,False,Kruskal-Wallis + Dunn,Cliff's delta,-0.0158,negligible
random + clustercentroid,smote + tomeklinks,1.0,False,Kruskal-Wallis + Dunn,Cliff's delta,0.0479,negligible
random + clustercentroid,tvae + tomeklinks,1.0,False,Kruskal-Wallis + Dunn,Cliff's delta,0.0066,negligible
gaussiancopula + tomeklinks,random + tomeklinks,1.0,False,Kruskal-Wallis + Dunn,Cliff's delta,0.0919,negligible
gaussiancopula + tomeklinks,tvae + random,1.0,False,Kruskal-Wallis + Dunn,Cliff's delta,0.0184,negligible
random + instancehardness,smote + instancehardness,1.0,False,Kruskal-Wallis + Dunn,Cliff's delta,-0.0033,negligible
random + nearmiss,smote + instancehardness,1.0,False,Kruskal-Wallis + Dunn,Cliff's delta,-0.0265,negligible
random + nearmiss,smote + nearmiss,1.0,False,Kruskal-Wallis + Dunn,Cliff's delta,0.0349,negligible
random + nearmiss,smote + onesidedselection,1.0,False,Kruskal-Wallis + Dunn,Cliff's delta,-0.0034,negligible
random + nearmiss,smote + random,1.0,False,Kruskal-Wallis + Dunn,Cliff's delta,0.095,negligible
gaussiancopula + tomeklinks,smote + random,1.0,False,Kruskal-Wallis + Dunn,Cliff's delta,0.119,negligible
gaussiancopula + tomeklinks,smote + onesidedselection,1.0,False,Kruskal-Wallis + Dunn,Cliff's delta,0.0258,negligible
gaussiancopula + tomeklinks,smote + tomeklinks,1.0,False,Kruskal-Wallis + Dunn,Cliff's delta,0.0907,negligible
random + nearmiss,smote + tomeklinks,1.0,False,Kruskal-Wallis + Dunn,Cliff's delta,0.0634,negligible
gaussiancopula + tomeklinks,smote + nearmiss,1.0,False,Kruskal-Wallis + Dunn,Cliff's delta,0.0832,negligible
random + nearmiss,tvae + instancehardness,1.0,False,Kruskal-Wallis + Dunn,Cliff's delta,-0.0602,negligible
gaussiancopula + tomeklinks,smote + instancehardness,1.0,False,Kruskal-Wallis + Dunn,Cliff's delta,0.0082,negligible
gaussiancopula + tomeklinks,smote + clustercentroid,1.0,False,Kruskal-Wallis + Dunn,Cliff's delta,0.1059,negligible
random + nearmiss,tvae + nearmiss,1.0,False,Kruskal-Wallis + Dunn,Cliff's delta,-0.0061,negligible
random + nearmiss,tvae + onesidedselection,1.0,False,Kruskal-Wallis + Dunn,Cliff's delta,-0.1238,negligible
random + nearmiss,tvae + clustercentroid,1.0,False,Kruskal-Wallis + Dunn,Cliff's delta,0.0084,negligible
gaussiancopula + tomeklinks,tvae + onesidedselection,1.0,False,Kruskal-Wallis + Dunn,Cliff's delta,-0.1029,negligible
gaussiancopula + tomeklinks,tvae + clustercentroid,1.0,False,Kruskal-Wallis + Dunn,Cliff's delta,-0.0039,negligible
random + nearmiss,random + tomeklinks,1.0,False,Kruskal-Wallis + Dunn,Cliff's delta,0.0588,negligible
random + instancehardness,smote + nearmiss,1.0,False,Kruskal-Wallis + Dunn,Cliff's delta,0.0579,negligible
random + instancehardness,smote + onesidedselection,1.0,False,Kruskal-Wallis + Dunn,Cliff's delta,0.0451,negligible
random + instancehardness,smote + random,1.0,False,Kruskal-Wallis + Dunn,Cliff's delta,0.1285,negligible
random + instancehardness,smote + tomeklinks,1.0,False,Kruskal-Wallis + Dunn,Cliff's delta,0.1311,negligible
gaussiancopula + tomeklinks,tvae + nearmiss,1.0,False,Kruskal-Wallis + Dunn,Cliff's delta,-0.024,negligible
gaussiancopula + tomeklinks,tvae + instancehardness,1.0,False,Kruskal-Wallis + Dunn,Cliff's delta,-0.0552,negligible
random + nearmiss,smote + clustercentroid,1.0,False,Kruskal-Wallis + Dunn,Cliff's delta,0.0785,negligible
random + instancehardness,tvae + clustercentroid,1.0,False,Kruskal-Wallis + Dunn,Cliff's delta,0.0094,negligible
random + instancehardness,tvae + nearmiss,1.0,False,Kruskal-Wallis + Dunn,Cliff's delta,0.011,negligible
random + instancehardness,tvae + onesidedselection,1.0,False,Kruskal-Wallis + Dunn,Cliff's delta,-0.0706,negligible
random + instancehardness,tvae + random,1.0,False,Kruskal-Wallis + Dunn,Cliff's delta,0.0398,negligible
random + instancehardness,tvae + tomeklinks,1.0,False,Kruskal-Wallis + Dunn,Cliff's delta,0.0246,negligible
random + nearmiss,random + onesidedselection,1.0,False,Kruskal-Wallis + Dunn,Cliff's delta,-0.0682,negligible
random + nearmiss,random + random,1.0,False,Kruskal-Wallis + Dunn,Cliff's delta,0.0657,negligible
random + instancehardness,tvae + instancehardness,1.0,False,Kruskal-Wallis + Dunn,Cliff's delta,-0.0429,negligible
gaussiancopula + nearmiss,tvae + instancehardness,1.0,False,Kruskal-Wallis + Dunn,Cliff's delta,-0.0056,negligible
gaussiancopula + nearmiss,tvae + clustercentroid,1.0,False,Kruskal-Wallis + Dunn,Cliff's delta,0.014,negligible
gaussiancopula + nearmiss,smote + tomeklinks,1.0,False,Kruskal-Wallis + Dunn,Cliff's delta,0.0896,negligible
fastml + tomeklinks,tvae + tomeklinks,1.0,False,Kruskal-Wallis + Dunn,Cliff's delta,-0.0113,negligible
fastml + tomeklinks,tvae + random,1.0,False,Kruskal-Wallis + Dunn,Cliff's delta,0.0062,negligible
smote + clustercentroid,smote + nearmiss,1.0,False,Kruskal-Wallis + Dunn,Cliff's delta,-0.0721,negligible
fastml + tomeklinks,tvae + onesidedselection,1.0,False,Kruskal-Wallis + Dunn,Cliff's delta,-0.1365,negligible
fastml + tomeklinks,tvae + nearmiss,1.0,False,Kruskal-Wallis + Dunn,Cliff's delta,-0.0397,negligible
fastml + tomeklinks,tvae + instancehardness,1.0,False,Kruskal-Wallis + Dunn,Cliff's delta,-0.0677,negligible
gaussiancopula + clustercentroid,gaussiancopula + instancehardness,1.0,False,Kruskal-Wallis + Dunn,Cliff's delta,0.0196,negligible
smote + clustercentroid,smote + onesidedselection,1.0,False,Kruskal-Wallis + Dunn,Cliff's delta,-0.087,negligible
fastml + tomeklinks,tvae + clustercentroid,1.0,False,Kruskal-Wallis + Dunn,Cliff's delta,-0.0363,negligible
fastml + tomeklinks,smote + tomeklinks,1.0,False,Kruskal-Wallis + Dunn,Cliff's delta,0.0633,negligible
fastml + tomeklinks,smote + random,1.0,False,Kruskal-Wallis + Dunn,Cliff's delta,0.0902,negligible
fastml + tomeklinks,smote + onesidedselection,1.0,False,Kruskal-Wallis + Dunn,Cliff's delta,-0.0252,negligible
fastml + tomeklinks,smote + nearmiss,1.0,False,Kruskal-Wallis + Dunn,Cliff's delta,0.0397,negligible
fastml + tomeklinks,smote + instancehardness,1.0,False,Kruskal-Wallis + Dunn,Cliff's delta,-0.0271,negligible
smote + clustercentroid,smote + random,1.0,False,Kruskal-Wallis + Dunn,Cliff's delta,-0.0184,negligible
fastml + tomeklinks,smote + clustercentroid,1.0,False,Kruskal-Wallis + Dunn,Cliff's delta,0.0708,negligible
gaussiancopula + clustercentroid,gaussiancopula + nearmiss,1.0,False,Kruskal-Wallis + Dunn,Cliff's delta,0.0272,negligible
gaussiancopula + clustercentroid,gaussiancopula + random,1.0,False,Kruskal-Wallis + Dunn,Cliff's delta,0.0839,negligible
gaussiancopula + clustercentroid,smote + tomeklinks,1.0,False,Kruskal-Wallis + Dunn,Cliff's delta,0.1115,negligible
gaussiancopula + clustercentroid,smote + random,1.0,False,Kruskal-Wallis + Dunn,Cliff's delta,0.1346,negligible
random + tomeklinks,tvae + tomeklinks,1.0,False,Kruskal-Wallis + Dunn,Cliff's delta,-0.0704,negligible
gaussiancopula + clustercentroid,smote + onesidedselection,1.0,False,Kruskal-Wallis + Dunn,Cliff's delta,0.0438,negligible
gaussiancopula + clustercentroid,smote + nearmiss,1.0,False,Kruskal-Wallis + Dunn,Cliff's delta,0.0654,negligible
gaussiancopula + clustercentroid,smote + instancehardness,1.0,False,Kruskal-Wallis + Dunn,Cliff's delta,0.0325,negligible
gaussiancopula + clustercentroid,gaussiancopula + onesidedselection,1.0,False,Kruskal-Wallis + Dunn,Cliff's delta,-0.0298,negligible
gaussiancopula + clustercentroid,smote + clustercentroid,1.0,False,Kruskal-Wallis + Dunn,Cliff's delta,0.1547,small
gaussiancopula + clustercentroid,random + onesidedselection,1.0,False,Kruskal-Wallis + Dunn,Cliff's delta,-0.0258,negligible
gaussiancopula + clustercentroid,random + nearmiss,1.0,False,Kruskal-Wallis + Dunn,Cliff's delta,0.0427,negligible
gaussiancopula + clustercentroid,random + instancehardness,1.0,False,Kruskal-Wallis + Dunn,Cliff's delta,0.0299,negligible
smote + clustercentroid,smote + instancehardness,1.0,False,Kruskal-Wallis + Dunn,Cliff's delta,-0.1536,small
gaussiancopula + clustercentroid,random + clustercentroid,1.0,False,Kruskal-Wallis + Dunn,Cliff's delta,0.0921,negligible
gaussiancopula + clustercentroid,gaussiancopula + tomeklinks,1.0,False,Kruskal-Wallis + Dunn,Cliff's delta,0.0234,negligible
gaussiancopula + clustercentroid,random + tomeklinks,1.0,False,Kruskal-Wallis + Dunn,Cliff's delta,0.0798,negligible
gaussiancopula + clustercentroid,tvae + clustercentroid,1.0,False,Kruskal-Wallis + Dunn,Cliff's delta,0.0415,negligible
fastml + tomeklinks,random + tomeklinks,1.0,False,Kruskal-Wallis + Dunn,Cliff's delta,0.0568,negligible
fastml + tomeklinks,random + onesidedselection,1.0,False,Kruskal-Wallis + Dunn,Cliff's delta,-0.0792,negligible
fastml + random,tvae + onesidedselection,1.0,False,Kruskal-Wallis + Dunn,Cliff's delta,-0.1236,negligible
fastml + random,tvae + nearmiss,1.0,False,Kruskal-Wallis + Dunn,Cliff's delta,-0.0529,negligible
smote + condensednn,tvae + condensednn,1.0,False,Kruskal-Wallis + Dunn,Cliff's delta,-0.1198,negligible
smote + condensednn,tvae + editednn,1.0,False,Kruskal-Wallis + Dunn,Cliff's delta,-0.0093,negligible
fastml + random,tvae + instancehardness,1.0,False,Kruskal-Wallis + Dunn,Cliff's delta,-0.0579,negligible
smote + condensednn,tvae + onesidedselection,1.0,False,Kruskal-Wallis + Dunn,Cliff's delta,0.122,negligible
smote + condensednn,smote + editednn,1.0,False,Kruskal-Wallis + Dunn,Cliff's delta,-0.0086,negligible
fastml + random,tvae + clustercentroid,1.0,False,Kruskal-Wallis + Dunn,Cliff's delta,-0.0477,negligible
smote + editednn,tvae + editednn,1.0,False,Kruskal-Wallis + Dunn,Cliff's delta,-0.0424,negligible
smote + editednn,tvae + onesidedselection,1.0,False,Kruskal-Wallis + Dunn,Cliff's delta,0.1673,small
fastml + random,smote + tomeklinks,1.0,False,Kruskal-Wallis + Dunn,Cliff's delta,0.0648,negligible
fastml + random,smote + random,1.0,False,Kruskal-Wallis + Dunn,Cliff's delta,0.0465,negligible
smote + instancehardness,smote + nearmiss,1.0,False,Kruskal-Wallis + Dunn,Cliff's delta,0.0786,negligible
smote + instancehardness,smote + onesidedselection,1.0,False,Kruskal-Wallis + Dunn,Cliff's delta,0.0621,negligible
smote + editednn,tvae + condensednn,1.0,False,Kruskal-Wallis + Dunn,Cliff's delta,-0.0994,negligible
fastml + tomeklinks,random + random,1.0,False,Kruskal-Wallis + Dunn,Cliff's delta,0.0492,negligible
smote + clustercentroid,tvae + tomeklinks,1.0,False,Kruskal-Wallis + Dunn,Cliff's delta,-0.0812,negligible
fastml + random,tvae + random,1.0,False,Kruskal-Wallis + Dunn,Cliff's delta,-0.0071,negligible
fastml + tomeklinks,random + nearmiss,1.0,False,Kruskal-Wallis + Dunn,Cliff's delta,0.0097,negligible
fastml + tomeklinks,random + instancehardness,1.0,False,Kruskal-Wallis + Dunn,Cliff's delta,-0.0337,negligible
fastml + tomeklinks,random + clustercentroid,1.0,False,Kruskal-Wallis + Dunn,Cliff's delta,0.0251,negligible
fastml + tomeklinks,gaussiancopula + tomeklinks,1.0,False,Kruskal-Wallis + Dunn,Cliff's delta,-0.0131,negligible
fastml + tomeklinks,gaussiancopula + random,1.0,False,Kruskal-Wallis + Dunn,Cliff's delta,-0.0042,negligible
smote + clustercentroid,smote + tomeklinks,1.0,False,Kruskal-Wallis + Dunn,Cliff's delta,-0.0267,negligible
smote + clustercentroid,tvae + random,1.0,False,Kruskal-Wallis + Dunn,Cliff's delta,-0.0947,negligible
fastml + tomeklinks,gaussiancopula + onesidedselection,1.0,False,Kruskal-Wallis + Dunn,Cliff's delta,-0.0932,negligible
fastml + tomeklinks,gaussiancopula + instancehardness,1.0,False,Kruskal-Wallis + Dunn,Cliff's delta,-0.0256,negligible
smote + clustercentroid,tvae + clustercentroid,1.0,False,Kruskal-Wallis + Dunn,Cliff's delta,-0.1072,negligible
fastml + tomeklinks,gaussiancopula + clustercentroid,1.0,False,Kruskal-Wallis + Dunn,Cliff's delta,-0.0643,negligible
smote + clustercentroid,tvae + instancehardness,1.0,False,Kruskal-Wallis + Dunn,Cliff's delta,-0.1486,small
smote + clustercentroid,tvae + nearmiss,1.0,False,Kruskal-Wallis + Dunn,Cliff's delta,-0.0958,negligible
fastml + random,tvae + tomeklinks,1.0,False,Kruskal-Wallis + Dunn,Cliff's delta,-0.0102,negligible
fastml + tomeklinks,gaussiancopula + nearmiss,1.0,False,Kruskal-Wallis + Dunn,Cliff's delta,-0.0621,negligible
random + tomeklinks,tvae + random,1.0,False,Kruskal-Wallis + Dunn,Cliff's delta,-0.0239,negligible
gaussiancopula + clustercentroid,tvae + instancehardness,1.0,False,Kruskal-Wallis + Dunn,Cliff's delta,0.0067,negligible
random + tomeklinks,tvae + onesidedselection,1.0,False,Kruskal-Wallis + Dunn,Cliff's delta,-0.1526,small
gaussiancopula + instancehardness,tvae + nearmiss,1.0,False,Kruskal-Wallis + Dunn,Cliff's delta,0.0055,negligible
gaussiancopula + instancehardness,tvae + instancehardness,1.0,False,Kruskal-Wallis + Dunn,Cliff's delta,-0.0197,negligible
gaussiancopula + instancehardness,tvae + clustercentroid,1.0,False,Kruskal-Wallis + Dunn,Cliff's delta,-0.0045,negligible
gaussiancopula + instancehardness,smote + tomeklinks,1.0,False,Kruskal-Wallis + Dunn,Cliff's delta,0.1236,negligible
gaussiancopula + instancehardness,smote + random,1.0,False,Kruskal-Wallis + Dunn,Cliff's delta,0.1147,negligible
gaussiancopula + instancehardness,smote + onesidedselection,1.0,False,Kruskal-Wallis + Dunn,Cliff's delta,0.0239,negligible
gaussiancopula + instancehardness,tvae + onesidedselection,1.0,False,Kruskal-Wallis + Dunn,Cliff's delta,-0.0719,negligible
gaussiancopula + instancehardness,smote + nearmiss,1.0,False,Kruskal-Wallis + Dunn,Cliff's delta,0.0897,negligible
gaussiancopula + instancehardness,smote + clustercentroid,1.0,False,Kruskal-Wallis + Dunn,Cliff's delta,0.1259,negligible
gaussiancopula + instancehardness,random + tomeklinks,1.0,False,Kruskal-Wallis + Dunn,Cliff's delta,0.0886,negligible
gaussiancopula + instancehardness,random + random,1.0,False,Kruskal-Wallis + Dunn,Cliff's delta,0.0873,negligible
gaussiancopula + instancehardness,random + onesidedselection,1.0,False,Kruskal-Wallis + Dunn,Cliff's delta,-0.0242,negligible
gaussiancopula + instancehardness,random + nearmiss,1.0,False,Kruskal-Wallis + Dunn,Cliff's delta,0.0341,negligible
gaussiancopula + instancehardness,random + instancehardness,1.0,False,Kruskal-Wallis + Dunn,Cliff's delta,0.0048,negligible
gaussiancopula + instancehardness,smote + instancehardness,1.0,False,Kruskal-Wallis + Dunn,Cliff's delta,0.0086,negligible
random + random,tvae + nearmiss,1.0,False,Kruskal-Wallis + Dunn,Cliff's delta,-0.0778,negligible
gaussiancopula + instancehardness,tvae + random,1.0,False,Kruskal-Wallis + Dunn,Cliff's delta,0.0567,negligible
gaussiancopula + nearmiss,gaussiancopula + onesidedselection,1.0,False,Kruskal-Wallis + Dunn,Cliff's delta,-0.0574,negligible
gaussiancopula + nearmiss,smote + random,1.0,False,Kruskal-Wallis + Dunn,Cliff's delta,0.1207,negligible
gaussiancopula + nearmiss,smote + onesidedselection,1.0,False,Kruskal-Wallis + Dunn,Cliff's delta,0.0127,negligible
gaussiancopula + nearmiss,smote + nearmiss,1.0,False,Kruskal-Wallis + Dunn,Cliff's delta,0.0661,negligible
random + random,tvae + instancehardness,1.0,False,Kruskal-Wallis + Dunn,Cliff's delta,-0.1282,negligible
gaussiancopula + nearmiss,smote + instancehardness,1.0,False,Kruskal-Wallis + Dunn,Cliff's delta,-0.0013,negligible
gaussiancopula + nearmiss,smote + clustercentroid,1.0,False,Kruskal-Wallis + Dunn,Cliff's delta,0.1075,negligible
gaussiancopula + instancehardness,tvae + tomeklinks,1.0,False,Kruskal-Wallis + Dunn,Cliff's delta,0.0267,negligible
gaussiancopula + nearmiss,random + tomeklinks,1.0,False,Kruskal-Wallis + Dunn,Cliff's delta,0.0806,negligible
gaussiancopula + nearmiss,random + onesidedselection,1.0,False,Kruskal-Wallis + Dunn,Cliff's delta,-0.0435,negligible
gaussiancopula + nearmiss,random + nearmiss,1.0,False,Kruskal-Wallis + Dunn,Cliff's delta,0.0487,negligible
gaussiancopula + nearmiss,random + instancehardness,1.0,False,Kruskal-Wallis + Dunn,Cliff's delta,-0.0031,negligible
gaussiancopula + nearmiss,random + clustercentroid,1.0,False,Kruskal-Wallis + Dunn,Cliff's delta,0.0708,negligible
gaussiancopula + nearmiss,gaussiancopula + tomeklinks,1.0,False,Kruskal-Wallis + Dunn,Cliff's delta,0.0232,negligible
gaussiancopula + nearmiss,gaussiancopula + random,1.0,False,Kruskal-Wallis + Dunn,Cliff's delta,0.0348,negligible
gaussiancopula + nearmiss,random + random,1.0,False,Kruskal-Wallis + Dunn,Cliff's delta,0.0882,negligible
gaussiancopula + instancehardness,random + clustercentroid,1.0,False,Kruskal-Wallis + Dunn,Cliff's delta,0.0479,negligible
gaussiancopula + instancehardness,gaussiancopula + tomeklinks,1.0,False,Kruskal-Wallis + Dunn,Cliff's delta,0.0213,negligible
gaussiancopula + instancehardness,gaussiancopula + random,1.0,False,Kruskal-Wallis + Dunn,Cliff's delta,0.0462,negligible
gaussiancopula + condensednn,smote + editednn,1.0,False,Kruskal-Wallis + Dunn,Cliff's delta,0.0347,negligible
gaussiancopula + condensednn,smote + condensednn,1.0,False,Kruskal-Wallis + Dunn,Cliff's delta,0.0519,negligible
random + tomeklinks,smote + random,1.0,False,Kruskal-Wallis + Dunn,Cliff's delta,0.0452,negligible
random + tomeklinks,smote + tomeklinks,1.0,False,Kruskal-Wallis + Dunn,Cliff's delta,0.0337,negligible
gaussiancopula + condensednn,random + editednn,1.0,False,Kruskal-Wallis + Dunn,Cliff's delta,0.0645,negligible
random + tomeklinks,tvae + clustercentroid,1.0,False,Kruskal-Wallis + Dunn,Cliff's delta,-0.0608,negligible
random + tomeklinks,smote + onesidedselection,1.0,False,Kruskal-Wallis + Dunn,Cliff's delta,-0.0451,negligible
gaussiancopula + condensednn,random + condensednn,1.0,False,Kruskal-Wallis + Dunn,Cliff's delta,-0.0161,negligible
random + tomeklinks,tvae + nearmiss,1.0,False,Kruskal-Wallis + Dunn,Cliff's delta,-0.079,negligible
gaussiancopula + condensednn,gaussiancopula + editednn,1.0,False,Kruskal-Wallis + Dunn,Cliff's delta,0.0693,negligible
gaussiancopula + clustercentroid,tvae + tomeklinks,1.0,False,Kruskal-Wallis + Dunn,Cliff's delta,0.0567,negligible
gaussiancopula + clustercentroid,tvae + random,1.0,False,Kruskal-Wallis + Dunn,Cliff's delta,0.0658,negligible
gaussiancopula + clustercentroid,tvae + onesidedselection,1.0,False,Kruskal-Wallis + Dunn,Cliff's delta,-0.0715,negligible
gaussiancopula + clustercentroid,tvae + nearmiss,1.0,False,Kruskal-Wallis + Dunn,Cliff's delta,0.0387,negligible
random + tomeklinks,tvae + instancehardness,1.0,False,Kruskal-Wallis + Dunn,Cliff's delta,-0.1279,negligible
gaussiancopula + condensednn,tvae + condensednn,1.0,False,Kruskal-Wallis + Dunn,Cliff's delta,-0.0631,negligible
gaussiancopula + condensednn,tvae + editednn,1.0,False,Kruskal-Wallis + Dunn,Cliff's delta,0.0273,negligible
random + tomeklinks,smote + nearmiss,1.0,False,Kruskal-Wallis + Dunn,Cliff's delta,-0.0118,negligible
gaussiancopula + instancehardness,gaussiancopula + onesidedselection,1.0,False,Kruskal-Wallis + Dunn,Cliff's delta,-0.044,negligible
gaussiancopula + instancehardness,gaussiancopula + nearmiss,1.0,False,Kruskal-Wallis + Dunn,Cliff's delta,-0.0017,negligible
random + random,tvae + onesidedselection,1.0,False,Kruskal-Wallis + Dunn,Cliff's delta,-0.1538,small
gaussiancopula + editednn,tvae + onesidedselection,1.0,False,Kruskal-Wallis + Dunn,Cliff's delta,0.1437,negligible
gaussiancopula + editednn,tvae + editednn,1.0,False,Kruskal-Wallis + Dunn,Cliff's delta,-0.0036,negligible
gaussiancopula + editednn,tvae + condensednn,1.0,False,Kruskal-Wallis + Dunn,Cliff's delta,-0.0903,negligible
gaussiancopula + editednn,smote + editednn,1.0,False,Kruskal-Wallis + Dunn,Cliff's delta,0.011,negligible
gaussiancopula + editednn,smote + condensednn,1.0,False,Kruskal-Wallis + Dunn,Cliff's delta,-0.012,negligible
random + random,tvae + random,1.0,False,Kruskal-Wallis + Dunn,Cliff's delta,-0.0475,negligible
random + random,tvae + tomeklinks,1.0,False,Kruskal-Wallis + Dunn,Cliff's delta,-0.0546,negligible
random + tomeklinks,smote + clustercentroid,1.0,False,Kruskal-Wallis + Dunn,Cliff's delta,0.0512,negligible
gaussiancopula + editednn,random + editednn,1.0,False,Kruskal-Wallis + Dunn,Cliff's delta,0.0253,negligible
gaussiancopula + editednn,random + condensednn,1.0,False,Kruskal-Wallis + Dunn,Cliff's delta,-0.0724,negligible
gaussiancopula + condensednn,tvae + onesidedselection,1.0,False,Kruskal-Wallis + Dunn,Cliff's delta,0.1717,small
random + tomeklinks,smote + instancehardness,1.0,False,Kruskal-Wallis + Dunn,Cliff's delta,-0.0733,negligible
fastml + random,smote + nearmiss,1.0,False,Kruskal-Wallis + Dunn,Cliff's delta,0.0212,negligible
gaussiancopula + random,tvae + random,1.0,False,Kruskal-Wallis + Dunn,Cliff's delta,-0.0009,negligible
adasyn + clustercentroid,adasyn + condensednn,1.0,False,Kruskal-Wallis + Dunn,Cliff's delta,-0.4855,large
fastml + clustercentroid,tvae + tomeklinks,1.0,False,Kruskal-Wallis + Dunn,Cliff's delta,0.0573,negligible
copulagan + clustercentroid,gaussiancopula + instancehardness,1.0,False,Kruskal-Wallis + Dunn,Cliff's delta,0.059,negligible
copulagan + clustercentroid,gaussiancopula + clustercentroid,1.0,False,Kruskal-Wallis + Dunn,Cliff's delta,0.0413,negligible
copulagan + clustercentroid,fastml + tomeklinks,1.0,False,Kruskal-Wallis + Dunn,Cliff's delta,0.0997,negligible
copulagan + clustercentroid,fastml + random,1.0,False,Kruskal-Wallis + Dunn,Cliff's delta,0.089,negligible
copulagan + clustercentroid,fastml + onesidedselection,1.0,False,Kruskal-Wallis + Dunn,Cliff's delta,0.0369,negligible
copulagan + clustercentroid,fastml + nearmiss,1.0,False,Kruskal-Wallis + Dunn,Cliff's delta,0.0823,negligible
copulagan + clustercentroid,fastml + instancehardness,1.0,False,Kruskal-Wallis + Dunn,Cliff's delta,0.0591,negligible
copulagan + clustercentroid,fastml + clustercentroid,1.0,False,Kruskal-Wallis + Dunn,Cliff's delta,0.0433,negligible
copulagan + clustercentroid,ctgan + tomeklinks,1.0,False,Kruskal-Wallis + Dunn,Cliff's delta,0.0738,negligible
copulagan + clustercentroid,ctgan + random,1.0,False,Kruskal-Wallis + Dunn,Cliff's delta,0.0582,negligible
copulagan + clustercentroid,ctgan + onesidedselection,1.0,False,Kruskal-Wallis + Dunn,Cliff's delta,0.0194,negligible
copulagan + clustercentroid,ctgan + nearmiss,1.0,False,Kruskal-Wallis + Dunn,Cliff's delta,0.0609,negligible
copulagan + clustercentroid,ctgan + instancehardness,1.0,False,Kruskal-Wallis + Dunn,Cliff's delta,0.053,negligible
copulagan + clustercentroid,ctgan + clustercentroid,1.0,False,Kruskal-Wallis + Dunn,Cliff's delta,0.0189,negligible
copulagan + clustercentroid,copulagan + tomeklinks,1.0,False,Kruskal-Wallis + Dunn,Cliff's delta,0.0753,negligible
copulagan + clustercentroid,copulagan + random,1.0,False,Kruskal-Wallis + Dunn,Cliff's delta,0.0729,negligible
copulagan + clustercentroid,copulagan + onesidedselection,1.0,False,Kruskal-Wallis + Dunn,Cliff's delta,-0.0122,negligible
copulagan + clustercentroid,copulagan + nearmiss,1.0,False,Kruskal-Wallis + Dunn,Cliff's delta,0.0448,negligible
copulagan + clustercentroid,copulagan + instancehardness,1.0,False,Kruskal-Wallis + Dunn,Cliff's delta,0.0316,negligible
copulagan + clustercentroid,gaussiancopula + nearmiss,1.0,False,Kruskal-Wallis + Dunn,Cliff's delta,0.0666,negligible
adasyn + tomeklinks,tvae + onesidedselection,1.0,False,Kruskal-Wallis + Dunn,Cliff's delta,0.1519,small
copulagan + clustercentroid,gaussiancopula + onesidedselection,1.0,False,Kruskal-Wallis + Dunn,Cliff's delta,0.0077,negligible
copulagan + clustercentroid,gaussiancopula + tomeklinks,1.0,False,Kruskal-Wallis + Dunn,Cliff's delta,0.0703,negligible
copulagan + condensednn,copulagan + editednn,1.0,False,Kruskal-Wallis + Dunn,Cliff's delta,0.128,negligible
copulagan + clustercentroid,tvae + tomeklinks,1.0,False,Kruskal-Wallis + Dunn,Cliff's delta,0.092,negligible
copulagan + clustercentroid,tvae + random,1.0,False,Kruskal-Wallis + Dunn,Cliff's delta,0.0832,negligible
copulagan + clustercentroid,tvae + onesidedselection,1.0,False,Kruskal-Wallis + Dunn,Cliff's delta,-0.0136,negligible
copulagan + clustercentroid,tvae + nearmiss,1.0,False,Kruskal-Wallis + Dunn,Cliff's delta,0.0682,negligible
copulagan + clustercentroid,tvae + instancehardness,1.0,False,Kruskal-Wallis + Dunn,Cliff's delta,0.0464,negligible
copulagan + clustercentroid,tvae + clustercentroid,1.0,False,Kruskal-Wallis + Dunn,Cliff's delta,0.053,negligible
copulagan + clustercentroid,smote + tomeklinks,1.0,False,Kruskal-Wallis + Dunn,Cliff's delta,0.1536,small
copulagan + clustercentroid,smote + random,1.0,False,Kruskal-Wallis + Dunn,Cliff's delta,0.1615,small
copulagan + clustercentroid,smote + onesidedselection,1.0,False,Kruskal-Wallis + Dunn,Cliff's delta,0.0801,negligible
copulagan + clustercentroid,smote + nearmiss,1.0,False,Kruskal-Wallis + Dunn,Cliff's delta,0.1182,negligible
copulagan + clustercentroid,smote + instancehardness,1.0,False,Kruskal-Wallis + Dunn,Cliff's delta,0.0608,negligible
copulagan + clustercentroid,smote + clustercentroid,1.0,False,Kruskal-Wallis + Dunn,Cliff's delta,0.1697,small
copulagan + clustercentroid,random + tomeklinks,1.0,False,Kruskal-Wallis + Dunn,Cliff's delta,0.1267,negligible
copulagan + clustercentroid,random + random,1.0,False,Kruskal-Wallis + Dunn,Cliff's delta,0.1267,negligible
copulagan + clustercentroid,random + onesidedselection,1.0,False,Kruskal-Wallis + Dunn,Cliff's delta,0.0181,negligible
copulagan + clustercentroid,random + nearmiss,1.0,False,Kruskal-Wallis + Dunn,Cliff's delta,0.086,negligible
copulagan + clustercentroid,random + instancehardness,1.0,False,Kruskal-Wallis + Dunn,Cliff's delta,0.0532,negligible
copulagan + clustercentroid,random + clustercentroid,1.0,False,Kruskal-Wallis + Dunn,Cliff's delta,0.1088,negligible
copulagan + clustercentroid,gaussiancopula + random,1.0,False,Kruskal-Wallis + Dunn,Cliff's delta,0.0973,negligible
copulagan + condensednn,ctgan + condensednn,1.0,False,Kruskal-Wallis + Dunn,Cliff's delta,0.0011,negligible
adasyn + tomeklinks,tvae + nearmiss,1.0,False,Kruskal-Wallis + Dunn,Cliff's delta,0.3004,small
adasyn + tomeklinks,tvae + editednn,1.0,False,Kruskal-Wallis + Dunn,Cliff's delta,-0.0114,negligible
adasyn + tomeklinks,ctgan + random,1.0,False,Kruskal-Wallis + Dunn,Cliff's delta,0.3015,small
adasyn + tomeklinks,ctgan + onesidedselection,1.0,False,Kruskal-Wallis + Dunn,Cliff's delta,0.1864,small
adasyn + tomeklinks,ctgan + nearmiss,1.0,False,Kruskal-Wallis + Dunn,Cliff's delta,0.2732,small
adasyn + tomeklinks,ctgan + instancehardness,1.0,False,Kruskal-Wallis + Dunn,Cliff's delta,0.2918,small
adasyn + tomeklinks,ctgan + editednn,1.0,False,Kruskal-Wallis + Dunn,Cliff's delta,-0.1124,negligible
adasyn + tomeklinks,ctgan + condensednn,1.0,False,Kruskal-Wallis + Dunn,Cliff's delta,-0.0806,negligible
adasyn + tomeklinks,ctgan + clustercentroid,1.0,False,Kruskal-Wallis + Dunn,Cliff's delta,0.1921,small
adasyn + tomeklinks,copulagan + tomeklinks,1.0,False,Kruskal-Wallis + Dunn,Cliff's delta,0.2738,small
adasyn + tomeklinks,copulagan + onesidedselection,1.0,False,Kruskal-Wallis + Dunn,Cliff's delta,0.1493,small
adasyn + tomeklinks,copulagan + nearmiss,1.0,False,Kruskal-Wallis + Dunn,Cliff's delta,0.278,small
adasyn + tomeklinks,copulagan + instancehardness,1.0,False,Kruskal-Wallis + Dunn,Cliff's delta,0.2751,small
adasyn + tomeklinks,copulagan + editednn,1.0,False,Kruskal-Wallis + Dunn,Cliff's delta,-0.0129,negligible
adasyn + tomeklinks,copulagan + condensednn,1.0,False,Kruskal-Wallis + Dunn,Cliff's delta,-0.1167,negligible
adasyn + tomeklinks,copulagan + clustercentroid,1.0,False,Kruskal-Wallis + Dunn,Cliff's delta,0.1928,small
adasyn + random,tvae + tomeklinks,1.0,False,Kruskal-Wallis + Dunn,Cliff's delta,0.3521,medium
adasyn + random,tvae + random,1.0,False,Kruskal-Wallis + Dunn,Cliff's delta,0.3229,small
adasyn + random,tvae + onesidedselection,1.0,False,Kruskal-Wallis + Dunn,Cliff's delta,0.1166,negligible
adasyn + random,tvae + nearmiss,1.0,False,Kruskal-Wallis + Dunn,Cliff's delta,0.2542,small
adasyn + random,tvae + instancehardness,1.0,False,Kruskal-Wallis + Dunn,Cliff's delta,0.299,small
adasyn + tomeklinks,ctgan + tomeklinks,1.0,False,Kruskal-Wallis + Dunn,Cliff's delta,0.3162,small
adasyn + tomeklinks,tvae + instancehardness,1.0,False,Kruskal-Wallis + Dunn,Cliff's delta,0.3217,small
adasyn + tomeklinks,fastml + clustercentroid,1.0,False,Kruskal-Wallis + Dunn,Cliff's delta,0.2241,small
adasyn + tomeklinks,fastml + editednn,1.0,False,Kruskal-Wallis + Dunn,Cliff's delta,-0.1491,small
adasyn + tomeklinks,tvae + condensednn,1.0,False,Kruskal-Wallis + Dunn,Cliff's delta,-0.1041,negligible
adasyn + tomeklinks,tvae + clustercentroid,1.0,False,Kruskal-Wallis + Dunn,Cliff's delta,0.318,small
adasyn + tomeklinks,smote + onesidedselection,1.0,False,Kruskal-Wallis + Dunn,Cliff's delta,0.2158,small
adasyn + tomeklinks,smote + instancehardness,1.0,False,Kruskal-Wallis + Dunn,Cliff's delta,0.251,small
adasyn + tomeklinks,smote + editednn,1.0,False,Kruskal-Wallis + Dunn,Cliff's delta,-0.048,negligible
adasyn + tomeklinks,smote + condensednn,1.0,False,Kruskal-Wallis + Dunn,Cliff's delta,-0.025,negligible
adasyn + tomeklinks,random + onesidedselection,1.0,False,Kruskal-Wallis + Dunn,Cliff's delta,0.1839,small
adasyn + tomeklinks,random + instancehardness,1.0,False,Kruskal-Wallis + Dunn,Cliff's delta,0.2751,small
adasyn + tomeklinks,random + editednn,1.0,False,Kruskal-Wallis + Dunn,Cliff's delta,-0.0378,negligible
adasyn + tomeklinks,random + condensednn,1.0,False,Kruskal-Wallis + Dunn,Cliff's delta,-0.1119,negligible
adasyn + tomeklinks,gaussiancopula + tomeklinks,1.0,False,Kruskal-Wallis + Dunn,Cliff's delta,0.3135,small
adasyn + tomeklinks,gaussiancopula + onesidedselection,1.0,False,Kruskal-Wallis + Dunn,Cliff's delta,0.1465,negligible
adasyn + tomeklinks,gaussiancopula + nearmiss,1.0,False,Kruskal-Wallis + Dunn,Cliff's delta,0.2509,small
adasyn + tomeklinks,gaussiancopula + instancehardness,1.0,False,Kruskal-Wallis + Dunn,Cliff's delta,0.2861,small
adasyn + tomeklinks,gaussiancopula + editednn,1.0,False,Kruskal-Wallis + Dunn,Cliff's delta,-0.0071,negligible
adasyn + tomeklinks,gaussiancopula + condensednn,1.0,False,Kruskal-Wallis + Dunn,Cliff's delta,-0.0459,negligible
adasyn + tomeklinks,gaussiancopula + clustercentroid,1.0,False,Kruskal-Wallis + Dunn,Cliff's delta,0.2106,small
adasyn + tomeklinks,fastml + onesidedselection,1.0,False,Kruskal-Wallis + Dunn,Cliff's delta,0.2487,small
adasyn + tomeklinks,fastml + instancehardness,1.0,False,Kruskal-Wallis + Dunn,Cliff's delta,0.3602,medium
adasyn + tomeklinks,fastml + condensednn,1.0,False,Kruskal-Wallis + Dunn,Cliff's delta,-0.1,negligible
adasyn + random,tvae + editednn,1.0,False,Kruskal-Wallis + Dunn,Cliff's delta,-0.0441,negligible
copulagan + condensednn,ctgan + editednn,1.0,False,Kruskal-Wallis + Dunn,Cliff's delta,0.0479,negligible
copulagan + condensednn,fastml + editednn,1.0,False,Kruskal-Wallis + Dunn,Cliff's delta,0.0119,negligible
copulagan + nearmiss,copulagan + tomeklinks,1.0,False,Kruskal-Wallis + Dunn,Cliff's delta,0.0271,negligible
copulagan + nearmiss,copulagan + random,1.0,False,Kruskal-Wallis + Dunn,Cliff's delta,0.0511,negligible
copulagan + nearmiss,copulagan + onesidedselection,1.0,False,Kruskal-Wallis + Dunn,Cliff's delta,-0.0783,negligible
copulagan + instancehardness,tvae + tomeklinks,1.0,False,Kruskal-Wallis + Dunn,Cliff's delta,0.0579,negligible
copulagan + instancehardness,tvae + random,1.0,False,Kruskal-Wallis + Dunn,Cliff's delta,0.0795,negligible
copulagan + instancehardness,tvae + onesidedselection,1.0,False,Kruskal-Wallis + Dunn,Cliff's delta,-0.0627,negligible
copulagan + instancehardness,tvae + nearmiss,1.0,False,Kruskal-Wallis + Dunn,Cliff's delta,0.0197,negligible
copulagan + instancehardness,tvae + instancehardness,1.0,False,Kruskal-Wallis + Dunn,Cliff's delta,-0.0063,negligible
copulagan + instancehardness,tvae + clustercentroid,1.0,False,Kruskal-Wallis + Dunn,Cliff's delta,0.0422,negligible
copulagan + instancehardness,smote + tomeklinks,1.0,False,Kruskal-Wallis + Dunn,Cliff's delta,0.1417,negligible
copulagan + instancehardness,smote + random,1.0,False,Kruskal-Wallis + Dunn,Cliff's delta,0.167,small
copulagan + instancehardness,smote + onesidedselection,1.0,False,Kruskal-Wallis + Dunn,Cliff's delta,0.0723,negligible
copulagan + instancehardness,smote + nearmiss,1.0,False,Kruskal-Wallis + Dunn,Cliff's delta,0.0938,negligible
copulagan + instancehardness,smote + instancehardness,1.0,False,Kruskal-Wallis + Dunn,Cliff's delta,0.0494,negligible
copulagan + instancehardness,smote + clustercentroid,1.0,False,Kruskal-Wallis + Dunn,Cliff's delta,0.1521,small
copulagan + instancehardness,random + tomeklinks,1.0,False,Kruskal-Wallis + Dunn,Cliff's delta,0.0848,negligible
copulagan + instancehardness,random + random,1.0,False,Kruskal-Wallis + Dunn,Cliff's delta,0.1159,negligible
copulagan + instancehardness,random + onesidedselection,1.0,False,Kruskal-Wallis + Dunn,Cliff's delta,-0.007,negligible
copulagan + instancehardness,random + nearmiss,1.0,False,Kruskal-Wallis + Dunn,Cliff's delta,0.0343,negligible
copulagan + nearmiss,ctgan + clustercentroid,1.0,False,Kruskal-Wallis + Dunn,Cliff's delta,-0.0599,negligible
copulagan + instancehardness,random + instancehardness,1.0,False,Kruskal-Wallis + Dunn,Cliff's delta,0.0246,negligible
copulagan + nearmiss,ctgan + instancehardness,1.0,False,Kruskal-Wallis + Dunn,Cliff's delta,0.0178,negligible
copulagan + nearmiss,ctgan + onesidedselection,1.0,False,Kruskal-Wallis + Dunn,Cliff's delta,-0.0457,negligible
copulagan + nearmiss,random + random,1.0,False,Kruskal-Wallis + Dunn,Cliff's delta,0.1022,negligible
copulagan + nearmiss,random + onesidedselection,1.0,False,Kruskal-Wallis + Dunn,Cliff's delta,-0.0321,negligible
copulagan + nearmiss,random + nearmiss,1.0,False,Kruskal-Wallis + Dunn,Cliff's delta,0.0379,negligible
copulagan + nearmiss,random + instancehardness,1.0,False,Kruskal-Wallis + Dunn,Cliff's delta,0.0172,negligible
copulagan + nearmiss,random + clustercentroid,1.0,False,Kruskal-Wallis + Dunn,Cliff's delta,0.0555,negligible
copulagan + nearmiss,gaussiancopula + tomeklinks,1.0,False,Kruskal-Wallis + Dunn,Cliff's delta,0.0294,negligible
copulagan + nearmiss,gaussiancopula + random,1.0,False,Kruskal-Wallis + Dunn,Cliff's delta,0.0439,negligible
copulagan + nearmiss,gaussiancopula + onesidedselection,1.0,False,Kruskal-Wallis + Dunn,Cliff's delta,-0.0548,negligible
copulagan + nearmiss,gaussiancopula + nearmiss,1.0,False,Kruskal-Wallis + Dunn,Cliff's delta,-0.0088,negligible
copulagan + nearmiss,gaussiancopula + instancehardness,1.0,False,Kruskal-Wallis + Dunn,Cliff's delta,0.0305,negligible
copulagan + nearmiss,gaussiancopula + clustercentroid,1.0,False,Kruskal-Wallis + Dunn,Cliff's delta,-0.0095,negligible
copulagan + nearmiss,fastml + tomeklinks,1.0,False,Kruskal-Wallis + Dunn,Cliff's delta,0.0328,negligible
copulagan + nearmiss,fastml + random,1.0,False,Kruskal-Wallis + Dunn,Cliff's delta,0.0647,negligible
copulagan + nearmiss,fastml + onesidedselection,1.0,False,Kruskal-Wallis + Dunn,Cliff's delta,-0.0129,negligible
copulagan + nearmiss,fastml + nearmiss,1.0,False,Kruskal-Wallis + Dunn,Cliff's delta,0.015,negligible
copulagan + nearmiss,fastml + instancehardness,1.0,False,Kruskal-Wallis + Dunn,Cliff's delta,0.0168,negligible
copulagan + nearmiss,fastml + clustercentroid,1.0,False,Kruskal-Wallis + Dunn,Cliff's delta,-0.0239,negligible
copulagan + nearmiss,ctgan + tomeklinks,1.0,False,Kruskal-Wallis + Dunn,Cliff's delta,0.0045,negligible
copulagan + nearmiss,ctgan + random,1.0,False,Kruskal-Wallis + Dunn,Cliff's delta,0.0294,negligible
copulagan + nearmiss,ctgan + nearmiss,1.0,False,Kruskal-Wallis + Dunn,Cliff's delta,0.0252,negligible
copulagan + condensednn,fastml + condensednn,1.0,False,Kruskal-Wallis + Dunn,Cliff's delta,0.0241,negligible
copulagan + instancehardness,random + clustercentroid,1.0,False,Kruskal-Wallis + Dunn,Cliff's delta,0.0704,negligible
copulagan + instancehardness,gaussiancopula + random,1.0,False,Kruskal-Wallis + Dunn,Cliff's delta,0.0642,negligible
copulagan + editednn,smote + editednn,1.0,False,Kruskal-Wallis + Dunn,Cliff's delta,0.0006,negligible
copulagan + editednn,smote + condensednn,1.0,False,Kruskal-Wallis + Dunn,Cliff's delta,-0.0078,negligible
copulagan + editednn,random + editednn,1.0,False,Kruskal-Wallis + Dunn,Cliff's delta,0.0208,negligible
copulagan + editednn,random + condensednn,1.0,False,Kruskal-Wallis + Dunn,Cliff's delta,-0.0786,negligible
copulagan + editednn,gaussiancopula + editednn,1.0,False,Kruskal-Wallis + Dunn,Cliff's delta,0.0118,negligible
copulagan + editednn,gaussiancopula + condensednn,1.0,False,Kruskal-Wallis + Dunn,Cliff's delta,-0.0795,negligible
copulagan + editednn,fastml + editednn,1.0,False,Kruskal-Wallis + Dunn,Cliff's delta,-0.1313,negligible
copulagan + editednn,fastml + condensednn,1.0,False,Kruskal-Wallis + Dunn,Cliff's delta,-0.1063,negligible
copulagan + editednn,ctgan + editednn,1.0,False,Kruskal-Wallis + Dunn,Cliff's delta,-0.0727,negligible
copulagan + editednn,ctgan + condensednn,1.0,False,Kruskal-Wallis + Dunn,Cliff's delta,-0.1333,negligible
copulagan + editednn,copulagan + onesidedselection,1.0,False,Kruskal-Wallis + Dunn,Cliff's delta,0.1823,small
copulagan + condensednn,tvae + editednn,1.0,False,Kruskal-Wallis + Dunn,Cliff's delta,0.093,negligible
copulagan + condensednn,tvae + condensednn,1.0,False,Kruskal-Wallis + Dunn,Cliff's delta,-0.0091,negligible
copulagan + condensednn,smote + editednn,1.0,False,Kruskal-Wallis + Dunn,Cliff's delta,0.0934,negligible
copulagan + condensednn,smote + condensednn,1.0,False,Kruskal-Wallis + Dunn,Cliff's delta,0.1039,negligible
copulagan + condensednn,random + editednn,1.0,False,Kruskal-Wallis + Dunn,Cliff's delta,0.1155,negligible
copulagan + condensednn,random + condensednn,1.0,False,Kruskal-Wallis + Dunn,Cliff's delta,0.0123,negligible
copulagan + condensednn,gaussiancopula + editednn,1.0,False,Kruskal-Wallis + Dunn,Cliff's delta,0.1081,negligible
copulagan + condensednn,gaussiancopula + condensednn,1.0,False,Kruskal-Wallis + Dunn,Cliff's delta,0.0612,negligible
copulagan + editednn,tvae + condensednn,1.0,False,Kruskal-Wallis + Dunn,Cliff's delta,-0.1122,negligible
copulagan + instancehardness,gaussiancopula + tomeklinks,1.0,False,Kruskal-Wallis + Dunn,Cliff's delta,0.0347,negligible
copulagan + editednn,tvae + editednn,1.0,False,Kruskal-Wallis + Dunn,Cliff's delta,-0.0196,negligible
copulagan + instancehardness,copulagan + nearmiss,1.0,False,Kruskal-Wallis + Dunn,Cliff's delta,0.0136,negligible
copulagan + instancehardness,gaussiancopula + onesidedselection,1.0,False,Kruskal-Wallis + Dunn,Cliff's delta,-0.0358,negligible
copulagan + instancehardness,gaussiancopula + nearmiss,1.0,False,Kruskal-Wallis + Dunn,Cliff's delta,0.0128,negligible
copulagan + instancehardness,gaussiancopula + instancehardness,1.0,False,Kruskal-Wallis + Dunn,Cliff's delta,0.0251,negligible
copulagan + instancehardness,gaussiancopula + clustercentroid,1.0,False,Kruskal-Wallis + Dunn,Cliff's delta,-0.0159,negligible
copulagan + instancehardness,fastml + tomeklinks,1.0,False,Kruskal-Wallis + Dunn,Cliff's delta,0.0494,negligible
copulagan + instancehardness,fastml + random,1.0,False,Kruskal-Wallis + Dunn,Cliff's delta,0.0816,negligible
copulagan + instancehardness,fastml + onesidedselection,1.0,False,Kruskal-Wallis + Dunn,Cliff's delta,-0.0099,negligible
copulagan + instancehardness,fastml + nearmiss,1.0,False,Kruskal-Wallis + Dunn,Cliff's delta,0.032,negligible
copulagan + instancehardness,fastml + instancehardness,1.0,False,Kruskal-Wallis + Dunn,Cliff's delta,0.0306,negligible
copulagan + instancehardness,fastml + clustercentroid,1.0,False,Kruskal-Wallis + Dunn,Cliff's delta,-0.0077,negligible
copulagan + instancehardness,ctgan + tomeklinks,1.0,False,Kruskal-Wallis + Dunn,Cliff's delta,0.0504,negligible
copulagan + instancehardness,ctgan + random,1.0,False,Kruskal-Wallis + Dunn,Cliff's delta,0.0539,negligible
copulagan + instancehardness,ctgan + onesidedselection,1.0,False,Kruskal-Wallis + Dunn,Cliff's delta,-0.0231,negligible
copulagan + instancehardness,ctgan + nearmiss,1.0,False,Kruskal-Wallis + Dunn,Cliff's delta,0.0427,negligible
copulagan + instancehardness,ctgan + instancehardness,1.0,False,Kruskal-Wallis + Dunn,Cliff's delta,0.0294,negligible
copulagan + instancehardness,ctgan + clustercentroid,1.0,False,Kruskal-Wallis + Dunn,Cliff's delta,-0.0408,negligible
copulagan + instancehardness,copulagan + tomeklinks,1.0,False,Kruskal-Wallis + Dunn,Cliff's delta,0.0402,negligible
copulagan + instancehardness,copulagan + random,1.0,False,Kruskal-Wallis + Dunn,Cliff's delta,0.0748,negligible
copulagan + instancehardness,copulagan + onesidedselection,1.0,False,Kruskal-Wallis + Dunn,Cliff's delta,-0.0552,negligible
copulagan + editednn,tvae + onesidedselection,1.0,False,Kruskal-Wallis + Dunn,Cliff's delta,0.1661,small
adasyn + random,tvae + condensednn,1.0,False,Kruskal-Wallis + Dunn,Cliff's delta,-0.1339,negligible
adasyn + random,tvae + clustercentroid,1.0,False,Kruskal-Wallis + Dunn,Cliff's delta,0.282,small
adasyn + random,smote + onesidedselection,1.0,False,Kruskal-Wallis + Dunn,Cliff's delta,0.2064,small
adasyn + instancehardness,copulagan + onesidedselection,1.0,False,Kruskal-Wallis + Dunn,Cliff's delta,0.2078,small
adasyn + instancehardness,copulagan + editednn,1.0,False,Kruskal-Wallis + Dunn,Cliff's delta,0.0601,negligible
adasyn + instancehardness,copulagan + condensednn,1.0,False,Kruskal-Wallis + Dunn,Cliff's delta,-0.0751,negligible
adasyn + instancehardness,adasyn + tomeklinks,1.0,False,Kruskal-Wallis + Dunn,Cliff's delta,0.1752,small
adasyn + instancehardness,adasyn + random,1.0,False,Kruskal-Wallis + Dunn,Cliff's delta,0.1775,small
adasyn + instancehardness,adasyn + onesidedselection,1.0,False,Kruskal-Wallis + Dunn,Cliff's delta,0.0847,negligible
adasyn + instancehardness,adasyn + nearmiss,1.0,False,Kruskal-Wallis + Dunn,Cliff's delta,0.1635,small
adasyn + editednn,tvae + condensednn,1.0,False,Kruskal-Wallis + Dunn,Cliff's delta,0.1629,small
adasyn + editednn,random + condensednn,1.0,False,Kruskal-Wallis + Dunn,Cliff's delta,0.2015,small
adasyn + editednn,fastml + editednn,1.0,False,Kruskal-Wallis + Dunn,Cliff's delta,0.2075,small
adasyn + editednn,fastml + condensednn,1.0,False,Kruskal-Wallis + Dunn,Cliff's delta,0.1795,small
adasyn + editednn,ctgan + editednn,1.0,False,Kruskal-Wallis + Dunn,Cliff's delta,0.2691,small
adasyn + editednn,ctgan + condensednn,1.0,False,Kruskal-Wallis + Dunn,Cliff's delta,0.1124,negligible
adasyn + editednn,copulagan + condensednn,1.0,False,Kruskal-Wallis + Dunn,Cliff's delta,0.1828,small
adasyn + editednn,adasyn + tomeklinks,1.0,False,Kruskal-Wallis + Dunn,Cliff's delta,0.4352,medium
adasyn + editednn,adasyn + random,1.0,False,Kruskal-Wallis + Dunn,Cliff's delta,0.4191,medium
adasyn + editednn,adasyn + onesidedselection,1.0,False,Kruskal-Wallis + Dunn,Cliff's delta,0.2945,small
adasyn + editednn,adasyn + nearmiss,1.0,False,Kruskal-Wallis + Dunn,Cliff's delta,0.4076,medium
adasyn + editednn,adasyn + instancehardness,1.0,False,Kruskal-Wallis + Dunn,Cliff's delta,0.3519,medium
adasyn + instancehardness,ctgan + condensednn,1.0,False,Kruskal-Wallis + Dunn,Cliff's delta,-0.0638,negligible
adasyn + condensednn,tvae + condensednn,1.0,False,Kruskal-Wallis + Dunn,Cliff's delta,0.211,small
adasyn + instancehardness,ctgan + editednn,1.0,False,Kruskal-Wallis + Dunn,Cliff's delta,0.0109,negligible
adasyn + instancehardness,fastml + editednn,1.0,False,Kruskal-Wallis + Dunn,Cliff's delta,-0.1027,negligible
adasyn + nearmiss,copulagan + tomeklinks,1.0,False,Kruskal-Wallis + Dunn,Cliff's delta,0.2939,small
adasyn + nearmiss,copulagan + onesidedselection,1.0,False,Kruskal-Wallis + Dunn,Cliff's delta,0.1078,negligible
adasyn + nearmiss,copulagan + nearmiss,1.0,False,Kruskal-Wallis + Dunn,Cliff's delta,0.2861,small
adasyn + nearmiss,copulagan + instancehardness,1.0,False,Kruskal-Wallis + Dunn,Cliff's delta,0.268,small
adasyn + nearmiss,copulagan + editednn,1.0,False,Kruskal-Wallis + Dunn,Cliff's delta,0.0012,negligible
adasyn + nearmiss,copulagan + condensednn,1.0,False,Kruskal-Wallis + Dunn,Cliff's delta,-0.1098,negligible
adasyn + nearmiss,copulagan + clustercentroid,1.0,False,Kruskal-Wallis + Dunn,Cliff's delta,0.2039,small
adasyn + nearmiss,adasyn + tomeklinks,1.0,False,Kruskal-Wallis + Dunn,Cliff's delta,0.0463,negligible
adasyn + nearmiss,adasyn + random,1.0,False,Kruskal-Wallis + Dunn,Cliff's delta,0.11,negligible
adasyn + nearmiss,adasyn + onesidedselection,1.0,False,Kruskal-Wallis + Dunn,Cliff's delta,-0.1419,negligible
adasyn + instancehardness,tvae + onesidedselection,1.0,False,Kruskal-Wallis + Dunn,Cliff's delta,0.2401,small
adasyn + instancehardness,tvae + editednn,1.0,False,Kruskal-Wallis + Dunn,Cliff's delta,0.0425,negligible
adasyn + instancehardness,tvae + condensednn,1.0,False,Kruskal-Wallis + Dunn,Cliff's delta,-0.0969,negligible
adasyn + instancehardness,smote + editednn,1.0,False,Kruskal-Wallis + Dunn,Cliff's delta,0.0308,negligible
adasyn + instancehardness,smote + condensednn,1.0,False,Kruskal-Wallis + Dunn,Cliff's delta,0.0155,negligible
adasyn + instancehardness,random + editednn,1.0,False,Kruskal-Wallis + Dunn,Cliff's delta,0.0524,negligible
adasyn + instancehardness,random + condensednn,1.0,False,Kruskal-Wallis + Dunn,Cliff's delta,-0.0835,negligible
adasyn + instancehardness,gaussiancopula + editednn,1.0,False,Kruskal-Wallis + Dunn,Cliff's delta,0.054,negligible
adasyn + instancehardness,gaussiancopula + condensednn,1.0,False,Kruskal-Wallis + Dunn,Cliff's delta,-0.0166,negligible
adasyn + instancehardness,fastml + condensednn,1.0,False,Kruskal-Wallis + Dunn,Cliff's delta,-0.0616,negligible
adasyn + nearmiss,ctgan + clustercentroid,1.0,False,Kruskal-Wallis + Dunn,Cliff's delta,0.1887,small
adasyn + condensednn,fastml + editednn,1.0,False,Kruskal-Wallis + Dunn,Cliff's delta,0.266,small
adasyn + condensednn,adasyn + onesidedselection,1.0,False,Kruskal-Wallis + Dunn,Cliff's delta,0.3634,medium
adasyn + clustercentroid,fastml + condensednn,1.0,False,Kruskal-Wallis + Dunn,Cliff's delta,-0.0872,negligible
adasyn + clustercentroid,fastml + clustercentroid,1.0,False,Kruskal-Wallis + Dunn,Cliff's delta,0.2524,small
adasyn + clustercentroid,ctgan + onesidedselection,1.0,False,Kruskal-Wallis + Dunn,Cliff's delta,0.1774,small
adasyn + clustercentroid,ctgan + instancehardness,1.0,False,Kruskal-Wallis + Dunn,Cliff's delta,0.3109,small
adasyn + clustercentroid,ctgan + editednn,1.0,False,Kruskal-Wallis + Dunn,Cliff's delta,-0.0787,negligible
adasyn + clustercentroid,ctgan + condensednn,1.0,False,Kruskal-Wallis + Dunn,Cliff's delta,-0.0808,negligible
adasyn + clustercentroid,ctgan + clustercentroid,1.0,False,Kruskal-Wallis + Dunn,Cliff's delta,0.1906,small
adasyn + clustercentroid,copulagan + onesidedselection,1.0,False,Kruskal-Wallis + Dunn,Cliff's delta,0.1376,negligible
adasyn + clustercentroid,copulagan + nearmiss,1.0,False,Kruskal-Wallis + Dunn,Cliff's delta,0.2768,small
adasyn + clustercentroid,copulagan + instancehardness,1.0,False,Kruskal-Wallis + Dunn,Cliff's delta,0.2677,small
adasyn + clustercentroid,copulagan + editednn,1.0,False,Kruskal-Wallis + Dunn,Cliff's delta,0.0155,negligible
adasyn + clustercentroid,copulagan + condensednn,1.0,False,Kruskal-Wallis + Dunn,Cliff's delta,-0.1495,small
adasyn + clustercentroid,copulagan + clustercentroid,1.0,False,Kruskal-Wallis + Dunn,Cliff's delta,0.2108,small
adasyn + clustercentroid,adasyn + tomeklinks,1.0,False,Kruskal-Wallis + Dunn,Cliff's delta,0.0934,negligible
adasyn + clustercentroid,adasyn + random,1.0,False,Kruskal-Wallis + Dunn,Cliff's delta,0.1123,negligible
adasyn + clustercentroid,adasyn + onesidedselection,1.0,False,Kruskal-Wallis + Dunn,Cliff's delta,-0.0589,negligible
adasyn + clustercentroid,adasyn + nearmiss,1.0,False,Kruskal-Wallis + Dunn,Cliff's delta,-0.0356,negligible
adasyn + clustercentroid,adasyn + instancehardness,1.0,False,Kruskal-Wallis + Dunn,Cliff's delta,-0.1525,small
adasyn + clustercentroid,adasyn + editednn,1.0,False,Kruskal-Wallis + Dunn,Cliff's delta,-0.4065,medium
adasyn + clustercentroid,fastml + editednn,1.0,False,Kruskal-Wallis + Dunn,Cliff's delta,-0.1467,negligible
adasyn + condensednn,copulagan + condensednn,1.0,False,Kruskal-Wallis + Dunn,Cliff's delta,0.2589,small
adasyn + clustercentroid,fastml + instancehardness,1.0,False,Kruskal-Wallis + Dunn,Cliff's delta,0.3389,medium
adasyn + clustercentroid,gaussiancopula + clustercentroid,1.0,False,Kruskal-Wallis + Dunn,Cliff's delta,0.2185,small
adasyn + condensednn,adasyn + nearmiss,1.0,False,Kruskal-Wallis + Dunn,Cliff's delta,0.4809,large
adasyn + condensednn,adasyn + instancehardness,1.0,False,Kruskal-Wallis + Dunn,Cliff's delta,0.4726,medium
adasyn + condensednn,adasyn + editednn,1.0,False,Kruskal-Wallis + Dunn,Cliff's delta,0.0761,negligible
adasyn + clustercentroid,tvae + onesidedselection,1.0,False,Kruskal-Wallis + Dunn,Cliff's delta,0.1494,small
adasyn + clustercentroid,tvae + instancehardness,1.0,False,Kruskal-Wallis + Dunn,Cliff's delta,0.3583,medium
adasyn + clustercentroid,tvae + editednn,1.0,False,Kruskal-Wallis + Dunn,Cliff's delta,-0.013,negligible
adasyn + clustercentroid,tvae + condensednn,1.0,False,Kruskal-Wallis + Dunn,Cliff's delta,-0.1325,negligible
adasyn + clustercentroid,smote + instancehardness,1.0,False,Kruskal-Wallis + Dunn,Cliff's delta,0.2829,small
adasyn + clustercentroid,smote + editednn,1.0,False,Kruskal-Wallis + Dunn,Cliff's delta,-0.0507,negligible
adasyn + clustercentroid,smote + condensednn,1.0,False,Kruskal-Wallis + Dunn,Cliff's delta,0.003,negligible
adasyn + clustercentroid,random + onesidedselection,1.0,False,Kruskal-Wallis + Dunn,Cliff's delta,0.2048,small
adasyn + clustercentroid,random + instancehardness,1.0,False,Kruskal-Wallis + Dunn,Cliff's delta,0.3215,small
adasyn + clustercentroid,random + editednn,1.0,False,Kruskal-Wallis + Dunn,Cliff's delta,-0.0062,negligible
adasyn + clustercentroid,random + condensednn,1.0,False,Kruskal-Wallis + Dunn,Cliff's delta,-0.103,negligible
adasyn + clustercentroid,gaussiancopula + onesidedselection,1.0,False,Kruskal-Wallis + Dunn,Cliff's delta,0.1612,small
adasyn + clustercentroid,gaussiancopula + nearmiss,1.0,False,Kruskal-Wallis + Dunn,Cliff's delta,0.267,small
adasyn + clustercentroid,gaussiancopula + instancehardness,1.0,False,Kruskal-Wallis + Dunn,Cliff's delta,0.3375,medium
adasyn + clustercentroid,gaussiancopula + editednn,1.0,False,Kruskal-Wallis + Dunn,Cliff's delta,0.0114,negligible
adasyn + clustercentroid,gaussiancopula + condensednn,1.0,False,Kruskal-Wallis + Dunn,Cliff's delta,-0.0439,negligible
adasyn + clustercentroid,fastml + onesidedselection,1.0,False,Kruskal-Wallis + Dunn,Cliff's delta,0.2158,small
adasyn + nearmiss,ctgan + condensednn,1.0,False,Kruskal-Wallis + Dunn,Cliff's delta,-0.0715,negligible
adasyn + nearmiss,ctgan + editednn,1.0,False,Kruskal-Wallis + Dunn,Cliff's delta,-0.075,negligible
adasyn + nearmiss,ctgan + instancehardness,1.0,False,Kruskal-Wallis + Dunn,Cliff's delta,0.2782,small
adasyn + random,ctgan + tomeklinks,1.0,False,Kruskal-Wallis + Dunn,Cliff's delta,0.2865,small
adasyn + random,ctgan + random,1.0,False,Kruskal-Wallis + Dunn,Cliff's delta,0.2831,small
adasyn + random,ctgan + onesidedselection,1.0,False,Kruskal-Wallis + Dunn,Cliff's delta,0.1519,small
adasyn + random,ctgan + nearmiss,1.0,False,Kruskal-Wallis + Dunn,Cliff's delta,0.2389,small
adasyn + random,ctgan + instancehardness,1.0,False,Kruskal-Wallis + Dunn,Cliff's delta,0.2569,small
adasyn + random,ctgan + editednn,1.0,False,Kruskal-Wallis + Dunn,Cliff's delta,-0.104,negligible
adasyn + random,ctgan + condensednn,1.0,False,Kruskal-Wallis + Dunn,Cliff's delta,-0.0957,negligible
adasyn + random,ctgan + clustercentroid,1.0,False,Kruskal-Wallis + Dunn,Cliff's delta,0.1557,small
adasyn + random,copulagan + tomeklinks,1.0,False,Kruskal-Wallis + Dunn,Cliff's delta,0.2755,small
adasyn + random,copulagan + random,1.0,False,Kruskal-Wallis + Dunn,Cliff's delta,0.3174,small
adasyn + random,copulagan + onesidedselection,1.0,False,Kruskal-Wallis + Dunn,Cliff's delta,0.1119,negligible
adasyn + random,copulagan + nearmiss,1.0,False,Kruskal-Wallis + Dunn,Cliff's delta,0.2451,small
adasyn + random,copulagan + instancehardness,1.0,False,Kruskal-Wallis + Dunn,Cliff's delta,0.2309,small
adasyn + random,copulagan + editednn,1.0,False,Kruskal-Wallis + Dunn,Cliff's delta,0.0129,negligible
adasyn + random,copulagan + condensednn,1.0,False,Kruskal-Wallis + Dunn,Cliff's delta,-0.1517,small
adasyn + random,copulagan + clustercentroid,1.0,False,Kruskal-Wallis + Dunn,Cliff's delta,0.1855,small
adasyn + random,adasyn + tomeklinks,1.0,False,Kruskal-Wallis + Dunn,Cliff's delta,0.0132,negligible
adasyn + onesidedselection,tvae + onesidedselection,1.0,False,Kruskal-Wallis + Dunn,Cliff's delta,0.2401,small
adasyn + onesidedselection,tvae + editednn,1.0,False,Kruskal-Wallis + Dunn,Cliff's delta,0.109,negligible
adasyn + random,fastml + clustercentroid,1.0,False,Kruskal-Wallis + Dunn,Cliff's delta,0.1895,small
adasyn + onesidedselection,tvae + condensednn,1.0,False,Kruskal-Wallis + Dunn,Cliff's delta,0.0024,negligible
adasyn + random,fastml + condensednn,1.0,False,Kruskal-Wallis + Dunn,Cliff's delta,-0.1113,negligible
adasyn + random,fastml + instancehardness,1.0,False,Kruskal-Wallis + Dunn,Cliff's delta,0.3165,small
adasyn + random,smote + instancehardness,1.0,False,Kruskal-Wallis + Dunn,Cliff's delta,0.2586,small
adasyn + random,smote + editednn,1.0,False,Kruskal-Wallis + Dunn,Cliff's delta,-0.0869,negligible
adasyn + random,smote + condensednn,1.0,False,Kruskal-Wallis + Dunn,Cliff's delta,-0.0401,negligible
adasyn + random,random + onesidedselection,1.0,False,Kruskal-Wallis + Dunn,Cliff's delta,0.1542,small
adasyn + random,random + nearmiss,1.0,False,Kruskal-Wallis + Dunn,Cliff's delta,0.1988,small
adasyn + random,random + instancehardness,1.0,False,Kruskal-Wallis + Dunn,Cliff's delta,0.257,small
adasyn + random,random + editednn,1.0,False,Kruskal-Wallis + Dunn,Cliff's delta,-0.045,negligible
adasyn + random,random + condensednn,1.0,False,Kruskal-Wallis + Dunn,Cliff's delta,-0.1308,negligible
adasyn + random,gaussiancopula + tomeklinks,1.0,False,Kruskal-Wallis + Dunn,Cliff's delta,0.281,small
adasyn + random,gaussiancopula + random,1.0,False,Kruskal-Wallis + Dunn,Cliff's delta,0.2897,small
adasyn + random,gaussiancopula + onesidedselection,1.0,False,Kruskal-Wallis + Dunn,Cliff's delta,0.1278,negligible
adasyn + random,gaussiancopula + nearmiss,1.0,False,Kruskal-Wallis + Dunn,Cliff's delta,0.2104,small
adasyn + random,gaussiancopula + instancehardness,1.0,False,Kruskal-Wallis + Dunn,Cliff's delta,0.2886,small
adasyn + random,gaussiancopula + editednn,1.0,False,Kruskal-Wallis + Dunn,Cliff's delta,0.0039,negligible
adasyn + random,gaussiancopula + condensednn,1.0,False,Kruskal-Wallis + Dunn,Cliff's delta,-0.0182,negligible
adasyn + random,gaussiancopula + clustercentroid,1.0,False,Kruskal-Wallis + Dunn,Cliff's delta,0.1766,small
adasyn + random,fastml + tomeklinks,1.0,False,Kruskal-Wallis + Dunn,Cliff's delta,0.3152,small
adasyn + random,fastml + onesidedselection,1.0,False,Kruskal-Wallis + Dunn,Cliff's delta,0.1882,small
adasyn + random,fastml + nearmiss,1.0,False,Kruskal-Wallis + Dunn,Cliff's delta,0.249,small
adasyn + random,fastml + editednn,1.0,False,Kruskal-Wallis + Dunn,Cliff's delta,-0.1806,small
adasyn + onesidedselection,smote + editednn,1.0,False,Kruskal-Wallis + Dunn,Cliff's delta,0.0406,negligible
adasyn + onesidedselection,smote + condensednn,1.0,False,Kruskal-Wallis + Dunn,Cliff's delta,0.0789,negligible
adasyn + onesidedselection,random + editednn,1.0,False,Kruskal-Wallis + Dunn,Cliff's delta,0.0293,negligible
adasyn + nearmiss,random + instancehardness,1.0,False,Kruskal-Wallis + Dunn,Cliff's delta,0.2743,small
adasyn + nearmiss,random + editednn,1.0,False,Kruskal-Wallis + Dunn,Cliff's delta,-0.0264,negligible
adasyn + nearmiss,random + condensednn,1.0,False,Kruskal-Wallis + Dunn,Cliff's delta,-0.0921,negligible
adasyn + nearmiss,gaussiancopula + tomeklinks,1.0,False,Kruskal-Wallis + Dunn,Cliff's delta,0.3036,small
adasyn + nearmiss,gaussiancopula + onesidedselection,1.0,False,Kruskal-Wallis + Dunn,Cliff's delta,0.1517,small
adasyn + nearmiss,gaussiancopula + nearmiss,1.0,False,Kruskal-Wallis + Dunn,Cliff's delta,0.2431,small
adasyn + nearmiss,gaussiancopula + instancehardness,1.0,False,Kruskal-Wallis + Dunn,Cliff's delta,0.3016,small
adasyn + nearmiss,gaussiancopula + editednn,1.0,False,Kruskal-Wallis + Dunn,Cliff's delta,-0.006,negligible
adasyn + nearmiss,gaussiancopula + condensednn,1.0,False,Kruskal-Wallis + Dunn,Cliff's delta,-0.0323,negligible
adasyn + nearmiss,gaussiancopula + clustercentroid,1.0,False,Kruskal-Wallis + Dunn,Cliff's delta,0.2119,small
adasyn + nearmiss,fastml + onesidedselection,1.0,False,Kruskal-Wallis + Dunn,Cliff's delta,0.2018,small
adasyn + nearmiss,fastml + instancehardness,1.0,False,Kruskal-Wallis + Dunn,Cliff's delta,0.3303,medium
adasyn + nearmiss,fastml + editednn,1.0,False,Kruskal-Wallis + Dunn,Cliff's delta,-0.1329,negligible
adasyn + nearmiss,fastml + condensednn,1.0,False,Kruskal-Wallis + Dunn,Cliff's delta,-0.0718,negligible
adasyn + nearmiss,fastml + clustercentroid,1.0,False,Kruskal-Wallis + Dunn,Cliff's delta,0.2351,small
adasyn + nearmiss,ctgan + tomeklinks,1.0,False,Kruskal-Wallis + Dunn,Cliff's delta,0.3086,small
adasyn + nearmiss,ctgan + random,1.0,False,Kruskal-Wallis + Dunn,Cliff's delta,0.3272,small
adasyn + nearmiss,ctgan + onesidedselection,1.0,False,Kruskal-Wallis + Dunn,Cliff's delta,0.1669,small
adasyn + nearmiss,ctgan + nearmiss,1.0,False,Kruskal-Wallis + Dunn,Cliff's delta,0.2879,small
adasyn + nearmiss,random + onesidedselection,1.0,False,Kruskal-Wallis + Dunn,Cliff's delta,0.1634,small
adasyn + nearmiss,smote + condensednn,1.0,False,Kruskal-Wallis + Dunn,Cliff's delta,-0.0145,negligible
adasyn + nearmiss,smote + editednn,1.0,False,Kruskal-Wallis + Dunn,Cliff's delta,-0.0628,negligible
adasyn + nearmiss,smote + instancehardness,1.0,False,Kruskal-Wallis + Dunn,Cliff's delta,0.261,small
adasyn + onesidedselection,random + condensednn,1.0,False,Kruskal-Wallis + Dunn,Cliff's delta,-0.0136,negligible
adasyn + onesidedselection,gaussiancopula + onesidedselection,1.0,False,Kruskal-Wallis + Dunn,Cliff's delta,0.2229,small
adasyn + onesidedselection,gaussiancopula + editednn,1.0,False,Kruskal-Wallis + Dunn,Cliff's delta,0.0883,negligible
adasyn + onesidedselection,gaussiancopula + condensednn,1.0,False,Kruskal-Wallis + Dunn,Cliff's delta,0.0323,negligible
adasyn + onesidedselection,fastml + editednn,1.0,False,Kruskal-Wallis + Dunn,Cliff's delta,-0.028,negligible
adasyn + onesidedselection,fastml + condensednn,1.0,False,Kruskal-Wallis + Dunn,Cliff's delta,0.0176,negligible
adasyn + onesidedselection,ctgan + editednn,1.0,False,Kruskal-Wallis + Dunn,Cliff's delta,0.0059,negligible
adasyn + onesidedselection,ctgan + condensednn,1.0,False,Kruskal-Wallis + Dunn,Cliff's delta,0.0239,negligible
adasyn + onesidedselection,copulagan + onesidedselection,1.0,False,Kruskal-Wallis + Dunn,Cliff's delta,0.17,small
copulagan + nearmiss,random + tomeklinks,1.0,False,Kruskal-Wallis + Dunn,Cliff's delta,0.1033,negligible
adasyn + onesidedselection,copulagan + editednn,1.0,False,Kruskal-Wallis + Dunn,Cliff's delta,0.0735,negligible
adasyn + onesidedselection,adasyn + tomeklinks,1.0,False,Kruskal-Wallis + Dunn,Cliff's delta,0.0187,negligible
adasyn + onesidedselection,adasyn + random,1.0,False,Kruskal-Wallis + Dunn,Cliff's delta,0.1146,negligible
adasyn + nearmiss,tvae + onesidedselection,1.0,False,Kruskal-Wallis + Dunn,Cliff's delta,0.1415,negligible
adasyn + nearmiss,tvae + nearmiss,1.0,False,Kruskal-Wallis + Dunn,Cliff's delta,0.3011,small
adasyn + nearmiss,tvae + instancehardness,1.0,False,Kruskal-Wallis + Dunn,Cliff's delta,0.3424,medium
adasyn + nearmiss,tvae + editednn,1.0,False,Kruskal-Wallis + Dunn,Cliff's delta,-0.0238,negligible
adasyn + nearmiss,tvae + condensednn,1.0,False,Kruskal-Wallis + Dunn,Cliff's delta,-0.1068,negligible
adasyn + nearmiss,tvae + clustercentroid,1.0,False,Kruskal-Wallis + Dunn,Cliff's delta,0.3357,medium
adasyn + nearmiss,smote + onesidedselection,1.0,False,Kruskal-Wallis + Dunn,Cliff's delta,0.2305,small
adasyn + onesidedselection,copulagan + condensednn,1.0,False,Kruskal-Wallis + Dunn,Cliff's delta,-0.0026,negligible
copulagan + nearmiss,smote + clustercentroid,1.0,False,Kruskal-Wallis + Dunn,Cliff's delta,0.1241,negligible
copulagan + nearmiss,smote + instancehardness,1.0,False,Kruskal-Wallis + Dunn,Cliff's delta,0.0058,negligible
copulagan + nearmiss,smote + nearmiss,1.0,False,Kruskal-Wallis + Dunn,Cliff's delta,0.0942,negligible
ctgan + onesidedselection,fastml + nearmiss,1.0,False,Kruskal-Wallis + Dunn,Cliff's delta,0.0807,negligible
ctgan + onesidedselection,fastml + instancehardness,1.0,False,Kruskal-Wallis + Dunn,Cliff's delta,0.0437,negligible
ctgan + onesidedselection,fastml + clustercentroid,1.0,False,Kruskal-Wallis + Dunn,Cliff's delta,0.0337,negligible
ctgan + onesidedselection,ctgan + tomeklinks,1.0,False,Kruskal-Wallis + Dunn,Cliff's delta,0.0716,negligible
ctgan + onesidedselection,ctgan + random,1.0,False,Kruskal-Wallis + Dunn,Cliff's delta,0.0615,negligible
ctgan + nearmiss,tvae + tomeklinks,1.0,False,Kruskal-Wallis + Dunn,Cliff's delta,0.0258,negligible
ctgan + nearmiss,tvae + random,1.0,False,Kruskal-Wallis + Dunn,Cliff's delta,0.033,negligible
ctgan + nearmiss,tvae + onesidedselection,1.0,False,Kruskal-Wallis + Dunn,Cliff's delta,-0.0971,negligible
ctgan + nearmiss,tvae + nearmiss,1.0,False,Kruskal-Wallis + Dunn,Cliff's delta,-0.0021,negligible
ctgan + nearmiss,tvae + instancehardness,1.0,False,Kruskal-Wallis + Dunn,Cliff's delta,-0.0468,negligible
ctgan + nearmiss,tvae + clustercentroid,1.0,False,Kruskal-Wallis + Dunn,Cliff's delta,-0.0068,negligible
ctgan + nearmiss,smote + tomeklinks,1.0,False,Kruskal-Wallis + Dunn,Cliff's delta,0.1073,negligible
ctgan + nearmiss,smote + random,1.0,False,Kruskal-Wallis + Dunn,Cliff's delta,0.1042,negligible
ctgan + nearmiss,smote + onesidedselection,1.0,False,Kruskal-Wallis + Dunn,Cliff's delta,0.0153,negligible
ctgan + nearmiss,smote + nearmiss,1.0,False,Kruskal-Wallis + Dunn,Cliff's delta,0.0352,negligible
ctgan + nearmiss,smote + instancehardness,1.0,False,Kruskal-Wallis + Dunn,Cliff's delta,-0.0287,negligible
ctgan + nearmiss,smote + clustercentroid,1.0,False,Kruskal-Wallis + Dunn,Cliff's delta,0.1042,negligible
ctgan + nearmiss,random + tomeklinks,1.0,False,Kruskal-Wallis + Dunn,Cliff's delta,0.0524,negligible
ctgan + nearmiss,random + random,1.0,False,Kruskal-Wallis + Dunn,Cliff's delta,0.0732,negligible
ctgan + onesidedselection,fastml + onesidedselection,1.0,False,Kruskal-Wallis + Dunn,Cliff's delta,0.0266,negligible
ctgan + nearmiss,random + onesidedselection,1.0,False,Kruskal-Wallis + Dunn,Cliff's delta,-0.04,negligible
ctgan + onesidedselection,fastml + random,1.0,False,Kruskal-Wallis + Dunn,Cliff's delta,0.0738,negligible
ctgan + onesidedselection,gaussiancopula + clustercentroid,1.0,False,Kruskal-Wallis + Dunn,Cliff's delta,0.0263,negligible
ctgan + onesidedselection,tvae + instancehardness,1.0,False,Kruskal-Wallis + Dunn,Cliff's delta,0.0107,negligible
ctgan + onesidedselection,tvae + clustercentroid,1.0,False,Kruskal-Wallis + Dunn,Cliff's delta,0.0451,negligible
ctgan + onesidedselection,smote + tomeklinks,1.0,False,Kruskal-Wallis + Dunn,Cliff's delta,0.1462,negligible
ctgan + onesidedselection,smote + random,1.0,False,Kruskal-Wallis + Dunn,Cliff's delta,0.1565,small
ctgan + onesidedselection,smote + onesidedselection,1.0,False,Kruskal-Wallis + Dunn,Cliff's delta,0.1036,negligible
ctgan + onesidedselection,smote + nearmiss,1.0,False,Kruskal-Wallis + Dunn,Cliff's delta,0.1235,negligible
ctgan + onesidedselection,smote + instancehardness,1.0,False,Kruskal-Wallis + Dunn,Cliff's delta,0.0379,negligible
ctgan + onesidedselection,smote + clustercentroid,1.0,False,Kruskal-Wallis + Dunn,Cliff's delta,0.1315,negligible
ctgan + onesidedselection,random + tomeklinks,1.0,False,Kruskal-Wallis + Dunn,Cliff's delta,0.1209,negligible
ctgan + onesidedselection,random + random,1.0,False,Kruskal-Wallis + Dunn,Cliff's delta,0.1174,negligible
ctgan + onesidedselection,random + onesidedselection,1.0,False,Kruskal-Wallis + Dunn,Cliff's delta,0.034,negligible
ctgan + onesidedselection,random + nearmiss,1.0,False,Kruskal-Wallis + Dunn,Cliff's delta,0.1032,negligible
ctgan + onesidedselection,random + instancehardness,1.0,False,Kruskal-Wallis + Dunn,Cliff's delta,0.0283,negligible
ctgan + onesidedselection,random + clustercentroid,1.0,False,Kruskal-Wallis + Dunn,Cliff's delta,0.0892,negligible
ctgan + onesidedselection,gaussiancopula + tomeklinks,1.0,False,Kruskal-Wallis + Dunn,Cliff's delta,0.0503,negligible
ctgan + onesidedselection,gaussiancopula + random,1.0,False,Kruskal-Wallis + Dunn,Cliff's delta,0.0636,negligible
ctgan + onesidedselection,gaussiancopula + onesidedselection,1.0,False,Kruskal-Wallis + Dunn,Cliff's delta,0.0272,negligible
ctgan + onesidedselection,gaussiancopula + nearmiss,1.0,False,Kruskal-Wallis + Dunn,Cliff's delta,0.049,negligible
ctgan + onesidedselection,gaussiancopula + instancehardness,1.0,False,Kruskal-Wallis + Dunn,Cliff's delta,0.0308,negligible
ctgan + onesidedselection,fastml + tomeklinks,1.0,False,Kruskal-Wallis + Dunn,Cliff's delta,0.0738,negligible
ctgan + onesidedselection,tvae + nearmiss,1.0,False,Kruskal-Wallis + Dunn,Cliff's delta,0.0717,negligible
ctgan + nearmiss,random + nearmiss,1.0,False,Kruskal-Wallis + Dunn,Cliff's delta,0.0136,negligible
ctgan + nearmiss,random + clustercentroid,1.0,False,Kruskal-Wallis + Dunn,Cliff's delta,0.047,negligible
ctgan + instancehardness,smote + onesidedselection,1.0,False,Kruskal-Wallis + Dunn,Cliff's delta,0.0417,negligible
ctgan + instancehardness,smote + nearmiss,1.0,False,Kruskal-Wallis + Dunn,Cliff's delta,0.0709,negligible
ctgan + instancehardness,smote + instancehardness,1.0,False,Kruskal-Wallis + Dunn,Cliff's delta,-0.009,negligible
ctgan + instancehardness,smote + clustercentroid,1.0,False,Kruskal-Wallis + Dunn,Cliff's delta,0.1167,negligible
ctgan + instancehardness,random + tomeklinks,1.0,False,Kruskal-Wallis + Dunn,Cliff's delta,0.0766,negligible
ctgan + instancehardness,random + random,1.0,False,Kruskal-Wallis + Dunn,Cliff's delta,0.0674,negligible
ctgan + instancehardness,random + onesidedselection,1.0,False,Kruskal-Wallis + Dunn,Cliff's delta,-0.0268,negligible
ctgan + instancehardness,random + nearmiss,1.0,False,Kruskal-Wallis + Dunn,Cliff's delta,0.0207,negligible
ctgan + instancehardness,random + instancehardness,1.0,False,Kruskal-Wallis + Dunn,Cliff's delta,-0.0143,negligible
ctgan + instancehardness,random + clustercentroid,1.0,False,Kruskal-Wallis + Dunn,Cliff's delta,0.042,negligible
ctgan + instancehardness,gaussiancopula + tomeklinks,1.0,False,Kruskal-Wallis + Dunn,Cliff's delta,0.0031,negligible
ctgan + instancehardness,gaussiancopula + random,1.0,False,Kruskal-Wallis + Dunn,Cliff's delta,0.026,negligible
ctgan + instancehardness,gaussiancopula + onesidedselection,1.0,False,Kruskal-Wallis + Dunn,Cliff's delta,-0.0285,negligible
ctgan + instancehardness,gaussiancopula + nearmiss,1.0,False,Kruskal-Wallis + Dunn,Cliff's delta,0.0038,negligible
ctgan + instancehardness,gaussiancopula + instancehardness,1.0,False,Kruskal-Wallis + Dunn,Cliff's delta,-0.0102,negligible
ctgan + instancehardness,gaussiancopula + clustercentroid,1.0,False,Kruskal-Wallis + Dunn,Cliff's delta,-0.0332,negligible
ctgan + instancehardness,fastml + tomeklinks,1.0,False,Kruskal-Wallis + Dunn,Cliff's delta,0.0389,negligible
ctgan + instancehardness,fastml + random,1.0,False,Kruskal-Wallis + Dunn,Cliff's delta,0.0631,negligible
ctgan + instancehardness,fastml + onesidedselection,1.0,False,Kruskal-Wallis + Dunn,Cliff's delta,-0.0201,negligible
ctgan + instancehardness,smote + random,1.0,False,Kruskal-Wallis + Dunn,Cliff's delta,0.0932,negligible
ctgan + nearmiss,random + instancehardness,1.0,False,Kruskal-Wallis + Dunn,Cliff's delta,-0.0104,negligible
ctgan + instancehardness,smote + tomeklinks,1.0,False,Kruskal-Wallis + Dunn,Cliff's delta,0.121,negligible
ctgan + instancehardness,tvae + instancehardness,1.0,False,Kruskal-Wallis + Dunn,Cliff's delta,-0.0164,negligible
ctgan + nearmiss,gaussiancopula + tomeklinks,1.0,False,Kruskal-Wallis + Dunn,Cliff's delta,0.006,negligible
ctgan + nearmiss,gaussiancopula + random,1.0,False,Kruskal-Wallis + Dunn,Cliff's delta,0.0412,negligible
ctgan + nearmiss,gaussiancopula + onesidedselection,1.0,False,Kruskal-Wallis + Dunn,Cliff's delta,-0.0536,negligible
ctgan + nearmiss,gaussiancopula + nearmiss,1.0,False,Kruskal-Wallis + Dunn,Cliff's delta,-0.0168,negligible
ctgan + nearmiss,gaussiancopula + instancehardness,1.0,False,Kruskal-Wallis + Dunn,Cliff's delta,-0.019,negligible
ctgan + nearmiss,gaussiancopula + clustercentroid,1.0,False,Kruskal-Wallis + Dunn,Cliff's delta,-0.0397,negligible
ctgan + nearmiss,fastml + tomeklinks,1.0,False,Kruskal-Wallis + Dunn,Cliff's delta,0.0295,negligible
ctgan + nearmiss,fastml + random,1.0,False,Kruskal-Wallis + Dunn,Cliff's delta,0.0443,negligible
ctgan + nearmiss,fastml + onesidedselection,1.0,False,Kruskal-Wallis + Dunn,Cliff's delta,-0.0409,negligible
ctgan + nearmiss,fastml + nearmiss,1.0,False,Kruskal-Wallis + Dunn,Cliff's delta,0.0094,negligible
ctgan + nearmiss,fastml + instancehardness,1.0,False,Kruskal-Wallis + Dunn,Cliff's delta,-0.0127,negligible
ctgan + nearmiss,fastml + clustercentroid,1.0,False,Kruskal-Wallis + Dunn,Cliff's delta,-0.0391,negligible
ctgan + nearmiss,ctgan + tomeklinks,1.0,False,Kruskal-Wallis + Dunn,Cliff's delta,0.0056,negligible
ctgan + nearmiss,ctgan + random,1.0,False,Kruskal-Wallis + Dunn,Cliff's delta,0.0091,negligible
ctgan + nearmiss,ctgan + onesidedselection,1.0,False,Kruskal-Wallis + Dunn,Cliff's delta,-0.0508,negligible
ctgan + instancehardness,tvae + tomeklinks,1.0,False,Kruskal-Wallis + Dunn,Cliff's delta,0.0274,negligible
ctgan + instancehardness,tvae + random,1.0,False,Kruskal-Wallis + Dunn,Cliff's delta,0.04,negligible
ctgan + instancehardness,tvae + onesidedselection,1.0,False,Kruskal-Wallis + Dunn,Cliff's delta,-0.0698,negligible
ctgan + instancehardness,tvae + nearmiss,1.0,False,Kruskal-Wallis + Dunn,Cliff's delta,0.0086,negligible
ctgan + instancehardness,tvae + clustercentroid,1.0,False,Kruskal-Wallis + Dunn,Cliff's delta,-0.0008,negligible
ctgan + onesidedselection,tvae + onesidedselection,1.0,False,Kruskal-Wallis + Dunn,Cliff's delta,-0.0359,negligible
ctgan + onesidedselection,tvae + random,1.0,False,Kruskal-Wallis + Dunn,Cliff's delta,0.0728,negligible
ctgan + onesidedselection,tvae + tomeklinks,1.0,False,Kruskal-Wallis + Dunn,Cliff's delta,0.0738,negligible
fastml + clustercentroid,fastml + tomeklinks,1.0,False,Kruskal-Wallis + Dunn,Cliff's delta,0.0615,negligible
fastml + clustercentroid,fastml + random,1.0,False,Kruskal-Wallis + Dunn,Cliff's delta,0.0754,negligible
fastml + clustercentroid,fastml + onesidedselection,1.0,False,Kruskal-Wallis + Dunn,Cliff's delta,0.01,negligible
fastml + clustercentroid,fastml + nearmiss,1.0,False,Kruskal-Wallis + Dunn,Cliff's delta,0.0398,negligible
fastml + clustercentroid,fastml + instancehardness,1.0,False,Kruskal-Wallis + Dunn,Cliff's delta,0.0174,negligible
ctgan + tomeklinks,tvae + tomeklinks,1.0,False,Kruskal-Wallis + Dunn,Cliff's delta,-0.0064,negligible
ctgan + tomeklinks,tvae + random,1.0,False,Kruskal-Wallis + Dunn,Cliff's delta,0.0299,negligible
ctgan + tomeklinks,tvae + onesidedselection,1.0,False,Kruskal-Wallis + Dunn,Cliff's delta,-0.1043,negligible
ctgan + tomeklinks,tvae + nearmiss,1.0,False,Kruskal-Wallis + Dunn,Cliff's delta,-0.0058,negligible
ctgan + tomeklinks,tvae + instancehardness,1.0,False,Kruskal-Wallis + Dunn,Cliff's delta,-0.0332,negligible
ctgan + tomeklinks,tvae + clustercentroid,1.0,False,Kruskal-Wallis + Dunn,Cliff's delta,-0.0022,negligible
ctgan + tomeklinks,smote + tomeklinks,1.0,False,Kruskal-Wallis + Dunn,Cliff's delta,0.0923,negligible
ctgan + tomeklinks,smote + random,1.0,False,Kruskal-Wallis + Dunn,Cliff's delta,0.1139,negligible
ctgan + tomeklinks,smote + onesidedselection,1.0,False,Kruskal-Wallis + Dunn,Cliff's delta,0.0364,negligible
ctgan + tomeklinks,smote + nearmiss,1.0,False,Kruskal-Wallis + Dunn,Cliff's delta,0.0702,negligible
ctgan + tomeklinks,smote + instancehardness,1.0,False,Kruskal-Wallis + Dunn,Cliff's delta,-0.0003,negligible
ctgan + tomeklinks,smote + clustercentroid,1.0,False,Kruskal-Wallis + Dunn,Cliff's delta,0.0953,negligible
ctgan + tomeklinks,random + tomeklinks,1.0,False,Kruskal-Wallis + Dunn,Cliff's delta,0.0757,negligible
ctgan + tomeklinks,random + random,1.0,False,Kruskal-Wallis + Dunn,Cliff's delta,0.0635,negligible
fastml + clustercentroid,gaussiancopula + clustercentroid,1.0,False,Kruskal-Wallis + Dunn,Cliff's delta,0.0179,negligible
ctgan + tomeklinks,random + onesidedselection,1.0,False,Kruskal-Wallis + Dunn,Cliff's delta,-0.0427,negligible
fastml + clustercentroid,gaussiancopula + instancehardness,1.0,False,Kruskal-Wallis + Dunn,Cliff's delta,0.0421,negligible
fastml + clustercentroid,gaussiancopula + onesidedselection,1.0,False,Kruskal-Wallis + Dunn,Cliff's delta,-0.0361,negligible
fastml + clustercentroid,tvae + random,1.0,False,Kruskal-Wallis + Dunn,Cliff's delta,0.0731,negligible
fastml + clustercentroid,tvae + onesidedselection,1.0,False,Kruskal-Wallis + Dunn,Cliff's delta,-0.0596,negligible
fastml + clustercentroid,tvae + nearmiss,1.0,False,Kruskal-Wallis + Dunn,Cliff's delta,0.0302,negligible
fastml + clustercentroid,tvae + instancehardness,1.0,False,Kruskal-Wallis + Dunn,Cliff's delta,0.0045,negligible
fastml + clustercentroid,tvae + clustercentroid,1.0,False,Kruskal-Wallis + Dunn,Cliff's delta,0.04,negligible
fastml + clustercentroid,smote + tomeklinks,1.0,False,Kruskal-Wallis + Dunn,Cliff's delta,0.1168,negligible
fastml + clustercentroid,smote + random,1.0,False,Kruskal-Wallis + Dunn,Cliff's delta,0.1445,negligible
fastml + clustercentroid,smote + onesidedselection,1.0,False,Kruskal-Wallis + Dunn,Cliff's delta,0.0317,negligible
fastml + clustercentroid,smote + nearmiss,1.0,False,Kruskal-Wallis + Dunn,Cliff's delta,0.0939,negligible
fastml + clustercentroid,smote + instancehardness,1.0,False,Kruskal-Wallis + Dunn,Cliff's delta,0.0272,negligible
fastml + clustercentroid,smote + clustercentroid,1.0,False,Kruskal-Wallis + Dunn,Cliff's delta,0.1513,small
fastml + clustercentroid,random + tomeklinks,1.0,False,Kruskal-Wallis + Dunn,Cliff's delta,0.1058,negligible
fastml + clustercentroid,random + random,1.0,False,Kruskal-Wallis + Dunn,Cliff's delta,0.1116,negligible
fastml + clustercentroid,random + onesidedselection,1.0,False,Kruskal-Wallis + Dunn,Cliff's delta,-0.0206,negligible
fastml + clustercentroid,random + nearmiss,1.0,False,Kruskal-Wallis + Dunn,Cliff's delta,0.06,negligible
fastml + clustercentroid,random + instancehardness,1.0,False,Kruskal-Wallis + Dunn,Cliff's delta,0.0293,negligible
fastml + clustercentroid,random + clustercentroid,1.0,False,Kruskal-Wallis + Dunn,Cliff's delta,0.0896,negligible
fastml + clustercentroid,gaussiancopula + tomeklinks,1.0,False,Kruskal-Wallis + Dunn,Cliff's delta,0.0498,negligible
fastml + clustercentroid,gaussiancopula + random,1.0,False,Kruskal-Wallis + Dunn,Cliff's delta,0.0827,negligible
fastml + clustercentroid,gaussiancopula + nearmiss,1.0,False,Kruskal-Wallis + Dunn,Cliff's delta,0.0232,negligible
ctgan + tomeklinks,random + nearmiss,1.0,False,Kruskal-Wallis + Dunn,Cliff's delta,0.0191,negligible
ctgan + tomeklinks,random + instancehardness,1.0,False,Kruskal-Wallis + Dunn,Cliff's delta,-0.0239,negligible
ctgan + tomeklinks,random + clustercentroid,1.0,False,Kruskal-Wallis + Dunn,Cliff's delta,0.0301,negligible
ctgan + random,random + tomeklinks,1.0,False,Kruskal-Wallis + Dunn,Cliff's delta,0.0555,negligible
ctgan + random,random + random,1.0,False,Kruskal-Wallis + Dunn,Cliff's delta,0.0588,negligible
ctgan + random,random + onesidedselection,1.0,False,Kruskal-Wallis + Dunn,Cliff's delta,-0.0536,negligible
ctgan + random,random + nearmiss,1.0,False,Kruskal-Wallis + Dunn,Cliff's delta,-0.0087,negligible
ctgan + random,random + instancehardness,1.0,False,Kruskal-Wallis + Dunn,Cliff's delta,-0.0089,negligible
ctgan + random,random + clustercentroid,1.0,False,Kruskal-Wallis + Dunn,Cliff's delta,0.0293,negligible
ctgan + random,gaussiancopula + tomeklinks,1.0,False,Kruskal-Wallis + Dunn,Cliff's delta,0.0018,negligible
ctgan + random,gaussiancopula + random,1.0,False,Kruskal-Wallis + Dunn,Cliff's delta,0.0112,negligible
ctgan + random,gaussiancopula + onesidedselection,1.0,False,Kruskal-Wallis + Dunn,Cliff's delta,-0.0601,negligible
ctgan + random,gaussiancopula + nearmiss,1.0,False,Kruskal-Wallis + Dunn,Cliff's delta,-0.0241,negligible
ctgan + random,gaussiancopula + instancehardness,1.0,False,Kruskal-Wallis + Dunn,Cliff's delta,-0.01,negligible
ctgan + random,gaussiancopula + clustercentroid,1.0,False,Kruskal-Wallis + Dunn,Cliff's delta,-0.0467,negligible
ctgan + random,fastml + tomeklinks,1.0,False,Kruskal-Wallis + Dunn,Cliff's delta,0.0289,negligible
ctgan + random,fastml + random,1.0,False,Kruskal-Wallis + Dunn,Cliff's delta,0.0587,negligible
ctgan + random,fastml + onesidedselection,1.0,False,Kruskal-Wallis + Dunn,Cliff's delta,-0.0418,negligible
ctgan + random,fastml + nearmiss,1.0,False,Kruskal-Wallis + Dunn,Cliff's delta,0.0034,negligible
ctgan + random,fastml + instancehardness,1.0,False,Kruskal-Wallis + Dunn,Cliff's delta,0.0059,negligible
ctgan + random,fastml + clustercentroid,1.0,False,Kruskal-Wallis + Dunn,Cliff's delta,-0.0416,negligible
ctgan + random,ctgan + tomeklinks,1.0,False,Kruskal-Wallis + Dunn,Cliff's delta,-0.0068,negligible
ctgan + random,smote + clustercentroid,1.0,False,Kruskal-Wallis + Dunn,Cliff's delta,0.1017,negligible
ctgan + random,smote + instancehardness,1.0,False,Kruskal-Wallis + Dunn,Cliff's delta,-0.0396,negligible
ctgan + random,smote + nearmiss,1.0,False,Kruskal-Wallis + Dunn,Cliff's delta,0.0455,negligible
ctgan + random,smote + onesidedselection,1.0,False,Kruskal-Wallis + Dunn,Cliff's delta,0.0088,negligible
ctgan + tomeklinks,gaussiancopula + tomeklinks,1.0,False,Kruskal-Wallis + Dunn,Cliff's delta,-0.012,negligible
ctgan + tomeklinks,gaussiancopula + random,1.0,False,Kruskal-Wallis + Dunn,Cliff's delta,0.0168,negligible
ctgan + tomeklinks,gaussiancopula + onesidedselection,1.0,False,Kruskal-Wallis + Dunn,Cliff's delta,-0.0758,negligible
ctgan + tomeklinks,gaussiancopula + nearmiss,1.0,False,Kruskal-Wallis + Dunn,Cliff's delta,-0.0285,negligible
ctgan + tomeklinks,gaussiancopula + instancehardness,1.0,False,Kruskal-Wallis + Dunn,Cliff's delta,-0.007,negligible
ctgan + tomeklinks,gaussiancopula + clustercentroid,1.0,False,Kruskal-Wallis + Dunn,Cliff's delta,-0.0288,negligible
ctgan + tomeklinks,fastml + tomeklinks,1.0,False,Kruskal-Wallis + Dunn,Cliff's delta,0.0344,negligible
ctgan + tomeklinks,fastml + random,1.0,False,Kruskal-Wallis + Dunn,Cliff's delta,0.0289,negligible
ctgan + tomeklinks,fastml + onesidedselection,1.0,False,Kruskal-Wallis + Dunn,Cliff's delta,-0.0173,negligible
ctgan + instancehardness,fastml + nearmiss,1.0,False,Kruskal-Wallis + Dunn,Cliff's delta,0.0196,negligible
ctgan + tomeklinks,fastml + nearmiss,1.0,False,Kruskal-Wallis + Dunn,Cliff's delta,0.0114,negligible
ctgan + tomeklinks,fastml + clustercentroid,1.0,False,Kruskal-Wallis + Dunn,Cliff's delta,-0.0222,negligible
ctgan + random,tvae + tomeklinks,1.0,False,Kruskal-Wallis + Dunn,Cliff's delta,0.034,negligible
ctgan + random,tvae + random,1.0,False,Kruskal-Wallis + Dunn,Cliff's delta,0.0305,negligible
ctgan + random,tvae + onesidedselection,1.0,False,Kruskal-Wallis + Dunn,Cliff's delta,-0.0891,negligible
ctgan + random,tvae + nearmiss,1.0,False,Kruskal-Wallis + Dunn,Cliff's delta,-0.0099,negligible
ctgan + random,tvae + instancehardness,1.0,False,Kruskal-Wallis + Dunn,Cliff's delta,-0.0226,negligible
ctgan + random,tvae + clustercentroid,1.0,False,Kruskal-Wallis + Dunn,Cliff's delta,0.0111,negligible
ctgan + random,smote + tomeklinks,1.0,False,Kruskal-Wallis + Dunn,Cliff's delta,0.095,negligible
ctgan + random,smote + random,1.0,False,Kruskal-Wallis + Dunn,Cliff's delta,0.1162,negligible
ctgan + tomeklinks,fastml + instancehardness,1.0,False,Kruskal-Wallis + Dunn,Cliff's delta,0.0084,negligible
fastml + condensednn,fastml + editednn,1.0,False,Kruskal-Wallis + Dunn,Cliff's delta,0.0207,negligible
ctgan + instancehardness,fastml + instancehardness,1.0,False,Kruskal-Wallis + Dunn,Cliff's delta,-0.0035,negligible
ctgan + instancehardness,ctgan + tomeklinks,1.0,False,Kruskal-Wallis + Dunn,Cliff's delta,0.0227,negligible
copulagan + random,gaussiancopula + onesidedselection,1.0,False,Kruskal-Wallis + Dunn,Cliff's delta,-0.0729,negligible
copulagan + random,gaussiancopula + nearmiss,1.0,False,Kruskal-Wallis + Dunn,Cliff's delta,-0.0406,negligible
copulagan + random,gaussiancopula + instancehardness,1.0,False,Kruskal-Wallis + Dunn,Cliff's delta,-0.045,negligible
copulagan + random,gaussiancopula + clustercentroid,1.0,False,Kruskal-Wallis + Dunn,Cliff's delta,-0.0609,negligible
copulagan + random,fastml + tomeklinks,1.0,False,Kruskal-Wallis + Dunn,Cliff's delta,-0.0033,negligible
copulagan + random,fastml + random,1.0,False,Kruskal-Wallis + Dunn,Cliff's delta,-0.0033,negligible
copulagan + random,fastml + onesidedselection,1.0,False,Kruskal-Wallis + Dunn,Cliff's delta,-0.0492,negligible
copulagan + random,fastml + nearmiss,1.0,False,Kruskal-Wallis + Dunn,Cliff's delta,-0.0156,negligible
copulagan + random,fastml + instancehardness,1.0,False,Kruskal-Wallis + Dunn,Cliff's delta,-0.0309,negligible
copulagan + random,fastml + clustercentroid,1.0,False,Kruskal-Wallis + Dunn,Cliff's delta,-0.0594,negligible
copulagan + random,ctgan + tomeklinks,1.0,False,Kruskal-Wallis + Dunn,Cliff's delta,-0.0238,negligible
copulagan + random,ctgan + random,1.0,False,Kruskal-Wallis + Dunn,Cliff's delta,-0.0397,negligible
copulagan + random,ctgan + onesidedselection,1.0,False,Kruskal-Wallis + Dunn,Cliff's delta,-0.0629,negligible
copulagan + random,ctgan + nearmiss,1.0,False,Kruskal-Wallis + Dunn,Cliff's delta,-0.0235,negligible
copulagan + random,ctgan + instancehardness,1.0,False,Kruskal-Wallis + Dunn,Cliff's delta,-0.0499,negligible
copulagan + random,ctgan + clustercentroid,1.0,False,Kruskal-Wallis + Dunn,Cliff's delta,-0.0852,negligible
copulagan + random,copulagan + tomeklinks,1.0,False,Kruskal-Wallis + Dunn,Cliff's delta,-0.0246,negligible
copulagan + onesidedselection,tvae + tomeklinks,1.0,False,Kruskal-Wallis + Dunn,Cliff's delta,0.0911,negligible
copulagan + onesidedselection,tvae + random,1.0,False,Kruskal-Wallis + Dunn,Cliff's delta,0.1059,negligible
copulagan + random,gaussiancopula + random,1.0,False,Kruskal-Wallis + Dunn,Cliff's delta,-0.0084,negligible
copulagan + onesidedselection,tvae + onesidedselection,1.0,False,Kruskal-Wallis + Dunn,Cliff's delta,-0.0148,negligible
copulagan + random,gaussiancopula + tomeklinks,1.0,False,Kruskal-Wallis + Dunn,Cliff's delta,-0.0251,negligible
copulagan + random,random + instancehardness,1.0,False,Kruskal-Wallis + Dunn,Cliff's delta,-0.0675,negligible
copulagan + tomeklinks,ctgan + nearmiss,1.0,False,Kruskal-Wallis + Dunn,Cliff's delta,-0.0031,negligible
copulagan + tomeklinks,ctgan + instancehardness,1.0,False,Kruskal-Wallis + Dunn,Cliff's delta,-0.0301,negligible
copulagan + tomeklinks,ctgan + clustercentroid,1.0,False,Kruskal-Wallis + Dunn,Cliff's delta,-0.0783,negligible
copulagan + random,tvae + tomeklinks,1.0,False,Kruskal-Wallis + Dunn,Cliff's delta,0.0049,negligible
copulagan + random,tvae + random,1.0,False,Kruskal-Wallis + Dunn,Cliff's delta,0.0113,negligible
copulagan + random,tvae + onesidedselection,1.0,False,Kruskal-Wallis + Dunn,Cliff's delta,-0.0956,negligible
copulagan + random,tvae + nearmiss,1.0,False,Kruskal-Wallis + Dunn,Cliff's delta,-0.0326,negligible
copulagan + random,tvae + instancehardness,1.0,False,Kruskal-Wallis + Dunn,Cliff's delta,-0.0613,negligible
copulagan + random,tvae + clustercentroid,1.0,False,Kruskal-Wallis + Dunn,Cliff's delta,-0.0423,negligible
copulagan + random,smote + tomeklinks,1.0,False,Kruskal-Wallis + Dunn,Cliff's delta,0.0686,negligible
copulagan + random,smote + random,1.0,False,Kruskal-Wallis + Dunn,Cliff's delta,0.0467,negligible
copulagan + random,smote + onesidedselection,1.0,False,Kruskal-Wallis + Dunn,Cliff's delta,-0.0195,negligible
copulagan + random,smote + nearmiss,1.0,False,Kruskal-Wallis + Dunn,Cliff's delta,0.002,negligible
copulagan + random,smote + instancehardness,1.0,False,Kruskal-Wallis + Dunn,Cliff's delta,-0.0502,negligible
copulagan + random,smote + clustercentroid,1.0,False,Kruskal-Wallis + Dunn,Cliff's delta,0.0712,negligible
copulagan + random,random + tomeklinks,1.0,False,Kruskal-Wallis + Dunn,Cliff's delta,0.0137,negligible
copulagan + random,random + random,1.0,False,Kruskal-Wallis + Dunn,Cliff's delta,0.0113,negligible
copulagan + random,random + onesidedselection,1.0,False,Kruskal-Wallis + Dunn,Cliff's delta,-0.0626,negligible
copulagan + random,random + nearmiss,1.0,False,Kruskal-Wallis + Dunn,Cliff's delta,-0.0303,negligible
copulagan + random,random + clustercentroid,1.0,False,Kruskal-Wallis + Dunn,Cliff's delta,-0.009,negligible
copulagan + tomeklinks,ctgan + onesidedselection,1.0,False,Kruskal-Wallis + Dunn,Cliff's delta,-0.0763,negligible
copulagan + onesidedselection,tvae + nearmiss,1.0,False,Kruskal-Wallis + Dunn,Cliff's delta,0.0865,negligible
copulagan + onesidedselection,tvae + clustercentroid,1.0,False,Kruskal-Wallis + Dunn,Cliff's delta,0.0808,negligible
copulagan + onesidedselection,fastml + instancehardness,1.0,False,Kruskal-Wallis + Dunn,Cliff's delta,0.082,negligible
copulagan + onesidedselection,fastml + clustercentroid,1.0,False,Kruskal-Wallis + Dunn,Cliff's delta,0.0641,negligible
copulagan + onesidedselection,ctgan + tomeklinks,1.0,False,Kruskal-Wallis + Dunn,Cliff's delta,0.0663,negligible
copulagan + onesidedselection,ctgan + random,1.0,False,Kruskal-Wallis + Dunn,Cliff's delta,0.0792,negligible
copulagan + onesidedselection,ctgan + onesidedselection,1.0,False,Kruskal-Wallis + Dunn,Cliff's delta,0.0298,negligible
copulagan + onesidedselection,ctgan + nearmiss,1.0,False,Kruskal-Wallis + Dunn,Cliff's delta,0.0844,negligible
copulagan + onesidedselection,ctgan + instancehardness,1.0,False,Kruskal-Wallis + Dunn,Cliff's delta,0.07,negligible
copulagan + onesidedselection,ctgan + clustercentroid,1.0,False,Kruskal-Wallis + Dunn,Cliff's delta,0.0365,negligible
copulagan + onesidedselection,copulagan + tomeklinks,1.0,False,Kruskal-Wallis + Dunn,Cliff's delta,0.0741,negligible
copulagan + onesidedselection,copulagan + random,1.0,False,Kruskal-Wallis + Dunn,Cliff's delta,0.0908,negligible
copulagan + nearmiss,tvae + tomeklinks,1.0,False,Kruskal-Wallis + Dunn,Cliff's delta,0.0283,negligible
copulagan + nearmiss,tvae + random,1.0,False,Kruskal-Wallis + Dunn,Cliff's delta,0.0611,negligible
copulagan + nearmiss,tvae + onesidedselection,1.0,False,Kruskal-Wallis + Dunn,Cliff's delta,-0.0853,negligible
copulagan + nearmiss,tvae + nearmiss,1.0,False,Kruskal-Wallis + Dunn,Cliff's delta,0.0053,negligible
copulagan + nearmiss,tvae + instancehardness,1.0,False,Kruskal-Wallis + Dunn,Cliff's delta,-0.0081,negligible
copulagan + nearmiss,tvae + clustercentroid,1.0,False,Kruskal-Wallis + Dunn,Cliff's delta,0.0276,negligible
copulagan + nearmiss,smote + tomeklinks,1.0,False,Kruskal-Wallis + Dunn,Cliff's delta,0.1131,negligible
copulagan + nearmiss,smote + random,1.0,False,Kruskal-Wallis + Dunn,Cliff's delta,0.1407,negligible
copulagan + nearmiss,smote + onesidedselection,1.0,False,Kruskal-Wallis + Dunn,Cliff's delta,0.0131,negligible
copulagan + onesidedselection,fastml + nearmiss,1.0,False,Kruskal-Wallis + Dunn,Cliff's delta,0.1176,negligible
copulagan + onesidedselection,tvae + instancehardness,1.0,False,Kruskal-Wallis + Dunn,Cliff's delta,0.0331,negligible
copulagan + onesidedselection,fastml + onesidedselection,1.0,False,Kruskal-Wallis + Dunn,Cliff's delta,0.0733,negligible
copulagan + onesidedselection,fastml + tomeklinks,1.0,False,Kruskal-Wallis + Dunn,Cliff's delta,0.1048,negligible
copulagan + onesidedselection,smote + onesidedselection,1.0,False,Kruskal-Wallis + Dunn,Cliff's delta,0.092,negligible
copulagan + onesidedselection,smote + nearmiss,1.0,False,Kruskal-Wallis + Dunn,Cliff's delta,0.1439,negligible
copulagan + onesidedselection,smote + instancehardness,1.0,False,Kruskal-Wallis + Dunn,Cliff's delta,0.0642,negligible
copulagan + onesidedselection,smote + editednn,1.0,False,Kruskal-Wallis + Dunn,Cliff's delta,-0.1676,small
copulagan + onesidedselection,smote + condensednn,1.0,False,Kruskal-Wallis + Dunn,Cliff's delta,-0.14,negligible
copulagan + onesidedselection,random + tomeklinks,1.0,False,Kruskal-Wallis + Dunn,Cliff's delta,0.1511,small
copulagan + onesidedselection,random + random,1.0,False,Kruskal-Wallis + Dunn,Cliff's delta,0.1444,negligible
copulagan + onesidedselection,random + onesidedselection,1.0,False,Kruskal-Wallis + Dunn,Cliff's delta,0.0393,negligible
copulagan + onesidedselection,random + nearmiss,1.0,False,Kruskal-Wallis + Dunn,Cliff's delta,0.1205,negligible
copulagan + onesidedselection,random + instancehardness,1.0,False,Kruskal-Wallis + Dunn,Cliff's delta,0.0616,negligible
copulagan + onesidedselection,random + editednn,1.0,False,Kruskal-Wallis + Dunn,Cliff's delta,-0.1546,small
copulagan + onesidedselection,random + clustercentroid,1.0,False,Kruskal-Wallis + Dunn,Cliff's delta,0.1404,negligible
copulagan + onesidedselection,gaussiancopula + tomeklinks,1.0,False,Kruskal-Wallis + Dunn,Cliff's delta,0.0946,negligible
copulagan + onesidedselection,gaussiancopula + random,1.0,False,Kruskal-Wallis + Dunn,Cliff's delta,0.1151,negligible
copulagan + onesidedselection,gaussiancopula + onesidedselection,1.0,False,Kruskal-Wallis + Dunn,Cliff's delta,0.0281,negligible
copulagan + onesidedselection,gaussiancopula + nearmiss,1.0,False,Kruskal-Wallis + Dunn,Cliff's delta,0.081,negligible
copulagan + onesidedselection,gaussiancopula + instancehardness,1.0,False,Kruskal-Wallis + Dunn,Cliff's delta,0.0689,negligible
copulagan + onesidedselection,gaussiancopula + editednn,1.0,False,Kruskal-Wallis + Dunn,Cliff's delta,-0.1755,small
copulagan + onesidedselection,gaussiancopula + clustercentroid,1.0,False,Kruskal-Wallis + Dunn,Cliff's delta,0.0768,negligible
copulagan + onesidedselection,fastml + random,1.0,False,Kruskal-Wallis + Dunn,Cliff's delta,0.1095,negligible
copulagan + tomeklinks,ctgan + random,1.0,False,Kruskal-Wallis + Dunn,Cliff's delta,-0.0208,negligible
copulagan + tomeklinks,ctgan + tomeklinks,1.0,False,Kruskal-Wallis + Dunn,Cliff's delta,0.0008,negligible
copulagan + tomeklinks,fastml + clustercentroid,1.0,False,Kruskal-Wallis + Dunn,Cliff's delta,-0.0275,negligible
ctgan + condensednn,fastml + condensednn,1.0,False,Kruskal-Wallis + Dunn,Cliff's delta,0.0022,negligible
ctgan + condensednn,ctgan + editednn,1.0,False,Kruskal-Wallis + Dunn,Cliff's delta,0.0771,negligible
ctgan + clustercentroid,tvae + tomeklinks,1.0,False,Kruskal-Wallis + Dunn,Cliff's delta,0.1181,negligible
ctgan + clustercentroid,tvae + random,1.0,False,Kruskal-Wallis + Dunn,Cliff's delta,0.1012,negligible
ctgan + clustercentroid,tvae + onesidedselection,1.0,False,Kruskal-Wallis + Dunn,Cliff's delta,-0.0309,negligible
ctgan + clustercentroid,tvae + nearmiss,1.0,False,Kruskal-Wallis + Dunn,Cliff's delta,0.0884,negligible
ctgan + clustercentroid,tvae + instancehardness,1.0,False,Kruskal-Wallis + Dunn,Cliff's delta,0.055,negligible
ctgan + clustercentroid,tvae + clustercentroid,1.0,False,Kruskal-Wallis + Dunn,Cliff's delta,0.0681,negligible
ctgan + clustercentroid,smote + tomeklinks,1.0,False,Kruskal-Wallis + Dunn,Cliff's delta,0.1574,small
ctgan + clustercentroid,smote + random,1.0,False,Kruskal-Wallis + Dunn,Cliff's delta,0.1667,small
ctgan + clustercentroid,smote + onesidedselection,1.0,False,Kruskal-Wallis + Dunn,Cliff's delta,0.0858,negligible
ctgan + clustercentroid,smote + nearmiss,1.0,False,Kruskal-Wallis + Dunn,Cliff's delta,0.1107,negligible
ctgan + clustercentroid,smote + instancehardness,1.0,False,Kruskal-Wallis + Dunn,Cliff's delta,0.0493,negligible
ctgan + clustercentroid,smote + clustercentroid,1.0,False,Kruskal-Wallis + Dunn,Cliff's delta,0.147,small
ctgan + clustercentroid,random + tomeklinks,1.0,False,Kruskal-Wallis + Dunn,Cliff's delta,0.1352,negligible
ctgan + clustercentroid,random + random,1.0,False,Kruskal-Wallis + Dunn,Cliff's delta,0.1396,negligible
ctgan + clustercentroid,random + onesidedselection,1.0,False,Kruskal-Wallis + Dunn,Cliff's delta,0.0239,negligible
ctgan + clustercentroid,random + nearmiss,1.0,False,Kruskal-Wallis + Dunn,Cliff's delta,0.0941,negligible
ctgan + clustercentroid,random + instancehardness,1.0,False,Kruskal-Wallis + Dunn,Cliff's delta,0.0497,negligible
ctgan + condensednn,fastml + editednn,1.0,False,Kruskal-Wallis + Dunn,Cliff's delta,0.0093,negligible
ctgan + clustercentroid,random + clustercentroid,1.0,False,Kruskal-Wallis + Dunn,Cliff's delta,0.1198,negligible
ctgan + condensednn,gaussiancopula + condensednn,1.0,False,Kruskal-Wallis + Dunn,Cliff's delta,0.0687,negligible
ctgan + condensednn,random + condensednn,1.0,False,Kruskal-Wallis + Dunn,Cliff's delta,0.0052,negligible
ctgan + instancehardness,ctgan + random,1.0,False,Kruskal-Wallis + Dunn,Cliff's delta,0.0029,negligible
ctgan + instancehardness,ctgan + onesidedselection,1.0,False,Kruskal-Wallis + Dunn,Cliff's delta,-0.0309,negligible
ctgan + instancehardness,ctgan + nearmiss,1.0,False,Kruskal-Wallis + Dunn,Cliff's delta,0.0115,negligible
ctgan + editednn,tvae + editednn,1.0,False,Kruskal-Wallis + Dunn,Cliff's delta,0.0499,negligible
ctgan + editednn,tvae + condensednn,1.0,False,Kruskal-Wallis + Dunn,Cliff's delta,-0.0548,negligible
ctgan + editednn,smote + editednn,1.0,False,Kruskal-Wallis + Dunn,Cliff's delta,0.0552,negligible
ctgan + editednn,smote + condensednn,1.0,False,Kruskal-Wallis + Dunn,Cliff's delta,0.0504,negligible
tvae + onesidedselection,tvae + tomeklinks,1.0,False,Kruskal-Wallis + Dunn,Cliff's delta,0.1478,small
ctgan + editednn,random + editednn,1.0,False,Kruskal-Wallis + Dunn,Cliff's delta,0.082,negligible
ctgan + editednn,random + condensednn,1.0,False,Kruskal-Wallis + Dunn,Cliff's delta,-0.0259,negligible
ctgan + editednn,gaussiancopula + editednn,1.0,False,Kruskal-Wallis + Dunn,Cliff's delta,0.0648,negligible
ctgan + editednn,gaussiancopula + condensednn,1.0,False,Kruskal-Wallis + Dunn,Cliff's delta,0.0088,negligible
ctgan + editednn,fastml + editednn,1.0,False,Kruskal-Wallis + Dunn,Cliff's delta,-0.0483,negligible
ctgan + editednn,fastml + condensednn,1.0,False,Kruskal-Wallis + Dunn,Cliff's delta,-0.0465,negligible
ctgan + condensednn,tvae + editednn,1.0,False,Kruskal-Wallis + Dunn,Cliff's delta,0.1279,negligible
ctgan + condensednn,tvae + condensednn,1.0,False,Kruskal-Wallis + Dunn,Cliff's delta,-0.0263,negligible
ctgan + condensednn,smote + editednn,1.0,False,Kruskal-Wallis + Dunn,Cliff's delta,0.1429,negligible
ctgan + condensednn,smote + condensednn,1.0,False,Kruskal-Wallis + Dunn,Cliff's delta,0.0702,negligible
ctgan + condensednn,random + editednn,1.0,False,Kruskal-Wallis + Dunn,Cliff's delta,0.1332,negligible
ctgan + condensednn,gaussiancopula + editednn,1.0,False,Kruskal-Wallis + Dunn,Cliff's delta,0.1244,negligible
ctgan + clustercentroid,gaussiancopula + tomeklinks,1.0,False,Kruskal-Wallis + Dunn,Cliff's delta,0.0753,negligible
ctgan + clustercentroid,gaussiancopula + random,1.0,False,Kruskal-Wallis + Dunn,Cliff's delta,0.0826,negligible
ctgan + clustercentroid,gaussiancopula + onesidedselection,1.0,False,Kruskal-Wallis + Dunn,Cliff's delta,0.0124,negligible
copulagan + tomeklinks,smote + instancehardness,1.0,False,Kruskal-Wallis + Dunn,Cliff's delta,-0.0119,negligible
copulagan + tomeklinks,smote + clustercentroid,1.0,False,Kruskal-Wallis + Dunn,Cliff's delta,0.1033,negligible
copulagan + tomeklinks,random + tomeklinks,1.0,False,Kruskal-Wallis + Dunn,Cliff's delta,0.0927,negligible
copulagan + tomeklinks,random + random,1.0,False,Kruskal-Wallis + Dunn,Cliff's delta,0.0769,negligible
copulagan + tomeklinks,random + onesidedselection,1.0,False,Kruskal-Wallis + Dunn,Cliff's delta,-0.0409,negligible
copulagan + tomeklinks,random + nearmiss,1.0,False,Kruskal-Wallis + Dunn,Cliff's delta,0.0246,negligible
copulagan + tomeklinks,random + instancehardness,1.0,False,Kruskal-Wallis + Dunn,Cliff's delta,-0.0139,negligible
copulagan + tomeklinks,random + clustercentroid,1.0,False,Kruskal-Wallis + Dunn,Cliff's delta,0.0341,negligible
copulagan + tomeklinks,gaussiancopula + tomeklinks,1.0,False,Kruskal-Wallis + Dunn,Cliff's delta,-0.0037,negligible
copulagan + tomeklinks,gaussiancopula + random,1.0,False,Kruskal-Wallis + Dunn,Cliff's delta,0.0261,negligible
copulagan + tomeklinks,gaussiancopula + onesidedselection,1.0,False,Kruskal-Wallis + Dunn,Cliff's delta,-0.0661,negligible
copulagan + tomeklinks,gaussiancopula + nearmiss,1.0,False,Kruskal-Wallis + Dunn,Cliff's delta,-0.0271,negligible
copulagan + tomeklinks,gaussiancopula + instancehardness,1.0,False,Kruskal-Wallis + Dunn,Cliff's delta,-0.0208,negligible
copulagan + tomeklinks,gaussiancopula + clustercentroid,1.0,False,Kruskal-Wallis + Dunn,Cliff's delta,-0.0279,negligible
copulagan + tomeklinks,fastml + tomeklinks,1.0,False,Kruskal-Wallis + Dunn,Cliff's delta,0.0287,negligible
copulagan + tomeklinks,fastml + random,1.0,False,Kruskal-Wallis + Dunn,Cliff's delta,0.0081,negligible
copulagan + tomeklinks,fastml + onesidedselection,1.0,False,Kruskal-Wallis + Dunn,Cliff's delta,-0.0198,negligible
copulagan + tomeklinks,fastml + nearmiss,1.0,False,Kruskal-Wallis + Dunn,Cliff's delta,0.0137,negligible
copulagan + tomeklinks,fastml + instancehardness,1.0,False,Kruskal-Wallis + Dunn,Cliff's delta,-0.0148,negligible
copulagan + tomeklinks,smote + nearmiss,1.0,False,Kruskal-Wallis + Dunn,Cliff's delta,0.0826,negligible
copulagan + tomeklinks,smote + onesidedselection,1.0,False,Kruskal-Wallis + Dunn,Cliff's delta,0.0034,negligible
copulagan + tomeklinks,smote + random,1.0,False,Kruskal-Wallis + Dunn,Cliff's delta,0.1063,negligible
copulagan + tomeklinks,smote + tomeklinks,1.0,False,Kruskal-Wallis + Dunn,Cliff's delta,0.0938,negligible
ctgan + clustercentroid,gaussiancopula + nearmiss,1.0,False,Kruskal-Wallis + Dunn,Cliff's delta,0.049,negligible
ctgan + clustercentroid,gaussiancopula + instancehardness,1.0,False,Kruskal-Wallis + Dunn,Cliff's delta,0.057,negligible
ctgan + clustercentroid,gaussiancopula + clustercentroid,1.0,False,Kruskal-Wallis + Dunn,Cliff's delta,0.0199,negligible
ctgan + clustercentroid,fastml + tomeklinks,1.0,False,Kruskal-Wallis + Dunn,Cliff's delta,0.1177,negligible
ctgan + clustercentroid,fastml + random,1.0,False,Kruskal-Wallis + Dunn,Cliff's delta,0.1092,negligible
ctgan + clustercentroid,fastml + onesidedselection,1.0,False,Kruskal-Wallis + Dunn,Cliff's delta,0.022,negligible
ctgan + clustercentroid,fastml + nearmiss,1.0,False,Kruskal-Wallis + Dunn,Cliff's delta,0.0929,negligible
ctgan + clustercentroid,fastml + instancehardness,1.0,False,Kruskal-Wallis + Dunn,Cliff's delta,0.0703,negligible
ctgan + clustercentroid,fastml + clustercentroid,1.0,False,Kruskal-Wallis + Dunn,Cliff's delta,0.0345,negligible
ctgan + instancehardness,fastml + clustercentroid,1.0,False,Kruskal-Wallis + Dunn,Cliff's delta,-0.0297,negligible
ctgan + clustercentroid,ctgan + tomeklinks,1.0,False,Kruskal-Wallis + Dunn,Cliff's delta,0.0936,negligible
ctgan + clustercentroid,ctgan + onesidedselection,1.0,False,Kruskal-Wallis + Dunn,Cliff's delta,0.0123,negligible
ctgan + clustercentroid,ctgan + nearmiss,1.0,False,Kruskal-Wallis + Dunn,Cliff's delta,0.0717,negligible
ctgan + clustercentroid,ctgan + instancehardness,1.0,False,Kruskal-Wallis + Dunn,Cliff's delta,0.0507,negligible
copulagan + tomeklinks,tvae + tomeklinks,1.0,False,Kruskal-Wallis + Dunn,Cliff's delta,-0.0163,negligible
copulagan + tomeklinks,tvae + random,1.0,False,Kruskal-Wallis + Dunn,Cliff's delta,0.0248,negligible
copulagan + tomeklinks,tvae + onesidedselection,1.0,False,Kruskal-Wallis + Dunn,Cliff's delta,-0.104,negligible
copulagan + tomeklinks,tvae + nearmiss,1.0,False,Kruskal-Wallis + Dunn,Cliff's delta,-0.0079,negligible
copulagan + tomeklinks,tvae + instancehardness,1.0,False,Kruskal-Wallis + Dunn,Cliff's delta,-0.0366,negligible
copulagan + tomeklinks,tvae + clustercentroid,1.0,False,Kruskal-Wallis + Dunn,Cliff's delta,-0.0297,negligible
ctgan + clustercentroid,ctgan + random,1.0,False,Kruskal-Wallis + Dunn,Cliff's delta,0.0803,negligible
tvae + random,tvae + tomeklinks,1.0,False,Kruskal-Wallis + Dunn,Cliff's delta,0.0014,negligible
