trial_id,oversampling_method,oversampling_threshold,undersampling_method,undersampling_threshold,value,state,start_time,complete_time,total_time
1,smote,0.25,instancehardness,0.0625,-1.0,COMPLETE,2025-03-29 21:35:27.742481,2025-03-29 21:35:28.518673,0.776192
2,adasyn,1,onesidedselection,0.5,-1.0,COMPLETE,2025-03-29 21:35:28.536917,2025-03-29 21:35:28.588309,0.051392
3,tvae,2,editednn,0.0625,-1.0,COMPLETE,2025-03-29 21:35:28.602934,2025-03-29 21:35:28.686790,0.083856
4,gaussiancopula,2,clustercentroid,0.5,-1.0,COMPLETE,2025-03-29 21:35:28.699911,2025-03-29 21:35:29.636780,0.936869
5,random,0.25,nearmiss,0.25,-1.0,COMPLETE,2025-03-29 21:35:29.659396,2025-03-29 21:35:29.724266,0.06487
6,fastml,2,tomeklinks,auto,-1.0,COMPLETE,2025-03-29 21:35:29.736966,2025-03-29 21:35:29.897734,0.160768
7,smote,0,condensednn,0.0625,-1.0,COMPLETE,2025-03-29 21:35:29.920230,2025-03-29 21:35:29.962486,0.042256
8,ctgan,0,instancehardness,0,-1.0,ERROR,,,0.0
9,adasyn,0.5,nearmiss,0.25,-1.0,COMPLETE,2025-03-29 21:35:30.061839,2025-03-29 21:35:30.109387,0.047548
10,gaussiancopula,2,onesidedselection,0.25,-1.0,COMPLETE,2025-03-29 21:35:30.121476,2025-03-29 21:35:30.170938,0.049462
11,fastml,auto,nearmiss,auto,-1.0,COMPLETE,2025-03-29 21:35:30.183101,2025-03-29 21:35:30.231869,0.048768
12,random,0,random,0.125,-1.0,COMPLETE,2025-03-29 21:35:30.243957,2025-03-29 21:35:30.490289,0.246332
13,tvae,0,clustercentroid,0,-1.0,ERROR,,,0.0
14,tvae,0.5,clustercentroid,0,-1.0,COMPLETE,2025-03-29 21:35:30.592871,2025-03-29 21:35:30.669722,0.076851
15,adasyn,0.25,instancehardness,0.5,-1.0,COMPLETE,2025-03-29 21:35:30.683000,2025-03-29 21:35:31.266126,0.583126
16,ctgan,0.25,clustercentroid,0.125,-1.0,COMPLETE,2025-03-29 21:35:31.288920,2025-03-29 21:35:31.368903,0.079983
17,adasyn,0.25,tomeklinks,0.25,-1.0,COMPLETE,2025-03-29 21:35:31.381010,2025-03-29 21:35:31.428405,0.047395
18,copulagan,2,nearmiss,0,-1.0,COMPLETE,2025-03-29 21:35:31.440519,2025-03-29 21:35:31.770225,0.329706
19,adasyn,auto,onesidedselection,0.5,-1.0,COMPLETE,2025-03-29 21:35:31.782212,2025-03-29 21:35:31.828696,0.046484
20,random,0.5,clustercentroid,0.25,-1.0,COMPLETE,2025-03-29 21:35:31.840199,2025-03-29 21:35:31.901504,0.061305
21,ctgan,2,random,0.0625,-1.0,COMPLETE,2025-03-29 21:35:31.912988,2025-03-29 21:35:31.989219,0.076231
22,adasyn,2,onesidedselection,0.125,-1.0,COMPLETE,2025-03-29 21:35:32.000953,2025-03-29 21:35:32.048127,0.047174
23,copulagan,auto,instancehardness,0,-1.0,COMPLETE,2025-03-29 21:35:32.059882,2025-03-29 21:35:32.397504,0.337622
24,smote,0.5,instancehardness,0.0625,-1.0,COMPLETE,2025-03-29 21:35:32.409719,2025-03-29 21:35:32.951593,0.541874
25,random,1,editednn,0.5,-1.0,COMPLETE,2025-03-29 21:35:32.964358,2025-03-29 21:35:33.030375,0.066017
26,fastml,0.25,nearmiss,0,-1.0,COMPLETE,2025-03-29 21:35:33.042293,2025-03-29 21:35:33.119310,0.077017
27,fastml,1,onesidedselection,0.5,-1.0,COMPLETE,2025-03-29 21:35:33.131169,2025-03-29 21:35:33.180647,0.049478
28,random,0.5,editednn,0.5,-1.0,COMPLETE,2025-03-29 21:35:33.192467,2025-03-29 21:35:33.256115,0.063648
29,random,0,onesidedselection,0,-1.0,ERROR,,,0.0
30,copulagan,auto,nearmiss,0.125,-1.0,COMPLETE,2025-03-29 21:35:33.346749,2025-03-29 21:35:33.769520,0.422771
31,adasyn,2,clustercentroid,0.125,-1.0,COMPLETE,2025-03-29 21:35:33.791616,2025-03-29 21:35:33.839773,0.048157
32,ctgan,0.25,instancehardness,0.125,-1.0,COMPLETE,2025-03-29 21:35:33.852014,2025-03-29 21:35:33.928894,0.07688
33,tvae,1,onesidedselection,0,-1.0,COMPLETE,2025-03-29 21:35:33.940790,2025-03-29 21:35:34.017717,0.076927
34,smote,1,tomeklinks,auto,-1.0,COMPLETE,2025-03-29 21:35:34.033611,2025-03-29 21:35:34.080043,0.046432
35,fastml,0.5,condensednn,0.25,-1.0,COMPLETE,2025-03-29 21:35:34.092716,2025-03-29 21:35:34.142816,0.0501
36,ctgan,0,clustercentroid,0,-1.0,ERROR,,,0.0
37,adasyn,auto,nearmiss,0,-1.0,COMPLETE,2025-03-29 21:35:34.245768,2025-03-29 21:35:34.320687,0.074919
38,copulagan,0.5,condensednn,0,-1.0,COMPLETE,2025-03-29 21:35:34.332596,2025-03-29 21:35:34.665892,0.333296
39,ctgan,0.25,nearmiss,0.5,-1.0,COMPLETE,2025-03-29 21:35:34.678831,2025-03-29 21:35:34.756959,0.078128
40,random,2,clustercentroid,0,-1.0,COMPLETE,2025-03-29 21:35:34.770262,2025-03-29 21:35:34.861786,0.091524
41,ctgan,0,nearmiss,auto,-1.0,COMPLETE,2025-03-29 21:35:34.874063,2025-03-29 21:35:34.952753,0.07869
42,smote,2,instancehardness,auto,-1.0,COMPLETE,2025-03-29 21:35:34.965236,2025-03-29 21:35:35.513196,0.54796
43,ctgan,0.25,editednn,0.0625,-1.0,COMPLETE,2025-03-29 21:35:35.535984,2025-03-29 21:35:35.620904,0.08492
44,adasyn,0.5,onesidedselection,auto,-1.0,COMPLETE,2025-03-29 21:35:35.648478,2025-03-29 21:35:35.696544,0.048066
45,copulagan,0.25,instancehardness,0.25,-1.0,COMPLETE,2025-03-29 21:35:35.709552,2025-03-29 21:35:36.052250,0.342698
46,adasyn,0.25,editednn,0.25,-1.0,COMPLETE,2025-03-29 21:35:36.064776,2025-03-29 21:35:36.111806,0.04703
47,fastml,auto,condensednn,0,-1.0,COMPLETE,2025-03-29 21:35:36.123694,2025-03-29 21:35:36.200989,0.077295
48,smote,2,clustercentroid,0.0625,-1.0,COMPLETE,2025-03-29 21:35:36.213277,2025-03-29 21:35:36.261591,0.048314
49,tvae,1,nearmiss,0,-1.0,COMPLETE,2025-03-29 21:35:36.273652,2025-03-29 21:35:36.353834,0.080182
50,random,0.5,tomeklinks,0.5,-1.0,COMPLETE,2025-03-29 21:35:36.365690,2025-03-29 21:35:36.429546,0.063856
51,copulagan,2,clustercentroid,0.125,-1.0,COMPLETE,2025-03-29 21:35:36.441778,2025-03-29 21:35:36.778786,0.337008
52,ctgan,auto,editednn,auto,-1.0,COMPLETE,2025-03-29 21:35:36.790829,2025-03-29 21:35:36.868512,0.077683
53,copulagan,0.5,condensednn,0.5,-1.0,COMPLETE,2025-03-29 21:35:36.881001,2025-03-29 21:35:37.218273,0.337272
54,tvae,0.25,condensednn,0.125,-1.0,COMPLETE,2025-03-29 21:35:37.230283,2025-03-29 21:35:37.306307,0.076024
55,ctgan,0.5,nearmiss,0.5,-1.0,COMPLETE,2025-03-29 21:35:37.318040,2025-03-29 21:35:37.397448,0.079408
56,ctgan,0.25,instancehardness,0.25,-1.0,COMPLETE,2025-03-29 21:35:37.409429,2025-03-29 21:35:37.486999,0.07757
57,ctgan,auto,random,0.125,-1.0,COMPLETE,2025-03-29 21:35:37.498763,2025-03-29 21:35:37.576838,0.078075
58,fastml,0,instancehardness,0.25,-1.0,COMPLETE,2025-03-29 21:35:37.589732,2025-03-29 21:35:38.124021,0.534289
59,gaussiancopula,0.25,nearmiss,0.0625,-1.0,COMPLETE,2025-03-29 21:35:38.147058,2025-03-29 21:35:38.200574,0.053516
60,copulagan,auto,editednn,0.25,-1.0,COMPLETE,2025-03-29 21:35:38.212657,2025-03-29 21:35:38.545026,0.332369
61,adasyn,1,condensednn,0.0625,-1.0,COMPLETE,2025-03-29 21:35:38.557251,2025-03-29 21:35:38.605906,0.048655
62,fastml,2,editednn,auto,-1.0,COMPLETE,2025-03-29 21:35:38.617949,2025-03-29 21:35:38.667479,0.04953
63,adasyn,0,onesidedselection,0.0625,-1.0,COMPLETE,2025-03-29 21:35:38.679600,2025-03-29 21:35:38.722160,0.04256
64,random,0.25,random,0.5,-1.0,COMPLETE,2025-03-29 21:35:38.734193,2025-03-29 21:35:38.832446,0.098253
65,copulagan,auto,instancehardness,0.0625,-1.0,COMPLETE,2025-03-29 21:35:38.844938,2025-03-29 21:35:39.197085,0.352147
66,adasyn,0.5,random,0.125,-1.0,COMPLETE,2025-03-29 21:35:39.219201,2025-03-29 21:35:39.307228,0.088027
67,random,0,editednn,0.5,-1.0,COMPLETE,2025-03-29 21:35:39.319547,2025-03-29 21:35:39.363555,0.044008
68,random,2,editednn,0.5,-1.0,COMPLETE,2025-03-29 21:35:39.375428,2025-03-29 21:35:39.442208,0.06678
69,tvae,auto,onesidedselection,auto,-1.0,COMPLETE,2025-03-29 21:35:39.454552,2025-03-29 21:35:39.535629,0.081077
70,random,2,clustercentroid,0.125,-1.0,COMPLETE,2025-03-29 21:35:39.547560,2025-03-29 21:35:39.613877,0.066317
71,copulagan,0,editednn,0.5,-1.0,COMPLETE,2025-03-29 21:35:39.627200,2025-03-29 21:35:39.992366,0.365166
72,random,2,nearmiss,0.125,-1.0,COMPLETE,2025-03-29 21:35:40.004409,2025-03-29 21:35:40.069030,0.064621
73,tvae,2,nearmiss,0.5,-1.0,COMPLETE,2025-03-29 21:35:40.081962,2025-03-29 21:35:40.165466,0.083504
74,smote,2,editednn,auto,-1.0,COMPLETE,2025-03-29 21:35:40.177768,2025-03-29 21:35:40.225033,0.047265
75,copulagan,2,random,0.0625,-1.0,COMPLETE,2025-03-29 21:35:40.236796,2025-03-29 21:35:40.567050,0.330254
76,copulagan,auto,condensednn,0.0625,-1.0,COMPLETE,2025-03-29 21:35:40.589073,2025-03-29 21:35:40.934938,0.345865
77,tvae,2,nearmiss,0,-1.0,COMPLETE,2025-03-29 21:35:40.947192,2025-03-29 21:35:41.025701,0.078509
78,copulagan,2,editednn,0,-1.0,COMPLETE,2025-03-29 21:35:41.037601,2025-03-29 21:35:41.389768,0.352167
79,copulagan,0,onesidedselection,0.125,-1.0,COMPLETE,2025-03-29 21:35:41.401947,2025-03-29 21:35:41.771845,0.369898
80,copulagan,1,clustercentroid,0.125,-1.0,COMPLETE,2025-03-29 21:35:41.783958,2025-03-29 21:35:42.142235,0.358277
81,fastml,auto,onesidedselection,0.125,-1.0,COMPLETE,2025-03-29 21:35:42.154312,2025-03-29 21:35:42.204370,0.050058
82,random,1,nearmiss,0.125,-1.0,COMPLETE,2025-03-29 21:35:42.216545,2025-03-29 21:35:42.281675,0.06513
83,smote,0.5,clustercentroid,auto,-1.0,COMPLETE,2025-03-29 21:35:42.293385,2025-03-29 21:35:42.341603,0.048218
84,smote,1,random,0.0625,-1.0,COMPLETE,2025-03-29 21:35:42.353397,2025-03-29 21:35:42.438801,0.085404
85,tvae,0,nearmiss,0.25,-1.0,COMPLETE,2025-03-29 21:35:42.451232,2025-03-29 21:35:42.530081,0.078849
86,smote,2,clustercentroid,auto,-1.0,COMPLETE,2025-03-29 21:35:42.542073,2025-03-29 21:35:42.590330,0.048257
87,smote,0,editednn,0.0625,-1.0,COMPLETE,2025-03-29 21:35:42.602168,2025-03-29 21:35:42.644475,0.042307
88,gaussiancopula,1,random,0,-1.0,COMPLETE,2025-03-29 21:35:42.656692,2025-03-29 21:35:42.734441,0.077749
89,copulagan,0,instancehardness,0.0625,-1.0,COMPLETE,2025-03-29 21:35:42.746650,2025-03-29 21:35:43.105425,0.358775
90,ctgan,2,condensednn,0.125,-1.0,COMPLETE,2025-03-29 21:35:43.117910,2025-03-29 21:35:43.199069,0.081159
91,random,0.5,clustercentroid,0.0625,-1.0,COMPLETE,2025-03-29 21:35:43.212902,2025-03-29 21:35:43.282255,0.069353
92,smote,0.5,condensednn,auto,-1.0,COMPLETE,2025-03-29 21:35:43.295998,2025-03-29 21:35:43.346662,0.050664
93,tvae,1,onesidedselection,auto,-1.0,COMPLETE,2025-03-29 21:35:43.359142,2025-03-29 21:35:43.441843,0.082701
94,adasyn,0.25,condensednn,0,-1.0,COMPLETE,2025-03-29 21:35:43.454051,2025-03-29 21:35:43.531914,0.077863
95,adasyn,0.5,condensednn,0.5,-1.0,COMPLETE,2025-03-29 21:35:43.544320,2025-03-29 21:35:43.593668,0.049348
96,copulagan,1,nearmiss,0.25,-1.0,COMPLETE,2025-03-29 21:35:43.605937,2025-03-29 21:35:43.972622,0.366685
97,smote,0,clustercentroid,0,-1.0,ERROR,,,0.0
98,smote,0,tomeklinks,0,-1.0,ERROR,,,0.0
99,copulagan,0,clustercentroid,0.125,-1.0,COMPLETE,2025-03-29 21:35:44.154360,2025-03-29 21:35:44.522490,0.36813
100,ctgan,1,tomeklinks,0.125,-1.0,COMPLETE,2025-03-29 21:35:44.535692,2025-03-29 21:35:44.619535,0.083843
101,fastml,1,condensednn,auto,-1.0,COMPLETE,2025-03-29 21:35:44.646801,2025-03-29 21:35:44.700717,0.053916
102,adasyn,0.5,random,auto,-1.0,COMPLETE,2025-03-29 21:35:44.713157,2025-03-29 21:35:44.795271,0.082114
103,smote,2,editednn,0.25,-1.0,COMPLETE,2025-03-29 21:35:44.807406,2025-03-29 21:35:44.857708,0.050302
104,ctgan,0,tomeklinks,auto,-1.0,COMPLETE,2025-03-29 21:35:44.869827,2025-03-29 21:35:44.949181,0.079354
105,smote,2,instancehardness,0.25,-1.0,COMPLETE,2025-03-29 21:35:44.960756,2025-03-29 21:35:45.511385,0.550629
106,smote,auto,condensednn,0.0625,-1.0,COMPLETE,2025-03-29 21:35:45.535733,2025-03-29 21:35:45.586521,0.050788
107,fastml,auto,editednn,0.125,-1.0,COMPLETE,2025-03-29 21:35:45.598206,2025-03-29 21:35:45.650589,0.052383
108,tvae,0.25,editednn,0.25,-1.0,COMPLETE,2025-03-29 21:35:45.662800,2025-03-29 21:35:45.741602,0.078802
109,adasyn,0.25,editednn,0.125,-1.0,COMPLETE,2025-03-29 21:35:45.753839,2025-03-29 21:35:45.804524,0.050685
110,copulagan,1,tomeklinks,0.25,-1.0,COMPLETE,2025-03-29 21:35:45.816606,2025-03-29 21:35:46.160628,0.344022
111,random,0.25,clustercentroid,0,-1.0,COMPLETE,2025-03-29 21:35:46.172790,2025-03-29 21:35:46.264490,0.0917
112,random,2,clustercentroid,0.0625,-1.0,COMPLETE,2025-03-29 21:35:46.276796,2025-03-29 21:35:46.340767,0.063971
113,tvae,0.25,condensednn,auto,-1.0,COMPLETE,2025-03-29 21:35:46.352930,2025-03-29 21:35:46.431966,0.079036
114,random,auto,editednn,0.25,-1.0,COMPLETE,2025-03-29 21:35:46.444934,2025-03-29 21:35:46.509951,0.065017
115,ctgan,1,editednn,0.125,-1.0,COMPLETE,2025-03-29 21:35:46.522171,2025-03-29 21:35:46.603609,0.081438
116,smote,0.25,onesidedselection,0,-1.0,COMPLETE,2025-03-29 21:35:46.615838,2025-03-29 21:35:46.691104,0.075266
117,ctgan,1,condensednn,0.5,-1.0,COMPLETE,2025-03-29 21:35:46.703295,2025-03-29 21:35:46.783036,0.079741
118,adasyn,auto,onesidedselection,0.125,-1.0,COMPLETE,2025-03-29 21:35:46.795131,2025-03-29 21:35:46.844826,0.049695
119,random,0.5,tomeklinks,0.25,-1.0,COMPLETE,2025-03-29 21:35:46.856707,2025-03-29 21:35:46.921830,0.065123
120,tvae,0.5,condensednn,0.125,-1.0,COMPLETE,2025-03-29 21:35:46.933775,2025-03-29 21:35:47.017485,0.08371
121,gaussiancopula,0.25,nearmiss,0,-1.0,COMPLETE,2025-03-29 21:35:47.040850,2025-03-29 21:35:47.119938,0.079088
122,adasyn,0.5,tomeklinks,0.125,-1.0,COMPLETE,2025-03-29 21:35:47.131811,2025-03-29 21:35:47.180541,0.04873
123,tvae,0.25,clustercentroid,0.125,-1.0,COMPLETE,2025-03-29 21:35:47.193022,2025-03-29 21:35:47.272941,0.079919
124,adasyn,1,onesidedselection,0,-1.0,COMPLETE,2025-03-29 21:35:47.285021,2025-03-29 21:35:47.361249,0.076228
125,ctgan,0,editednn,0.5,-1.0,COMPLETE,2025-03-29 21:35:47.373513,2025-03-29 21:35:47.453820,0.080307
126,fastml,0.5,editednn,0.25,-1.0,COMPLETE,2025-03-29 21:35:47.466101,2025-03-29 21:35:47.517490,0.051389
127,smote,1,nearmiss,auto,-1.0,COMPLETE,2025-03-29 21:35:47.529431,2025-03-29 21:35:47.585260,0.055829
128,smote,1,condensednn,0.0625,-1.0,COMPLETE,2025-03-29 21:35:47.597958,2025-03-29 21:35:47.649562,0.051604
129,ctgan,0.25,nearmiss,0.125,-1.0,COMPLETE,2025-03-29 21:35:47.662089,2025-03-29 21:35:47.744109,0.08202
130,fastml,0,tomeklinks,auto,-1.0,COMPLETE,2025-03-29 21:35:47.756054,2025-03-29 21:35:47.808528,0.052474
131,copulagan,0,nearmiss,0.125,-1.0,COMPLETE,2025-03-29 21:35:47.820477,2025-03-29 21:35:48.163599,0.343122
132,random,0.5,onesidedselection,0.5,-1.0,COMPLETE,2025-03-29 21:35:48.175748,2025-03-29 21:35:48.239646,0.063898
133,fastml,0.5,nearmiss,0.5,-1.0,COMPLETE,2025-03-29 21:35:48.251442,2025-03-29 21:35:48.304173,0.052731
134,fastml,0.25,tomeklinks,0.25,-1.0,COMPLETE,2025-03-29 21:35:48.316089,2025-03-29 21:35:48.367238,0.051149
135,gaussiancopula,0,tomeklinks,0.0625,-1.0,COMPLETE,2025-03-29 21:35:48.379648,2025-03-29 21:35:48.430567,0.050919
136,fastml,0.5,instancehardness,0,-1.0,COMPLETE,2025-03-29 21:35:48.442532,2025-03-29 21:35:48.522792,0.08026
137,tvae,auto,nearmiss,0.125,-1.0,COMPLETE,2025-03-29 21:35:48.534838,2025-03-29 21:35:48.615670,0.080832
138,gaussiancopula,auto,clustercentroid,auto,-1.0,COMPLETE,2025-03-29 21:35:48.627740,2025-03-29 21:35:48.681081,0.053341
139,random,0.5,condensednn,auto,-1.0,COMPLETE,2025-03-29 21:35:48.693312,2025-03-29 21:35:48.760414,0.067102
140,gaussiancopula,0.5,clustercentroid,0.25,-1.0,COMPLETE,2025-03-29 21:35:48.772557,2025-03-29 21:35:48.825087,0.05253
141,random,0.25,editednn,0.5,-1.0,COMPLETE,2025-03-29 21:35:48.836992,2025-03-29 21:35:48.902520,0.065528
142,fastml,2,tomeklinks,0.25,-1.0,COMPLETE,2025-03-29 21:35:48.914294,2025-03-29 21:35:48.966568,0.052274
143,gaussiancopula,auto,nearmiss,0,-1.0,COMPLETE,2025-03-29 21:35:48.978814,2025-03-29 21:35:49.058238,0.079424
144,smote,auto,editednn,0.125,-1.0,COMPLETE,2025-03-29 21:35:49.070530,2025-03-29 21:35:49.122723,0.052193
145,adasyn,auto,editednn,0.0625,-1.0,COMPLETE,2025-03-29 21:35:49.134750,2025-03-29 21:35:49.186726,0.051976
146,tvae,1,onesidedselection,0.125,-1.0,COMPLETE,2025-03-29 21:35:49.198847,2025-03-29 21:35:49.295581,0.096734
147,smote,auto,clustercentroid,0,-1.0,COMPLETE,2025-03-29 21:35:49.318908,2025-03-29 21:35:49.398103,0.079195
148,tvae,2,random,0.0625,-1.0,COMPLETE,2025-03-29 21:35:49.410668,2025-03-29 21:35:49.494314,0.083646
149,fastml,0.5,condensednn,auto,-1.0,COMPLETE,2025-03-29 21:35:49.520706,2025-03-29 21:35:49.574062,0.053356
150,fastml,0.5,nearmiss,0.25,-1.0,COMPLETE,2025-03-29 21:35:49.586392,2025-03-29 21:35:49.640801,0.054409
151,random,0.5,editednn,auto,-1.0,COMPLETE,2025-03-29 21:35:49.654653,2025-03-29 21:35:49.727545,0.072892
152,tvae,0.5,condensednn,0.5,-1.0,COMPLETE,2025-03-29 21:35:49.740220,2025-03-29 21:35:49.826886,0.086666
153,fastml,auto,editednn,0.25,-1.0,COMPLETE,2025-03-29 21:35:49.850357,2025-03-29 21:35:49.903523,0.053166
154,ctgan,2,editednn,0.5,-1.0,COMPLETE,2025-03-29 21:35:49.915737,2025-03-29 21:35:50.000905,0.085168
155,copulagan,2,onesidedselection,auto,-1.0,COMPLETE,2025-03-29 21:35:50.023581,2025-03-29 21:35:50.358121,0.33454
156,copulagan,2,instancehardness,0.125,-1.0,COMPLETE,2025-03-29 21:35:50.370087,2025-03-29 21:35:50.701350,0.331263
157,adasyn,0.25,tomeklinks,auto,-1.0,COMPLETE,2025-03-29 21:35:50.713469,2025-03-29 21:35:50.763164,0.049695
158,ctgan,0.5,editednn,0.125,-1.0,COMPLETE,2025-03-29 21:35:50.774672,2025-03-29 21:35:50.856602,0.08193
159,smote,0.5,random,0.125,-1.0,COMPLETE,2025-03-29 21:35:50.873094,2025-03-29 21:35:50.960310,0.087216
160,random,auto,clustercentroid,0.125,-1.0,COMPLETE,2025-03-29 21:35:50.972569,2025-03-29 21:35:51.039606,0.067037
161,tvae,0,instancehardness,0.0625,-1.0,COMPLETE,2025-03-29 21:35:51.051978,2025-03-29 21:35:51.133456,0.081478
162,tvae,2,clustercentroid,0.125,-1.0,COMPLETE,2025-03-29 21:35:51.145688,2025-03-29 21:35:51.227715,0.082027
163,tvae,2,tomeklinks,0.5,-1.0,COMPLETE,2025-03-29 21:35:51.240103,2025-03-29 21:35:51.323663,0.08356
164,gaussiancopula,2,condensednn,0.0625,-1.0,COMPLETE,2025-03-29 21:35:51.335981,2025-03-29 21:35:51.389812,0.053831
165,fastml,auto,tomeklinks,0.125,-1.0,COMPLETE,2025-03-29 21:35:51.402437,2025-03-29 21:35:51.455862,0.053425
166,copulagan,0.25,editednn,0.0625,-1.0,COMPLETE,2025-03-29 21:35:51.468425,2025-03-29 21:35:51.802780,0.334355
167,ctgan,1,nearmiss,0.5,-1.0,COMPLETE,2025-03-29 21:35:51.815510,2025-03-29 21:35:51.901051,0.085541
168,copulagan,1,condensednn,0,-1.0,COMPLETE,2025-03-29 21:35:51.925273,2025-03-29 21:35:52.264460,0.339187
169,tvae,2,nearmiss,auto,-1.0,COMPLETE,2025-03-29 21:35:52.277465,2025-03-29 21:35:52.358827,0.081362
170,random,0,editednn,0.25,-1.0,COMPLETE,2025-03-29 21:35:52.371101,2025-03-29 21:35:52.416916,0.045815
171,gaussiancopula,0.5,condensednn,0.25,-1.0,COMPLETE,2025-03-29 21:35:52.429395,2025-03-29 21:35:52.483477,0.054082
172,random,0,nearmiss,0,-1.0,ERROR,,,0.0
173,tvae,auto,tomeklinks,0.5,-1.0,COMPLETE,2025-03-29 21:35:52.582188,2025-03-29 21:35:52.663658,0.08147
174,fastml,1,clustercentroid,0,-1.0,COMPLETE,2025-03-29 21:35:52.676068,2025-03-29 21:35:52.756701,0.080633
175,fastml,2,onesidedselection,0,-1.0,COMPLETE,2025-03-29 21:35:52.769219,2025-03-29 21:35:52.851943,0.082724
176,random,0.25,random,0.0625,-1.0,COMPLETE,2025-03-29 21:35:52.864274,2025-03-29 21:35:52.967345,0.103071
177,fastml,auto,random,0.0625,-1.0,COMPLETE,2025-03-29 21:35:52.979770,2025-03-29 21:35:53.071635,0.091865
178,fastml,0,tomeklinks,0.25,-1.0,COMPLETE,2025-03-29 21:35:53.083938,2025-03-29 21:35:53.136788,0.05285
179,gaussiancopula,0.5,onesidedselection,0,-1.0,COMPLETE,2025-03-29 21:35:53.149130,2025-03-29 21:35:53.233533,0.084403
180,ctgan,2,instancehardness,0,-1.0,COMPLETE,2025-03-29 21:35:53.246009,2025-03-29 21:35:53.332172,0.086163
181,ctgan,2,editednn,auto,-1.0,COMPLETE,2025-03-29 21:35:53.354630,2025-03-29 21:35:53.442017,0.087387
182,smote,0,clustercentroid,0.125,-1.0,COMPLETE,2025-03-29 21:35:53.464311,2025-03-29 21:35:53.511505,0.047194
183,smote,0,tomeklinks,0.25,-1.0,COMPLETE,2025-03-29 21:35:53.524735,2025-03-29 21:35:53.570507,0.045772
184,ctgan,0.25,editednn,0,-1.0,COMPLETE,2025-03-29 21:35:53.582528,2025-03-29 21:35:53.667234,0.084706
185,adasyn,0.5,clustercentroid,0,-1.0,COMPLETE,2025-03-29 21:35:53.689710,2025-03-29 21:35:53.770999,0.081289
186,tvae,1,instancehardness,0,-1.0,COMPLETE,2025-03-29 21:35:53.783552,2025-03-29 21:35:53.868565,0.085013
187,smote,0,clustercentroid,auto,-1.0,COMPLETE,2025-03-29 21:35:53.891260,2025-03-29 21:35:53.939296,0.048036
188,adasyn,0.25,condensednn,0.125,-1.0,COMPLETE,2025-03-29 21:35:53.951528,2025-03-29 21:35:54.006356,0.054828
189,ctgan,0,editednn,0.125,-1.0,COMPLETE,2025-03-29 21:35:54.019204,2025-03-29 21:35:54.104956,0.085752
190,adasyn,auto,random,0.0625,-1.0,COMPLETE,2025-03-29 21:35:54.117038,2025-03-29 21:35:54.206780,0.089742
191,tvae,0.25,condensednn,0.0625,-1.0,COMPLETE,2025-03-29 21:35:54.218832,2025-03-29 21:35:54.302325,0.083493
192,adasyn,0.25,nearmiss,0.5,-1.0,COMPLETE,2025-03-29 21:35:54.325153,2025-03-29 21:35:54.377913,0.05276
193,ctgan,0.5,clustercentroid,0.0625,-1.0,COMPLETE,2025-03-29 21:35:54.390570,2025-03-29 21:35:54.478331,0.087761
194,random,2,condensednn,0.25,-1.0,COMPLETE,2025-03-29 21:35:54.500249,2025-03-29 21:35:54.570197,0.069948
195,ctgan,auto,onesidedselection,0,-1.0,COMPLETE,2025-03-29 21:35:54.583324,2025-03-29 21:35:54.670439,0.087115
196,smote,0.5,tomeklinks,0,-1.0,COMPLETE,2025-03-29 21:35:54.692909,2025-03-29 21:35:54.773402,0.080493
197,copulagan,1,clustercentroid,0.5,-1.0,COMPLETE,2025-03-29 21:35:54.786078,2025-03-29 21:35:55.131933,0.345855
198,random,0.25,condensednn,auto,-1.0,COMPLETE,2025-03-29 21:35:55.144056,2025-03-29 21:35:55.210798,0.066742
199,copulagan,1,condensednn,0.125,-1.0,COMPLETE,2025-03-29 21:35:55.222816,2025-03-29 21:35:55.561350,0.338534
200,copulagan,2,condensednn,auto,-1.0,COMPLETE,2025-03-29 21:35:55.573707,2025-03-29 21:35:55.907854,0.334147
201,smote,1,editednn,0,-1.0,COMPLETE,2025-03-29 21:35:55.920109,2025-03-29 21:35:55.997694,0.077585
202,ctgan,0.25,instancehardness,0.5,-1.0,COMPLETE,2025-03-29 21:35:56.010051,2025-03-29 21:35:56.094416,0.084365
203,fastml,0.25,random,auto,-1.0,COMPLETE,2025-03-29 21:35:56.117436,2025-03-29 21:35:56.206592,0.089156
204,gaussiancopula,1,random,0.5,-1.0,COMPLETE,2025-03-29 21:35:56.218711,2025-03-29 21:35:56.306586,0.087875
205,fastml,1,tomeklinks,auto,-1.0,COMPLETE,2025-03-29 21:35:56.318930,2025-03-29 21:35:56.374998,0.056068
206,fastml,0.5,random,0.0625,-1.0,COMPLETE,2025-03-29 21:35:56.387405,2025-03-29 21:35:56.483840,0.096435
207,tvae,0.5,instancehardness,0.25,-1.0,COMPLETE,2025-03-29 21:35:56.496203,2025-03-29 21:35:56.582413,0.08621
208,gaussiancopula,auto,condensednn,0.0625,-1.0,COMPLETE,2025-03-29 21:35:56.604701,2025-03-29 21:35:56.661033,0.056332
209,smote,2,tomeklinks,0,-1.0,COMPLETE,2025-03-29 21:35:56.673211,2025-03-29 21:35:56.755566,0.082355
210,tvae,0.5,condensednn,0,-1.0,COMPLETE,2025-03-29 21:35:56.768226,2025-03-29 21:35:56.856309,0.088083
211,random,0.5,nearmiss,0.25,-1.0,COMPLETE,2025-03-29 21:35:56.879339,2025-03-29 21:35:56.950935,0.071596
212,copulagan,0,tomeklinks,0.5,-1.0,COMPLETE,2025-03-29 21:35:56.964480,2025-03-29 21:35:57.307520,0.34304
213,fastml,2,random,0,-1.0,COMPLETE,2025-03-29 21:35:57.320095,2025-03-29 21:35:57.405511,0.085416
214,smote,auto,tomeklinks,0.25,-1.0,COMPLETE,2025-03-29 21:35:57.417720,2025-03-29 21:35:57.567511,0.149791
215,copulagan,0,clustercentroid,auto,-1.0,COMPLETE,2025-03-29 21:35:57.589472,2025-03-29 21:35:57.962951,0.373479
216,tvae,0.5,random,0,-1.0,COMPLETE,2025-03-29 21:35:57.975434,2025-03-29 21:35:58.061545,0.086111
217,fastml,0.5,clustercentroid,0.25,-1.0,COMPLETE,2025-03-29 21:35:58.085119,2025-03-29 21:35:58.140874,0.055755
218,fastml,1,editednn,auto,-1.0,COMPLETE,2025-03-29 21:35:58.152941,2025-03-29 21:35:58.207686,0.054745
219,tvae,1,nearmiss,0.25,-1.0,COMPLETE,2025-03-29 21:35:58.220976,2025-03-29 21:35:58.309228,0.088252
220,copulagan,1,editednn,0.0625,-1.0,COMPLETE,2025-03-29 21:35:58.332091,2025-03-29 21:35:58.704750,0.372659
221,random,0.5,clustercentroid,0.5,-1.0,COMPLETE,2025-03-29 21:35:58.718053,2025-03-29 21:35:58.787116,0.069063
222,random,2,random,0.125,-1.0,COMPLETE,2025-03-29 21:35:58.799001,2025-03-29 21:35:58.909407,0.110406
223,gaussiancopula,0.25,instancehardness,0.5,-1.0,COMPLETE,2025-03-29 21:35:58.921873,2025-03-29 21:35:59.460696,0.538823
224,gaussiancopula,0,clustercentroid,0.25,-1.0,COMPLETE,2025-03-29 21:35:59.473461,2025-03-29 21:35:59.530124,0.056663
225,copulagan,auto,instancehardness,0.125,-1.0,COMPLETE,2025-03-29 21:35:59.542651,2025-03-29 21:35:59.882517,0.339866
226,random,0.25,instancehardness,0.5,-1.0,COMPLETE,2025-03-29 21:35:59.896220,2025-03-29 21:36:00.459742,0.563522
227,smote,0,random,auto,-1.0,COMPLETE,2025-03-29 21:36:00.483937,2025-03-29 21:36:00.565122,0.081185
228,gaussiancopula,0,editednn,0.0625,-1.0,COMPLETE,2025-03-29 21:36:00.577260,2025-03-29 21:36:00.630927,0.053667
229,adasyn,2,editednn,auto,-1.0,COMPLETE,2025-03-29 21:36:00.643187,2025-03-29 21:36:00.697549,0.054362
230,tvae,0.5,tomeklinks,0.0625,-1.0,COMPLETE,2025-03-29 21:36:00.709815,2025-03-29 21:36:00.792037,0.082222
231,adasyn,auto,editednn,auto,-1.0,COMPLETE,2025-03-29 21:36:00.818230,2025-03-29 21:36:00.870271,0.052041
232,smote,0.5,editednn,0.5,-1.0,COMPLETE,2025-03-29 21:36:00.882165,2025-03-29 21:36:00.933902,0.051737
233,gaussiancopula,0.5,random,auto,-1.0,COMPLETE,2025-03-29 21:36:00.946112,2025-03-29 21:36:01.032157,0.086045
234,adasyn,0.5,instancehardness,0.25,-1.0,COMPLETE,2025-03-29 21:36:01.044906,2025-03-29 21:36:01.590528,0.545622
235,smote,0,random,0,-1.0,ERROR,,,0.0
236,smote,1,clustercentroid,0.5,-1.0,COMPLETE,2025-03-29 21:36:01.710955,2025-03-29 21:36:01.765512,0.054557
237,random,2,random,0.0625,-1.0,COMPLETE,2025-03-29 21:36:01.778083,2025-03-29 21:36:01.887927,0.109844
238,tvae,1,onesidedselection,0.5,-1.0,COMPLETE,2025-03-29 21:36:01.899993,2025-03-29 21:36:01.987041,0.087048
239,fastml,2,condensednn,0.0625,-1.0,COMPLETE,2025-03-29 21:36:02.009115,2025-03-29 21:36:02.066064,0.056949
240,adasyn,0,onesidedselection,0,-1.0,ERROR,,,0.0
241,copulagan,2,condensednn,0.0625,-1.0,COMPLETE,2025-03-29 21:36:02.167200,2025-03-29 21:36:02.503890,0.33669
242,tvae,auto,tomeklinks,auto,-1.0,COMPLETE,2025-03-29 21:36:02.516219,2025-03-29 21:36:02.600264,0.084045
243,tvae,auto,condensednn,0.125,-1.0,COMPLETE,2025-03-29 21:36:02.627500,2025-03-29 21:36:02.711161,0.083661
244,ctgan,1,instancehardness,0,-1.0,COMPLETE,2025-03-29 21:36:02.738286,2025-03-29 21:36:02.823198,0.084912
245,tvae,0,onesidedselection,auto,-1.0,COMPLETE,2025-03-29 21:36:02.845811,2025-03-29 21:36:02.928938,0.083127
246,smote,0,onesidedselection,0.25,-1.0,COMPLETE,2025-03-29 21:36:02.956602,2025-03-29 21:36:03.004792,0.04819
247,tvae,0.5,random,0.125,-1.0,COMPLETE,2025-03-29 21:36:03.017070,2025-03-29 21:36:03.100561,0.083491
248,tvae,2,editednn,0.5,-1.0,COMPLETE,2025-03-29 21:36:03.123202,2025-03-29 21:36:03.207651,0.084449
249,gaussiancopula,0.5,nearmiss,0.0625,-1.0,COMPLETE,2025-03-29 21:36:03.230501,2025-03-29 21:36:03.286479,0.055978
250,smote,auto,tomeklinks,0,-1.0,COMPLETE,2025-03-29 21:36:03.298723,2025-03-29 21:36:03.380543,0.08182
251,gaussiancopula,0.25,onesidedselection,0,-1.0,COMPLETE,2025-03-29 21:36:03.393016,2025-03-29 21:36:03.479209,0.086193
252,fastml,0,nearmiss,0.25,-1.0,COMPLETE,2025-03-29 21:36:03.492447,2025-03-29 21:36:03.547262,0.054815
253,gaussiancopula,1,condensednn,0,-1.0,COMPLETE,2025-03-29 21:36:03.559908,2025-03-29 21:36:03.645668,0.08576
254,adasyn,0.25,nearmiss,0.125,-1.0,COMPLETE,2025-03-29 21:36:03.657950,2025-03-29 21:36:03.710487,0.052537
255,ctgan,1,onesidedselection,0.5,-1.0,COMPLETE,2025-03-29 21:36:03.723374,2025-03-29 21:36:03.807167,0.083793
256,fastml,1,onesidedselection,0.125,-1.0,COMPLETE,2025-03-29 21:36:03.829924,2025-03-29 21:36:03.885383,0.055459
257,adasyn,0.5,condensednn,0.25,-1.0,COMPLETE,2025-03-29 21:36:03.897555,2025-03-29 21:36:03.951167,0.053612
258,fastml,2,editednn,0.5,-1.0,COMPLETE,2025-03-29 21:36:03.963774,2025-03-29 21:36:04.019752,0.055978
259,copulagan,auto,editednn,0,-1.0,COMPLETE,2025-03-29 21:36:04.032273,2025-03-29 21:36:04.367640,0.335367
260,tvae,2,tomeklinks,0.25,-1.0,COMPLETE,2025-03-29 21:36:04.389343,2025-03-29 21:36:04.470985,0.081642
261,tvae,1,instancehardness,auto,-1.0,COMPLETE,2025-03-29 21:36:04.498207,2025-03-29 21:36:04.581574,0.083367
262,smote,0.25,clustercentroid,0,-1.0,COMPLETE,2025-03-29 21:36:04.604428,2025-03-29 21:36:04.685656,0.081228
263,smote,2,clustercentroid,0.25,-1.0,COMPLETE,2025-03-29 21:36:04.698449,2025-03-29 21:36:04.754226,0.055777
264,gaussiancopula,0.25,tomeklinks,0,-1.0,COMPLETE,2025-03-29 21:36:04.766777,2025-03-29 21:36:04.849356,0.082579
265,tvae,0.25,nearmiss,0.125,-1.0,COMPLETE,2025-03-29 21:36:04.861770,2025-03-29 21:36:04.946332,0.084562
266,random,0,condensednn,0.125,-1.0,COMPLETE,2025-03-29 21:36:04.972363,2025-03-29 21:36:05.021224,0.048861
267,adasyn,0.5,instancehardness,0.125,-1.0,COMPLETE,2025-03-29 21:36:05.033655,2025-03-29 21:36:05.568093,0.534438
268,ctgan,auto,instancehardness,auto,-1.0,COMPLETE,2025-03-29 21:36:05.591375,2025-03-29 21:36:05.682861,0.091486
269,gaussiancopula,2,tomeklinks,0.25,-1.0,COMPLETE,2025-03-29 21:36:05.705488,2025-03-29 21:36:05.763296,0.057808
270,ctgan,1,instancehardness,0.5,-1.0,COMPLETE,2025-03-29 21:36:05.775913,2025-03-29 21:36:05.866243,0.09033
271,adasyn,0,random,0.5,-1.0,COMPLETE,2025-03-29 21:36:05.888185,2025-03-29 21:36:05.974149,0.085964
272,ctgan,2,instancehardness,0.0625,-1.0,COMPLETE,2025-03-29 21:36:05.986649,2025-03-29 21:36:06.073763,0.087114
273,tvae,auto,editednn,0.25,-1.0,COMPLETE,2025-03-29 21:36:06.096000,2025-03-29 21:36:06.183145,0.087145
274,adasyn,0.25,condensednn,0.0625,-1.0,COMPLETE,2025-03-29 21:36:06.205263,2025-03-29 21:36:06.260641,0.055378
275,random,2,condensednn,auto,-1.0,COMPLETE,2025-03-29 21:36:06.273233,2025-03-29 21:36:06.345739,0.072506
276,copulagan,0.25,instancehardness,0.0625,-1.0,COMPLETE,2025-03-29 21:36:06.358228,2025-03-29 21:36:06.707514,0.349286
277,adasyn,0.5,tomeklinks,auto,-1.0,COMPLETE,2025-03-29 21:36:06.719940,2025-03-29 21:36:06.774783,0.054843
278,smote,0.25,nearmiss,0.5,-1.0,COMPLETE,2025-03-29 21:36:06.787646,2025-03-29 21:36:06.847757,0.060111
279,fastml,0.5,onesidedselection,0.0625,-1.0,COMPLETE,2025-03-29 21:36:06.860525,2025-03-29 21:36:06.921428,0.060903
280,copulagan,0.25,onesidedselection,auto,-1.0,COMPLETE,2025-03-29 21:36:06.934164,2025-03-29 21:36:07.283539,0.349375
281,adasyn,1,instancehardness,auto,-1.0,COMPLETE,2025-03-29 21:36:07.295946,2025-03-29 21:36:07.828868,0.532922
282,copulagan,0,tomeklinks,0.0625,-1.0,COMPLETE,2025-03-29 21:36:07.853996,2025-03-29 21:36:08.202929,0.348933
283,gaussiancopula,0.5,tomeklinks,0.5,-1.0,COMPLETE,2025-03-29 21:36:08.216243,2025-03-29 21:36:08.274825,0.058582
284,ctgan,auto,tomeklinks,auto,-1.0,COMPLETE,2025-03-29 21:36:08.287301,2025-03-29 21:36:08.376514,0.089213
285,copulagan,1,onesidedselection,0.25,-1.0,COMPLETE,2025-03-29 21:36:08.400188,2025-03-29 21:36:08.775138,0.37495
286,ctgan,1,editednn,0.5,-1.0,COMPLETE,2025-03-29 21:36:08.787406,2025-03-29 21:36:08.875237,0.087831
287,random,2,onesidedselection,0.125,-1.0,COMPLETE,2025-03-29 21:36:08.897134,2025-03-29 21:36:08.968834,0.0717
288,gaussiancopula,auto,editednn,0.125,-1.0,COMPLETE,2025-03-29 21:36:08.981710,2025-03-29 21:36:09.040591,0.058881
289,ctgan,0.25,random,auto,-1.0,COMPLETE,2025-03-29 21:36:09.053243,2025-03-29 21:36:09.145299,0.092056
290,random,2,random,auto,-1.0,COMPLETE,2025-03-29 21:36:09.167381,2025-03-29 21:36:09.268664,0.101283
291,ctgan,2,nearmiss,auto,-1.0,COMPLETE,2025-03-29 21:36:09.280999,2025-03-29 21:36:09.366689,0.08569
292,tvae,auto,instancehardness,0.5,-1.0,COMPLETE,2025-03-29 21:36:09.388910,2025-03-29 21:36:09.473927,0.085017
293,copulagan,0.25,editednn,0.125,-1.0,COMPLETE,2025-03-29 21:36:09.496265,2025-03-29 21:36:09.838612,0.342347
294,random,1,tomeklinks,0.25,-1.0,COMPLETE,2025-03-29 21:36:09.851068,2025-03-29 21:36:09.922166,0.071098
295,fastml,auto,tomeklinks,0,-1.0,COMPLETE,2025-03-29 21:36:09.934408,2025-03-29 21:36:10.018172,0.083764
296,fastml,1,random,0.25,-1.0,COMPLETE,2025-03-29 21:36:10.030399,2025-03-29 21:36:10.120226,0.089827
297,random,auto,condensednn,0.125,-1.0,COMPLETE,2025-03-29 21:36:10.132724,2025-03-29 21:36:10.202894,0.07017
298,random,1,clustercentroid,auto,-1.0,COMPLETE,2025-03-29 21:36:10.215271,2025-03-29 21:36:10.286267,0.070996
299,adasyn,0,clustercentroid,0,-1.0,ERROR,,,0.0
300,fastml,1,editednn,0,-1.0,COMPLETE,2025-03-29 21:36:10.389886,2025-03-29 21:36:10.473596,0.08371
301,tvae,0.25,nearmiss,0.0625,-1.0,COMPLETE,2025-03-29 21:36:10.485840,2025-03-29 21:36:10.571863,0.086023
302,random,0.25,clustercentroid,0.0625,-1.0,COMPLETE,2025-03-29 21:36:10.594478,2025-03-29 21:36:10.664373,0.069895
303,tvae,1,condensednn,0.125,-1.0,COMPLETE,2025-03-29 21:36:10.676678,2025-03-29 21:36:10.761726,0.085048
304,gaussiancopula,0.25,tomeklinks,auto,-1.0,COMPLETE,2025-03-29 21:36:10.783806,2025-03-29 21:36:10.841256,0.05745
305,smote,2,nearmiss,auto,-1.0,COMPLETE,2025-03-29 21:36:10.853650,2025-03-29 21:36:10.908287,0.054637
306,random,0,tomeklinks,0.5,-1.0,COMPLETE,2025-03-29 21:36:10.920674,2025-03-29 21:36:10.971102,0.050428
307,random,auto,condensednn,auto,-1.0,COMPLETE,2025-03-29 21:36:10.983488,2025-03-29 21:36:11.056197,0.072709
308,smote,1,random,0,-1.0,COMPLETE,2025-03-29 21:36:11.068834,2025-03-29 21:36:11.174605,0.105771
309,random,1,condensednn,auto,-1.0,COMPLETE,2025-03-29 21:36:11.188280,2025-03-29 21:36:11.259833,0.071553
310,random,auto,instancehardness,0.5,-1.0,COMPLETE,2025-03-29 21:36:11.272359,2025-03-29 21:36:11.822308,0.549949
311,gaussiancopula,0.5,tomeklinks,0.125,-1.0,COMPLETE,2025-03-29 21:36:11.836087,2025-03-29 21:36:11.897006,0.060919
312,ctgan,0.25,editednn,0.125,-1.0,COMPLETE,2025-03-29 21:36:11.909712,2025-03-29 21:36:11.999814,0.090102
313,tvae,2,random,0.25,-1.0,COMPLETE,2025-03-29 21:36:12.022799,2025-03-29 21:36:12.110799,0.088
314,adasyn,1,random,0.0625,-1.0,COMPLETE,2025-03-29 21:36:12.133275,2025-03-29 21:36:12.227310,0.094035
315,copulagan,0.5,editednn,auto,-1.0,COMPLETE,2025-03-29 21:36:12.239855,2025-03-29 21:36:12.580334,0.340479
316,tvae,0.5,nearmiss,0.125,-1.0,COMPLETE,2025-03-29 21:36:12.592653,2025-03-29 21:36:12.676598,0.083945
317,ctgan,0,random,0,-1.0,ERROR,,,0.0
318,adasyn,0,nearmiss,0.25,-1.0,COMPLETE,2025-03-29 21:36:12.804415,2025-03-29 21:36:12.853617,0.049202
319,smote,0.5,random,0.5,-1.0,COMPLETE,2025-03-29 21:36:12.865557,2025-03-29 21:36:12.950931,0.085374
320,fastml,auto,editednn,0.0625,-1.0,COMPLETE,2025-03-29 21:36:12.963489,2025-03-29 21:36:13.020104,0.056615
321,adasyn,2,onesidedselection,0.5,-1.0,COMPLETE,2025-03-29 21:36:13.032324,2025-03-29 21:36:13.088639,0.056315
322,copulagan,auto,clustercentroid,0.0625,-1.0,COMPLETE,2025-03-29 21:36:13.100631,2025-03-29 21:36:13.444930,0.344299
323,ctgan,0.25,onesidedselection,0,-1.0,COMPLETE,2025-03-29 21:36:13.457400,2025-03-29 21:36:13.543967,0.086567
324,tvae,2,random,0,-1.0,COMPLETE,2025-03-29 21:36:13.566925,2025-03-29 21:36:13.652423,0.085498
325,copulagan,2,random,0.125,-1.0,COMPLETE,2025-03-29 21:36:13.675078,2025-03-29 21:36:14.040750,0.365672
326,smote,0.25,clustercentroid,0.5,-1.0,COMPLETE,2025-03-29 21:36:14.053036,2025-03-29 21:36:14.108960,0.055924
327,adasyn,2,onesidedselection,0.25,-1.0,COMPLETE,2025-03-29 21:36:14.121079,2025-03-29 21:36:14.176439,0.05536
328,random,auto,instancehardness,0.125,-1.0,COMPLETE,2025-03-29 21:36:14.188584,2025-03-29 21:36:14.732582,0.543998
329,fastml,0.25,nearmiss,0.125,-1.0,COMPLETE,2025-03-29 21:36:14.752230,2025-03-29 21:36:14.815107,0.062877
330,smote,auto,clustercentroid,0.0625,-1.0,COMPLETE,2025-03-29 21:36:14.827474,2025-03-29 21:36:14.884781,0.057307
331,random,0,condensednn,0,-1.0,ERROR,,,0.0
332,tvae,0.25,instancehardness,0.125,-1.0,COMPLETE,2025-03-29 21:36:14.992835,2025-03-29 21:36:15.083790,0.090955
333,adasyn,0.25,nearmiss,auto,-1.0,COMPLETE,2025-03-29 21:36:15.106626,2025-03-29 21:36:15.165227,0.058601
334,tvae,0.25,clustercentroid,0.0625,-1.0,COMPLETE,2025-03-29 21:36:15.177827,2025-03-29 21:36:15.268467,0.09064
335,ctgan,2,tomeklinks,auto,-1.0,COMPLETE,2025-03-29 21:36:15.290867,2025-03-29 21:36:15.382188,0.091321
336,fastml,0.25,tomeklinks,0,-1.0,COMPLETE,2025-03-29 21:36:15.405585,2025-03-29 21:36:15.497339,0.091754
337,fastml,0,editednn,auto,-1.0,COMPLETE,2025-03-29 21:36:15.510080,2025-03-29 21:36:15.569226,0.059146
338,fastml,0.25,clustercentroid,0.125,-1.0,COMPLETE,2025-03-29 21:36:15.581662,2025-03-29 21:36:15.641273,0.059611
339,gaussiancopula,0.5,onesidedselection,0.25,-1.0,COMPLETE,2025-03-29 21:36:15.653960,2025-03-29 21:36:15.715708,0.061748
340,fastml,auto,editednn,auto,-1.0,COMPLETE,2025-03-29 21:36:15.728459,2025-03-29 21:36:15.787273,0.058814
341,fastml,0,random,0.5,-1.0,COMPLETE,2025-03-29 21:36:15.800102,2025-03-29 21:36:15.890473,0.090371
342,random,0.5,condensednn,0.25,-1.0,COMPLETE,2025-03-29 21:36:15.902781,2025-03-29 21:36:15.975685,0.072904
343,tvae,2,onesidedselection,auto,-1.0,COMPLETE,2025-03-29 21:36:15.987853,2025-03-29 21:36:16.075798,0.087945
344,fastml,2,nearmiss,0.0625,-1.0,COMPLETE,2025-03-29 21:36:16.098368,2025-03-29 21:36:16.158112,0.059744
345,adasyn,1,onesidedselection,0.0625,-1.0,COMPLETE,2025-03-29 21:36:16.170534,2025-03-29 21:36:16.226604,0.05607
346,tvae,1,editednn,0.5,-1.0,COMPLETE,2025-03-29 21:36:16.239030,2025-03-29 21:36:16.326111,0.087081
347,gaussiancopula,0.5,clustercentroid,auto,-1.0,COMPLETE,2025-03-29 21:36:16.348628,2025-03-29 21:36:16.407668,0.05904
348,fastml,0.5,tomeklinks,0.25,-1.0,COMPLETE,2025-03-29 21:36:16.420048,2025-03-29 21:36:16.480126,0.060078
349,adasyn,0.25,condensednn,0.25,-1.0,COMPLETE,2025-03-29 21:36:16.492616,2025-03-29 21:36:16.550103,0.057487
350,tvae,auto,onesidedselection,0,-1.0,COMPLETE,2025-03-29 21:36:16.562500,2025-03-29 21:36:16.647573,0.085073
351,random,0.5,nearmiss,0.5,-1.0,COMPLETE,2025-03-29 21:36:16.670319,2025-03-29 21:36:16.744508,0.074189
352,gaussiancopula,0,editednn,0.5,-1.0,COMPLETE,2025-03-29 21:36:16.756886,2025-03-29 21:36:16.815909,0.059023
353,random,0.25,onesidedselection,0.5,-1.0,COMPLETE,2025-03-29 21:36:16.828362,2025-03-29 21:36:16.901358,0.072996
354,fastml,0.25,clustercentroid,auto,-1.0,COMPLETE,2025-03-29 21:36:16.913570,2025-03-29 21:36:16.972073,0.058503
355,random,0.5,instancehardness,0.5,-1.0,COMPLETE,2025-03-29 21:36:16.984629,2025-03-29 21:36:17.541827,0.557198
356,tvae,0.25,onesidedselection,0,-1.0,COMPLETE,2025-03-29 21:36:17.566545,2025-03-29 21:36:17.656977,0.090432
357,gaussiancopula,0,tomeklinks,0,-1.0,ERROR,,,0.0
358,adasyn,2,tomeklinks,0.125,-1.0,COMPLETE,2025-03-29 21:36:17.768491,2025-03-29 21:36:17.825417,0.056926
359,copulagan,auto,onesidedselection,0,-1.0,COMPLETE,2025-03-29 21:36:17.837894,2025-03-29 21:36:18.191817,0.353923
360,fastml,0.5,condensednn,0,-1.0,COMPLETE,2025-03-29 21:36:18.205560,2025-03-29 21:36:18.289748,0.084188
361,fastml,1,tomeklinks,0.5,-1.0,COMPLETE,2025-03-29 21:36:18.302723,2025-03-29 21:36:18.364339,0.061616
362,random,0.5,clustercentroid,0.125,-1.0,COMPLETE,2025-03-29 21:36:18.376480,2025-03-29 21:36:18.449800,0.07332
363,gaussiancopula,0.5,condensednn,0.125,-1.0,COMPLETE,2025-03-29 21:36:18.462103,2025-03-29 21:36:18.522070,0.059967
364,random,2,instancehardness,0,-1.0,COMPLETE,2025-03-29 21:36:18.534793,2025-03-29 21:36:18.631999,0.097206
365,fastml,auto,onesidedselection,0.25,-1.0,COMPLETE,2025-03-29 21:36:18.644288,2025-03-29 21:36:18.703705,0.059417
366,fastml,0.5,tomeklinks,0.0625,-1.0,COMPLETE,2025-03-29 21:36:18.716309,2025-03-29 21:36:18.775539,0.05923
367,copulagan,auto,nearmiss,auto,-1.0,COMPLETE,2025-03-29 21:36:18.788357,2025-03-29 21:36:19.134437,0.34608
368,copulagan,auto,clustercentroid,auto,-1.0,COMPLETE,2025-03-29 21:36:19.146874,2025-03-29 21:36:19.485285,0.338411
369,ctgan,auto,instancehardness,0.5,-1.0,COMPLETE,2025-03-29 21:36:19.505012,2025-03-29 21:36:19.593488,0.088476
370,gaussiancopula,auto,tomeklinks,0.125,-1.0,COMPLETE,2025-03-29 21:36:19.615933,2025-03-29 21:36:19.678912,0.062979
371,ctgan,0.5,tomeklinks,0,-1.0,COMPLETE,2025-03-29 21:36:19.692101,2025-03-29 21:36:19.780914,0.088813
372,ctgan,auto,nearmiss,auto,-1.0,COMPLETE,2025-03-29 21:36:19.802903,2025-03-29 21:36:19.889992,0.087089
373,tvae,0.5,tomeklinks,auto,-1.0,COMPLETE,2025-03-29 21:36:19.912626,2025-03-29 21:36:20.000466,0.08784
374,fastml,auto,onesidedselection,auto,-1.0,COMPLETE,2025-03-29 21:36:20.012570,2025-03-29 21:36:20.073621,0.061051
375,gaussiancopula,1,clustercentroid,0,-1.0,COMPLETE,2025-03-29 21:36:20.087256,2025-03-29 21:36:20.269820,0.182564
376,adasyn,auto,editednn,0.125,-1.0,COMPLETE,2025-03-29 21:36:20.282393,2025-03-29 21:36:20.341281,0.058888
377,gaussiancopula,2,condensednn,0.25,-1.0,COMPLETE,2025-03-29 21:36:20.353611,2025-03-29 21:36:20.414704,0.061093
378,smote,0,random,0.0625,-1.0,COMPLETE,2025-03-29 21:36:20.427597,2025-03-29 21:36:20.523173,0.095576
379,copulagan,0,nearmiss,auto,-1.0,COMPLETE,2025-03-29 21:36:20.536134,2025-03-29 21:36:20.892086,0.355952
380,fastml,0,instancehardness,0,-1.0,ERROR,,,0.0
381,copulagan,0,clustercentroid,0.5,-1.0,COMPLETE,2025-03-29 21:36:21.002830,2025-03-29 21:36:21.348600,0.34577
382,smote,0.5,instancehardness,auto,-1.0,COMPLETE,2025-03-29 21:36:21.360846,2025-03-29 21:36:21.905926,0.54508
383,tvae,0.5,nearmiss,0,-1.0,COMPLETE,2025-03-29 21:36:21.919184,2025-03-29 21:36:22.008699,0.089515
384,smote,2,tomeklinks,0.5,-1.0,COMPLETE,2025-03-29 21:36:22.030568,2025-03-29 21:36:22.090260,0.059692
385,gaussiancopula,0.25,editednn,auto,-1.0,COMPLETE,2025-03-29 21:36:22.102609,2025-03-29 21:36:22.174697,0.072088
386,gaussiancopula,0,clustercentroid,0.5,-1.0,COMPLETE,2025-03-29 21:36:22.187472,2025-03-29 21:36:22.248396,0.060924
387,ctgan,1,random,0,-1.0,COMPLETE,2025-03-29 21:36:22.261999,2025-03-29 21:36:22.355386,0.093387
388,tvae,0,clustercentroid,0.125,-1.0,COMPLETE,2025-03-29 21:36:22.377998,2025-03-29 21:36:22.476964,0.098966
389,ctgan,1,nearmiss,0.125,-1.0,COMPLETE,2025-03-29 21:36:22.500236,2025-03-29 21:36:22.607657,0.107421
390,copulagan,1,condensednn,0.5,-1.0,COMPLETE,2025-03-29 21:36:22.630328,2025-03-29 21:36:23.007542,0.377214
391,tvae,1,instancehardness,0.125,-1.0,COMPLETE,2025-03-29 21:36:23.019901,2025-03-29 21:36:23.110187,0.090286
392,adasyn,2,clustercentroid,0.0625,-1.0,COMPLETE,2025-03-29 21:36:23.131976,2025-03-29 21:36:23.189375,0.057399
393,copulagan,auto,tomeklinks,0.25,-1.0,COMPLETE,2025-03-29 21:36:23.201916,2025-03-29 21:36:23.544455,0.342539
394,gaussiancopula,2,random,0.25,-1.0,COMPLETE,2025-03-29 21:36:23.557526,2025-03-29 21:36:23.650613,0.093087
395,copulagan,0,nearmiss,0,-1.0,ERROR,,,0.0
396,ctgan,auto,tomeklinks,0.0625,-1.0,COMPLETE,2025-03-29 21:36:24.033744,2025-03-29 21:36:24.127486,0.093742
397,smote,0,condensednn,0.25,-1.0,COMPLETE,2025-03-29 21:36:24.150067,2025-03-29 21:36:24.205224,0.055157
398,tvae,1,instancehardness,0.25,-1.0,COMPLETE,2025-03-29 21:36:24.218012,2025-03-29 21:36:24.306345,0.088333
399,adasyn,auto,condensednn,0.5,-1.0,COMPLETE,2025-03-29 21:36:24.329607,2025-03-29 21:36:24.389881,0.060274
400,fastml,0.5,onesidedselection,0.125,-1.0,COMPLETE,2025-03-29 21:36:24.402592,2025-03-29 21:36:24.463794,0.061202
401,adasyn,0,tomeklinks,0.25,-1.0,COMPLETE,2025-03-29 21:36:24.476621,2025-03-29 21:36:24.530115,0.053494
402,copulagan,0.25,nearmiss,0.5,-1.0,COMPLETE,2025-03-29 21:36:24.542858,2025-03-29 21:36:24.884352,0.341494
403,adasyn,0.25,editednn,auto,-1.0,COMPLETE,2025-03-29 21:36:24.897021,2025-03-29 21:36:24.954747,0.057726
404,gaussiancopula,auto,instancehardness,0.0625,-1.0,COMPLETE,2025-03-29 21:36:24.966724,2025-03-29 21:36:25.494757,0.528033
405,random,1,editednn,0,-1.0,COMPLETE,2025-03-29 21:36:25.517717,2025-03-29 21:36:25.620747,0.10303
406,smote,auto,editednn,0.5,-1.0,COMPLETE,2025-03-29 21:36:25.633063,2025-03-29 21:36:25.692056,0.058993
407,random,0,instancehardness,0.125,-1.0,COMPLETE,2025-03-29 21:36:25.704789,2025-03-29 21:36:26.248694,0.543905
408,ctgan,0,instancehardness,0.5,-1.0,COMPLETE,2025-03-29 21:36:26.272243,2025-03-29 21:36:26.363171,0.090928
409,tvae,0.25,tomeklinks,0.25,-1.0,COMPLETE,2025-03-29 21:36:26.386583,2025-03-29 21:36:26.483779,0.097196
410,smote,0.5,nearmiss,0.125,-1.0,COMPLETE,2025-03-29 21:36:26.497017,2025-03-29 21:36:26.561194,0.064177
411,smote,0,random,0.125,-1.0,COMPLETE,2025-03-29 21:36:26.574505,2025-03-29 21:36:26.670735,0.09623
412,gaussiancopula,1,condensednn,auto,-1.0,COMPLETE,2025-03-29 21:36:26.684182,2025-03-29 21:36:26.749064,0.064882
413,tvae,auto,tomeklinks,0.0625,-1.0,COMPLETE,2025-03-29 21:36:26.762063,2025-03-29 21:36:26.855708,0.093645
414,smote,1,instancehardness,0.5,-1.0,COMPLETE,2025-03-29 21:36:26.878631,2025-03-29 21:36:27.423971,0.54534
415,gaussiancopula,1,nearmiss,0.5,-1.0,COMPLETE,2025-03-29 21:36:27.447243,2025-03-29 21:36:27.514279,0.067036
416,ctgan,2,editednn,0.25,-1.0,COMPLETE,2025-03-29 21:36:27.527198,2025-03-29 21:36:27.617023,0.089825
417,adasyn,auto,random,0,-1.0,COMPLETE,2025-03-29 21:36:27.639882,2025-03-29 21:36:27.726326,0.086444
418,adasyn,auto,instancehardness,0.5,-1.0,COMPLETE,2025-03-29 21:36:27.739164,2025-03-29 21:36:28.280108,0.540944
419,ctgan,0.25,instancehardness,auto,-1.0,COMPLETE,2025-03-29 21:36:28.304026,2025-03-29 21:36:28.395861,0.091835
420,ctgan,auto,random,0.0625,-1.0,COMPLETE,2025-03-29 21:36:28.418143,2025-03-29 21:36:28.508453,0.09031
421,adasyn,1,condensednn,0,-1.0,COMPLETE,2025-03-29 21:36:28.530872,2025-03-29 21:36:28.616511,0.085639
422,tvae,0.5,tomeklinks,0,-1.0,COMPLETE,2025-03-29 21:36:28.628768,2025-03-29 21:36:28.716958,0.08819
423,smote,2,onesidedselection,0.125,-1.0,COMPLETE,2025-03-29 21:36:28.740382,2025-03-29 21:36:28.798659,0.058277
424,fastml,0.25,condensednn,auto,-1.0,COMPLETE,2025-03-29 21:36:28.811201,2025-03-29 21:36:28.871566,0.060365
425,copulagan,0.25,onesidedselection,0.25,-1.0,COMPLETE,2025-03-29 21:36:28.883660,2025-03-29 21:36:29.240412,0.356752
426,gaussiancopula,1,instancehardness,0.5,-1.0,COMPLETE,2025-03-29 21:36:29.252911,2025-03-29 21:36:29.789957,0.537046
427,random,1,instancehardness,0.25,-1.0,COMPLETE,2025-03-29 21:36:29.804328,2025-03-29 21:36:30.362447,0.558119
428,random,0.5,nearmiss,0.125,-1.0,COMPLETE,2025-03-29 21:36:30.387126,2025-03-29 21:36:30.465533,0.078407
429,ctgan,0.5,tomeklinks,auto,-1.0,COMPLETE,2025-03-29 21:36:30.478138,2025-03-29 21:36:30.572675,0.094537
430,smote,0,editednn,0.125,-1.0,COMPLETE,2025-03-29 21:36:30.595279,2025-03-29 21:36:30.648938,0.053659
431,smote,0,editednn,0.25,-1.0,COMPLETE,2025-03-29 21:36:30.661597,2025-03-29 21:36:30.717017,0.05542
432,smote,0.5,random,0.0625,-1.0,COMPLETE,2025-03-29 21:36:30.729572,2025-03-29 21:36:30.829997,0.100425
433,gaussiancopula,0.25,editednn,0.25,-1.0,COMPLETE,2025-03-29 21:36:30.843106,2025-03-29 21:36:30.907261,0.064155
434,copulagan,1,instancehardness,0.5,-1.0,COMPLETE,2025-03-29 21:36:30.920328,2025-03-29 21:36:31.269914,0.349586
435,gaussiancopula,0.25,condensednn,0.25,-1.0,COMPLETE,2025-03-29 21:36:31.282067,2025-03-29 21:36:31.342752,0.060685
436,copulagan,1,onesidedselection,0,-1.0,COMPLETE,2025-03-29 21:36:31.355052,2025-03-29 21:36:31.730785,0.375733
437,adasyn,1,condensednn,auto,-1.0,COMPLETE,2025-03-29 21:36:31.743276,2025-03-29 21:36:31.801743,0.058467
438,gaussiancopula,0,nearmiss,auto,-1.0,COMPLETE,2025-03-29 21:36:31.813903,2025-03-29 21:36:31.873165,0.059262
439,copulagan,0,onesidedselection,0.25,-1.0,COMPLETE,2025-03-29 21:36:31.885145,2025-03-29 21:36:32.247828,0.362683
440,random,1,instancehardness,0.0625,-1.0,COMPLETE,2025-03-29 21:36:32.259741,2025-03-29 21:36:32.836291,0.57655
441,tvae,0.25,nearmiss,0.25,-1.0,COMPLETE,2025-03-29 21:36:32.849406,2025-03-29 21:36:32.938764,0.089358
442,smote,auto,random,0.125,-1.0,COMPLETE,2025-03-29 21:36:32.960742,2025-03-29 21:36:33.058035,0.097293
443,adasyn,auto,tomeklinks,0.125,-1.0,COMPLETE,2025-03-29 21:36:33.071059,2025-03-29 21:36:33.130449,0.05939
444,gaussiancopula,1,tomeklinks,auto,-1.0,COMPLETE,2025-03-29 21:36:33.142739,2025-03-29 21:36:33.203980,0.061241
445,random,0.25,editednn,0.25,-1.0,COMPLETE,2025-03-29 21:36:33.216661,2025-03-29 21:36:33.292283,0.075622
446,ctgan,auto,condensednn,0,-1.0,COMPLETE,2025-03-29 21:36:33.304705,2025-03-29 21:36:33.394160,0.089455
447,adasyn,1,nearmiss,0.125,-1.0,COMPLETE,2025-03-29 21:36:33.416121,2025-03-29 21:36:33.475946,0.059825
448,gaussiancopula,0,instancehardness,0.0625,-1.0,COMPLETE,2025-03-29 21:36:33.488356,2025-03-29 21:36:34.028594,0.540238
449,smote,2,onesidedselection,0,-1.0,COMPLETE,2025-03-29 21:36:34.052148,2025-03-29 21:36:34.141421,0.089273
450,smote,0,clustercentroid,0.0625,-1.0,COMPLETE,2025-03-29 21:36:34.154247,2025-03-29 21:36:34.208363,0.054116
451,adasyn,2,condensednn,auto,-1.0,COMPLETE,2025-03-29 21:36:34.221142,2025-03-29 21:36:34.282799,0.061657
452,gaussiancopula,auto,editednn,0.0625,-1.0,COMPLETE,2025-03-29 21:36:34.295315,2025-03-29 21:36:34.356741,0.061426
453,fastml,2,onesidedselection,0.25,-1.0,COMPLETE,2025-03-29 21:36:34.369192,2025-03-29 21:36:34.433003,0.063811
454,copulagan,auto,random,0,-1.0,COMPLETE,2025-03-29 21:36:34.445451,2025-03-29 21:36:34.806680,0.361229
455,random,auto,clustercentroid,0.25,-1.0,COMPLETE,2025-03-29 21:36:34.820065,2025-03-29 21:36:34.900062,0.079997
456,random,0.5,editednn,0.25,-1.0,COMPLETE,2025-03-29 21:36:34.913695,2025-03-29 21:36:34.994314,0.080619
457,ctgan,1,instancehardness,0.25,-1.0,COMPLETE,2025-03-29 21:36:35.007869,2025-03-29 21:36:35.103144,0.095275
458,gaussiancopula,auto,condensednn,auto,-1.0,COMPLETE,2025-03-29 21:36:35.125618,2025-03-29 21:36:35.186958,0.06134
459,adasyn,0,onesidedselection,0.25,-1.0,COMPLETE,2025-03-29 21:36:35.199349,2025-03-29 21:36:35.253981,0.054632
460,random,0.5,tomeklinks,0.125,-1.0,COMPLETE,2025-03-29 21:36:35.266097,2025-03-29 21:36:35.340673,0.074576
461,copulagan,2,random,0,-1.0,COMPLETE,2025-03-29 21:36:35.352802,2025-03-29 21:36:35.694854,0.342052
462,copulagan,1,clustercentroid,auto,-1.0,COMPLETE,2025-03-29 21:36:35.707511,2025-03-29 21:36:36.048151,0.34064
463,adasyn,auto,random,0.25,-1.0,COMPLETE,2025-03-29 21:36:36.061346,2025-03-29 21:36:36.153278,0.091932
464,tvae,2,condensednn,auto,-1.0,COMPLETE,2025-03-29 21:36:36.166442,2025-03-29 21:36:36.261673,0.095231
465,gaussiancopula,0,condensednn,0.125,-1.0,COMPLETE,2025-03-29 21:36:36.285510,2025-03-29 21:36:36.349481,0.063971
466,gaussiancopula,auto,tomeklinks,0.5,-1.0,COMPLETE,2025-03-29 21:36:36.363140,2025-03-29 21:36:36.430123,0.066983
467,ctgan,1,onesidedselection,0,-1.0,COMPLETE,2025-03-29 21:36:36.443729,2025-03-29 21:36:36.539751,0.096022
468,ctgan,0.5,condensednn,auto,-1.0,COMPLETE,2025-03-29 21:36:36.562779,2025-03-29 21:36:36.658149,0.09537
469,random,0,condensednn,auto,-1.0,COMPLETE,2025-03-29 21:36:36.680772,2025-03-29 21:36:36.738279,0.057507
470,copulagan,0.5,instancehardness,0,-1.0,COMPLETE,2025-03-29 21:36:36.751015,2025-03-29 21:36:37.101566,0.350551
471,gaussiancopula,0.25,onesidedselection,0.25,-1.0,COMPLETE,2025-03-29 21:36:37.113928,2025-03-29 21:36:37.176235,0.062307
472,gaussiancopula,2,condensednn,0,-1.0,COMPLETE,2025-03-29 21:36:37.188634,2025-03-29 21:36:37.276496,0.087862
473,copulagan,0.5,clustercentroid,0.25,-1.0,COMPLETE,2025-03-29 21:36:37.288745,2025-03-29 21:36:37.632954,0.344209
474,random,auto,random,0.125,-1.0,COMPLETE,2025-03-29 21:36:37.646398,2025-03-29 21:36:37.758181,0.111783
475,fastml,0.25,onesidedselection,0.0625,-1.0,COMPLETE,2025-03-29 21:36:37.770902,2025-03-29 21:36:37.833850,0.062948
476,tvae,2,random,0.5,-1.0,COMPLETE,2025-03-29 21:36:37.846724,2025-03-29 21:36:37.938622,0.091898
477,smote,0.25,tomeklinks,0.125,-1.0,COMPLETE,2025-03-29 21:36:37.961121,2025-03-29 21:36:38.021079,0.059958
478,smote,auto,onesidedselection,0.0625,-1.0,COMPLETE,2025-03-29 21:36:38.033242,2025-03-29 21:36:38.096274,0.063032
479,ctgan,0.25,onesidedselection,0.5,-1.0,COMPLETE,2025-03-29 21:36:38.109591,2025-03-29 21:36:38.202646,0.093055
480,random,0.5,onesidedselection,0.25,-1.0,COMPLETE,2025-03-29 21:36:38.224702,2025-03-29 21:36:38.301928,0.077226
481,random,0.5,nearmiss,auto,-1.0,COMPLETE,2025-03-29 21:36:38.314915,2025-03-29 21:36:38.395035,0.08012
482,adasyn,auto,clustercentroid,0.125,-1.0,COMPLETE,2025-03-29 21:36:38.408208,2025-03-29 21:36:38.469505,0.061297
483,fastml,0.5,tomeklinks,0.125,-1.0,COMPLETE,2025-03-29 21:36:38.483905,2025-03-29 21:36:38.550108,0.066203
484,copulagan,0.25,editednn,0.25,-1.0,COMPLETE,2025-03-29 21:36:38.563960,2025-03-29 21:36:38.917341,0.353381
485,adasyn,2,tomeklinks,auto,-1.0,COMPLETE,2025-03-29 21:36:38.930659,2025-03-29 21:36:38.993088,0.062429
486,tvae,2,instancehardness,0.125,-1.0,COMPLETE,2025-03-29 21:36:39.006308,2025-03-29 21:36:39.098270,0.091962
487,ctgan,2,tomeklinks,0.5,-1.0,COMPLETE,2025-03-29 21:36:39.111872,2025-03-29 21:36:39.210329,0.098457
488,adasyn,2,instancehardness,0.125,-1.0,COMPLETE,2025-03-29 21:36:39.233430,2025-03-29 21:36:39.778722,0.545292
489,smote,auto,nearmiss,auto,-1.0,COMPLETE,2025-03-29 21:36:39.792001,2025-03-29 21:36:39.854559,0.062558
490,ctgan,1,editednn,auto,-1.0,COMPLETE,2025-03-29 21:36:39.867396,2025-03-29 21:36:39.958686,0.09129
491,gaussiancopula,2,onesidedselection,0,-1.0,COMPLETE,2025-03-29 21:36:39.981374,2025-03-29 21:36:40.073841,0.092467
492,copulagan,0.25,instancehardness,0,-1.0,COMPLETE,2025-03-29 21:36:40.087172,2025-03-29 21:36:40.438704,0.351532
493,tvae,2,nearmiss,0.125,-1.0,COMPLETE,2025-03-29 21:36:40.451369,2025-03-29 21:36:40.542314,0.090945
494,copulagan,0.25,instancehardness,0.5,-1.0,COMPLETE,2025-03-29 21:36:40.564136,2025-03-29 21:36:40.922495,0.358359
495,smote,auto,nearmiss,0.25,-1.0,COMPLETE,2025-03-29 21:36:40.935171,2025-03-29 21:36:40.995981,0.06081
496,fastml,auto,condensednn,0.125,-1.0,COMPLETE,2025-03-29 21:36:41.008544,2025-03-29 21:36:41.075206,0.066662
497,smote,0.5,random,0.25,-1.0,COMPLETE,2025-03-29 21:36:41.089621,2025-03-29 21:36:41.190053,0.100432
498,copulagan,2,clustercentroid,0.5,-1.0,COMPLETE,2025-03-29 21:36:41.202969,2025-03-29 21:36:41.550910,0.347941
499,random,0.5,random,0,-1.0,COMPLETE,2025-03-29 21:36:41.573133,2025-03-29 21:36:41.674371,0.101238
500,copulagan,0.25,editednn,0,-1.0,COMPLETE,2025-03-29 21:36:41.687281,2025-03-29 21:36:42.030341,0.34306
501,copulagan,0.25,tomeklinks,auto,-1.0,COMPLETE,2025-03-29 21:36:42.042823,2025-03-29 21:36:42.411269,0.368446
502,smote,auto,nearmiss,0.5,-1.0,COMPLETE,2025-03-29 21:36:42.423947,2025-03-29 21:36:42.485434,0.061487
503,random,1,condensednn,0.0625,-1.0,COMPLETE,2025-03-29 21:36:42.497956,2025-03-29 21:36:42.573346,0.07539
504,adasyn,0.5,tomeklinks,0.5,-1.0,COMPLETE,2025-03-29 21:36:42.585778,2025-03-29 21:36:42.645405,0.059627
505,copulagan,1,condensednn,0.25,-1.0,COMPLETE,2025-03-29 21:36:42.657438,2025-03-29 21:36:43.020814,0.363376
506,adasyn,0.5,editednn,0,-1.0,COMPLETE,2025-03-29 21:36:43.043012,2025-03-29 21:36:43.128984,0.085972
507,gaussiancopula,auto,nearmiss,0.5,-1.0,COMPLETE,2025-03-29 21:36:43.141385,2025-03-29 21:36:43.205462,0.064077
508,random,auto,clustercentroid,0,-1.0,COMPLETE,2025-03-29 21:36:43.218718,2025-03-29 21:36:43.322369,0.103651
509,tvae,0.25,random,0.5,-1.0,COMPLETE,2025-03-29 21:36:43.334717,2025-03-29 21:36:43.427067,0.09235
510,tvae,2,tomeklinks,0.0625,-1.0,COMPLETE,2025-03-29 21:36:43.449931,2025-03-29 21:36:43.543711,0.09378
511,fastml,auto,tomeklinks,0.5,-1.0,COMPLETE,2025-03-29 21:36:43.566227,2025-03-29 21:36:43.632342,0.066115
512,tvae,0.25,clustercentroid,0,-1.0,COMPLETE,2025-03-29 21:36:43.644966,2025-03-29 21:36:43.738879,0.093913
513,random,1,random,auto,-1.0,COMPLETE,2025-03-29 21:36:43.761288,2025-03-29 21:36:43.869927,0.108639
514,smote,1,clustercentroid,0.125,-1.0,COMPLETE,2025-03-29 21:36:43.882429,2025-03-29 21:36:43.946089,0.06366
515,gaussiancopula,0.5,tomeklinks,0.25,-1.0,COMPLETE,2025-03-29 21:36:43.958841,2025-03-29 21:36:44.022495,0.063654
516,gaussiancopula,1,clustercentroid,0.125,-1.0,COMPLETE,2025-03-29 21:36:44.035722,2025-03-29 21:36:44.103027,0.067305
517,adasyn,1,instancehardness,0.0625,-1.0,COMPLETE,2025-03-29 21:36:44.115941,2025-03-29 21:36:44.653746,0.537805
518,tvae,1,random,0.0625,-1.0,COMPLETE,2025-03-29 21:36:44.678118,2025-03-29 21:36:44.775434,0.097316
519,smote,0.5,onesidedselection,0,-1.0,COMPLETE,2025-03-29 21:36:44.797819,2025-03-29 21:36:44.888541,0.090722
520,smote,2,condensednn,0,-1.0,COMPLETE,2025-03-29 21:36:44.900959,2025-03-29 21:36:44.987445,0.086486
521,smote,0.5,clustercentroid,0.125,-1.0,COMPLETE,2025-03-29 21:36:45.000093,2025-03-29 21:36:45.063073,0.06298
522,random,0.25,condensednn,0.0625,-1.0,COMPLETE,2025-03-29 21:36:45.075659,2025-03-29 21:36:45.158155,0.082496
523,ctgan,0,tomeklinks,0.125,-1.0,COMPLETE,2025-03-29 21:36:45.170775,2025-03-29 21:36:45.270328,0.099553
524,smote,auto,tomeklinks,0.5,-1.0,COMPLETE,2025-03-29 21:36:45.293294,2025-03-29 21:36:45.357952,0.064658
525,ctgan,0.25,random,0,-1.0,COMPLETE,2025-03-29 21:36:45.371498,2025-03-29 21:36:45.470100,0.098602
526,random,auto,nearmiss,0.125,-1.0,COMPLETE,2025-03-29 21:36:45.492851,2025-03-29 21:36:45.573927,0.081076
527,adasyn,0,tomeklinks,0.0625,-1.0,COMPLETE,2025-03-29 21:36:45.587213,2025-03-29 21:36:45.646604,0.059391
528,ctgan,2,tomeklinks,0.125,-1.0,COMPLETE,2025-03-29 21:36:45.660340,2025-03-29 21:36:45.757985,0.097645
529,fastml,2,nearmiss,0.5,-1.0,COMPLETE,2025-03-29 21:36:45.780675,2025-03-29 21:36:45.847413,0.066738
530,adasyn,0,condensednn,0.25,-1.0,COMPLETE,2025-03-29 21:36:45.860280,2025-03-29 21:36:45.918571,0.058291
531,smote,0.25,editednn,0.5,-1.0,COMPLETE,2025-03-29 21:36:45.931262,2025-03-29 21:36:45.994843,0.063581
532,tvae,1,clustercentroid,auto,-1.0,COMPLETE,2025-03-29 21:36:46.008473,2025-03-29 21:36:46.103948,0.095475
533,ctgan,1,onesidedselection,0.125,-1.0,COMPLETE,2025-03-29 21:36:46.126434,2025-03-29 21:36:46.221197,0.094763
534,fastml,1,tomeklinks,0,-1.0,COMPLETE,2025-03-29 21:36:46.245101,2025-03-29 21:36:46.339279,0.094178
535,ctgan,0.25,random,0.0625,-1.0,COMPLETE,2025-03-29 21:36:46.352281,2025-03-29 21:36:46.449025,0.096744
536,fastml,2,editednn,0.0625,-1.0,COMPLETE,2025-03-29 21:36:46.471168,2025-03-29 21:36:46.534549,0.063381
537,random,0.5,tomeklinks,auto,-1.0,COMPLETE,2025-03-29 21:36:46.547163,2025-03-29 21:36:46.624124,0.076961
538,fastml,2,nearmiss,0.25,-1.0,COMPLETE,2025-03-29 21:36:46.636737,2025-03-29 21:36:46.702436,0.065699
539,copulagan,2,onesidedselection,0.25,-1.0,COMPLETE,2025-03-29 21:36:46.715220,2025-03-29 21:36:47.087264,0.372044
540,fastml,0.5,nearmiss,0,-1.0,COMPLETE,2025-03-29 21:36:47.100083,2025-03-29 21:36:47.194353,0.09427
541,tvae,0.5,onesidedselection,0,-1.0,COMPLETE,2025-03-29 21:36:47.207024,2025-03-29 21:36:47.299216,0.092192
542,adasyn,0.25,random,0.5,-1.0,COMPLETE,2025-03-29 21:36:47.321853,2025-03-29 21:36:47.414144,0.092291
543,smote,2,editednn,0,-1.0,COMPLETE,2025-03-29 21:36:47.427153,2025-03-29 21:36:47.518318,0.091165
544,tvae,2,onesidedselection,0,-1.0,COMPLETE,2025-03-29 21:36:47.531578,2025-03-29 21:36:47.627745,0.096167
545,adasyn,2,random,0.25,-1.0,COMPLETE,2025-03-29 21:36:47.650474,2025-03-29 21:36:47.747544,0.09707
546,tvae,auto,random,auto,-1.0,COMPLETE,2025-03-29 21:36:47.760191,2025-03-29 21:36:47.857518,0.097327
547,adasyn,0.25,condensednn,auto,-1.0,COMPLETE,2025-03-29 21:36:47.880246,2025-03-29 21:36:47.944198,0.063952
548,copulagan,auto,instancehardness,0.5,-1.0,COMPLETE,2025-03-29 21:36:47.957397,2025-03-29 21:36:48.324627,0.36723
549,random,auto,random,0.5,-1.0,COMPLETE,2025-03-29 21:36:48.337199,2025-03-29 21:36:48.447194,0.109995
550,ctgan,0.5,condensednn,0.125,-1.0,COMPLETE,2025-03-29 21:36:48.460548,2025-03-29 21:36:48.553838,0.09329
551,adasyn,auto,tomeklinks,0.0625,-1.0,COMPLETE,2025-03-29 21:36:48.575754,2025-03-29 21:36:48.637672,0.061918
552,gaussiancopula,0.25,editednn,0,-1.0,COMPLETE,2025-03-29 21:36:48.650391,2025-03-29 21:36:48.742039,0.091648
553,gaussiancopula,2,clustercentroid,0.125,-1.0,COMPLETE,2025-03-29 21:36:48.755152,2025-03-29 21:36:48.917873,0.162721
554,smote,2,nearmiss,0.25,-1.0,COMPLETE,2025-03-29 21:36:48.940832,2025-03-29 21:36:49.005550,0.064718
555,random,1,instancehardness,auto,-1.0,COMPLETE,2025-03-29 21:36:49.018405,2025-03-29 21:36:49.582667,0.564262
556,smote,0.5,instancehardness,0,-1.0,COMPLETE,2025-03-29 21:36:49.606493,2025-03-29 21:36:49.704707,0.098214
557,fastml,0.25,editednn,0.5,-1.0,COMPLETE,2025-03-29 21:36:49.717921,2025-03-29 21:36:49.786779,0.068858
558,gaussiancopula,auto,onesidedselection,0.25,-1.0,COMPLETE,2025-03-29 21:36:49.799888,2025-03-29 21:36:49.867000,0.067112
559,adasyn,0.5,nearmiss,0.0625,-1.0,COMPLETE,2025-03-29 21:36:49.880098,2025-03-29 21:36:49.946679,0.066581
560,ctgan,0,editednn,0,-1.0,ERROR,,,0.0
561,fastml,0.5,clustercentroid,0,-1.0,COMPLETE,2025-03-29 21:36:50.079795,2025-03-29 21:36:50.176494,0.096699
562,gaussiancopula,0.5,nearmiss,0,-1.0,COMPLETE,2025-03-29 21:36:50.189300,2025-03-29 21:36:50.283015,0.093715
563,fastml,0,editednn,0.5,-1.0,COMPLETE,2025-03-29 21:36:50.295700,2025-03-29 21:36:50.359736,0.064036
564,smote,1,random,0.125,-1.0,COMPLETE,2025-03-29 21:36:50.372514,2025-03-29 21:36:50.473047,0.100533
565,copulagan,0,random,0,-1.0,ERROR,,,0.0
566,adasyn,0.5,editednn,0.25,-1.0,COMPLETE,2025-03-29 21:36:50.846195,2025-03-29 21:36:50.908265,0.06207
567,gaussiancopula,auto,instancehardness,auto,-1.0,COMPLETE,2025-03-29 21:36:50.921018,2025-03-29 21:36:51.479268,0.55825
568,copulagan,0.25,random,0.0625,-1.0,COMPLETE,2025-03-29 21:36:51.502666,2025-03-29 21:36:51.873694,0.371028
569,tvae,1,condensednn,0.0625,-1.0,COMPLETE,2025-03-29 21:36:51.887273,2025-03-29 21:36:51.984923,0.09765
570,tvae,2,onesidedselection,0.0625,-1.0,COMPLETE,2025-03-29 21:36:52.007959,2025-03-29 21:36:52.101683,0.093724
571,adasyn,2,nearmiss,0.5,-1.0,COMPLETE,2025-03-29 21:36:52.123614,2025-03-29 21:36:52.187259,0.063645
572,tvae,0.5,condensednn,0.0625,-1.0,COMPLETE,2025-03-29 21:36:52.202864,2025-03-29 21:36:52.295745,0.092881
573,random,0,tomeklinks,0.25,-1.0,COMPLETE,2025-03-29 21:36:52.318346,2025-03-29 21:36:52.376511,0.058165
574,ctgan,auto,instancehardness,0,-1.0,COMPLETE,2025-03-29 21:36:52.389049,2025-03-29 21:36:52.484741,0.095692
575,fastml,2,instancehardness,0.125,-1.0,COMPLETE,2025-03-29 21:36:52.507614,2025-03-29 21:36:53.058639,0.551025
576,copulagan,0.5,editednn,0.0625,-1.0,COMPLETE,2025-03-29 21:36:53.082302,2025-03-29 21:36:53.435206,0.352904
577,gaussiancopula,2,random,0.125,-1.0,COMPLETE,2025-03-29 21:36:53.447764,2025-03-29 21:36:53.552578,0.104814
578,random,2,instancehardness,0.125,-1.0,COMPLETE,2025-03-29 21:36:53.564621,2025-03-29 21:36:54.117785,0.553164
579,ctgan,1,onesidedselection,auto,-1.0,COMPLETE,2025-03-29 21:36:54.130890,2025-03-29 21:36:54.229652,0.098762
580,copulagan,2,nearmiss,0.0625,-1.0,COMPLETE,2025-03-29 21:36:54.252322,2025-03-29 21:36:54.639383,0.387061
581,fastml,0.25,random,0.5,-1.0,COMPLETE,2025-03-29 21:36:54.661573,2025-03-29 21:36:54.763921,0.102348
582,copulagan,0,random,0.5,-1.0,COMPLETE,2025-03-29 21:36:54.776717,2025-03-29 21:36:55.153534,0.376817
583,gaussiancopula,0,instancehardness,0,-1.0,ERROR,,,0.0
584,adasyn,0.5,editednn,auto,-1.0,COMPLETE,2025-03-29 21:36:55.271807,2025-03-29 21:36:55.336815,0.065008
585,smote,1,tomeklinks,0.5,-1.0,COMPLETE,2025-03-29 21:36:55.350035,2025-03-29 21:36:55.413267,0.063232
586,copulagan,0,random,auto,-1.0,COMPLETE,2025-03-29 21:36:55.426036,2025-03-29 21:36:55.775984,0.349948
587,tvae,auto,condensednn,0,-1.0,COMPLETE,2025-03-29 21:36:55.792357,2025-03-29 21:36:55.885427,0.09307
588,copulagan,0,instancehardness,0,-1.0,ERROR,,,0.0
589,adasyn,auto,nearmiss,auto,-1.0,COMPLETE,2025-03-29 21:36:56.279984,2025-03-29 21:36:56.345661,0.065677
590,tvae,0,editednn,auto,-1.0,COMPLETE,2025-03-29 21:36:56.358483,2025-03-29 21:36:56.455522,0.097039
591,copulagan,0.25,random,0.25,-1.0,COMPLETE,2025-03-29 21:36:56.477813,2025-03-29 21:36:56.861991,0.384178
592,gaussiancopula,1,clustercentroid,0.5,-1.0,COMPLETE,2025-03-29 21:36:56.875572,2025-03-29 21:36:56.942835,0.067263
593,tvae,0.5,nearmiss,0.25,-1.0,COMPLETE,2025-03-29 21:36:56.955272,2025-03-29 21:36:57.051142,0.09587
594,ctgan,2,condensednn,0,-1.0,COMPLETE,2025-03-29 21:36:57.073968,2025-03-29 21:36:57.167501,0.093533
595,random,auto,condensednn,0,-1.0,COMPLETE,2025-03-29 21:36:57.183901,2025-03-29 21:36:57.290306,0.106405
596,random,0.25,onesidedselection,auto,-1.0,COMPLETE,2025-03-29 21:36:57.306926,2025-03-29 21:36:57.385309,0.078383
597,tvae,auto,instancehardness,0.125,-1.0,COMPLETE,2025-03-29 21:36:57.397971,2025-03-29 21:36:57.492256,0.094285
598,smote,0.5,clustercentroid,0.5,-1.0,COMPLETE,2025-03-29 21:36:57.514835,2025-03-29 21:36:57.578513,0.063678
599,tvae,1,random,auto,-1.0,COMPLETE,2025-03-29 21:36:57.591315,2025-03-29 21:36:57.685015,0.0937
600,tvae,0,instancehardness,0.125,-1.0,COMPLETE,2025-03-29 21:36:57.707614,2025-03-29 21:36:57.801547,0.093933
601,fastml,0.25,tomeklinks,0.125,-1.0,COMPLETE,2025-03-29 21:36:57.826907,2025-03-29 21:36:57.894747,0.06784
602,smote,2,random,auto,-1.0,COMPLETE,2025-03-29 21:36:57.907560,2025-03-29 21:36:58.002692,0.095132
603,copulagan,0.25,nearmiss,auto,-1.0,COMPLETE,2025-03-29 21:36:58.015666,2025-03-29 21:36:58.373425,0.357759
604,fastml,0.5,onesidedselection,0,-1.0,COMPLETE,2025-03-29 21:36:58.396043,2025-03-29 21:36:58.488384,0.092341
605,adasyn,auto,clustercentroid,0,-1.0,COMPLETE,2025-03-29 21:36:58.500881,2025-03-29 21:36:58.590797,0.089916
606,copulagan,0.5,nearmiss,auto,-1.0,COMPLETE,2025-03-29 21:36:58.603446,2025-03-29 21:36:58.952926,0.34948
607,fastml,0.25,condensednn,0.5,-1.0,COMPLETE,2025-03-29 21:36:58.975019,2025-03-29 21:36:59.040926,0.065907
608,adasyn,1,clustercentroid,0.5,-1.0,COMPLETE,2025-03-29 21:36:59.053055,2025-03-29 21:36:59.116938,0.063883
609,smote,0.5,nearmiss,0.5,-1.0,COMPLETE,2025-03-29 21:36:59.129965,2025-03-29 21:36:59.195493,0.065528
610,smote,auto,instancehardness,auto,-1.0,COMPLETE,2025-03-29 21:36:59.208427,2025-03-29 21:36:59.763937,0.55551
611,ctgan,auto,editednn,0.0625,-1.0,COMPLETE,2025-03-29 21:36:59.787296,2025-03-29 21:36:59.886164,0.098868
612,fastml,0,condensednn,0.5,-1.0,COMPLETE,2025-03-29 21:36:59.908598,2025-03-29 21:36:59.977107,0.068509
613,copulagan,2,condensednn,0.5,-1.0,COMPLETE,2025-03-29 21:36:59.990060,2025-03-29 21:37:00.349052,0.358992
614,random,2,tomeklinks,0.5,-1.0,COMPLETE,2025-03-29 21:37:00.362346,2025-03-29 21:37:00.444046,0.0817
615,adasyn,0,random,0.25,-1.0,COMPLETE,2025-03-29 21:37:00.456901,2025-03-29 21:37:00.548397,0.091496
616,random,auto,onesidedselection,0.5,-1.0,COMPLETE,2025-03-29 21:37:00.561006,2025-03-29 21:37:00.640742,0.079736
617,tvae,0.25,clustercentroid,auto,-1.0,COMPLETE,2025-03-29 21:37:00.653768,2025-03-29 21:37:00.748615,0.094847
618,copulagan,1,onesidedselection,0.125,-1.0,COMPLETE,2025-03-29 21:37:00.770950,2025-03-29 21:37:01.118970,0.34802
619,gaussiancopula,0,random,0.5,-1.0,COMPLETE,2025-03-29 21:37:01.132103,2025-03-29 21:37:01.229901,0.097798
620,tvae,0.5,onesidedselection,0.25,-1.0,COMPLETE,2025-03-29 21:37:01.242690,2025-03-29 21:37:01.338818,0.096128
621,adasyn,0,random,0.125,-1.0,COMPLETE,2025-03-29 21:37:01.360994,2025-03-29 21:37:01.459464,0.09847
622,gaussiancopula,0.5,tomeklinks,0.0625,-1.0,COMPLETE,2025-03-29 21:37:01.472041,2025-03-29 21:37:01.541668,0.069627
623,copulagan,1,onesidedselection,0.0625,-1.0,COMPLETE,2025-03-29 21:37:01.554869,2025-03-29 21:37:01.902192,0.347323
624,random,0,clustercentroid,0.0625,-1.0,COMPLETE,2025-03-29 21:37:01.914725,2025-03-29 21:37:01.973625,0.0589
625,smote,1,random,0.25,-1.0,COMPLETE,2025-03-29 21:37:01.986530,2025-03-29 21:37:02.081490,0.09496
626,ctgan,0.5,instancehardness,0.25,-1.0,COMPLETE,2025-03-29 21:37:02.095387,2025-03-29 21:37:02.194087,0.0987
627,ctgan,auto,editednn,0.25,-1.0,COMPLETE,2025-03-29 21:37:02.217488,2025-03-29 21:37:02.313622,0.096134
628,gaussiancopula,1,random,0.125,-1.0,COMPLETE,2025-03-29 21:37:02.336055,2025-03-29 21:37:02.445155,0.1091
629,random,0.25,condensednn,0,-1.0,COMPLETE,2025-03-29 21:37:02.458619,2025-03-29 21:37:02.572369,0.11375
630,random,0,editednn,0.0625,-1.0,COMPLETE,2025-03-29 21:37:02.585348,2025-03-29 21:37:02.646780,0.061432
631,ctgan,0.25,nearmiss,0.25,-1.0,COMPLETE,2025-03-29 21:37:02.660082,2025-03-29 21:37:02.759672,0.09959
632,adasyn,auto,clustercentroid,0.25,-1.0,COMPLETE,2025-03-29 21:37:02.781910,2025-03-29 21:37:02.847060,0.06515
633,ctgan,0.5,random,0.0625,-1.0,COMPLETE,2025-03-29 21:37:02.860079,2025-03-29 21:37:02.957144,0.097065
634,copulagan,1,instancehardness,0.0625,-1.0,COMPLETE,2025-03-29 21:37:02.979624,2025-03-29 21:37:03.336358,0.356734
635,ctgan,auto,random,0.5,-1.0,COMPLETE,2025-03-29 21:37:03.348793,2025-03-29 21:37:03.446183,0.09739
636,tvae,1,tomeklinks,0.125,-1.0,COMPLETE,2025-03-29 21:37:03.469313,2025-03-29 21:37:03.565460,0.096147
637,adasyn,auto,nearmiss,0.0625,-1.0,COMPLETE,2025-03-29 21:37:03.588363,2025-03-29 21:37:03.672521,0.084158
638,ctgan,0.25,clustercentroid,0.0625,-1.0,COMPLETE,2025-03-29 21:37:03.685406,2025-03-29 21:37:03.781950,0.096544
639,adasyn,auto,onesidedselection,0.0625,-1.0,COMPLETE,2025-03-29 21:37:03.804605,2025-03-29 21:37:03.870096,0.065491
640,ctgan,1,nearmiss,0.25,-1.0,COMPLETE,2025-03-29 21:37:03.882611,2025-03-29 21:37:03.978773,0.096162
641,ctgan,0,condensednn,auto,-1.0,COMPLETE,2025-03-29 21:37:04.000842,2025-03-29 21:37:04.097819,0.096977
642,tvae,auto,instancehardness,0,-1.0,COMPLETE,2025-03-29 21:37:04.121230,2025-03-29 21:37:04.217202,0.095972
643,tvae,0.5,nearmiss,auto,-1.0,COMPLETE,2025-03-29 21:37:04.239574,2025-03-29 21:37:04.334860,0.095286
644,copulagan,2,instancehardness,0.25,-1.0,COMPLETE,2025-03-29 21:37:04.357345,2025-03-29 21:37:04.710384,0.353039
645,ctgan,0.25,nearmiss,0.0625,-1.0,COMPLETE,2025-03-29 21:37:04.733198,2025-03-29 21:37:04.830065,0.096867
646,random,0.5,instancehardness,0,-1.0,COMPLETE,2025-03-29 21:37:04.852536,2025-03-29 21:37:04.958760,0.106224
647,tvae,0.25,onesidedselection,0.25,-1.0,COMPLETE,2025-03-29 21:37:04.971376,2025-03-29 21:37:05.066323,0.094947
648,adasyn,0.25,onesidedselection,0.0625,-1.0,COMPLETE,2025-03-29 21:37:05.089621,2025-03-29 21:37:05.154761,0.06514
649,tvae,2,tomeklinks,0.125,-1.0,COMPLETE,2025-03-29 21:37:05.167595,2025-03-29 21:37:05.265610,0.098015
650,tvae,1,tomeklinks,0.25,-1.0,COMPLETE,2025-03-29 21:37:05.288251,2025-03-29 21:37:05.384227,0.095976
651,adasyn,0.5,editednn,0.125,-1.0,COMPLETE,2025-03-29 21:37:05.406510,2025-03-29 21:37:05.471982,0.065472
652,gaussiancopula,auto,tomeklinks,auto,-1.0,COMPLETE,2025-03-29 21:37:05.484895,2025-03-29 21:37:05.553202,0.068307
653,adasyn,0,nearmiss,0.5,-1.0,COMPLETE,2025-03-29 21:37:05.566404,2025-03-29 21:37:05.627986,0.061582
654,ctgan,0.25,condensednn,0.5,-1.0,COMPLETE,2025-03-29 21:37:05.641160,2025-03-29 21:37:05.737884,0.096724
655,copulagan,1,random,0.0625,-1.0,COMPLETE,2025-03-29 21:37:05.760603,2025-03-29 21:37:06.112999,0.352396
656,gaussiancopula,0.5,onesidedselection,auto,-1.0,COMPLETE,2025-03-29 21:37:06.126209,2025-03-29 21:37:06.196415,0.070206
657,adasyn,0,clustercentroid,0.0625,-1.0,COMPLETE,2025-03-29 21:37:06.210695,2025-03-29 21:37:06.272130,0.061435
658,random,0,tomeklinks,0.125,-1.0,COMPLETE,2025-03-29 21:37:06.284968,2025-03-29 21:37:06.347785,0.062817
659,gaussiancopula,0.25,condensednn,0,-1.0,COMPLETE,2025-03-29 21:37:06.360825,2025-03-29 21:37:06.459893,0.099068
660,ctgan,2,random,0.5,-1.0,COMPLETE,2025-03-29 21:37:06.473628,2025-03-29 21:37:06.576095,0.102467
661,random,1,tomeklinks,0.5,-1.0,COMPLETE,2025-03-29 21:37:06.598362,2025-03-29 21:37:06.683694,0.085332
662,gaussiancopula,0.25,random,auto,-1.0,COMPLETE,2025-03-29 21:37:06.708293,2025-03-29 21:37:06.814137,0.105844
663,adasyn,1,instancehardness,0.25,-1.0,COMPLETE,2025-03-29 21:37:06.826981,2025-03-29 21:37:07.385258,0.558277
664,smote,2,condensednn,0.0625,-1.0,COMPLETE,2025-03-29 21:37:07.398575,2025-03-29 21:37:07.467270,0.068695
665,smote,0.25,random,auto,-1.0,COMPLETE,2025-03-29 21:37:07.480049,2025-03-29 21:37:07.577560,0.097511
666,smote,auto,tomeklinks,0.0625,-1.0,COMPLETE,2025-03-29 21:37:07.590559,2025-03-29 21:37:07.658224,0.067665
667,copulagan,auto,clustercentroid,0.25,-1.0,COMPLETE,2025-03-29 21:37:07.671125,2025-03-29 21:37:08.025756,0.354631
668,adasyn,2,tomeklinks,0.0625,-1.0,COMPLETE,2025-03-29 21:37:08.038480,2025-03-29 21:37:08.106130,0.06765
669,gaussiancopula,auto,clustercentroid,0.0625,-1.0,COMPLETE,2025-03-29 21:37:08.119164,2025-03-29 21:37:08.189295,0.070131
670,copulagan,1,instancehardness,0,-1.0,COMPLETE,2025-03-29 21:37:08.203371,2025-03-29 21:37:08.588889,0.385518
671,smote,auto,editednn,auto,-1.0,COMPLETE,2025-03-29 21:37:08.601784,2025-03-29 21:37:08.668841,0.067057
672,ctgan,auto,clustercentroid,0.5,-1.0,COMPLETE,2025-03-29 21:37:08.681655,2025-03-29 21:37:08.782378,0.100723
673,fastml,auto,instancehardness,0.25,-1.0,COMPLETE,2025-03-29 21:37:08.805396,2025-03-29 21:37:09.364201,0.558805
674,gaussiancopula,2,editednn,0.125,-1.0,COMPLETE,2025-03-29 21:37:09.378268,2025-03-29 21:37:09.451052,0.072784
675,copulagan,1,tomeklinks,0.0625,-1.0,COMPLETE,2025-03-29 21:37:09.464183,2025-03-29 21:37:09.824065,0.359882
676,random,2,clustercentroid,0.25,-1.0,COMPLETE,2025-03-29 21:37:09.846709,2025-03-29 21:37:09.929313,0.082604
677,smote,2,random,0.5,-1.0,COMPLETE,2025-03-29 21:37:09.941793,2025-03-29 21:37:10.038823,0.09703
678,random,0.25,tomeklinks,auto,-1.0,COMPLETE,2025-03-29 21:37:10.051474,2025-03-29 21:37:10.133572,0.082098
679,fastml,2,instancehardness,0,-1.0,COMPLETE,2025-03-29 21:37:10.146279,2025-03-29 21:37:10.241129,0.09485
680,tvae,0,condensednn,auto,-1.0,COMPLETE,2025-03-29 21:37:10.253905,2025-03-29 21:37:10.349199,0.095294
681,tvae,0.25,instancehardness,auto,-1.0,COMPLETE,2025-03-29 21:37:10.371965,2025-03-29 21:37:10.467497,0.095532
682,copulagan,auto,editednn,0.0625,-1.0,COMPLETE,2025-03-29 21:37:10.491492,2025-03-29 21:37:10.841036,0.349544
683,ctgan,auto,tomeklinks,0.25,-1.0,COMPLETE,2025-03-29 21:37:10.854282,2025-03-29 21:37:10.949065,0.094783
684,adasyn,0.25,onesidedselection,0,-1.0,COMPLETE,2025-03-29 21:37:10.971214,2025-03-29 21:37:11.065988,0.094774
685,gaussiancopula,1,instancehardness,0.125,-1.0,COMPLETE,2025-03-29 21:37:11.079926,2025-03-29 21:37:11.649101,0.569175
686,smote,0.25,condensednn,0.0625,-1.0,COMPLETE,2025-03-29 21:37:11.673441,2025-03-29 21:37:11.742466,0.069025
687,gaussiancopula,0.25,nearmiss,auto,-1.0,COMPLETE,2025-03-29 21:37:11.755551,2025-03-29 21:37:11.825600,0.070049
688,copulagan,auto,onesidedselection,0.5,-1.0,COMPLETE,2025-03-29 21:37:11.838727,2025-03-29 21:37:12.194310,0.355583
689,gaussiancopula,0.25,instancehardness,0,-1.0,COMPLETE,2025-03-29 21:37:12.206849,2025-03-29 21:37:12.301844,0.094995
690,gaussiancopula,0.25,clustercentroid,0.25,-1.0,COMPLETE,2025-03-29 21:37:12.314394,2025-03-29 21:37:12.383340,0.068946
691,random,0,random,0.25,-1.0,COMPLETE,2025-03-29 21:37:12.396182,2025-03-29 21:37:12.492179,0.095997
692,adasyn,2,random,auto,-1.0,COMPLETE,2025-03-29 21:37:12.505189,2025-03-29 21:37:12.604384,0.099195
693,copulagan,0.5,random,auto,-1.0,COMPLETE,2025-03-29 21:37:12.617613,2025-03-29 21:37:12.967691,0.350078
694,gaussiancopula,1,nearmiss,0.25,-1.0,COMPLETE,2025-03-29 21:37:12.980566,2025-03-29 21:37:13.050280,0.069714
695,fastml,auto,random,0.25,-1.0,COMPLETE,2025-03-29 21:37:13.063325,2025-03-29 21:37:13.167301,0.103976
696,tvae,2,instancehardness,0.0625,-1.0,COMPLETE,2025-03-29 21:37:13.180774,2025-03-29 21:37:13.280555,0.099781
697,adasyn,0.5,condensednn,0,-1.0,COMPLETE,2025-03-29 21:37:13.303526,2025-03-29 21:37:13.399156,0.09563
698,smote,0.25,editednn,0,-1.0,COMPLETE,2025-03-29 21:37:13.412256,2025-03-29 21:37:13.505579,0.093323
699,smote,0.25,tomeklinks,auto,-1.0,COMPLETE,2025-03-29 21:37:13.518753,2025-03-29 21:37:13.587023,0.06827
700,gaussiancopula,0,tomeklinks,0.125,-1.0,COMPLETE,2025-03-29 21:37:13.599957,2025-03-29 21:37:13.668653,0.068696
701,smote,0,instancehardness,0.5,-1.0,COMPLETE,2025-03-29 21:37:13.681796,2025-03-29 21:37:14.235595,0.553799
702,smote,auto,condensednn,0.25,-1.0,COMPLETE,2025-03-29 21:37:14.259402,2025-03-29 21:37:14.330415,0.071013
703,random,1,editednn,0.125,-1.0,COMPLETE,2025-03-29 21:37:14.343471,2025-03-29 21:37:14.432168,0.088697
704,adasyn,0.5,tomeklinks,0.25,-1.0,COMPLETE,2025-03-29 21:37:14.456300,2025-03-29 21:37:14.524817,0.068517
705,fastml,0.5,random,0.5,-1.0,COMPLETE,2025-03-29 21:37:14.538922,2025-03-29 21:37:14.647101,0.108179
706,adasyn,0.25,editednn,0,-1.0,COMPLETE,2025-03-29 21:37:14.659904,2025-03-29 21:37:14.756751,0.096847
707,random,1,clustercentroid,0,-1.0,COMPLETE,2025-03-29 21:37:14.769811,2025-03-29 21:37:14.880965,0.111154
708,fastml,0.5,random,0,-1.0,COMPLETE,2025-03-29 21:37:14.893582,2025-03-29 21:37:14.992416,0.098834
709,adasyn,1,clustercentroid,auto,-1.0,COMPLETE,2025-03-29 21:37:15.005500,2025-03-29 21:37:15.168499,0.162999
710,gaussiancopula,auto,clustercentroid,0,-1.0,COMPLETE,2025-03-29 21:37:15.191590,2025-03-29 21:37:15.289726,0.098136
711,gaussiancopula,0,instancehardness,auto,-1.0,COMPLETE,2025-03-29 21:37:15.303653,2025-03-29 21:37:15.865655,0.562002
712,gaussiancopula,0,random,auto,-1.0,COMPLETE,2025-03-29 21:37:15.890658,2025-03-29 21:37:15.993996,0.103338
713,smote,0,instancehardness,0.125,-1.0,COMPLETE,2025-03-29 21:37:16.007268,2025-03-29 21:37:16.545627,0.538359
714,fastml,0,onesidedselection,0.5,-1.0,COMPLETE,2025-03-29 21:37:16.570046,2025-03-29 21:37:16.642293,0.072247
715,smote,0.25,editednn,0.125,-1.0,COMPLETE,2025-03-29 21:37:16.655167,2025-03-29 21:37:16.724035,0.068868
716,copulagan,0,nearmiss,0.5,-1.0,COMPLETE,2025-03-29 21:37:16.737205,2025-03-29 21:37:17.092541,0.355336
717,smote,0.25,instancehardness,0.5,-1.0,COMPLETE,2025-03-29 21:37:17.106517,2025-03-29 21:37:17.671931,0.565414
718,tvae,2,condensednn,0.25,-1.0,COMPLETE,2025-03-29 21:37:17.695958,2025-03-29 21:37:17.797245,0.101287
719,adasyn,2,condensednn,0,-1.0,COMPLETE,2025-03-29 21:37:17.820465,2025-03-29 21:37:17.915050,0.094585
720,tvae,0.5,editednn,0.0625,-1.0,COMPLETE,2025-03-29 21:37:17.928139,2025-03-29 21:37:18.029287,0.101148
721,copulagan,2,nearmiss,auto,-1.0,COMPLETE,2025-03-29 21:37:18.052337,2025-03-29 21:37:18.431834,0.379497
722,fastml,2,instancehardness,0.0625,-1.0,COMPLETE,2025-03-29 21:37:18.444648,2025-03-29 21:37:19.015963,0.571315
723,adasyn,1,condensednn,0.5,-1.0,COMPLETE,2025-03-29 21:37:19.029647,2025-03-29 21:37:19.102288,0.072641
724,tvae,1,onesidedselection,0.0625,-1.0,COMPLETE,2025-03-29 21:37:19.115208,2025-03-29 21:37:19.217155,0.101947
725,ctgan,0.25,instancehardness,0.0625,-1.0,COMPLETE,2025-03-29 21:37:19.240148,2025-03-29 21:37:19.343441,0.103293
726,tvae,0,tomeklinks,0.5,-1.0,COMPLETE,2025-03-29 21:37:19.366460,2025-03-29 21:37:19.468067,0.101607
727,copulagan,auto,condensednn,0,-1.0,COMPLETE,2025-03-29 21:37:19.491414,2025-03-29 21:37:19.888779,0.397365
728,tvae,0.5,editednn,0.125,-1.0,COMPLETE,2025-03-29 21:37:19.911681,2025-03-29 21:37:20.012961,0.10128
729,tvae,2,onesidedselection,0.5,-1.0,COMPLETE,2025-03-29 21:37:20.035613,2025-03-29 21:37:20.137662,0.102049
730,smote,2,onesidedselection,0.5,-1.0,COMPLETE,2025-03-29 21:37:20.160667,2025-03-29 21:37:20.230060,0.069393
731,ctgan,0,tomeklinks,0.25,-1.0,COMPLETE,2025-03-29 21:37:20.242582,2025-03-29 21:37:20.342691,0.100109
732,fastml,auto,random,0.5,-1.0,COMPLETE,2025-03-29 21:37:20.364929,2025-03-29 21:37:20.470735,0.105806
733,ctgan,1,instancehardness,0.125,-1.0,COMPLETE,2025-03-29 21:37:20.483742,2025-03-29 21:37:20.586179,0.102437
734,fastml,0.25,clustercentroid,0.25,-1.0,COMPLETE,2025-03-29 21:37:20.609177,2025-03-29 21:37:20.683626,0.074449
735,gaussiancopula,2,onesidedselection,0.0625,-1.0,COMPLETE,2025-03-29 21:37:20.696863,2025-03-29 21:37:20.769815,0.072952
736,tvae,2,clustercentroid,0.25,-1.0,COMPLETE,2025-03-29 21:37:20.782922,2025-03-29 21:37:20.882912,0.09999
737,copulagan,auto,clustercentroid,0.5,-1.0,COMPLETE,2025-03-29 21:37:20.906119,2025-03-29 21:37:21.264261,0.358142
738,gaussiancopula,auto,tomeklinks,0.25,-1.0,COMPLETE,2025-03-29 21:37:21.277128,2025-03-29 21:37:21.347343,0.070215
739,ctgan,1,condensednn,0.25,-1.0,COMPLETE,2025-03-29 21:37:21.360220,2025-03-29 21:37:21.461334,0.101114
740,ctgan,1,condensednn,0.125,-1.0,COMPLETE,2025-03-29 21:37:21.484016,2025-03-29 21:37:21.582524,0.098508
741,smote,2,condensednn,0.5,-1.0,COMPLETE,2025-03-29 21:37:21.605109,2025-03-29 21:37:21.674014,0.068905
742,fastml,2,tomeklinks,0,-1.0,COMPLETE,2025-03-29 21:37:21.687265,2025-03-29 21:37:21.792702,0.105437
743,smote,1,clustercentroid,0.25,-1.0,COMPLETE,2025-03-29 21:37:21.806275,2025-03-29 21:37:21.876685,0.07041
744,smote,auto,onesidedselection,0.25,-1.0,COMPLETE,2025-03-29 21:37:21.889955,2025-03-29 21:37:21.959792,0.069837
745,gaussiancopula,0,onesidedselection,auto,-1.0,COMPLETE,2025-03-29 21:37:21.973015,2025-03-29 21:37:22.044070,0.071055
746,ctgan,0.25,clustercentroid,0.5,-1.0,COMPLETE,2025-03-29 21:37:22.057227,2025-03-29 21:37:22.158109,0.100882
747,copulagan,2,editednn,0.5,-1.0,COMPLETE,2025-03-29 21:37:22.181184,2025-03-29 21:37:22.535938,0.354754
748,random,0.5,instancehardness,0.0625,-1.0,COMPLETE,2025-03-29 21:37:22.548747,2025-03-29 21:37:23.128932,0.580185
749,smote,1,instancehardness,0,-1.0,COMPLETE,2025-03-29 21:37:23.153569,2025-03-29 21:37:23.251076,0.097507
750,tvae,1,clustercentroid,0,-1.0,COMPLETE,2025-03-29 21:37:23.263884,2025-03-29 21:37:23.363438,0.099554
751,gaussiancopula,2,onesidedselection,0.125,-1.0,COMPLETE,2025-03-29 21:37:23.386516,2025-03-29 21:37:23.477812,0.091296
752,ctgan,1,condensednn,0.0625,-1.0,COMPLETE,2025-03-29 21:37:23.490901,2025-03-29 21:37:23.589755,0.098854
753,fastml,auto,random,0,-1.0,COMPLETE,2025-03-29 21:37:23.612338,2025-03-29 21:37:23.710408,0.09807
754,adasyn,0,condensednn,0.125,-1.0,COMPLETE,2025-03-29 21:37:23.723424,2025-03-29 21:37:23.787200,0.063776
755,random,0,instancehardness,0.5,-1.0,COMPLETE,2025-03-29 21:37:23.800175,2025-03-29 21:37:24.361868,0.561693
756,ctgan,0,tomeklinks,0.5,-1.0,COMPLETE,2025-03-29 21:37:24.375381,2025-03-29 21:37:24.476342,0.100961
757,ctgan,2,condensednn,0.5,-1.0,COMPLETE,2025-03-29 21:37:24.500988,2025-03-29 21:37:24.602404,0.101416
758,ctgan,auto,editednn,0.5,-1.0,COMPLETE,2025-03-29 21:37:24.625231,2025-03-29 21:37:24.725230,0.099999
759,adasyn,0,instancehardness,0.25,-1.0,COMPLETE,2025-03-29 21:37:24.748508,2025-03-29 21:37:25.305852,0.557344
760,gaussiancopula,0.25,random,0.125,-1.0,COMPLETE,2025-03-29 21:37:25.329861,2025-03-29 21:37:25.444834,0.114973
761,random,1,condensednn,0.25,-1.0,COMPLETE,2025-03-29 21:37:25.458943,2025-03-29 21:37:25.548171,0.089228
762,copulagan,2,editednn,0.0625,-1.0,COMPLETE,2025-03-29 21:37:25.571021,2025-03-29 21:37:25.937180,0.366159
763,ctgan,0.5,condensednn,0.5,-1.0,COMPLETE,2025-03-29 21:37:25.949967,2025-03-29 21:37:26.053809,0.103842
764,random,0,onesidedselection,0.25,-1.0,COMPLETE,2025-03-29 21:37:26.077984,2025-03-29 21:37:26.144016,0.066032
765,copulagan,0,editednn,auto,-1.0,COMPLETE,2025-03-29 21:37:26.157229,2025-03-29 21:37:26.511763,0.354534
766,random,0,editednn,auto,-1.0,COMPLETE,2025-03-29 21:37:26.524633,2025-03-29 21:37:26.588119,0.063486
767,random,1,clustercentroid,0.0625,-1.0,COMPLETE,2025-03-29 21:37:26.600414,2025-03-29 21:37:26.683161,0.082747
768,tvae,2,condensednn,0.5,-1.0,COMPLETE,2025-03-29 21:37:26.710642,2025-03-29 21:37:26.809761,0.099119
769,tvae,0,onesidedselection,0,-1.0,ERROR,,,0.0
770,smote,0,nearmiss,0.25,-1.0,COMPLETE,2025-03-29 21:37:26.947826,2025-03-29 21:37:27.012209,0.064383
771,adasyn,2,instancehardness,0.5,-1.0,COMPLETE,2025-03-29 21:37:27.025172,2025-03-29 21:37:27.576936,0.551764
772,gaussiancopula,auto,editednn,auto,-1.0,COMPLETE,2025-03-29 21:37:27.590989,2025-03-29 21:37:27.668086,0.077097
773,ctgan,1,editednn,0,-1.0,COMPLETE,2025-03-29 21:37:27.681659,2025-03-29 21:37:27.790702,0.109043
774,gaussiancopula,2,tomeklinks,0.0625,-1.0,COMPLETE,2025-03-29 21:37:27.814999,2025-03-29 21:37:27.889021,0.074022
775,ctgan,2,nearmiss,0,-1.0,COMPLETE,2025-03-29 21:37:27.902135,2025-03-29 21:37:28.007874,0.105739
776,tvae,0.25,condensednn,0,-1.0,COMPLETE,2025-03-29 21:37:28.030579,2025-03-29 21:37:28.131348,0.100769
777,adasyn,auto,tomeklinks,auto,-1.0,COMPLETE,2025-03-29 21:37:28.156933,2025-03-29 21:37:28.229885,0.072952
778,gaussiancopula,0,random,0,-1.0,ERROR,,,0.0
779,tvae,0.5,tomeklinks,0.25,-1.0,COMPLETE,2025-03-29 21:37:28.356338,2025-03-29 21:37:28.462616,0.106278
780,smote,1,condensednn,0,-1.0,COMPLETE,2025-03-29 21:37:28.485271,2025-03-29 21:37:28.586637,0.101366
781,random,2,random,0.5,-1.0,COMPLETE,2025-03-29 21:37:28.600017,2025-03-29 21:37:28.725177,0.12516
782,gaussiancopula,1,clustercentroid,0.0625,-1.0,COMPLETE,2025-03-29 21:37:28.739852,2025-03-29 21:37:28.815708,0.075856
783,copulagan,0.5,random,0.25,-1.0,COMPLETE,2025-03-29 21:37:28.829152,2025-03-29 21:37:29.208407,0.379255
784,tvae,2,onesidedselection,0.125,-1.0,COMPLETE,2025-03-29 21:37:29.221748,2025-03-29 21:37:29.321112,0.099364
785,fastml,0.25,onesidedselection,0.5,-1.0,COMPLETE,2025-03-29 21:37:29.344043,2025-03-29 21:37:29.417061,0.073018
786,ctgan,2,clustercentroid,0.125,-1.0,COMPLETE,2025-03-29 21:37:29.430343,2025-03-29 21:37:29.531821,0.101478
787,fastml,1,nearmiss,0.125,-1.0,COMPLETE,2025-03-29 21:37:29.544825,2025-03-29 21:37:29.619630,0.074805
788,random,1,nearmiss,auto,-1.0,COMPLETE,2025-03-29 21:37:29.633124,2025-03-29 21:37:29.718395,0.085271
789,fastml,0.25,onesidedselection,auto,-1.0,COMPLETE,2025-03-29 21:37:29.740929,2025-03-29 21:37:29.813586,0.072657
790,ctgan,0,condensednn,0.0625,-1.0,COMPLETE,2025-03-29 21:37:29.826862,2025-03-29 21:37:29.929016,0.102154
791,gaussiancopula,0.5,clustercentroid,0,-1.0,COMPLETE,2025-03-29 21:37:29.951982,2025-03-29 21:37:30.052612,0.10063
792,ctgan,0.25,tomeklinks,0.5,-1.0,COMPLETE,2025-03-29 21:37:30.065879,2025-03-29 21:37:30.170768,0.104889
793,gaussiancopula,0,condensednn,0.0625,-1.0,COMPLETE,2025-03-29 21:37:30.193459,2025-03-29 21:37:30.268229,0.07477
794,gaussiancopula,auto,nearmiss,auto,-1.0,COMPLETE,2025-03-29 21:37:30.282058,2025-03-29 21:37:30.359197,0.077139
795,ctgan,auto,condensednn,0.125,-1.0,COMPLETE,2025-03-29 21:37:30.372414,2025-03-29 21:37:30.475633,0.103219
796,ctgan,1,tomeklinks,auto,-1.0,COMPLETE,2025-03-29 21:37:30.498779,2025-03-29 21:37:30.599844,0.101065
797,random,auto,tomeklinks,0.25,-1.0,COMPLETE,2025-03-29 21:37:30.622660,2025-03-29 21:37:30.709566,0.086906
798,random,auto,nearmiss,0.0625,-1.0,COMPLETE,2025-03-29 21:37:30.731936,2025-03-29 21:37:30.816582,0.084646
799,random,2,nearmiss,auto,-1.0,COMPLETE,2025-03-29 21:37:30.839788,2025-03-29 21:37:30.927075,0.087287
800,random,auto,random,0.25,-1.0,COMPLETE,2025-03-29 21:37:30.950107,2025-03-29 21:37:31.067060,0.116953
801,copulagan,2,random,0.5,-1.0,COMPLETE,2025-03-29 21:37:31.081164,2025-03-29 21:37:31.434339,0.353175
802,fastml,0.25,condensednn,0.0625,-1.0,COMPLETE,2025-03-29 21:37:31.447153,2025-03-29 21:37:31.519292,0.072139
803,adasyn,0.25,nearmiss,0.25,-1.0,COMPLETE,2025-03-29 21:37:31.532112,2025-03-29 21:37:31.601989,0.069877
804,ctgan,0,nearmiss,0,-1.0,ERROR,,,0.0
805,smote,0.5,editednn,auto,-1.0,COMPLETE,2025-03-29 21:37:31.737206,2025-03-29 21:37:31.807896,0.07069
806,smote,0.5,random,0,-1.0,COMPLETE,2025-03-29 21:37:31.820744,2025-03-29 21:37:31.945315,0.124571
807,gaussiancopula,0.5,editednn,0.0625,-1.0,COMPLETE,2025-03-29 21:37:31.958561,2025-03-29 21:37:32.032048,0.073487
808,tvae,0.25,clustercentroid,0.5,-1.0,COMPLETE,2025-03-29 21:37:32.045521,2025-03-29 21:37:32.149642,0.104121
809,random,2,random,0,-1.0,COMPLETE,2025-03-29 21:37:32.172210,2025-03-29 21:37:32.283260,0.11105
810,adasyn,auto,nearmiss,0.125,-1.0,COMPLETE,2025-03-29 21:37:32.296191,2025-03-29 21:37:32.366995,0.070804
811,adasyn,1,onesidedselection,auto,-1.0,COMPLETE,2025-03-29 21:37:32.380270,2025-03-29 21:37:32.455429,0.075159
812,tvae,0.25,nearmiss,0.5,-1.0,COMPLETE,2025-03-29 21:37:32.468817,2025-03-29 21:37:32.577520,0.108703
813,random,auto,nearmiss,0,-1.0,COMPLETE,2025-03-29 21:37:32.601415,2025-03-29 21:37:32.717886,0.116471
814,tvae,1,condensednn,0.5,-1.0,COMPLETE,2025-03-29 21:37:32.730864,2025-03-29 21:37:32.833748,0.102884
815,gaussiancopula,auto,tomeklinks,0.0625,-1.0,COMPLETE,2025-03-29 21:37:32.857159,2025-03-29 21:37:32.932007,0.074848
816,gaussiancopula,0,condensednn,0.25,-1.0,COMPLETE,2025-03-29 21:37:32.945305,2025-03-29 21:37:33.018835,0.07353
817,adasyn,0,onesidedselection,0.5,-1.0,COMPLETE,2025-03-29 21:37:33.032046,2025-03-29 21:37:33.098927,0.066881
818,gaussiancopula,1,editednn,0.25,-1.0,COMPLETE,2025-03-29 21:37:33.111699,2025-03-29 21:37:33.184671,0.072972
819,gaussiancopula,auto,editednn,0.5,-1.0,COMPLETE,2025-03-29 21:37:33.198607,2025-03-29 21:37:33.272482,0.073875
820,gaussiancopula,2,random,0.5,-1.0,COMPLETE,2025-03-29 21:37:33.285364,2025-03-29 21:37:33.394297,0.108933
821,copulagan,0.25,onesidedselection,0.125,-1.0,COMPLETE,2025-03-29 21:37:33.407587,2025-03-29 21:37:33.774957,0.36737
822,ctgan,auto,nearmiss,0.125,-1.0,COMPLETE,2025-03-29 21:37:33.797667,2025-03-29 21:37:33.902003,0.104336
823,adasyn,auto,onesidedselection,0.25,-1.0,COMPLETE,2025-03-29 21:37:33.924687,2025-03-29 21:37:33.998666,0.073979
824,fastml,0,editednn,0.25,-1.0,COMPLETE,2025-03-29 21:37:34.011914,2025-03-29 21:37:34.086284,0.07437
825,smote,auto,instancehardness,0.0625,-1.0,COMPLETE,2025-03-29 21:37:34.099259,2025-03-29 21:37:34.659431,0.560172
826,tvae,0.25,onesidedselection,0.125,-1.0,COMPLETE,2025-03-29 21:37:34.673310,2025-03-29 21:37:34.782574,0.109264
827,fastml,0.25,random,0.125,-1.0,COMPLETE,2025-03-29 21:37:34.805947,2025-03-29 21:37:34.920636,0.114689
828,fastml,auto,nearmiss,0,-1.0,COMPLETE,2025-03-29 21:37:34.935064,2025-03-29 21:37:35.041874,0.10681
829,fastml,auto,clustercentroid,0.0625,-1.0,COMPLETE,2025-03-29 21:37:35.055159,2025-03-29 21:37:35.133960,0.078801
830,random,0.5,random,0.5,-1.0,COMPLETE,2025-03-29 21:37:35.147090,2025-03-29 21:37:35.263528,0.116438
831,fastml,0.5,tomeklinks,0.5,-1.0,COMPLETE,2025-03-29 21:37:35.277067,2025-03-29 21:37:35.350252,0.073185
832,ctgan,0.25,editednn,0.5,-1.0,COMPLETE,2025-03-29 21:37:35.363496,2025-03-29 21:37:35.465470,0.101974
833,fastml,0,clustercentroid,0.5,-1.0,COMPLETE,2025-03-29 21:37:35.488510,2025-03-29 21:37:35.560834,0.072324
834,random,1,nearmiss,0,-1.0,COMPLETE,2025-03-29 21:37:35.574724,2025-03-29 21:37:35.693125,0.118401
835,adasyn,0.5,clustercentroid,0.125,-1.0,COMPLETE,2025-03-29 21:37:35.705801,2025-03-29 21:37:35.781267,0.075466
836,tvae,0.5,tomeklinks,0.5,-1.0,COMPLETE,2025-03-29 21:37:35.795576,2025-03-29 21:37:35.901849,0.106273
837,copulagan,0.5,editednn,0.5,-1.0,COMPLETE,2025-03-29 21:37:35.924549,2025-03-29 21:37:36.283642,0.359093
838,adasyn,2,random,0.0625,-1.0,COMPLETE,2025-03-29 21:37:36.296532,2025-03-29 21:37:36.404152,0.10762
839,random,1,tomeklinks,0,-1.0,COMPLETE,2025-03-29 21:37:36.417096,2025-03-29 21:37:36.528588,0.111492
840,copulagan,auto,condensednn,0.25,-1.0,COMPLETE,2025-03-29 21:37:36.541505,2025-03-29 21:37:36.903413,0.361908
841,tvae,0,random,0.25,-1.0,COMPLETE,2025-03-29 21:37:36.916650,2025-03-29 21:37:37.022714,0.106064
842,smote,1,onesidedselection,auto,-1.0,COMPLETE,2025-03-29 21:37:37.048102,2025-03-29 21:37:37.124391,0.076289
843,fastml,2,random,auto,-1.0,COMPLETE,2025-03-29 21:37:37.137851,2025-03-29 21:37:37.244745,0.106894
844,gaussiancopula,auto,nearmiss,0.0625,-1.0,COMPLETE,2025-03-29 21:37:37.257482,2025-03-29 21:37:37.353087,0.095605
845,gaussiancopula,0,editednn,0,-1.0,ERROR,,,0.0
846,random,0.25,condensednn,0.125,-1.0,COMPLETE,2025-03-29 21:37:37.487983,2025-03-29 21:37:37.574807,0.086824
847,ctgan,auto,tomeklinks,0,-1.0,COMPLETE,2025-03-29 21:37:37.597180,2025-03-29 21:37:37.704405,0.107225
848,copulagan,0.25,clustercentroid,0.25,-1.0,COMPLETE,2025-03-29 21:37:37.717201,2025-03-29 21:37:38.085366,0.368165
849,copulagan,2,onesidedselection,0,-1.0,COMPLETE,2025-03-29 21:37:38.109344,2025-03-29 21:37:38.466014,0.35667
850,ctgan,0.5,random,0,-1.0,COMPLETE,2025-03-29 21:37:38.478929,2025-03-29 21:37:38.675529,0.1966
851,gaussiancopula,1,condensednn,0.125,-1.0,COMPLETE,2025-03-29 21:37:38.698976,2025-03-29 21:37:38.776882,0.077906
852,smote,0.5,editednn,0.25,-1.0,COMPLETE,2025-03-29 21:37:38.790866,2025-03-29 21:37:38.866363,0.075497
853,copulagan,auto,nearmiss,0.25,-1.0,COMPLETE,2025-03-29 21:37:38.880044,2025-03-29 21:37:39.249157,0.369113
854,smote,auto,onesidedselection,0.5,-1.0,COMPLETE,2025-03-29 21:37:39.272247,2025-03-29 21:37:39.344545,0.072298
855,smote,2,tomeklinks,auto,-1.0,COMPLETE,2025-03-29 21:37:39.357733,2025-03-29 21:37:39.431624,0.073891
856,ctgan,2,onesidedselection,0.0625,-1.0,COMPLETE,2025-03-29 21:37:39.444951,2025-03-29 21:37:39.552359,0.107408
857,ctgan,0.5,random,0.125,-1.0,COMPLETE,2025-03-29 21:37:39.575281,2025-03-29 21:37:39.682262,0.106981
858,fastml,0,onesidedselection,0.25,-1.0,COMPLETE,2025-03-29 21:37:39.706164,2025-03-29 21:37:39.781868,0.075704
859,adasyn,0.25,onesidedselection,auto,-1.0,COMPLETE,2025-03-29 21:37:39.795179,2025-03-29 21:37:39.870607,0.075428
860,random,2,instancehardness,0.5,-1.0,COMPLETE,2025-03-29 21:37:39.883791,2025-03-29 21:37:40.463079,0.579288
861,fastml,auto,random,0.125,-1.0,COMPLETE,2025-03-29 21:37:40.486718,2025-03-29 21:37:40.605558,0.11884
862,adasyn,1,condensednn,0.125,-1.0,COMPLETE,2025-03-29 21:37:40.618566,2025-03-29 21:37:40.692487,0.073921
863,random,0.5,random,0.0625,-1.0,COMPLETE,2025-03-29 21:37:40.705903,2025-03-29 21:37:40.830719,0.124816
864,ctgan,0,editednn,0.0625,-1.0,COMPLETE,2025-03-29 21:37:40.844256,2025-03-29 21:37:40.951322,0.107066
865,adasyn,auto,tomeklinks,0.5,-1.0,COMPLETE,2025-03-29 21:37:40.975976,2025-03-29 21:37:41.052128,0.076152
866,ctgan,0.25,clustercentroid,auto,-1.0,COMPLETE,2025-03-29 21:37:41.065180,2025-03-29 21:37:41.167686,0.102506
867,random,0.25,random,0.125,-1.0,COMPLETE,2025-03-29 21:37:41.190779,2025-03-29 21:37:41.316520,0.125741
868,adasyn,1,random,0.125,-1.0,COMPLETE,2025-03-29 21:37:41.329560,2025-03-29 21:37:41.437838,0.108278
869,random,0.5,instancehardness,0.25,-1.0,COMPLETE,2025-03-29 21:37:41.451335,2025-03-29 21:37:42.022276,0.570941
870,copulagan,1,editednn,0.5,-1.0,COMPLETE,2025-03-29 21:37:42.035776,2025-03-29 21:37:42.433061,0.397285
871,random,0.25,clustercentroid,0.25,-1.0,COMPLETE,2025-03-29 21:37:42.445952,2025-03-29 21:37:42.538284,0.092332
872,random,auto,condensednn,0.5,-1.0,COMPLETE,2025-03-29 21:37:42.561221,2025-03-29 21:37:42.654327,0.093106
873,copulagan,auto,nearmiss,0,-1.0,COMPLETE,2025-03-29 21:37:42.678715,2025-03-29 21:37:43.041096,0.362381
874,smote,1,condensednn,0.5,-1.0,COMPLETE,2025-03-29 21:37:43.059841,2025-03-29 21:37:43.137720,0.077879
875,smote,auto,clustercentroid,0.25,-1.0,COMPLETE,2025-03-29 21:37:43.151833,2025-03-29 21:37:43.225969,0.074136
876,copulagan,0.5,editednn,0,-1.0,COMPLETE,2025-03-29 21:37:43.239571,2025-03-29 21:37:43.630753,0.391182
877,copulagan,0.5,onesidedselection,0,-1.0,COMPLETE,2025-03-29 21:37:43.643565,2025-03-29 21:37:44.035016,0.391451
878,tvae,0,instancehardness,0.25,-1.0,COMPLETE,2025-03-29 21:37:44.047930,2025-03-29 21:37:44.150034,0.102104
879,copulagan,2,tomeklinks,0,-1.0,COMPLETE,2025-03-29 21:37:44.172671,2025-03-29 21:37:44.529105,0.356434
880,ctgan,0.5,editednn,0,-1.0,COMPLETE,2025-03-29 21:37:44.542175,2025-03-29 21:37:44.644777,0.102602
881,random,2,condensednn,0,-1.0,COMPLETE,2025-03-29 21:37:44.667723,2025-03-29 21:37:44.782196,0.114473
882,gaussiancopula,2,random,0,-1.0,COMPLETE,2025-03-29 21:37:44.795303,2025-03-29 21:37:44.898493,0.10319
883,tvae,1,instancehardness,0.0625,-1.0,COMPLETE,2025-03-29 21:37:44.912006,2025-03-29 21:37:45.017423,0.105417
884,fastml,0.5,condensednn,0.125,-1.0,COMPLETE,2025-03-29 21:37:45.040253,2025-03-29 21:37:45.118389,0.078136
885,smote,0.5,condensednn,0.125,-1.0,COMPLETE,2025-03-29 21:37:45.131140,2025-03-29 21:37:45.206397,0.075257
886,random,2,tomeklinks,0.25,-1.0,COMPLETE,2025-03-29 21:37:45.221192,2025-03-29 21:37:45.332233,0.111041
887,copulagan,0.5,onesidedselection,0.25,-1.0,COMPLETE,2025-03-29 21:37:45.347851,2025-03-29 21:37:45.747950,0.400099
888,gaussiancopula,1,editednn,0.0625,-1.0,COMPLETE,2025-03-29 21:37:45.761273,2025-03-29 21:37:45.847939,0.086666
889,fastml,auto,instancehardness,0.0625,-1.0,COMPLETE,2025-03-29 21:37:45.861877,2025-03-29 21:37:46.431443,0.569566
890,adasyn,1,onesidedselection,0.25,-1.0,COMPLETE,2025-03-29 21:37:46.445880,2025-03-29 21:37:46.526238,0.080358
891,gaussiancopula,0.25,instancehardness,auto,-1.0,COMPLETE,2025-03-29 21:37:46.540877,2025-03-29 21:37:47.117036,0.576159
892,gaussiancopula,0.25,clustercentroid,0.125,-1.0,COMPLETE,2025-03-29 21:37:47.132768,2025-03-29 21:37:47.219062,0.086294
893,ctgan,0.5,editednn,0.0625,-1.0,COMPLETE,2025-03-29 21:37:47.232885,2025-03-29 21:37:47.341551,0.108666
894,tvae,0,tomeklinks,0.25,-1.0,COMPLETE,2025-03-29 21:37:47.355168,2025-03-29 21:37:47.467704,0.112536
895,adasyn,0.25,clustercentroid,0.5,-1.0,COMPLETE,2025-03-29 21:37:47.480851,2025-03-29 21:37:47.561379,0.080528
896,ctgan,2,nearmiss,0.0625,-1.0,COMPLETE,2025-03-29 21:37:47.576224,2025-03-29 21:37:47.687164,0.11094
897,ctgan,1,clustercentroid,0.25,-1.0,COMPLETE,2025-03-29 21:37:47.700962,2025-03-29 21:37:47.818175,0.117213
898,smote,auto,tomeklinks,auto,-1.0,COMPLETE,2025-03-29 21:37:47.831319,2025-03-29 21:37:47.912959,0.08164
899,ctgan,auto,condensednn,0.0625,-1.0,COMPLETE,2025-03-29 21:37:47.929419,2025-03-29 21:37:48.044351,0.114932
900,smote,0.5,onesidedselection,0.5,-1.0,COMPLETE,2025-03-29 21:37:48.058787,2025-03-29 21:37:48.174239,0.115452
901,tvae,auto,condensednn,0.0625,-1.0,COMPLETE,2025-03-29 21:37:48.202650,2025-03-29 21:37:48.396887,0.194237
902,fastml,2,onesidedselection,auto,-1.0,COMPLETE,2025-03-29 21:37:48.421515,2025-03-29 21:37:48.583066,0.161551
903,ctgan,2,instancehardness,0.5,-1.0,COMPLETE,2025-03-29 21:37:48.609470,2025-03-29 21:37:48.804928,0.195458
904,ctgan,auto,nearmiss,0,-1.0,COMPLETE,2025-03-29 21:37:48.827172,2025-03-29 21:37:49.025314,0.198142
905,tvae,auto,condensednn,0.5,-1.0,COMPLETE,2025-03-29 21:37:49.047999,2025-03-29 21:37:49.242165,0.194166
906,tvae,0.5,editednn,0.25,-1.0,COMPLETE,2025-03-29 21:37:49.266186,2025-03-29 21:37:49.460716,0.19453
907,ctgan,1,tomeklinks,0.25,-1.0,COMPLETE,2025-03-29 21:37:49.485428,2025-03-29 21:37:49.683161,0.197733
908,fastml,0,clustercentroid,0.0625,-1.0,COMPLETE,2025-03-29 21:37:49.705045,2025-03-29 21:37:49.866180,0.161135
909,tvae,1,editednn,0.25,-1.0,COMPLETE,2025-03-29 21:37:49.889332,2025-03-29 21:37:50.052109,0.162777
910,copulagan,1,clustercentroid,0.25,-1.0,COMPLETE,2025-03-29 21:37:50.065191,2025-03-29 21:37:50.436129,0.370938
911,random,0.25,onesidedselection,0.125,-1.0,COMPLETE,2025-03-29 21:37:50.449372,2025-03-29 21:37:50.543675,0.094303
912,smote,0,random,0.25,-1.0,COMPLETE,2025-03-29 21:37:50.557232,2025-03-29 21:37:50.660951,0.103719
913,adasyn,0.25,onesidedselection,0.125,-1.0,COMPLETE,2025-03-29 21:37:50.674420,2025-03-29 21:37:50.753122,0.078702
914,gaussiancopula,1,editednn,0,-1.0,COMPLETE,2025-03-29 21:37:50.767044,2025-03-29 21:37:50.876587,0.109543
915,smote,0,tomeklinks,0.125,-1.0,COMPLETE,2025-03-29 21:37:50.890703,2025-03-29 21:37:50.963254,0.072551
916,ctgan,1,nearmiss,0,-1.0,COMPLETE,2025-03-29 21:37:50.976969,2025-03-29 21:37:51.090999,0.11403
917,ctgan,2,clustercentroid,auto,-1.0,COMPLETE,2025-03-29 21:37:51.104612,2025-03-29 21:37:51.213884,0.109272
918,copulagan,2,tomeklinks,0.5,-1.0,COMPLETE,2025-03-29 21:37:51.227227,2025-03-29 21:37:51.588906,0.361679
919,copulagan,auto,onesidedselection,0.0625,-1.0,COMPLETE,2025-03-29 21:37:51.603632,2025-03-29 21:37:51.974972,0.37134
920,ctgan,0,instancehardness,0.0625,-1.0,COMPLETE,2025-03-29 21:37:51.988137,2025-03-29 21:37:52.105794,0.117657
921,adasyn,2,instancehardness,auto,-1.0,COMPLETE,2025-03-29 21:37:52.122632,2025-03-29 21:37:52.684091,0.561459
922,smote,0.25,editednn,0.25,-1.0,COMPLETE,2025-03-29 21:37:52.700114,2025-03-29 21:37:52.799851,0.099737
923,gaussiancopula,0.5,nearmiss,0.25,-1.0,COMPLETE,2025-03-29 21:37:52.813693,2025-03-29 21:37:52.915828,0.102135
924,tvae,0.5,clustercentroid,0.5,-1.0,COMPLETE,2025-03-29 21:37:52.930499,2025-03-29 21:37:53.059356,0.128857
925,gaussiancopula,0.25,clustercentroid,0,-1.0,COMPLETE,2025-03-29 21:37:53.077114,2025-03-29 21:37:53.193768,0.116654
926,fastml,0.5,nearmiss,0.0625,-1.0,COMPLETE,2025-03-29 21:37:53.207203,2025-03-29 21:37:53.304270,0.097067
927,gaussiancopula,0.25,editednn,0.125,-1.0,COMPLETE,2025-03-29 21:37:53.317775,2025-03-29 21:37:53.410618,0.092843
928,smote,0.5,clustercentroid,0.25,-1.0,COMPLETE,2025-03-29 21:37:53.424260,2025-03-29 21:37:53.509694,0.085434
929,copulagan,0,onesidedselection,0.0625,-1.0,COMPLETE,2025-03-29 21:37:53.528377,2025-03-29 21:37:53.988238,0.459861
930,ctgan,1,random,0.5,-1.0,COMPLETE,2025-03-29 21:37:54.005999,2025-03-29 21:37:54.123337,0.117338
931,smote,auto,editednn,0,-1.0,COMPLETE,2025-03-29 21:37:54.138878,2025-03-29 21:37:54.258229,0.119351
932,fastml,2,onesidedselection,0.125,-1.0,COMPLETE,2025-03-29 21:37:54.272233,2025-03-29 21:37:54.364657,0.092424
933,adasyn,2,random,0.125,-1.0,COMPLETE,2025-03-29 21:37:54.381020,2025-03-29 21:37:54.512529,0.131509
934,smote,2,editednn,0.0625,-1.0,COMPLETE,2025-03-29 21:37:54.527032,2025-03-29 21:37:54.616187,0.089155
935,random,auto,editednn,0.0625,-1.0,COMPLETE,2025-03-29 21:37:54.629920,2025-03-29 21:37:54.740354,0.110434
936,copulagan,auto,random,0.25,-1.0,COMPLETE,2025-03-29 21:37:54.754762,2025-03-29 21:37:55.163403,0.408641
937,ctgan,2,tomeklinks,0,-1.0,COMPLETE,2025-03-29 21:37:55.178143,2025-03-29 21:37:55.299903,0.12176
938,random,2,condensednn,0.5,-1.0,COMPLETE,2025-03-29 21:37:55.313696,2025-03-29 21:37:55.414936,0.10124
939,smote,0.25,editednn,0.0625,-1.0,COMPLETE,2025-03-29 21:37:55.428213,2025-03-29 21:37:55.515773,0.08756
940,tvae,0.5,random,0.5,-1.0,COMPLETE,2025-03-29 21:37:55.532066,2025-03-29 21:37:55.646949,0.114883
941,gaussiancopula,0,nearmiss,0,-1.0,ERROR,,,0.0
942,random,0,random,0.0625,-1.0,COMPLETE,2025-03-29 21:37:55.796525,2025-03-29 21:37:55.922929,0.126404
943,ctgan,2,clustercentroid,0,-1.0,COMPLETE,2025-03-29 21:37:55.939788,2025-03-29 21:37:56.060275,0.120487
944,smote,auto,onesidedselection,0.125,-1.0,COMPLETE,2025-03-29 21:37:56.076987,2025-03-29 21:37:56.166923,0.089936
945,copulagan,2,instancehardness,0,-1.0,COMPLETE,2025-03-29 21:37:56.180611,2025-03-29 21:37:56.553212,0.372601
946,smote,auto,instancehardness,0,-1.0,COMPLETE,2025-03-29 21:37:56.567117,2025-03-29 21:37:56.678258,0.111141
947,smote,0,tomeklinks,auto,-1.0,COMPLETE,2025-03-29 21:37:56.691884,2025-03-29 21:37:56.775464,0.08358
948,copulagan,0,clustercentroid,0,-1.0,ERROR,,,0.0
949,copulagan,0,random,0.0625,-1.0,COMPLETE,2025-03-29 21:37:57.187210,2025-03-29 21:37:57.599723,0.412513
950,ctgan,0.5,random,0.25,-1.0,COMPLETE,2025-03-29 21:37:57.616129,2025-03-29 21:37:57.739428,0.123299
951,gaussiancopula,1,tomeklinks,0.5,-1.0,COMPLETE,2025-03-29 21:37:57.753132,2025-03-29 21:37:57.846965,0.093833
952,smote,2,nearmiss,0.125,-1.0,COMPLETE,2025-03-29 21:37:57.860663,2025-03-29 21:37:57.949190,0.088527
953,fastml,2,condensednn,0.5,-1.0,COMPLETE,2025-03-29 21:37:57.965263,2025-03-29 21:37:58.062901,0.097638
954,smote,0.25,clustercentroid,auto,-1.0,COMPLETE,2025-03-29 21:37:58.078984,2025-03-29 21:37:58.173658,0.094674
955,random,0.25,random,0,-1.0,COMPLETE,2025-03-29 21:37:58.191749,2025-03-29 21:37:58.329861,0.138112
956,random,auto,tomeklinks,0.0625,-1.0,COMPLETE,2025-03-29 21:37:58.344100,2025-03-29 21:37:58.448242,0.104142
957,gaussiancopula,0.25,clustercentroid,0.0625,-1.0,COMPLETE,2025-03-29 21:37:58.463205,2025-03-29 21:37:58.557642,0.094437
958,fastml,2,clustercentroid,0.5,-1.0,COMPLETE,2025-03-29 21:37:58.573956,2025-03-29 21:37:58.667040,0.093084
959,fastml,1,onesidedselection,0,-1.0,COMPLETE,2025-03-29 21:37:58.682842,2025-03-29 21:37:58.803831,0.120989
960,copulagan,0,random,0.25,-1.0,COMPLETE,2025-03-29 21:37:58.818184,2025-03-29 21:37:59.213317,0.395133
961,tvae,2,instancehardness,auto,-1.0,COMPLETE,2025-03-29 21:37:59.226988,2025-03-29 21:37:59.347036,0.120048
962,adasyn,auto,instancehardness,0.0625,-1.0,COMPLETE,2025-03-29 21:37:59.362441,2025-03-29 21:37:59.952140,0.589699
963,ctgan,auto,onesidedselection,0.5,-1.0,COMPLETE,2025-03-29 21:37:59.968755,2025-03-29 21:38:00.094165,0.12541
964,copulagan,2,nearmiss,0.5,-1.0,COMPLETE,2025-03-29 21:38:00.110252,2025-03-29 21:38:00.491485,0.381233
965,smote,0.25,tomeklinks,0,-1.0,COMPLETE,2025-03-29 21:38:00.506022,2025-03-29 21:38:00.622458,0.116436
966,ctgan,1,instancehardness,0.0625,-1.0,COMPLETE,2025-03-29 21:38:00.636378,2025-03-29 21:38:00.758398,0.12202
967,copulagan,1,random,0.5,-1.0,COMPLETE,2025-03-29 21:38:00.772387,2025-03-29 21:38:01.153124,0.380737
968,adasyn,0.5,editednn,0.0625,-1.0,COMPLETE,2025-03-29 21:38:01.168637,2025-03-29 21:38:01.257416,0.088779
969,adasyn,0.25,nearmiss,0.0625,-1.0,COMPLETE,2025-03-29 21:38:01.271538,2025-03-29 21:38:01.358880,0.087342
970,gaussiancopula,1,onesidedselection,0,-1.0,COMPLETE,2025-03-29 21:38:01.373855,2025-03-29 21:38:01.491928,0.118073
971,tvae,0.5,instancehardness,auto,-1.0,COMPLETE,2025-03-29 21:38:01.507948,2025-03-29 21:38:01.630162,0.122214
972,fastml,2,condensednn,0,-1.0,COMPLETE,2025-03-29 21:38:01.643844,2025-03-29 21:38:01.767436,0.123592
973,adasyn,auto,nearmiss,0.25,-1.0,COMPLETE,2025-03-29 21:38:01.782357,2025-03-29 21:38:01.876277,0.09392
974,gaussiancopula,1,condensednn,0.0625,-1.0,COMPLETE,2025-03-29 21:38:01.893913,2025-03-29 21:38:01.987558,0.093645
975,tvae,auto,onesidedselection,0.125,-1.0,COMPLETE,2025-03-29 21:38:02.002200,2025-03-29 21:38:02.123395,0.121195
976,ctgan,auto,editednn,0,-1.0,COMPLETE,2025-03-29 21:38:02.140148,2025-03-29 21:38:02.272505,0.132357
977,fastml,1,random,0,-1.0,COMPLETE,2025-03-29 21:38:02.286739,2025-03-29 21:38:02.413385,0.126646
978,fastml,0.25,instancehardness,0.5,-1.0,COMPLETE,2025-03-29 21:38:02.428506,2025-03-29 21:38:03.014099,0.585593
979,ctgan,0.5,nearmiss,0.25,-1.0,COMPLETE,2025-03-29 21:38:03.029815,2025-03-29 21:38:03.152228,0.122413
980,adasyn,0,tomeklinks,0.5,-1.0,COMPLETE,2025-03-29 21:38:03.166427,2025-03-29 21:38:03.251683,0.085256
981,ctgan,0,editednn,0.25,-1.0,COMPLETE,2025-03-29 21:38:03.268141,2025-03-29 21:38:03.396871,0.12873
982,fastml,0,condensednn,0.0625,-1.0,COMPLETE,2025-03-29 21:38:03.412357,2025-03-29 21:38:03.508762,0.096405
983,gaussiancopula,0.5,tomeklinks,0,-1.0,COMPLETE,2025-03-29 21:38:03.524811,2025-03-29 21:38:03.642916,0.118105
984,adasyn,auto,editednn,0,-1.0,COMPLETE,2025-03-29 21:38:03.657382,2025-03-29 21:38:03.776019,0.118637
985,random,0.25,instancehardness,0.25,-1.0,COMPLETE,2025-03-29 21:38:03.792689,2025-03-29 21:38:04.381198,0.588509
986,tvae,1,tomeklinks,0,-1.0,COMPLETE,2025-03-29 21:38:04.398516,2025-03-29 21:38:04.528114,0.129598
987,gaussiancopula,2,clustercentroid,auto,-1.0,COMPLETE,2025-03-29 21:38:04.543904,2025-03-29 21:38:04.640824,0.09692
988,ctgan,0.25,condensednn,0.0625,-1.0,COMPLETE,2025-03-29 21:38:04.655271,2025-03-29 21:38:04.777684,0.122413
989,gaussiancopula,2,nearmiss,auto,-1.0,COMPLETE,2025-03-29 21:38:04.793612,2025-03-29 21:38:04.893481,0.099869
990,fastml,2,clustercentroid,0,-1.0,COMPLETE,2025-03-29 21:38:04.907106,2025-03-29 21:38:05.130647,0.223541
991,random,0,clustercentroid,0.125,-1.0,COMPLETE,2025-03-29 21:38:05.144366,2025-03-29 21:38:05.239526,0.09516
992,adasyn,1,tomeklinks,0.125,-1.0,COMPLETE,2025-03-29 21:38:05.254296,2025-03-29 21:38:05.347805,0.093509
993,ctgan,0.5,editednn,auto,-1.0,COMPLETE,2025-03-29 21:38:05.364604,2025-03-29 21:38:05.488427,0.123823
994,fastml,1,clustercentroid,0.5,-1.0,COMPLETE,2025-03-29 21:38:05.502080,2025-03-29 21:38:05.601165,0.099085
995,tvae,0.5,nearmiss,0.5,-1.0,COMPLETE,2025-03-29 21:38:05.616027,2025-03-29 21:38:05.735679,0.119652
996,ctgan,0,instancehardness,0.25,-1.0,COMPLETE,2025-03-29 21:38:05.752196,2025-03-29 21:38:05.871310,0.119114
997,smote,0.5,condensednn,0.0625,-1.0,COMPLETE,2025-03-29 21:38:05.884765,2025-03-29 21:38:05.975921,0.091156
998,tvae,auto,random,0.125,-1.0,COMPLETE,2025-03-29 21:38:05.990563,2025-03-29 21:38:06.116166,0.125603
999,ctgan,0.25,instancehardness,0,-1.0,COMPLETE,2025-03-29 21:38:06.130524,2025-03-29 21:38:06.261929,0.131405
1000,copulagan,2,onesidedselection,0.0625,-1.0,COMPLETE,2025-03-29 21:38:06.278922,2025-03-29 21:38:06.692325,0.413403
1001,ctgan,0.5,tomeklinks,0.25,-1.0,COMPLETE,2025-03-29 21:38:06.708810,2025-03-29 21:38:06.831335,0.122525
1002,random,1,clustercentroid,0.125,-1.0,COMPLETE,2025-03-29 21:38:06.847846,2025-03-29 21:38:06.956503,0.108657
1003,copulagan,0.25,random,0,-1.0,COMPLETE,2025-03-29 21:38:06.971836,2025-03-29 21:38:07.351969,0.380133
1004,tvae,2,clustercentroid,0.0625,-1.0,COMPLETE,2025-03-29 21:38:07.366722,2025-03-29 21:38:07.486574,0.119852
1005,gaussiancopula,0.5,random,0.125,-1.0,COMPLETE,2025-03-29 21:38:07.501602,2025-03-29 21:38:07.636558,0.134956
1006,adasyn,0,clustercentroid,0.125,-1.0,COMPLETE,2025-03-29 21:38:07.652440,2025-03-29 21:38:07.744953,0.092513
1007,adasyn,2,random,0,-1.0,COMPLETE,2025-03-29 21:38:07.763850,2025-03-29 21:38:07.884212,0.120362
1008,tvae,0,condensednn,0.25,-1.0,COMPLETE,2025-03-29 21:38:07.899557,2025-03-29 21:38:08.029012,0.129455
1009,adasyn,0.5,instancehardness,0.0625,-1.0,COMPLETE,2025-03-29 21:38:08.042723,2025-03-29 21:38:08.623685,0.580962
1010,fastml,0.25,nearmiss,0.0625,-1.0,COMPLETE,2025-03-29 21:38:08.643340,2025-03-29 21:38:08.746719,0.103379
1011,fastml,auto,instancehardness,auto,-1.0,COMPLETE,2025-03-29 21:38:08.762372,2025-03-29 21:38:09.342357,0.579985
1012,random,auto,editednn,auto,-1.0,COMPLETE,2025-03-29 21:38:09.361961,2025-03-29 21:38:09.471029,0.109068
1013,ctgan,0,editednn,auto,-1.0,COMPLETE,2025-03-29 21:38:09.485224,2025-03-29 21:38:09.620789,0.135565
1014,gaussiancopula,0,random,0.25,-1.0,COMPLETE,2025-03-29 21:38:09.634996,2025-03-29 21:38:09.762968,0.127972
1015,smote,auto,condensednn,0.125,-1.0,COMPLETE,2025-03-29 21:38:09.778351,2025-03-29 21:38:09.880759,0.102408
1016,adasyn,0,editednn,0,-1.0,ERROR,,,0.0
1017,tvae,1,condensednn,0.25,-1.0,COMPLETE,2025-03-29 21:38:10.022940,2025-03-29 21:38:10.148375,0.125435
1018,smote,0.25,nearmiss,auto,-1.0,COMPLETE,2025-03-29 21:38:10.166342,2025-03-29 21:38:10.264894,0.098552
1019,copulagan,1,editednn,0,-1.0,COMPLETE,2025-03-29 21:38:10.280752,2025-03-29 21:38:10.654547,0.373795
1020,fastml,1,nearmiss,0.25,-1.0,COMPLETE,2025-03-29 21:38:10.671337,2025-03-29 21:38:10.767491,0.096154
1021,fastml,0,editednn,0,-1.0,ERROR,,,0.0
1022,random,2,condensednn,0.0625,-1.0,COMPLETE,2025-03-29 21:38:10.920646,2025-03-29 21:38:11.028400,0.107754
1023,tvae,0,instancehardness,0.5,-1.0,COMPLETE,2025-03-29 21:38:11.042946,2025-03-29 21:38:11.168534,0.125588
1024,gaussiancopula,0.5,random,0.5,-1.0,COMPLETE,2025-03-29 21:38:11.182895,2025-03-29 21:38:11.302405,0.11951
1025,gaussiancopula,0,tomeklinks,auto,-1.0,COMPLETE,2025-03-29 21:38:11.316587,2025-03-29 21:38:11.407252,0.090665
1026,adasyn,0,condensednn,auto,-1.0,COMPLETE,2025-03-29 21:38:11.423156,2025-03-29 21:38:11.507699,0.084543
1027,ctgan,0.25,condensednn,auto,-1.0,COMPLETE,2025-03-29 21:38:11.522846,2025-03-29 21:38:11.644993,0.122147
1028,random,auto,onesidedselection,0.125,-1.0,COMPLETE,2025-03-29 21:38:11.660542,2025-03-29 21:38:11.764570,0.104028
1029,copulagan,auto,tomeklinks,0.5,-1.0,COMPLETE,2025-03-29 21:38:11.778722,2025-03-29 21:38:12.158567,0.379845
1030,tvae,0,nearmiss,0.125,-1.0,COMPLETE,2025-03-29 21:38:12.175676,2025-03-29 21:38:12.303220,0.127544
1031,smote,auto,nearmiss,0.125,-1.0,COMPLETE,2025-03-29 21:38:12.319215,2025-03-29 21:38:12.412296,0.093081
1032,gaussiancopula,0,random,0.0625,-1.0,COMPLETE,2025-03-29 21:38:12.425831,2025-03-29 21:38:12.555548,0.129717
1033,random,0.5,random,auto,-1.0,COMPLETE,2025-03-29 21:38:12.572792,2025-03-29 21:38:12.711695,0.138903
1034,ctgan,0.5,onesidedselection,0.0625,-1.0,COMPLETE,2025-03-29 21:38:12.725264,2025-03-29 21:38:12.846910,0.121646
1035,tvae,0.25,editednn,0.5,-1.0,COMPLETE,2025-03-29 21:38:12.861546,2025-03-29 21:38:12.988773,0.127227
1036,random,2,editednn,0.25,-1.0,COMPLETE,2025-03-29 21:38:13.005016,2025-03-29 21:38:13.120330,0.115314
1037,tvae,2,instancehardness,0.25,-1.0,COMPLETE,2025-03-29 21:38:13.135577,2025-03-29 21:38:13.260446,0.124869
1038,ctgan,0.25,nearmiss,auto,-1.0,COMPLETE,2025-03-29 21:38:13.273648,2025-03-29 21:38:13.396376,0.122728
1039,ctgan,0.5,random,0.5,-1.0,COMPLETE,2025-03-29 21:38:13.413077,2025-03-29 21:38:13.533624,0.120547
1040,smote,0,nearmiss,0.5,-1.0,COMPLETE,2025-03-29 21:38:13.546827,2025-03-29 21:38:13.632340,0.085513
1041,ctgan,0.5,nearmiss,auto,-1.0,COMPLETE,2025-03-29 21:38:13.647640,2025-03-29 21:38:13.774270,0.12663
1042,fastml,1,nearmiss,0.5,-1.0,COMPLETE,2025-03-29 21:38:13.790191,2025-03-29 21:38:13.887798,0.097607
1043,smote,2,onesidedselection,auto,-1.0,COMPLETE,2025-03-29 21:38:13.904025,2025-03-29 21:38:13.995390,0.091365
1044,ctgan,2,condensednn,0.0625,-1.0,COMPLETE,2025-03-29 21:38:14.011119,2025-03-29 21:38:14.136386,0.125267
1045,tvae,1,nearmiss,0.0625,-1.0,COMPLETE,2025-03-29 21:38:14.150956,2025-03-29 21:38:14.273411,0.122455
1046,tvae,auto,nearmiss,0.0625,-1.0,COMPLETE,2025-03-29 21:38:14.287100,2025-03-29 21:38:14.410210,0.12311
1047,ctgan,0.5,tomeklinks,0.0625,-1.0,COMPLETE,2025-03-29 21:38:14.425906,2025-03-29 21:38:14.542202,0.116296
1048,tvae,0,editednn,0.0625,-1.0,COMPLETE,2025-03-29 21:38:14.558422,2025-03-29 21:38:14.680431,0.122009
1049,ctgan,0,condensednn,0.5,-1.0,COMPLETE,2025-03-29 21:38:14.693681,2025-03-29 21:38:14.813491,0.11981
1050,random,2,random,0.25,-1.0,COMPLETE,2025-03-29 21:38:14.826794,2025-03-29 21:38:14.961244,0.13445
1051,gaussiancopula,1,tomeklinks,0.0625,-1.0,COMPLETE,2025-03-29 21:38:14.976469,2025-03-29 21:38:15.074950,0.098481
1052,copulagan,0.5,tomeklinks,0.0625,-1.0,COMPLETE,2025-03-29 21:38:15.089567,2025-03-29 21:38:15.469491,0.379924
1053,fastml,0.5,editednn,0.125,-1.0,COMPLETE,2025-03-29 21:38:15.483781,2025-03-29 21:38:15.581813,0.098032
1054,fastml,0.25,clustercentroid,0.0625,-1.0,COMPLETE,2025-03-29 21:38:15.594477,2025-03-29 21:38:15.687445,0.092968
1055,adasyn,0.25,onesidedselection,0.25,-1.0,COMPLETE,2025-03-29 21:38:15.702942,2025-03-29 21:38:15.795151,0.092209
1056,smote,0.5,onesidedselection,0.125,-1.0,COMPLETE,2025-03-29 21:38:15.808552,2025-03-29 21:38:15.896718,0.088166
1057,ctgan,2,nearmiss,0.125,-1.0,COMPLETE,2025-03-29 21:38:15.914247,2025-03-29 21:38:16.038920,0.124673
1058,adasyn,0.5,condensednn,0.0625,-1.0,COMPLETE,2025-03-29 21:38:16.054085,2025-03-29 21:38:16.143762,0.089677
1059,copulagan,0.5,clustercentroid,0.0625,-1.0,COMPLETE,2025-03-29 21:38:16.157905,2025-03-29 21:38:16.527087,0.369182
1060,smote,0.25,clustercentroid,0.125,-1.0,COMPLETE,2025-03-29 21:38:16.545041,2025-03-29 21:38:16.632320,0.087279
1061,tvae,0,tomeklinks,0,-1.0,ERROR,,,0.0
1062,tvae,auto,instancehardness,auto,-1.0,COMPLETE,2025-03-29 21:38:16.792170,2025-03-29 21:38:16.910542,0.118372
1063,smote,2,condensednn,0.25,-1.0,COMPLETE,2025-03-29 21:38:16.925547,2025-03-29 21:38:17.018170,0.092623
1064,tvae,auto,onesidedselection,0.5,-1.0,COMPLETE,2025-03-29 21:38:17.032992,2025-03-29 21:38:17.152305,0.119313
1065,copulagan,0.25,onesidedselection,0.0625,-1.0,COMPLETE,2025-03-29 21:38:17.167712,2025-03-29 21:38:17.541217,0.373505
1066,random,auto,editednn,0,-1.0,COMPLETE,2025-03-29 21:38:17.557430,2025-03-29 21:38:17.682656,0.125226
1067,gaussiancopula,1,clustercentroid,0.25,-1.0,COMPLETE,2025-03-29 21:38:17.697198,2025-03-29 21:38:17.790231,0.093033
1068,copulagan,1,condensednn,auto,-1.0,COMPLETE,2025-03-29 21:38:17.807535,2025-03-29 21:38:18.177317,0.369782
1069,random,0,instancehardness,0.25,-1.0,COMPLETE,2025-03-29 21:38:18.191175,2025-03-29 21:38:18.748992,0.557817
1070,tvae,1,instancehardness,0.5,-1.0,COMPLETE,2025-03-29 21:38:18.772516,2025-03-29 21:38:18.900636,0.12812
1071,smote,2,instancehardness,0.0625,-1.0,COMPLETE,2025-03-29 21:38:18.916127,2025-03-29 21:38:19.496595,0.580468
1072,tvae,1,editednn,0,-1.0,COMPLETE,2025-03-29 21:38:19.512854,2025-03-29 21:38:19.638664,0.12581
1073,copulagan,0.5,clustercentroid,0,-1.0,COMPLETE,2025-03-29 21:38:19.651918,2025-03-29 21:38:20.024296,0.372378
1074,copulagan,auto,random,auto,-1.0,COMPLETE,2025-03-29 21:38:20.038593,2025-03-29 21:38:20.420112,0.381519
1075,smote,1,tomeklinks,0.25,-1.0,COMPLETE,2025-03-29 21:38:20.436683,2025-03-29 21:38:20.522134,0.085451
1076,adasyn,0,onesidedselection,auto,-1.0,COMPLETE,2025-03-29 21:38:20.537160,2025-03-29 21:38:20.619891,0.082731
1077,adasyn,2,editednn,0.125,-1.0,COMPLETE,2025-03-29 21:38:20.635036,2025-03-29 21:38:20.724464,0.089428
1078,copulagan,2,random,0.25,-1.0,COMPLETE,2025-03-29 21:38:20.740133,2025-03-29 21:38:21.115216,0.375083
1079,ctgan,0,nearmiss,0.5,-1.0,COMPLETE,2025-03-29 21:38:21.131158,2025-03-29 21:38:21.255799,0.124641
1080,gaussiancopula,1,onesidedselection,0.25,-1.0,COMPLETE,2025-03-29 21:38:21.269376,2025-03-29 21:38:21.358525,0.089149
1081,random,1,tomeklinks,0.125,-1.0,COMPLETE,2025-03-29 21:38:21.372793,2025-03-29 21:38:21.480093,0.1073
1082,fastml,0.25,editednn,0,-1.0,COMPLETE,2025-03-29 21:38:21.497771,2025-03-29 21:38:21.622309,0.124538
1083,fastml,0.5,editednn,0,-1.0,COMPLETE,2025-03-29 21:38:21.637858,2025-03-29 21:38:21.764899,0.127041
1084,smote,0.5,tomeklinks,auto,-1.0,COMPLETE,2025-03-29 21:38:21.788576,2025-03-29 21:38:21.894880,0.106304
1085,adasyn,0.25,tomeklinks,0.0625,-1.0,COMPLETE,2025-03-29 21:38:21.913974,2025-03-29 21:38:22.010617,0.096643
1086,fastml,1,nearmiss,auto,-1.0,COMPLETE,2025-03-29 21:38:22.027152,2025-03-29 21:38:22.127851,0.100699
1087,adasyn,0,editednn,0.25,-1.0,COMPLETE,2025-03-29 21:38:22.144483,2025-03-29 21:38:22.231249,0.086766
1088,tvae,2,editednn,0.25,-1.0,COMPLETE,2025-03-29 21:38:22.245004,2025-03-29 21:38:22.359350,0.114346
1089,fastml,0.25,onesidedselection,0,-1.0,COMPLETE,2025-03-29 21:38:22.374617,2025-03-29 21:38:22.495171,0.120554
1090,ctgan,0.5,onesidedselection,0.125,-1.0,COMPLETE,2025-03-29 21:38:22.507962,2025-03-29 21:38:22.618244,0.110282
1091,smote,1,instancehardness,0.125,-1.0,COMPLETE,2025-03-29 21:38:22.640441,2025-03-29 21:38:23.200669,0.560228
1092,gaussiancopula,1,clustercentroid,auto,-1.0,COMPLETE,2025-03-29 21:38:23.224621,2025-03-29 21:38:23.305383,0.080762
1093,adasyn,2,condensednn,0.25,-1.0,COMPLETE,2025-03-29 21:38:23.318033,2025-03-29 21:38:23.395363,0.07733
1094,ctgan,2,editednn,0,-1.0,COMPLETE,2025-03-29 21:38:23.407982,2025-03-29 21:38:23.516644,0.108662
1095,adasyn,0.25,editednn,0.5,-1.0,COMPLETE,2025-03-29 21:38:23.529578,2025-03-29 21:38:23.606418,0.07684
1096,random,0,random,auto,-1.0,COMPLETE,2025-03-29 21:38:23.618766,2025-03-29 21:38:23.724448,0.105682
1097,tvae,1,tomeklinks,0.0625,-1.0,COMPLETE,2025-03-29 21:38:23.738377,2025-03-29 21:38:23.847138,0.108761
1098,tvae,0.5,onesidedselection,0.0625,-1.0,COMPLETE,2025-03-29 21:38:23.869340,2025-03-29 21:38:23.976733,0.107393
1099,adasyn,0,editednn,0.125,-1.0,COMPLETE,2025-03-29 21:38:23.998900,2025-03-29 21:38:24.072049,0.073149
1100,fastml,0.25,condensednn,0,-1.0,COMPLETE,2025-03-29 21:38:24.085421,2025-03-29 21:38:24.192703,0.107282
1101,fastml,1,instancehardness,auto,-1.0,COMPLETE,2025-03-29 21:38:24.205327,2025-03-29 21:38:24.753252,0.547925
1102,copulagan,0,onesidedselection,0,-1.0,ERROR,,,0.0
1103,adasyn,0,tomeklinks,0.125,-1.0,COMPLETE,2025-03-29 21:38:25.157919,2025-03-29 21:38:25.230942,0.073023
1104,tvae,2,instancehardness,0,-1.0,COMPLETE,2025-03-29 21:38:25.243884,2025-03-29 21:38:25.348547,0.104663
1105,gaussiancopula,0.5,editednn,0.125,-1.0,COMPLETE,2025-03-29 21:38:25.370133,2025-03-29 21:38:25.449642,0.079509
1106,gaussiancopula,0.5,condensednn,0.5,-1.0,COMPLETE,2025-03-29 21:38:25.462170,2025-03-29 21:38:25.541887,0.079717
1107,random,1,onesidedselection,auto,-1.0,COMPLETE,2025-03-29 21:38:25.554867,2025-03-29 21:38:25.647702,0.092835
1108,adasyn,0.5,nearmiss,0.125,-1.0,COMPLETE,2025-03-29 21:38:25.669709,2025-03-29 21:38:25.750170,0.080461
1109,gaussiancopula,0.5,condensednn,auto,-1.0,COMPLETE,2025-03-29 21:38:25.763571,2025-03-29 21:38:25.849356,0.085785
1110,adasyn,2,tomeklinks,0.5,-1.0,COMPLETE,2025-03-29 21:38:25.873249,2025-03-29 21:38:25.952037,0.078788
1111,fastml,auto,clustercentroid,0.5,-1.0,COMPLETE,2025-03-29 21:38:25.964910,2025-03-29 21:38:26.047144,0.082234
1112,fastml,2,onesidedselection,0.5,-1.0,COMPLETE,2025-03-29 21:38:26.060133,2025-03-29 21:38:26.143844,0.083711
1113,copulagan,0.25,onesidedselection,0.5,-1.0,COMPLETE,2025-03-29 21:38:26.166620,2025-03-29 21:38:26.521184,0.354564
1114,ctgan,1,editednn,0.25,-1.0,COMPLETE,2025-03-29 21:38:26.534558,2025-03-29 21:38:26.648219,0.113661
1115,fastml,auto,instancehardness,0.125,-1.0,COMPLETE,2025-03-29 21:38:26.670196,2025-03-29 21:38:27.226453,0.556257
1116,random,1,onesidedselection,0.25,-1.0,COMPLETE,2025-03-29 21:38:27.251074,2025-03-29 21:38:27.347125,0.096051
1117,copulagan,0.5,condensednn,0.125,-1.0,COMPLETE,2025-03-29 21:38:27.369943,2025-03-29 21:38:27.768690,0.398747
1118,fastml,1,clustercentroid,auto,-1.0,COMPLETE,2025-03-29 21:38:27.782114,2025-03-29 21:38:27.866469,0.084355
1119,tvae,1,clustercentroid,0.0625,-1.0,COMPLETE,2025-03-29 21:38:27.883633,2025-03-29 21:38:27.996593,0.11296
1120,ctgan,2,onesidedselection,0.25,-1.0,COMPLETE,2025-03-29 21:38:28.020033,2025-03-29 21:38:28.131100,0.111067
1121,adasyn,1,nearmiss,0.25,-1.0,COMPLETE,2025-03-29 21:38:28.144500,2025-03-29 21:38:28.224758,0.080258
1122,adasyn,2,clustercentroid,auto,-1.0,COMPLETE,2025-03-29 21:38:28.237454,2025-03-29 21:38:28.316129,0.078675
1123,smote,0.25,clustercentroid,0.0625,-1.0,COMPLETE,2025-03-29 21:38:28.329140,2025-03-29 21:38:28.409065,0.079925
1124,adasyn,0,tomeklinks,auto,-1.0,COMPLETE,2025-03-29 21:38:28.421713,2025-03-29 21:38:28.495123,0.07341
1125,smote,1,condensednn,0.25,-1.0,COMPLETE,2025-03-29 21:38:28.507885,2025-03-29 21:38:28.584323,0.076438
1126,tvae,0.5,random,0.25,-1.0,COMPLETE,2025-03-29 21:38:28.597516,2025-03-29 21:38:28.704380,0.106864
1127,smote,2,condensednn,0.125,-1.0,COMPLETE,2025-03-29 21:38:28.726331,2025-03-29 21:38:28.802809,0.076478
1128,gaussiancopula,0.5,instancehardness,auto,-1.0,COMPLETE,2025-03-29 21:38:28.815620,2025-03-29 21:38:29.371080,0.55546
1129,adasyn,0.25,editednn,0.0625,-1.0,COMPLETE,2025-03-29 21:38:29.394756,2025-03-29 21:38:29.477311,0.082555
1130,random,1,onesidedselection,0.0625,-1.0,COMPLETE,2025-03-29 21:38:29.489858,2025-03-29 21:38:29.582257,0.092399
1131,random,1,editednn,0.0625,-1.0,COMPLETE,2025-03-29 21:38:29.604975,2025-03-29 21:38:29.697266,0.092291
1132,tvae,2,clustercentroid,0,-1.0,COMPLETE,2025-03-29 21:38:29.719259,2025-03-29 21:38:29.832248,0.112989
1133,tvae,0.5,clustercentroid,0.0625,-1.0,COMPLETE,2025-03-29 21:38:29.855087,2025-03-29 21:38:29.961422,0.106335
1134,ctgan,0.5,editednn,0.25,-1.0,COMPLETE,2025-03-29 21:38:29.983096,2025-03-29 21:38:30.094393,0.111297
1135,adasyn,auto,tomeklinks,0.25,-1.0,COMPLETE,2025-03-29 21:38:30.117605,2025-03-29 21:38:30.199911,0.082306
1136,gaussiancopula,auto,onesidedselection,auto,-1.0,COMPLETE,2025-03-29 21:38:30.212333,2025-03-29 21:38:30.292792,0.080459
1137,fastml,0.25,nearmiss,0.25,-1.0,COMPLETE,2025-03-29 21:38:30.305446,2025-03-29 21:38:30.387592,0.082146
1138,tvae,2,nearmiss,0.25,-1.0,COMPLETE,2025-03-29 21:38:30.399843,2025-03-29 21:38:30.505811,0.105968
1139,tvae,0,instancehardness,0,-1.0,ERROR,,,0.0
1140,gaussiancopula,0.5,onesidedselection,0.5,-1.0,COMPLETE,2025-03-29 21:38:30.662503,2025-03-29 21:38:30.741400,0.078897
1141,random,auto,clustercentroid,0.0625,-1.0,COMPLETE,2025-03-29 21:38:30.753666,2025-03-29 21:38:30.847892,0.094226
1142,tvae,0.25,instancehardness,0.0625,-1.0,COMPLETE,2025-03-29 21:38:30.869528,2025-03-29 21:38:30.975430,0.105902
1143,copulagan,0.25,tomeklinks,0,-1.0,COMPLETE,2025-03-29 21:38:30.997370,2025-03-29 21:38:31.355109,0.357739
1144,adasyn,auto,clustercentroid,auto,-1.0,COMPLETE,2025-03-29 21:38:31.367460,2025-03-29 21:38:31.446183,0.078723
1145,random,0.25,nearmiss,auto,-1.0,COMPLETE,2025-03-29 21:38:31.458781,2025-03-29 21:38:31.549955,0.091174
1146,tvae,2,tomeklinks,0,-1.0,COMPLETE,2025-03-29 21:38:31.571471,2025-03-29 21:38:31.678197,0.106726
1147,copulagan,0,instancehardness,0.25,-1.0,COMPLETE,2025-03-29 21:38:31.699981,2025-03-29 21:38:32.090090,0.390109
1148,fastml,0.5,instancehardness,0.0625,-1.0,COMPLETE,2025-03-29 21:38:32.103769,2025-03-29 21:38:32.657467,0.553698
1149,fastml,0,onesidedselection,auto,-1.0,COMPLETE,2025-03-29 21:38:32.680543,2025-03-29 21:38:32.759599,0.079056
1150,ctgan,2,tomeklinks,0.25,-1.0,COMPLETE,2025-03-29 21:38:32.772809,2025-03-29 21:38:32.882785,0.109976
1151,random,0,random,0,-1.0,ERROR,,,0.0
1152,ctgan,auto,condensednn,0.5,-1.0,COMPLETE,2025-03-29 21:38:33.018996,2025-03-29 21:38:33.131744,0.112748
1153,tvae,auto,editednn,0.5,-1.0,COMPLETE,2025-03-29 21:38:33.153780,2025-03-29 21:38:33.351964,0.198184
1154,tvae,1,condensednn,auto,-1.0,COMPLETE,2025-03-29 21:38:33.373852,2025-03-29 21:38:33.481205,0.107353
1155,tvae,0.25,tomeklinks,0.0625,-1.0,COMPLETE,2025-03-29 21:38:33.503359,2025-03-29 21:38:33.610660,0.107301
1156,tvae,0.5,editednn,0,-1.0,COMPLETE,2025-03-29 21:38:33.632952,2025-03-29 21:38:33.742377,0.109425
1157,smote,0.5,tomeklinks,0.5,-1.0,COMPLETE,2025-03-29 21:38:33.764242,2025-03-29 21:38:33.844955,0.080713
1158,copulagan,0.5,random,0,-1.0,COMPLETE,2025-03-29 21:38:33.857471,2025-03-29 21:38:34.221150,0.363679
1159,copulagan,1,onesidedselection,auto,-1.0,COMPLETE,2025-03-29 21:38:34.233814,2025-03-29 21:38:34.602178,0.368364
1160,ctgan,0.25,onesidedselection,auto,-1.0,COMPLETE,2025-03-29 21:38:34.614621,2025-03-29 21:38:34.723882,0.109261
1161,tvae,1,random,0,-1.0,COMPLETE,2025-03-29 21:38:34.745712,2025-03-29 21:38:34.852886,0.107174
1162,copulagan,1,editednn,auto,-1.0,COMPLETE,2025-03-29 21:38:34.874753,2025-03-29 21:38:35.238964,0.364211
1163,fastml,2,clustercentroid,auto,-1.0,COMPLETE,2025-03-29 21:38:35.251457,2025-03-29 21:38:35.330829,0.079372
1164,copulagan,0.25,instancehardness,auto,-1.0,COMPLETE,2025-03-29 21:38:35.343867,2025-03-29 21:38:35.737422,0.393555
1165,random,0.25,editednn,0.125,-1.0,COMPLETE,2025-03-29 21:38:35.750110,2025-03-29 21:38:35.848722,0.098612
1166,fastml,0,random,0.25,-1.0,COMPLETE,2025-03-29 21:38:35.870868,2025-03-29 21:38:35.982045,0.111177
1167,gaussiancopula,0.5,instancehardness,0,-1.0,COMPLETE,2025-03-29 21:38:35.995296,2025-03-29 21:38:36.107229,0.111933
1168,copulagan,auto,nearmiss,0.0625,-1.0,COMPLETE,2025-03-29 21:38:36.119657,2025-03-29 21:38:36.483424,0.363767
1169,fastml,2,nearmiss,auto,-1.0,COMPLETE,2025-03-29 21:38:36.496584,2025-03-29 21:38:36.588422,0.091838
1170,tvae,auto,nearmiss,0.25,-1.0,COMPLETE,2025-03-29 21:38:36.612723,2025-03-29 21:38:36.721036,0.108313
1171,tvae,auto,instancehardness,0.25,-1.0,COMPLETE,2025-03-29 21:38:36.743272,2025-03-29 21:38:36.854243,0.110971
1172,smote,0.5,editednn,0.0625,-1.0,COMPLETE,2025-03-29 21:38:36.876454,2025-03-29 21:38:36.956980,0.080526
1173,ctgan,0,onesidedselection,0.0625,-1.0,COMPLETE,2025-03-29 21:38:36.969258,2025-03-29 21:38:37.078502,0.109244
1174,random,2,onesidedselection,0,-1.0,COMPLETE,2025-03-29 21:38:37.091849,2025-03-29 21:38:37.219648,0.127799
1175,ctgan,auto,instancehardness,0.0625,-1.0,COMPLETE,2025-03-29 21:38:37.233268,2025-03-29 21:38:37.343031,0.109763
1176,fastml,1,nearmiss,0.0625,-1.0,COMPLETE,2025-03-29 21:38:37.364782,2025-03-29 21:38:37.444285,0.079503
1177,gaussiancopula,0.5,nearmiss,auto,-1.0,COMPLETE,2025-03-29 21:38:37.457542,2025-03-29 21:38:37.539362,0.08182
1178,tvae,1,random,0.125,-1.0,COMPLETE,2025-03-29 21:38:37.552481,2025-03-29 21:38:37.659342,0.106861
1179,smote,0.25,random,0.5,-1.0,COMPLETE,2025-03-29 21:38:37.681226,2025-03-29 21:38:37.791126,0.1099
1180,smote,0.5,nearmiss,0.25,-1.0,COMPLETE,2025-03-29 21:38:37.803719,2025-03-29 21:38:37.886340,0.082621
1181,fastml,2,instancehardness,0.25,-1.0,COMPLETE,2025-03-29 21:38:37.913110,2025-03-29 21:38:38.478022,0.564912
1182,tvae,0.5,onesidedselection,auto,-1.0,COMPLETE,2025-03-29 21:38:38.491005,2025-03-29 21:38:38.603640,0.112635
1183,random,0.25,instancehardness,0,-1.0,COMPLETE,2025-03-29 21:38:38.626343,2025-03-29 21:38:38.752466,0.126123
1184,gaussiancopula,0.25,onesidedselection,0.0625,-1.0,COMPLETE,2025-03-29 21:38:38.765972,2025-03-29 21:38:38.848993,0.083021
1185,ctgan,0,onesidedselection,0.25,-1.0,COMPLETE,2025-03-29 21:38:38.872249,2025-03-29 21:38:38.980399,0.10815
1186,adasyn,0.5,random,0.25,-1.0,COMPLETE,2025-03-29 21:38:38.992980,2025-03-29 21:38:39.107386,0.114406
1187,ctgan,0,onesidedselection,0.5,-1.0,COMPLETE,2025-03-29 21:38:39.120129,2025-03-29 21:38:39.228785,0.108656
1188,random,0,condensednn,0.25,-1.0,COMPLETE,2025-03-29 21:38:39.250649,2025-03-29 21:38:39.324965,0.074316
1189,copulagan,0,editednn,0.0625,-1.0,COMPLETE,2025-03-29 21:38:39.337670,2025-03-29 21:38:39.734254,0.396584
1190,copulagan,0,condensednn,0.125,-1.0,COMPLETE,2025-03-29 21:38:39.747279,2025-03-29 21:38:40.107920,0.360641
1191,fastml,0.5,onesidedselection,0.25,-1.0,COMPLETE,2025-03-29 21:38:40.121396,2025-03-29 21:38:40.203061,0.081665
1192,copulagan,auto,clustercentroid,0.125,-1.0,COMPLETE,2025-03-29 21:38:40.229968,2025-03-29 21:38:40.590071,0.360103
1193,smote,0.5,editednn,0,-1.0,COMPLETE,2025-03-29 21:38:40.612334,2025-03-29 21:38:40.717672,0.105338
1194,gaussiancopula,0,clustercentroid,auto,-1.0,COMPLETE,2025-03-29 21:38:40.730475,2025-03-29 21:38:40.812314,0.081839
1195,copulagan,2,onesidedselection,0.5,-1.0,COMPLETE,2025-03-29 21:38:40.825770,2025-03-29 21:38:41.187905,0.362135
1196,copulagan,1,clustercentroid,0.0625,-1.0,COMPLETE,2025-03-29 21:38:41.201007,2025-03-29 21:38:41.567018,0.366011
1197,smote,2,random,0,-1.0,COMPLETE,2025-03-29 21:38:41.579817,2025-03-29 21:38:41.683797,0.10398
1198,gaussiancopula,0.5,clustercentroid,0.125,-1.0,COMPLETE,2025-03-29 21:38:41.696010,2025-03-29 21:38:41.779484,0.083474
1199,smote,1,random,auto,-1.0,COMPLETE,2025-03-29 21:38:41.802247,2025-03-29 21:38:41.910481,0.108234
1200,fastml,2,editednn,0.25,-1.0,COMPLETE,2025-03-29 21:38:41.922877,2025-03-29 21:38:42.003719,0.080842
1201,tvae,auto,random,0,-1.0,COMPLETE,2025-03-29 21:38:42.016194,2025-03-29 21:38:42.127488,0.111294
1202,adasyn,1,onesidedselection,0.125,-1.0,COMPLETE,2025-03-29 21:38:42.150324,2025-03-29 21:38:42.232490,0.082166
1203,ctgan,0.25,onesidedselection,0.125,-1.0,COMPLETE,2025-03-29 21:38:42.259714,2025-03-29 21:38:42.376392,0.116678
1204,smote,auto,nearmiss,0.0625,-1.0,COMPLETE,2025-03-29 21:38:42.398463,2025-03-29 21:38:42.476893,0.07843
1205,smote,0,instancehardness,0.25,-1.0,COMPLETE,2025-03-29 21:38:42.489441,2025-03-29 21:38:43.037445,0.548004
1206,gaussiancopula,0.25,clustercentroid,auto,-1.0,COMPLETE,2025-03-29 21:38:43.062063,2025-03-29 21:38:43.145771,0.083708
1207,smote,0.5,onesidedselection,0.25,-1.0,COMPLETE,2025-03-29 21:38:43.172439,2025-03-29 21:38:43.254853,0.082414
1208,gaussiancopula,1,random,0.0625,-1.0,COMPLETE,2025-03-29 21:38:43.268042,2025-03-29 21:38:43.392923,0.124881
1209,fastml,1,tomeklinks,0.0625,-1.0,COMPLETE,2025-03-29 21:38:43.406021,2025-03-29 21:38:43.487652,0.081631
1210,copulagan,2,editednn,0.25,-1.0,COMPLETE,2025-03-29 21:38:43.514191,2025-03-29 21:38:43.875318,0.361127
1211,random,0.5,onesidedselection,0.0625,-1.0,COMPLETE,2025-03-29 21:38:43.887854,2025-03-29 21:38:43.983450,0.095596
1212,fastml,0.25,instancehardness,auto,-1.0,COMPLETE,2025-03-29 21:38:44.005711,2025-03-29 21:38:44.560669,0.554958
1213,adasyn,1,instancehardness,0.5,-1.0,COMPLETE,2025-03-29 21:38:44.583522,2025-03-29 21:38:45.141895,0.558373
1214,gaussiancopula,1,instancehardness,auto,-1.0,COMPLETE,2025-03-29 21:38:45.166299,2025-03-29 21:38:45.729020,0.562721
1215,ctgan,0,tomeklinks,0,-1.0,ERROR,,,0.0
1216,fastml,0.25,onesidedselection,0.25,-1.0,COMPLETE,2025-03-29 21:38:45.879591,2025-03-29 21:38:45.965688,0.086097
1217,ctgan,2,clustercentroid,0.0625,-1.0,COMPLETE,2025-03-29 21:38:45.989025,2025-03-29 21:38:46.103847,0.114822
1218,copulagan,2,instancehardness,0.5,-1.0,COMPLETE,2025-03-29 21:38:46.126361,2025-03-29 21:38:46.489496,0.363135
1219,smote,0,random,0.5,-1.0,COMPLETE,2025-03-29 21:38:46.502926,2025-03-29 21:38:46.611921,0.108995
1220,tvae,0.25,onesidedselection,auto,-1.0,COMPLETE,2025-03-29 21:38:46.625492,2025-03-29 21:38:46.739045,0.113553
1221,copulagan,0,condensednn,auto,-1.0,COMPLETE,2025-03-29 21:38:46.761010,2025-03-29 21:38:47.125287,0.364277
1222,ctgan,1,onesidedselection,0.0625,-1.0,COMPLETE,2025-03-29 21:38:47.138152,2025-03-29 21:38:47.251505,0.113353
1223,tvae,auto,nearmiss,0,-1.0,COMPLETE,2025-03-29 21:38:47.274852,2025-03-29 21:38:47.389771,0.114919
1224,smote,0.25,instancehardness,auto,-1.0,COMPLETE,2025-03-29 21:38:47.411833,2025-03-29 21:38:47.961999,0.550166
1225,tvae,1,nearmiss,0.125,-1.0,COMPLETE,2025-03-29 21:38:47.985481,2025-03-29 21:38:48.100535,0.115054
1226,ctgan,0,nearmiss,0.25,-1.0,COMPLETE,2025-03-29 21:38:48.122635,2025-03-29 21:38:48.233758,0.111123
1227,random,auto,instancehardness,0.25,-1.0,COMPLETE,2025-03-29 21:38:48.256688,2025-03-29 21:38:48.821251,0.564563
1228,random,0.5,condensednn,0.0625,-1.0,COMPLETE,2025-03-29 21:38:48.834696,2025-03-29 21:38:48.932729,0.098033
1229,smote,0,condensednn,0.125,-1.0,COMPLETE,2025-03-29 21:38:48.956016,2025-03-29 21:38:49.033924,0.077908
1230,fastml,0,tomeklinks,0.0625,-1.0,COMPLETE,2025-03-29 21:38:49.047513,2025-03-29 21:38:49.133980,0.086467
1231,gaussiancopula,1,condensednn,0.25,-1.0,COMPLETE,2025-03-29 21:38:49.146535,2025-03-29 21:38:49.233392,0.086857
1232,copulagan,2,condensednn,0.125,-1.0,COMPLETE,2025-03-29 21:38:49.256140,2025-03-29 21:38:49.629384,0.373244
1233,adasyn,1,editednn,0.125,-1.0,COMPLETE,2025-03-29 21:38:49.642371,2025-03-29 21:38:49.723043,0.080672
1234,adasyn,auto,clustercentroid,0.5,-1.0,COMPLETE,2025-03-29 21:38:49.735515,2025-03-29 21:38:49.817827,0.082312
1235,fastml,2,instancehardness,0.5,-1.0,COMPLETE,2025-03-29 21:38:49.844784,2025-03-29 21:38:50.392158,0.547374
1236,adasyn,2,clustercentroid,0.25,-1.0,COMPLETE,2025-03-29 21:38:50.415498,2025-03-29 21:38:50.497079,0.081581
1237,smote,0.25,onesidedselection,0.25,-1.0,COMPLETE,2025-03-29 21:38:50.510302,2025-03-29 21:38:50.595350,0.085048
1238,tvae,0,onesidedselection,0.0625,-1.0,COMPLETE,2025-03-29 21:38:50.618444,2025-03-29 21:38:50.728191,0.109747
1239,copulagan,2,clustercentroid,auto,-1.0,COMPLETE,2025-03-29 21:38:50.750796,2025-03-29 21:38:51.119272,0.368476
1240,ctgan,0.5,condensednn,0.25,-1.0,COMPLETE,2025-03-29 21:38:51.131871,2025-03-29 21:38:51.242294,0.110423
1241,copulagan,2,nearmiss,0.25,-1.0,COMPLETE,2025-03-29 21:38:51.264185,2025-03-29 21:38:51.626674,0.362489
1242,random,1,editednn,0.25,-1.0,COMPLETE,2025-03-29 21:38:51.648774,2025-03-29 21:38:51.742738,0.093964
1243,copulagan,2,tomeklinks,0.25,-1.0,COMPLETE,2025-03-29 21:38:51.764532,2025-03-29 21:38:52.136491,0.371959
1244,smote,1,editednn,0.0625,-1.0,COMPLETE,2025-03-29 21:38:52.149297,2025-03-29 21:38:52.228325,0.079028
1245,adasyn,0,instancehardness,0.5,-1.0,COMPLETE,2025-03-29 21:38:52.245241,2025-03-29 21:38:52.785184,0.539943
1246,copulagan,0.25,condensednn,auto,-1.0,COMPLETE,2025-03-29 21:38:52.808894,2025-03-29 21:38:53.200879,0.391985
1247,copulagan,1,nearmiss,0.125,-1.0,COMPLETE,2025-03-29 21:38:53.213904,2025-03-29 21:38:53.577906,0.364002
1248,smote,2,tomeklinks,0.125,-1.0,COMPLETE,2025-03-29 21:38:53.590616,2025-03-29 21:38:53.677868,0.087252
1249,fastml,0.25,condensednn,0.125,-1.0,COMPLETE,2025-03-29 21:38:53.701857,2025-03-29 21:38:53.787966,0.086109
1250,random,2,tomeklinks,0,-1.0,COMPLETE,2025-03-29 21:38:53.810971,2025-03-29 21:38:53.938055,0.127084
1251,gaussiancopula,0.5,editednn,0,-1.0,COMPLETE,2025-03-29 21:38:53.951966,2025-03-29 21:38:54.066148,0.114182
1252,ctgan,1,editednn,0.0625,-1.0,COMPLETE,2025-03-29 21:38:54.079386,2025-03-29 21:38:54.202143,0.122757
1253,gaussiancopula,0.5,condensednn,0.0625,-1.0,COMPLETE,2025-03-29 21:38:54.225218,2025-03-29 21:38:54.314828,0.08961
1254,tvae,2,nearmiss,0.0625,-1.0,COMPLETE,2025-03-29 21:38:54.337444,2025-03-29 21:38:54.449989,0.112545
1255,adasyn,0.5,nearmiss,0,-1.0,COMPLETE,2025-03-29 21:38:54.472577,2025-03-29 21:38:54.589455,0.116878
1256,random,auto,nearmiss,0.5,-1.0,COMPLETE,2025-03-29 21:38:54.603200,2025-03-29 21:38:54.707361,0.104161
1257,fastml,0.25,editednn,0.125,-1.0,COMPLETE,2025-03-29 21:38:54.730423,2025-03-29 21:38:54.812512,0.082089
1258,fastml,1,condensednn,0.25,-1.0,COMPLETE,2025-03-29 21:38:54.839494,2025-03-29 21:38:54.924312,0.084818
1259,copulagan,0.5,nearmiss,0.25,-1.0,COMPLETE,2025-03-29 21:38:54.947576,2025-03-29 21:38:55.317562,0.369986
1260,fastml,auto,onesidedselection,0,-1.0,COMPLETE,2025-03-29 21:38:55.331780,2025-03-29 21:38:55.445302,0.113522
1261,fastml,auto,instancehardness,0,-1.0,COMPLETE,2025-03-29 21:38:55.459093,2025-03-29 21:38:55.572980,0.113887
1262,ctgan,0.25,tomeklinks,0.0625,-1.0,COMPLETE,2025-03-29 21:38:55.585919,2025-03-29 21:38:55.700565,0.114646
1263,ctgan,auto,clustercentroid,0.0625,-1.0,COMPLETE,2025-03-29 21:38:55.724144,2025-03-29 21:38:55.845739,0.121595
1264,ctgan,0.25,condensednn,0.25,-1.0,COMPLETE,2025-03-29 21:38:55.869192,2025-03-29 21:38:55.985641,0.116449
1265,ctgan,0,random,auto,-1.0,COMPLETE,2025-03-29 21:38:56.008367,2025-03-29 21:38:56.124851,0.116484
1266,random,2,condensednn,0.125,-1.0,COMPLETE,2025-03-29 21:38:56.147708,2025-03-29 21:38:56.247390,0.099682
1267,smote,auto,random,0.5,-1.0,COMPLETE,2025-03-29 21:38:56.270877,2025-03-29 21:38:56.385529,0.114652
1268,fastml,0,editednn,0.125,-1.0,COMPLETE,2025-03-29 21:38:56.398416,2025-03-29 21:38:56.482931,0.084515
1269,fastml,auto,clustercentroid,auto,-1.0,COMPLETE,2025-03-29 21:38:56.505685,2025-03-29 21:38:56.592323,0.086638
1270,tvae,0,clustercentroid,0.0625,-1.0,COMPLETE,2025-03-29 21:38:56.615030,2025-03-29 21:38:56.728740,0.11371
1271,fastml,1,condensednn,0.125,-1.0,COMPLETE,2025-03-29 21:38:56.751517,2025-03-29 21:38:56.840710,0.089193
1272,adasyn,0,editednn,auto,-1.0,COMPLETE,2025-03-29 21:38:56.864342,2025-03-29 21:38:56.941896,0.077554
1273,random,auto,tomeklinks,0,-1.0,COMPLETE,2025-03-29 21:38:56.954855,2025-03-29 21:38:57.078548,0.123693
1274,copulagan,1,nearmiss,auto,-1.0,COMPLETE,2025-03-29 21:38:57.091975,2025-03-29 21:38:57.455779,0.363804
1275,adasyn,0.25,tomeklinks,0,-1.0,COMPLETE,2025-03-29 21:38:57.469515,2025-03-29 21:38:57.577326,0.107811
1276,smote,0,nearmiss,auto,-1.0,COMPLETE,2025-03-29 21:38:57.590777,2025-03-29 21:38:57.670538,0.079761
1277,gaussiancopula,0,clustercentroid,0,-1.0,ERROR,,,0.0
1278,fastml,1,clustercentroid,0.25,-1.0,COMPLETE,2025-03-29 21:38:57.803091,2025-03-29 21:38:57.888544,0.085453
1279,ctgan,2,tomeklinks,0.0625,-1.0,COMPLETE,2025-03-29 21:38:57.911945,2025-03-29 21:38:58.032391,0.120446
1280,adasyn,0,random,0,-1.0,ERROR,,,0.0
1281,copulagan,0.5,clustercentroid,0.5,-1.0,COMPLETE,2025-03-29 21:38:58.171730,2025-03-29 21:38:58.541897,0.370167
1282,random,2,clustercentroid,0.5,-1.0,COMPLETE,2025-03-29 21:38:58.554522,2025-03-29 21:38:58.652133,0.097611
1283,smote,2,clustercentroid,0,-1.0,COMPLETE,2025-03-29 21:38:58.674326,2025-03-29 21:38:58.781416,0.10709
1284,smote,1,nearmiss,0.0625,-1.0,COMPLETE,2025-03-29 21:38:58.794681,2025-03-29 21:38:58.876048,0.081367
1285,gaussiancopula,0.5,random,0.25,-1.0,COMPLETE,2025-03-29 21:38:58.889481,2025-03-29 21:38:59.005537,0.116056
1286,gaussiancopula,2,instancehardness,0.0625,-1.0,COMPLETE,2025-03-29 21:38:59.018404,2025-03-29 21:38:59.575320,0.556916
1287,fastml,0.25,random,0.25,-1.0,COMPLETE,2025-03-29 21:38:59.599799,2025-03-29 21:38:59.720759,0.12096
1288,copulagan,0.5,nearmiss,0.125,-1.0,COMPLETE,2025-03-29 21:38:59.734958,2025-03-29 21:39:00.112143,0.377185
1289,tvae,auto,clustercentroid,0.25,-1.0,COMPLETE,2025-03-29 21:39:00.127071,2025-03-29 21:39:00.247513,0.120442
1290,smote,0,instancehardness,auto,-1.0,COMPLETE,2025-03-29 21:39:00.270067,2025-03-29 21:39:00.823685,0.553618
1291,gaussiancopula,auto,random,0.125,-1.0,COMPLETE,2025-03-29 21:39:00.847686,2025-03-29 21:39:00.972952,0.125266
1292,copulagan,0,editednn,0.25,-1.0,COMPLETE,2025-03-29 21:39:00.986798,2025-03-29 21:39:01.388070,0.401272
1293,smote,2,instancehardness,0,-1.0,COMPLETE,2025-03-29 21:39:01.401189,2025-03-29 21:39:01.510205,0.109016
1294,adasyn,2,nearmiss,0.0625,-1.0,COMPLETE,2025-03-29 21:39:01.523082,2025-03-29 21:39:01.607580,0.084498
1295,smote,1,instancehardness,auto,-1.0,COMPLETE,2025-03-29 21:39:01.630754,2025-03-29 21:39:02.196269,0.565515
1296,tvae,0.5,instancehardness,0,-1.0,COMPLETE,2025-03-29 21:39:02.210544,2025-03-29 21:39:02.325419,0.114875
1297,adasyn,2,editednn,0.25,-1.0,COMPLETE,2025-03-29 21:39:02.347394,2025-03-29 21:39:02.430559,0.083165
1298,random,0.25,tomeklinks,0.125,-1.0,COMPLETE,2025-03-29 21:39:02.447425,2025-03-29 21:39:02.548883,0.101458
1299,ctgan,auto,tomeklinks,0.125,-1.0,COMPLETE,2025-03-29 21:39:02.571068,2025-03-29 21:39:02.684221,0.113153
1300,gaussiancopula,2,instancehardness,0.25,-1.0,COMPLETE,2025-03-29 21:39:02.706308,2025-03-29 21:39:03.262880,0.556572
1301,adasyn,2,clustercentroid,0.5,-1.0,COMPLETE,2025-03-29 21:39:03.276134,2025-03-29 21:39:03.361344,0.08521
1302,adasyn,0.25,instancehardness,auto,-1.0,COMPLETE,2025-03-29 21:39:03.384688,2025-03-29 21:39:03.936121,0.551433
1303,gaussiancopula,auto,nearmiss,0.125,-1.0,COMPLETE,2025-03-29 21:39:03.960076,2025-03-29 21:39:04.051976,0.0919
1304,tvae,2,editednn,auto,-1.0,COMPLETE,2025-03-29 21:39:04.074610,2025-03-29 21:39:04.188090,0.11348
1305,gaussiancopula,2,clustercentroid,0.25,-1.0,COMPLETE,2025-03-29 21:39:04.200540,2025-03-29 21:39:04.285967,0.085427
1306,ctgan,1,clustercentroid,0.0625,-1.0,COMPLETE,2025-03-29 21:39:04.309030,2025-03-29 21:39:04.426858,0.117828
1307,gaussiancopula,auto,instancehardness,0.5,-1.0,COMPLETE,2025-03-29 21:39:04.449071,2025-03-29 21:39:05.002670,0.553599
1308,adasyn,1,nearmiss,0,-1.0,COMPLETE,2025-03-29 21:39:05.026515,2025-03-29 21:39:05.138812,0.112297
1309,tvae,0,random,0.125,-1.0,COMPLETE,2025-03-29 21:39:05.151516,2025-03-29 21:39:05.267064,0.115548
1310,ctgan,0.25,clustercentroid,0,-1.0,COMPLETE,2025-03-29 21:39:05.289190,2025-03-29 21:39:05.402185,0.112995
1311,fastml,1,instancehardness,0,-1.0,COMPLETE,2025-03-29 21:39:05.425062,2025-03-29 21:39:05.538858,0.113796
1312,tvae,auto,clustercentroid,auto,-1.0,COMPLETE,2025-03-29 21:39:05.552435,2025-03-29 21:39:05.665420,0.112985
1313,adasyn,auto,condensednn,0,-1.0,COMPLETE,2025-03-29 21:39:05.687880,2025-03-29 21:39:05.795994,0.108114
1314,ctgan,0,clustercentroid,0.25,-1.0,COMPLETE,2025-03-29 21:39:05.809224,2025-03-29 21:39:05.928901,0.119677
1315,ctgan,auto,condensednn,auto,-1.0,COMPLETE,2025-03-29 21:39:05.952050,2025-03-29 21:39:06.066993,0.114943
1316,ctgan,auto,condensednn,0.25,-1.0,COMPLETE,2025-03-29 21:39:06.089059,2025-03-29 21:39:06.207240,0.118181
1317,tvae,0.25,random,0.125,-1.0,COMPLETE,2025-03-29 21:39:06.229510,2025-03-29 21:39:06.348532,0.119022
1318,smote,1,nearmiss,0.5,-1.0,COMPLETE,2025-03-29 21:39:06.371636,2025-03-29 21:39:06.456592,0.084956
1319,copulagan,0,editednn,0,-1.0,ERROR,,,0.0
1320,fastml,0,tomeklinks,0.125,-1.0,COMPLETE,2025-03-29 21:39:06.863580,2025-03-29 21:39:06.948504,0.084924
1321,random,0.5,condensednn,0.125,-1.0,COMPLETE,2025-03-29 21:39:06.971882,2025-03-29 21:39:07.071174,0.099292
1322,ctgan,2,clustercentroid,0.5,-1.0,COMPLETE,2025-03-29 21:39:07.093629,2025-03-29 21:39:07.207708,0.114079
1323,smote,0,onesidedselection,0,-1.0,ERROR,,,0.0
1324,random,0.5,nearmiss,0.0625,-1.0,COMPLETE,2025-03-29 21:39:07.347017,2025-03-29 21:39:07.445523,0.098506
1325,tvae,0,random,0,-1.0,ERROR,,,0.0
1326,smote,1,random,0.5,-1.0,COMPLETE,2025-03-29 21:39:07.605008,2025-03-29 21:39:07.717587,0.112579
1327,tvae,0,onesidedselection,0.25,-1.0,COMPLETE,2025-03-29 21:39:07.730378,2025-03-29 21:39:07.843728,0.11335
1328,ctgan,0.5,clustercentroid,0.5,-1.0,COMPLETE,2025-03-29 21:39:07.865824,2025-03-29 21:39:07.979358,0.113534
1329,random,0.25,instancehardness,0.125,-1.0,COMPLETE,2025-03-29 21:39:08.001569,2025-03-29 21:39:08.569689,0.56812
1330,smote,0.25,nearmiss,0.0625,-1.0,COMPLETE,2025-03-29 21:39:08.593608,2025-03-29 21:39:08.682600,0.088992
1331,gaussiancopula,1,instancehardness,0,-1.0,COMPLETE,2025-03-29 21:39:08.695853,2025-03-29 21:39:08.809846,0.113993
1332,copulagan,2,editednn,0.125,-1.0,COMPLETE,2025-03-29 21:39:08.823005,2025-03-29 21:39:09.192160,0.369155
1333,tvae,0.25,tomeklinks,0.5,-1.0,COMPLETE,2025-03-29 21:39:09.204499,2025-03-29 21:39:09.319328,0.114829
1334,smote,auto,random,0.25,-1.0,COMPLETE,2025-03-29 21:39:09.341251,2025-03-29 21:39:09.453235,0.111984
1335,random,0.25,editednn,0.0625,-1.0,COMPLETE,2025-03-29 21:39:09.466449,2025-03-29 21:39:09.569784,0.103335
1336,random,2,editednn,0.125,-1.0,COMPLETE,2025-03-29 21:39:09.592241,2025-03-29 21:39:09.695346,0.103105
1337,gaussiancopula,0.5,editednn,0.25,-1.0,COMPLETE,2025-03-29 21:39:09.717600,2025-03-29 21:39:09.805640,0.08804
1338,tvae,auto,tomeklinks,0.125,-1.0,COMPLETE,2025-03-29 21:39:09.827651,2025-03-29 21:39:09.939150,0.111499
1339,smote,0.25,instancehardness,0,-1.0,COMPLETE,2025-03-29 21:39:09.961940,2025-03-29 21:39:10.071889,0.109949
1340,smote,0.25,onesidedselection,0.5,-1.0,COMPLETE,2025-03-29 21:39:10.085295,2025-03-29 21:39:10.170993,0.085698
1341,random,0.25,tomeklinks,0,-1.0,COMPLETE,2025-03-29 21:39:10.194629,2025-03-29 21:39:10.324946,0.130317
1342,ctgan,0.25,editednn,0.25,-1.0,COMPLETE,2025-03-29 21:39:10.337235,2025-03-29 21:39:10.453244,0.116009
1343,gaussiancopula,0.25,editednn,0.5,-1.0,COMPLETE,2025-03-29 21:39:10.475812,2025-03-29 21:39:10.657143,0.181331
1344,smote,0.25,onesidedselection,auto,-1.0,COMPLETE,2025-03-29 21:39:10.671021,2025-03-29 21:39:10.758332,0.087311
1345,copulagan,0.5,instancehardness,auto,-1.0,COMPLETE,2025-03-29 21:39:10.781554,2025-03-29 21:39:11.175848,0.394294
1346,ctgan,0,clustercentroid,0.0625,-1.0,COMPLETE,2025-03-29 21:39:11.189277,2025-03-29 21:39:11.303395,0.114118
1347,copulagan,0.5,onesidedselection,0.0625,-1.0,COMPLETE,2025-03-29 21:39:11.325547,2025-03-29 21:39:11.695549,0.370002
1348,tvae,auto,random,0.5,-1.0,COMPLETE,2025-03-29 21:39:11.709946,2025-03-29 21:39:11.822471,0.112525
1349,adasyn,0,clustercentroid,auto,-1.0,COMPLETE,2025-03-29 21:39:11.844537,2025-03-29 21:39:11.926239,0.081702
1350,copulagan,0.25,condensednn,0.5,-1.0,COMPLETE,2025-03-29 21:39:11.938477,2025-03-29 21:39:12.308045,0.369568
1351,smote,0.25,tomeklinks,0.25,-1.0,COMPLETE,2025-03-29 21:39:12.320690,2025-03-29 21:39:12.407674,0.086984
1352,gaussiancopula,1,onesidedselection,0.0625,-1.0,COMPLETE,2025-03-29 21:39:12.429786,2025-03-29 21:39:12.514519,0.084733
1353,smote,1,tomeklinks,0.125,-1.0,COMPLETE,2025-03-29 21:39:12.536604,2025-03-29 21:39:12.619029,0.082425
1354,adasyn,auto,onesidedselection,auto,-1.0,COMPLETE,2025-03-29 21:39:12.642096,2025-03-29 21:39:12.731521,0.089425
1355,fastml,1,instancehardness,0.5,-1.0,COMPLETE,2025-03-29 21:39:12.754676,2025-03-29 21:39:13.324878,0.570202
1356,fastml,0.25,nearmiss,0.5,-1.0,COMPLETE,2025-03-29 21:39:13.349996,2025-03-29 21:39:13.442202,0.092206
1357,smote,auto,condensednn,auto,-1.0,COMPLETE,2025-03-29 21:39:13.464710,2025-03-29 21:39:13.550397,0.085687
1358,fastml,0.25,clustercentroid,0.5,-1.0,COMPLETE,2025-03-29 21:39:13.573059,2025-03-29 21:39:13.660053,0.086994
1359,copulagan,0,tomeklinks,0,-1.0,ERROR,,,0.0
1360,adasyn,1,random,0.5,-1.0,COMPLETE,2025-03-29 21:39:14.065766,2025-03-29 21:39:14.183816,0.11805
1361,ctgan,0.5,condensednn,0.0625,-1.0,COMPLETE,2025-03-29 21:39:14.197355,2025-03-29 21:39:14.312725,0.11537
1362,random,0,onesidedselection,0.0625,-1.0,COMPLETE,2025-03-29 21:39:14.335482,2025-03-29 21:39:14.417409,0.081927
1363,smote,auto,clustercentroid,0.5,-1.0,COMPLETE,2025-03-29 21:39:14.431341,2025-03-29 21:39:14.519412,0.088071
1364,gaussiancopula,2,clustercentroid,0.0625,-1.0,COMPLETE,2025-03-29 21:39:14.542251,2025-03-29 21:39:14.630829,0.088578
1365,copulagan,0.5,tomeklinks,auto,-1.0,COMPLETE,2025-03-29 21:39:14.653305,2025-03-29 21:39:15.022752,0.369447
1366,smote,0,tomeklinks,0.0625,-1.0,COMPLETE,2025-03-29 21:39:15.036860,2025-03-29 21:39:15.122669,0.085809
1367,gaussiancopula,0.5,tomeklinks,auto,-1.0,COMPLETE,2025-03-29 21:39:15.153588,2025-03-29 21:39:15.244405,0.090817
1368,random,0.5,onesidedselection,0,-1.0,COMPLETE,2025-03-29 21:39:15.267693,2025-03-29 21:39:15.397213,0.12952
1369,copulagan,0.25,nearmiss,0.0625,-1.0,COMPLETE,2025-03-29 21:39:15.410597,2025-03-29 21:39:15.780336,0.369739
1370,tvae,0,condensednn,0.125,-1.0,COMPLETE,2025-03-29 21:39:15.803775,2025-03-29 21:39:15.922477,0.118702
1371,ctgan,auto,instancehardness,0.25,-1.0,COMPLETE,2025-03-29 21:39:15.945465,2025-03-29 21:39:16.062664,0.117199
1372,fastml,auto,clustercentroid,0,-1.0,COMPLETE,2025-03-29 21:39:16.085391,2025-03-29 21:39:16.199999,0.114608
1373,gaussiancopula,0,onesidedselection,0,-1.0,ERROR,,,0.0
1374,fastml,auto,condensednn,0.5,-1.0,COMPLETE,2025-03-29 21:39:16.341889,2025-03-29 21:39:16.435605,0.093716
1375,fastml,auto,onesidedselection,0.5,-1.0,COMPLETE,2025-03-29 21:39:16.458451,2025-03-29 21:39:16.547106,0.088655
1376,smote,1,nearmiss,0,-1.0,COMPLETE,2025-03-29 21:39:16.569941,2025-03-29 21:39:16.682409,0.112468
1377,random,0,nearmiss,auto,-1.0,COMPLETE,2025-03-29 21:39:16.696001,2025-03-29 21:39:16.776911,0.08091
1378,gaussiancopula,0.25,condensednn,auto,-1.0,COMPLETE,2025-03-29 21:39:16.790186,2025-03-29 21:39:16.879268,0.089082
1379,random,0,instancehardness,0.0625,-1.0,COMPLETE,2025-03-29 21:39:16.901887,2025-03-29 21:39:17.457156,0.555269
1380,ctgan,0,onesidedselection,0.125,-1.0,COMPLETE,2025-03-29 21:39:17.471925,2025-03-29 21:39:17.597498,0.125573
1381,gaussiancopula,2,editednn,auto,-1.0,COMPLETE,2025-03-29 21:39:17.620257,2025-03-29 21:39:17.709942,0.089685
1382,fastml,auto,instancehardness,0.5,-1.0,COMPLETE,2025-03-29 21:39:17.732376,2025-03-29 21:39:18.301118,0.568742
1383,gaussiancopula,0,instancehardness,0.25,-1.0,COMPLETE,2025-03-29 21:39:18.324622,2025-03-29 21:39:18.897584,0.572962
1384,tvae,0.25,editednn,0.125,-1.0,COMPLETE,2025-03-29 21:39:18.912054,2025-03-29 21:39:19.031571,0.119517
1385,copulagan,0.25,tomeklinks,0.0625,-1.0,COMPLETE,2025-03-29 21:39:19.054721,2025-03-29 21:39:19.429740,0.375019
1386,fastml,0,clustercentroid,0.25,-1.0,COMPLETE,2025-03-29 21:39:19.444475,2025-03-29 21:39:19.535134,0.090659
1387,ctgan,0.25,onesidedselection,0.25,-1.0,COMPLETE,2025-03-29 21:39:19.558018,2025-03-29 21:39:19.680853,0.122835
1388,random,auto,condensednn,0.0625,-1.0,COMPLETE,2025-03-29 21:39:19.705130,2025-03-29 21:39:19.808376,0.103246
1389,fastml,1,tomeklinks,0.25,-1.0,COMPLETE,2025-03-29 21:39:19.831234,2025-03-29 21:39:19.922291,0.091057
1390,ctgan,2,random,0,-1.0,COMPLETE,2025-03-29 21:39:19.941982,2025-03-29 21:39:20.058993,0.117011
1391,fastml,0.5,instancehardness,0.125,-1.0,COMPLETE,2025-03-29 21:39:20.081411,2025-03-29 21:39:20.642983,0.561572
1392,copulagan,0,editednn,0.125,-1.0,COMPLETE,2025-03-29 21:39:20.666772,2025-03-29 21:39:21.068264,0.401492
1393,gaussiancopula,2,instancehardness,0.5,-1.0,COMPLETE,2025-03-29 21:39:21.082524,2025-03-29 21:39:21.650683,0.568159
1394,tvae,1,tomeklinks,0.5,-1.0,COMPLETE,2025-03-29 21:39:21.664043,2025-03-29 21:39:21.779754,0.115711
1395,copulagan,1,random,0,-1.0,COMPLETE,2025-03-29 21:39:21.802138,2025-03-29 21:39:22.201198,0.39906
1396,smote,2,nearmiss,0.0625,-1.0,COMPLETE,2025-03-29 21:39:22.214188,2025-03-29 21:39:22.300259,0.086071
1397,ctgan,1,onesidedselection,0.25,-1.0,COMPLETE,2025-03-29 21:39:22.323171,2025-03-29 21:39:22.441811,0.11864
1398,gaussiancopula,2,tomeklinks,0,-1.0,COMPLETE,2025-03-29 21:39:22.464580,2025-03-29 21:39:22.579436,0.114856
1399,adasyn,0,condensednn,0.5,-1.0,COMPLETE,2025-03-29 21:39:22.592350,2025-03-29 21:39:22.673082,0.080732
1400,random,0,instancehardness,0,-1.0,ERROR,,,0.0
1401,adasyn,0.25,instancehardness,0.25,-1.0,COMPLETE,2025-03-29 21:39:22.804736,2025-03-29 21:39:23.363114,0.558378
1402,adasyn,0.5,onesidedselection,0.125,-1.0,COMPLETE,2025-03-29 21:39:23.386593,2025-03-29 21:39:23.473817,0.087224
1403,adasyn,0,random,0.0625,-1.0,COMPLETE,2025-03-29 21:39:23.496519,2025-03-29 21:39:23.615831,0.119312
1404,copulagan,1,tomeklinks,0,-1.0,COMPLETE,2025-03-29 21:39:23.629245,2025-03-29 21:39:24.008872,0.379627
1405,ctgan,1,random,auto,-1.0,COMPLETE,2025-03-29 21:39:24.022335,2025-03-29 21:39:24.144368,0.122033
1406,tvae,1,editednn,auto,-1.0,COMPLETE,2025-03-29 21:39:24.166942,2025-03-29 21:39:24.289636,0.122694
1407,ctgan,0,nearmiss,0.0625,-1.0,COMPLETE,2025-03-29 21:39:24.311801,2025-03-29 21:39:24.429890,0.118089
1408,smote,0,condensednn,auto,-1.0,COMPLETE,2025-03-29 21:39:24.452256,2025-03-29 21:39:24.533388,0.081132
1409,fastml,0.25,editednn,0.0625,-1.0,COMPLETE,2025-03-29 21:39:24.545792,2025-03-29 21:39:24.638352,0.09256
1410,random,2,onesidedselection,0.5,-1.0,COMPLETE,2025-03-29 21:39:24.660884,2025-03-29 21:39:24.760603,0.099719
1411,ctgan,2,onesidedselection,0.125,-1.0,COMPLETE,2025-03-29 21:39:24.782555,2025-03-29 21:39:24.897639,0.115084
1412,copulagan,0.5,condensednn,auto,-1.0,COMPLETE,2025-03-29 21:39:24.920167,2025-03-29 21:39:25.288968,0.368801
1413,gaussiancopula,auto,instancehardness,0.25,-1.0,COMPLETE,2025-03-29 21:39:25.302541,2025-03-29 21:39:25.859451,0.55691
1414,copulagan,0.5,instancehardness,0.25,-1.0,COMPLETE,2025-03-29 21:39:25.883993,2025-03-29 21:39:26.261502,0.377509
1415,gaussiancopula,2,random,0.0625,-1.0,COMPLETE,2025-03-29 21:39:26.275641,2025-03-29 21:39:26.400966,0.125325
1416,ctgan,auto,onesidedselection,0.25,-1.0,COMPLETE,2025-03-29 21:39:26.414733,2025-03-29 21:39:26.531809,0.117076
1417,smote,auto,condensednn,0,-1.0,COMPLETE,2025-03-29 21:39:26.553890,2025-03-29 21:39:26.664496,0.110606
1418,gaussiancopula,0.5,instancehardness,0.25,-1.0,COMPLETE,2025-03-29 21:39:26.676863,2025-03-29 21:39:27.237308,0.560445
1419,ctgan,0.25,tomeklinks,0,-1.0,COMPLETE,2025-03-29 21:39:27.261770,2025-03-29 21:39:27.383462,0.121692
1420,gaussiancopula,0,onesidedselection,0.25,-1.0,COMPLETE,2025-03-29 21:39:27.406799,2025-03-29 21:39:27.494862,0.088063
1421,fastml,2,nearmiss,0,-1.0,COMPLETE,2025-03-29 21:39:27.517621,2025-03-29 21:39:27.635440,0.117819
1422,random,0.25,nearmiss,0.125,-1.0,COMPLETE,2025-03-29 21:39:27.648838,2025-03-29 21:39:27.752003,0.103165
1423,fastml,0.5,editednn,0.5,-1.0,COMPLETE,2025-03-29 21:39:27.774561,2025-03-29 21:39:27.865285,0.090724
1424,fastml,auto,clustercentroid,0.25,-1.0,COMPLETE,2025-03-29 21:39:27.888354,2025-03-29 21:39:27.986188,0.097834
1425,random,0.5,editednn,0,-1.0,COMPLETE,2025-03-29 21:39:28.009706,2025-03-29 21:39:28.140891,0.131185
1426,smote,auto,instancehardness,0.25,-1.0,COMPLETE,2025-03-29 21:39:28.154131,2025-03-29 21:39:28.708709,0.554578
1427,gaussiancopula,0,instancehardness,0.5,-1.0,COMPLETE,2025-03-29 21:39:28.732880,2025-03-29 21:39:29.304939,0.572059
1428,random,0.25,condensednn,0.5,-1.0,COMPLETE,2025-03-29 21:39:29.327747,2025-03-29 21:39:29.430892,0.103145
1429,ctgan,0.5,nearmiss,0,-1.0,COMPLETE,2025-03-29 21:39:29.453451,2025-03-29 21:39:29.574318,0.120867
1430,tvae,0.25,condensednn,0.25,-1.0,COMPLETE,2025-03-29 21:39:29.597103,2025-03-29 21:39:29.720766,0.123663
1431,tvae,0,nearmiss,0.5,-1.0,COMPLETE,2025-03-29 21:39:29.743896,2025-03-29 21:39:29.867380,0.123484
1432,fastml,0.5,tomeklinks,auto,-1.0,COMPLETE,2025-03-29 21:39:29.890778,2025-03-29 21:39:29.981601,0.090823
1433,copulagan,0.25,editednn,auto,-1.0,COMPLETE,2025-03-29 21:39:30.004762,2025-03-29 21:39:30.379539,0.374777
1434,smote,0.5,instancehardness,0.5,-1.0,COMPLETE,2025-03-29 21:39:30.392424,2025-03-29 21:39:30.958702,0.566278
1435,ctgan,2,onesidedselection,auto,-1.0,COMPLETE,2025-03-29 21:39:30.982110,2025-03-29 21:39:31.107336,0.125226
1436,copulagan,0.5,tomeklinks,0.25,-1.0,COMPLETE,2025-03-29 21:39:31.130322,2025-03-29 21:39:31.500106,0.369784
1437,gaussiancopula,0,random,0.125,-1.0,COMPLETE,2025-03-29 21:39:31.513428,2025-03-29 21:39:31.640831,0.127403
1438,tvae,auto,onesidedselection,0.25,-1.0,COMPLETE,2025-03-29 21:39:31.653877,2025-03-29 21:39:31.774178,0.120301
1439,tvae,2,condensednn,0.125,-1.0,COMPLETE,2025-03-29 21:39:31.797245,2025-03-29 21:39:31.916788,0.119543
1440,tvae,0,tomeklinks,0.125,-1.0,COMPLETE,2025-03-29 21:39:31.939506,2025-03-29 21:39:32.058573,0.119067
1441,fastml,0,clustercentroid,0,-1.0,ERROR,,,0.0
1442,fastml,auto,nearmiss,0.25,-1.0,COMPLETE,2025-03-29 21:39:32.227312,2025-03-29 21:39:32.319129,0.091817
1443,random,2,instancehardness,auto,-1.0,COMPLETE,2025-03-29 21:39:32.342139,2025-03-29 21:39:32.920419,0.57828
1444,copulagan,1,tomeklinks,auto,-1.0,COMPLETE,2025-03-29 21:39:32.944273,2025-03-29 21:39:33.338411,0.394138
1445,adasyn,1,tomeklinks,0.25,-1.0,COMPLETE,2025-03-29 21:39:33.351971,2025-03-29 21:39:33.439779,0.087808
1446,copulagan,0.25,clustercentroid,0.5,-1.0,COMPLETE,2025-03-29 21:39:33.461812,2025-03-29 21:39:33.862444,0.400632
1447,gaussiancopula,0.25,random,0.5,-1.0,COMPLETE,2025-03-29 21:39:33.875863,2025-03-29 21:39:33.995555,0.119692
1448,adasyn,1,nearmiss,auto,-1.0,COMPLETE,2025-03-29 21:39:34.008939,2025-03-29 21:39:34.098015,0.089076
1449,adasyn,1,random,auto,-1.0,COMPLETE,2025-03-29 21:39:34.120113,2025-03-29 21:39:34.237915,0.117802
1450,fastml,auto,condensednn,auto,-1.0,COMPLETE,2025-03-29 21:39:34.250408,2025-03-29 21:39:34.346980,0.096572
1451,tvae,2,condensednn,0.0625,-1.0,COMPLETE,2025-03-29 21:39:34.370974,2025-03-29 21:39:34.494205,0.123231
1452,tvae,auto,editednn,0.0625,-1.0,COMPLETE,2025-03-29 21:39:34.516812,2025-03-29 21:39:34.640032,0.12322
1453,copulagan,auto,tomeklinks,auto,-1.0,COMPLETE,2025-03-29 21:39:34.662165,2025-03-29 21:39:35.062534,0.400369
1454,tvae,0.5,instancehardness,0.125,-1.0,COMPLETE,2025-03-29 21:39:35.085675,2025-03-29 21:39:35.203077,0.117402
1455,tvae,auto,tomeklinks,0.25,-1.0,COMPLETE,2025-03-29 21:39:35.225102,2025-03-29 21:39:35.341550,0.116448
1456,ctgan,0.25,clustercentroid,0.25,-1.0,COMPLETE,2025-03-29 21:39:35.363748,2025-03-29 21:39:35.482054,0.118306
1457,random,0,editednn,0.125,-1.0,COMPLETE,2025-03-29 21:39:35.504072,2025-03-29 21:39:35.587191,0.083119
1458,gaussiancopula,0.5,instancehardness,0.125,-1.0,COMPLETE,2025-03-29 21:39:35.613649,2025-03-29 21:39:36.172987,0.559338
1459,gaussiancopula,1,editednn,auto,-1.0,COMPLETE,2025-03-29 21:39:36.187236,2025-03-29 21:39:36.279834,0.092598
1460,adasyn,0.25,random,0.125,-1.0,COMPLETE,2025-03-29 21:39:36.302498,2025-03-29 21:39:36.429488,0.12699
1461,smote,0.5,clustercentroid,0,-1.0,COMPLETE,2025-03-29 21:39:36.457253,2025-03-29 21:39:36.573585,0.116332
1462,smote,0.5,nearmiss,0.0625,-1.0,COMPLETE,2025-03-29 21:39:36.587225,2025-03-29 21:39:36.676838,0.089613
1463,fastml,0.5,clustercentroid,0.125,-1.0,COMPLETE,2025-03-29 21:39:36.699314,2025-03-29 21:39:36.788727,0.089413
1464,adasyn,auto,editednn,0.5,-1.0,COMPLETE,2025-03-29 21:39:36.811168,2025-03-29 21:39:36.901951,0.090783
1465,adasyn,0.5,instancehardness,0,-1.0,COMPLETE,2025-03-29 21:39:36.924873,2025-03-29 21:39:37.038077,0.113204
1466,smote,2,clustercentroid,0.5,-1.0,COMPLETE,2025-03-29 21:39:37.050752,2025-03-29 21:39:37.140940,0.090188
1467,gaussiancopula,1,editednn,0.125,-1.0,COMPLETE,2025-03-29 21:39:37.163781,2025-03-29 21:39:37.253209,0.089428
1468,random,0,onesidedselection,auto,-1.0,COMPLETE,2025-03-29 21:39:37.275253,2025-03-29 21:39:37.357084,0.081831
1469,adasyn,2,instancehardness,0.25,-1.0,COMPLETE,2025-03-29 21:39:37.369851,2025-03-29 21:39:37.930200,0.560349
1470,adasyn,auto,instancehardness,0.25,-1.0,COMPLETE,2025-03-29 21:39:37.953998,2025-03-29 21:39:38.509029,0.555031
1471,gaussiancopula,auto,random,0,-1.0,COMPLETE,2025-03-29 21:39:38.522296,2025-03-29 21:39:38.643621,0.121325
1472,gaussiancopula,0.25,condensednn,0.5,-1.0,COMPLETE,2025-03-29 21:39:38.667321,2025-03-29 21:39:38.757100,0.089779
1473,copulagan,auto,instancehardness,0.25,-1.0,COMPLETE,2025-03-29 21:39:38.779472,2025-03-29 21:39:39.178001,0.398529
1474,ctgan,0,random,0.125,-1.0,COMPLETE,2025-03-29 21:39:39.200251,2025-03-29 21:39:39.316615,0.116364
1475,copulagan,0.5,editednn,0.125,-1.0,COMPLETE,2025-03-29 21:39:39.339433,2025-03-29 21:39:39.711077,0.371644
1476,copulagan,0.5,instancehardness,0.0625,-1.0,COMPLETE,2025-03-29 21:39:39.724062,2025-03-29 21:39:40.088097,0.364035
1477,smote,0.25,instancehardness,0.25,-1.0,COMPLETE,2025-03-29 21:39:40.100863,2025-03-29 21:39:40.677544,0.576681
1478,ctgan,1,tomeklinks,0.5,-1.0,COMPLETE,2025-03-29 21:39:40.702633,2025-03-29 21:39:40.829533,0.1269
1479,gaussiancopula,auto,editednn,0.25,-1.0,COMPLETE,2025-03-29 21:39:40.852345,2025-03-29 21:39:40.944726,0.092381
1480,copulagan,0.5,tomeklinks,0.125,-1.0,COMPLETE,2025-03-29 21:39:40.967571,2025-03-29 21:39:41.339801,0.37223
1481,tvae,0,onesidedselection,0.125,-1.0,COMPLETE,2025-03-29 21:39:41.362805,2025-03-29 21:39:41.481593,0.118788
1482,adasyn,0.25,instancehardness,0.125,-1.0,COMPLETE,2025-03-29 21:39:41.505126,2025-03-29 21:39:42.057955,0.552829
1483,gaussiancopula,0.25,clustercentroid,0.5,-1.0,COMPLETE,2025-03-29 21:39:42.081753,2025-03-29 21:39:42.175359,0.093606
1484,ctgan,auto,tomeklinks,0.5,-1.0,COMPLETE,2025-03-29 21:39:42.197729,2025-03-29 21:39:42.317972,0.120243
1485,tvae,0.25,nearmiss,0,-1.0,COMPLETE,2025-03-29 21:39:42.340187,2025-03-29 21:39:42.458093,0.117906
1486,random,0,condensednn,0.5,-1.0,COMPLETE,2025-03-29 21:39:42.480153,2025-03-29 21:39:42.566010,0.085857
1487,copulagan,2,random,auto,-1.0,COMPLETE,2025-03-29 21:39:42.591858,2025-03-29 21:39:42.975282,0.383424
1488,tvae,2,instancehardness,0.5,-1.0,COMPLETE,2025-03-29 21:39:42.988602,2025-03-29 21:39:43.107068,0.118466
1489,fastml,1,instancehardness,0.25,-1.0,COMPLETE,2025-03-29 21:39:43.129559,2025-03-29 21:39:43.694638,0.565079
1490,ctgan,0,instancehardness,auto,-1.0,COMPLETE,2025-03-29 21:39:43.718310,2025-03-29 21:39:43.841757,0.123447
1491,fastml,0.5,random,0.25,-1.0,COMPLETE,2025-03-29 21:39:43.864382,2025-03-29 21:39:43.985608,0.121226
1492,copulagan,0.25,nearmiss,0,-1.0,COMPLETE,2025-03-29 21:39:43.998458,2025-03-29 21:39:44.370392,0.371934
1493,smote,auto,onesidedselection,auto,-1.0,COMPLETE,2025-03-29 21:39:44.392670,2025-03-29 21:39:44.479985,0.087315
1494,smote,0.25,condensednn,0.5,-1.0,COMPLETE,2025-03-29 21:39:44.492680,2025-03-29 21:39:44.580687,0.088007
1495,tvae,auto,clustercentroid,0.0625,-1.0,COMPLETE,2025-03-29 21:39:44.603699,2025-03-29 21:39:44.726538,0.122839
1496,gaussiancopula,0.25,nearmiss,0.25,-1.0,COMPLETE,2025-03-29 21:39:44.749108,2025-03-29 21:39:44.841320,0.092212
1497,random,0.5,editednn,0.125,-1.0,COMPLETE,2025-03-29 21:39:44.863971,2025-03-29 21:39:44.968176,0.104205
1498,fastml,0.25,tomeklinks,0.0625,-1.0,COMPLETE,2025-03-29 21:39:44.991722,2025-03-29 21:39:45.088623,0.096901
1499,random,0.5,nearmiss,0,-1.0,COMPLETE,2025-03-29 21:39:45.111953,2025-03-29 21:39:45.247407,0.135454
1500,tvae,1,editednn,0.125,-1.0,COMPLETE,2025-03-29 21:39:45.260300,2025-03-29 21:39:45.378540,0.11824
1501,gaussiancopula,0.25,random,0.25,-1.0,COMPLETE,2025-03-29 21:39:45.401175,2025-03-29 21:39:45.529065,0.12789
1502,fastml,0,onesidedselection,0.0625,-1.0,COMPLETE,2025-03-29 21:39:45.551847,2025-03-29 21:39:45.642365,0.090518
1503,ctgan,2,nearmiss,0.25,-1.0,COMPLETE,2025-03-29 21:39:45.665533,2025-03-29 21:39:45.790517,0.124984
1504,gaussiancopula,1,onesidedselection,0.5,-1.0,COMPLETE,2025-03-29 21:39:45.813839,2025-03-29 21:39:45.906262,0.092423
1505,ctgan,1,clustercentroid,0.125,-1.0,COMPLETE,2025-03-29 21:39:45.928960,2025-03-29 21:39:46.047845,0.118885
1506,copulagan,0,tomeklinks,0.25,-1.0,COMPLETE,2025-03-29 21:39:46.070062,2025-03-29 21:39:46.437337,0.367275
1507,gaussiancopula,0,nearmiss,0.125,-1.0,COMPLETE,2025-03-29 21:39:46.450390,2025-03-29 21:39:46.542017,0.091627
1508,fastml,0.5,editednn,auto,-1.0,COMPLETE,2025-03-29 21:39:46.564261,2025-03-29 21:39:46.656102,0.091841
1509,random,1,onesidedselection,0.5,-1.0,COMPLETE,2025-03-29 21:39:46.678690,2025-03-29 21:39:46.786775,0.108085
1510,gaussiancopula,auto,clustercentroid,0.125,-1.0,COMPLETE,2025-03-29 21:39:46.809891,2025-03-29 21:39:46.907722,0.097831
1511,adasyn,2,condensednn,0.0625,-1.0,COMPLETE,2025-03-29 21:39:46.930221,2025-03-29 21:39:47.019669,0.089448
1512,random,2,nearmiss,0,-1.0,COMPLETE,2025-03-29 21:39:47.042502,2025-03-29 21:39:47.273039,0.230537
1513,gaussiancopula,1,condensednn,0.5,-1.0,COMPLETE,2025-03-29 21:39:47.286005,2025-03-29 21:39:47.378584,0.092579
1514,adasyn,0.25,clustercentroid,0.125,-1.0,COMPLETE,2025-03-29 21:39:47.401251,2025-03-29 21:39:47.494504,0.093253
1515,gaussiancopula,auto,condensednn,0.5,-1.0,COMPLETE,2025-03-29 21:39:47.517710,2025-03-29 21:39:47.609393,0.091683
1516,ctgan,2,editednn,0.125,-1.0,COMPLETE,2025-03-29 21:39:47.631778,2025-03-29 21:39:47.750674,0.118896
1517,tvae,auto,random,0.0625,-1.0,COMPLETE,2025-03-29 21:39:47.772858,2025-03-29 21:39:47.889860,0.117002
1518,random,1,nearmiss,0.5,-1.0,COMPLETE,2025-03-29 21:39:47.912298,2025-03-29 21:39:48.016269,0.103971
1519,gaussiancopula,0.5,clustercentroid,0.0625,-1.0,COMPLETE,2025-03-29 21:39:48.039009,2025-03-29 21:39:48.136648,0.097639
1520,ctgan,auto,random,0.25,-1.0,COMPLETE,2025-03-29 21:39:48.160009,2025-03-29 21:39:48.280544,0.120535
1521,ctgan,0.5,onesidedselection,auto,-1.0,COMPLETE,2025-03-29 21:39:48.303728,2025-03-29 21:39:48.422371,0.118643
1522,copulagan,1,editednn,0.25,-1.0,COMPLETE,2025-03-29 21:39:48.444923,2025-03-29 21:39:48.823043,0.37812
1523,tvae,0.25,random,0.0625,-1.0,COMPLETE,2025-03-29 21:39:48.837013,2025-03-29 21:39:48.958418,0.121405
1524,gaussiancopula,1,onesidedselection,0.125,-1.0,COMPLETE,2025-03-29 21:39:48.981135,2025-03-29 21:39:49.077473,0.096338
1525,copulagan,0,condensednn,0.0625,-1.0,COMPLETE,2025-03-29 21:39:49.100685,2025-03-29 21:39:49.514960,0.414275
1526,adasyn,2,tomeklinks,0.25,-1.0,COMPLETE,2025-03-29 21:39:49.528610,2025-03-29 21:39:49.617452,0.088842
1527,gaussiancopula,0.5,condensednn,0,-1.0,COMPLETE,2025-03-29 21:39:49.640246,2025-03-29 21:39:49.760532,0.120286
1528,random,0,clustercentroid,0.5,-1.0,COMPLETE,2025-03-29 21:39:49.787936,2025-03-29 21:39:49.877164,0.089228
1529,random,auto,onesidedselection,0.25,-1.0,COMPLETE,2025-03-29 21:39:49.899803,2025-03-29 21:39:50.006914,0.107111
1530,gaussiancopula,0,editednn,0.25,-1.0,COMPLETE,2025-03-29 21:39:50.029863,2025-03-29 21:39:50.122694,0.092831
1531,smote,2,onesidedselection,0.25,-1.0,COMPLETE,2025-03-29 21:39:50.145866,2025-03-29 21:39:50.237899,0.092033
1532,adasyn,1,nearmiss,0.0625,-1.0,COMPLETE,2025-03-29 21:39:50.260787,2025-03-29 21:39:50.352825,0.092038
1533,fastml,1,instancehardness,0.125,-1.0,COMPLETE,2025-03-29 21:39:50.375300,2025-03-29 21:39:50.939999,0.564699
1534,random,auto,tomeklinks,0.5,-1.0,COMPLETE,2025-03-29 21:39:50.964620,2025-03-29 21:39:51.070854,0.106234
1535,random,0,onesidedselection,0.5,-1.0,COMPLETE,2025-03-29 21:39:51.093735,2025-03-29 21:39:51.179056,0.085321
1536,gaussiancopula,auto,tomeklinks,0,-1.0,COMPLETE,2025-03-29 21:39:51.201795,2025-03-29 21:39:51.323233,0.121438
1537,smote,0.25,random,0.125,-1.0,COMPLETE,2025-03-29 21:39:51.347201,2025-03-29 21:39:51.482787,0.135586
1538,gaussiancopula,2,tomeklinks,0.5,-1.0,COMPLETE,2025-03-29 21:39:51.506669,2025-03-29 21:39:51.600811,0.094142
1539,gaussiancopula,1,tomeklinks,0.25,-1.0,COMPLETE,2025-03-29 21:39:51.623910,2025-03-29 21:39:51.718671,0.094761
1540,random,0.25,instancehardness,auto,-1.0,COMPLETE,2025-03-29 21:39:51.741921,2025-03-29 21:39:52.311446,0.569525
1541,tvae,0,editednn,0,-1.0,ERROR,,,0.0
1542,smote,0,onesidedselection,0.125,-1.0,COMPLETE,2025-03-29 21:39:52.487613,2025-03-29 21:39:52.578482,0.090869
1543,adasyn,1,clustercentroid,0.125,-1.0,COMPLETE,2025-03-29 21:39:52.600838,2025-03-29 21:39:52.691816,0.090978
1544,tvae,auto,editednn,0.125,-1.0,COMPLETE,2025-03-29 21:39:52.714893,2025-03-29 21:39:52.833656,0.118763
1545,adasyn,2,editednn,0.0625,-1.0,COMPLETE,2025-03-29 21:39:52.856644,2025-03-29 21:39:52.946154,0.08951
1546,smote,0,editednn,auto,-1.0,COMPLETE,2025-03-29 21:39:52.968687,2025-03-29 21:39:53.056237,0.08755
1547,random,auto,tomeklinks,auto,-1.0,COMPLETE,2025-03-29 21:39:53.080054,2025-03-29 21:39:53.183854,0.1038
1548,copulagan,auto,tomeklinks,0.0625,-1.0,COMPLETE,2025-03-29 21:39:53.205904,2025-03-29 21:39:53.577745,0.371841
1549,tvae,0.5,editednn,0.5,-1.0,COMPLETE,2025-03-29 21:39:53.591987,2025-03-29 21:39:53.712982,0.120995
1550,ctgan,0.25,condensednn,0,-1.0,COMPLETE,2025-03-29 21:39:53.735382,2025-03-29 21:39:53.862596,0.127214
1551,smote,0.5,condensednn,0,-1.0,COMPLETE,2025-03-29 21:39:53.885048,2025-03-29 21:39:54.000399,0.115351
1552,random,0.5,editednn,0.0625,-1.0,COMPLETE,2025-03-29 21:39:54.014190,2025-03-29 21:39:54.122566,0.108376
1553,fastml,0,editednn,0.0625,-1.0,COMPLETE,2025-03-29 21:39:54.145221,2025-03-29 21:39:54.236397,0.091176
1554,tvae,1,nearmiss,auto,-1.0,COMPLETE,2025-03-29 21:39:54.259125,2025-03-29 21:39:54.385511,0.126386
1555,tvae,1,clustercentroid,0.125,-1.0,COMPLETE,2025-03-29 21:39:54.408565,2025-03-29 21:39:54.530519,0.121954
1556,adasyn,auto,instancehardness,0,-1.0,COMPLETE,2025-03-29 21:39:54.552922,2025-03-29 21:39:54.673713,0.120791
1557,ctgan,0,random,0.25,-1.0,COMPLETE,2025-03-29 21:39:54.696128,2025-03-29 21:39:54.822287,0.126159
1558,adasyn,auto,condensednn,0.0625,-1.0,COMPLETE,2025-03-29 21:39:54.844723,2025-03-29 21:39:54.940298,0.095575
1559,tvae,0.5,clustercentroid,0.25,-1.0,COMPLETE,2025-03-29 21:39:54.962492,2025-03-29 21:39:55.088400,0.125908
1560,tvae,2,clustercentroid,0.5,-1.0,COMPLETE,2025-03-29 21:39:55.112012,2025-03-29 21:39:55.233976,0.121964
1561,adasyn,0,editednn,0.5,-1.0,COMPLETE,2025-03-29 21:39:55.256406,2025-03-29 21:39:55.341230,0.084824
1562,smote,2,instancehardness,0.125,-1.0,COMPLETE,2025-03-29 21:39:55.363731,2025-03-29 21:39:55.926496,0.562765
1563,fastml,0,condensednn,auto,-1.0,COMPLETE,2025-03-29 21:39:55.950859,2025-03-29 21:39:56.046279,0.09542
1564,ctgan,0.25,random,0.125,-1.0,COMPLETE,2025-03-29 21:39:56.068786,2025-03-29 21:39:56.192652,0.123866
1565,gaussiancopula,auto,onesidedselection,0.125,-1.0,COMPLETE,2025-03-29 21:39:56.215542,2025-03-29 21:39:56.310301,0.094759
1566,random,0.5,onesidedselection,0.125,-1.0,COMPLETE,2025-03-29 21:39:56.333525,2025-03-29 21:39:56.440821,0.107296
1567,gaussiancopula,0.5,nearmiss,0.5,-1.0,COMPLETE,2025-03-29 21:39:56.463288,2025-03-29 21:39:56.557037,0.093749
1568,adasyn,2,nearmiss,auto,-1.0,COMPLETE,2025-03-29 21:39:56.579214,2025-03-29 21:39:56.668233,0.089019
1569,tvae,auto,random,0.25,-1.0,COMPLETE,2025-03-29 21:39:56.690508,2025-03-29 21:39:56.809342,0.118834
1570,random,0,tomeklinks,auto,-1.0,COMPLETE,2025-03-29 21:39:56.831360,2025-03-29 21:39:56.918930,0.08757
1571,adasyn,0.5,clustercentroid,auto,-1.0,COMPLETE,2025-03-29 21:39:56.941444,2025-03-29 21:39:57.035301,0.093857
1572,gaussiancopula,2,tomeklinks,0.125,-1.0,COMPLETE,2025-03-29 21:39:57.058151,2025-03-29 21:39:57.152791,0.09464
1573,gaussiancopula,auto,condensednn,0,-1.0,COMPLETE,2025-03-29 21:39:57.175141,2025-03-29 21:39:57.295416,0.120275
1574,random,0,clustercentroid,auto,-1.0,COMPLETE,2025-03-29 21:39:57.321927,2025-03-29 21:39:57.406474,0.084547
1575,tvae,0.5,instancehardness,0.5,-1.0,COMPLETE,2025-03-29 21:39:57.428864,2025-03-29 21:39:57.549394,0.12053
1576,gaussiancopula,0,onesidedselection,0.0625,-1.0,COMPLETE,2025-03-29 21:39:57.571899,2025-03-29 21:39:57.665278,0.093379
1577,copulagan,auto,onesidedselection,auto,-1.0,COMPLETE,2025-03-29 21:39:57.687527,2025-03-29 21:39:58.066775,0.379248
1578,copulagan,0,condensednn,0.5,-1.0,COMPLETE,2025-03-29 21:39:58.080879,2025-03-29 21:39:58.451210,0.370331
1579,tvae,auto,tomeklinks,0,-1.0,COMPLETE,2025-03-29 21:39:58.464562,2025-03-29 21:39:58.584957,0.120395
1580,random,0.5,condensednn,0,-1.0,COMPLETE,2025-03-29 21:39:58.607954,2025-03-29 21:39:58.740557,0.132603
1581,adasyn,0,nearmiss,0,-1.0,ERROR,,,0.0
1582,adasyn,0,clustercentroid,0.5,-1.0,COMPLETE,2025-03-29 21:39:58.899783,2025-03-29 21:39:58.988876,0.089093
1583,ctgan,1,clustercentroid,0,-1.0,COMPLETE,2025-03-29 21:39:59.012930,2025-03-29 21:39:59.137270,0.12434
1584,gaussiancopula,2,editednn,0.5,-1.0,COMPLETE,2025-03-29 21:39:59.160243,2025-03-29 21:39:59.257612,0.097369
1585,fastml,0.5,clustercentroid,auto,-1.0,COMPLETE,2025-03-29 21:39:59.281438,2025-03-29 21:39:59.375047,0.093609
1586,copulagan,0.5,onesidedselection,0.125,-1.0,COMPLETE,2025-03-29 21:39:59.397899,2025-03-29 21:39:59.775934,0.378035
1587,random,1,nearmiss,0.25,-1.0,COMPLETE,2025-03-29 21:39:59.789641,2025-03-29 21:39:59.899914,0.110273
1588,random,0,tomeklinks,0,-1.0,ERROR,,,0.0
1589,random,1,onesidedselection,0,-1.0,COMPLETE,2025-03-29 21:40:00.066748,2025-03-29 21:40:00.201836,0.135088
1590,copulagan,0.25,tomeklinks,0.25,-1.0,COMPLETE,2025-03-29 21:40:00.224651,2025-03-29 21:40:00.599372,0.374721
1591,fastml,0,random,0.125,-1.0,COMPLETE,2025-03-29 21:40:00.613342,2025-03-29 21:40:00.752762,0.13942
1592,gaussiancopula,0,onesidedselection,0.5,-1.0,COMPLETE,2025-03-29 21:40:00.776093,2025-03-29 21:40:00.869998,0.093905
1593,copulagan,auto,instancehardness,auto,-1.0,COMPLETE,2025-03-29 21:40:00.893323,2025-03-29 21:40:01.280326,0.387003
1594,adasyn,0.5,instancehardness,auto,-1.0,COMPLETE,2025-03-29 21:40:01.303245,2025-03-29 21:40:01.872818,0.569573
1595,adasyn,auto,condensednn,auto,-1.0,COMPLETE,2025-03-29 21:40:01.896490,2025-03-29 21:40:01.989129,0.092639
1596,tvae,0,tomeklinks,auto,-1.0,COMPLETE,2025-03-29 21:40:02.011953,2025-03-29 21:40:02.140879,0.128926
1597,random,1,instancehardness,0.125,-1.0,COMPLETE,2025-03-29 21:40:02.165236,2025-03-29 21:40:02.732257,0.567021
1598,gaussiancopula,1,onesidedselection,auto,-1.0,COMPLETE,2025-03-29 21:40:02.756317,2025-03-29 21:40:02.854568,0.098251
1599,random,2,editednn,0,-1.0,COMPLETE,2025-03-29 21:40:02.877335,2025-03-29 21:40:03.011532,0.134197
1600,gaussiancopula,0,clustercentroid,0.125,-1.0,COMPLETE,2025-03-29 21:40:03.034369,2025-03-29 21:40:03.128373,0.094004
1601,fastml,1,editednn,0.125,-1.0,COMPLETE,2025-03-29 21:40:03.141957,2025-03-29 21:40:03.235507,0.09355
1602,fastml,2,random,0.25,-1.0,COMPLETE,2025-03-29 21:40:03.257849,2025-03-29 21:40:03.382921,0.125072
1603,adasyn,2,clustercentroid,0,-1.0,COMPLETE,2025-03-29 21:40:03.405847,2025-03-29 21:40:03.522756,0.116909
1604,copulagan,0.25,random,0.5,-1.0,COMPLETE,2025-03-29 21:40:03.549243,2025-03-29 21:40:03.917027,0.367784
1605,ctgan,0.5,instancehardness,0.0625,-1.0,COMPLETE,2025-03-29 21:40:03.930172,2025-03-29 21:40:04.058722,0.12855
1606,tvae,0.5,clustercentroid,0.125,-1.0,COMPLETE,2025-03-29 21:40:04.081129,2025-03-29 21:40:04.209247,0.128118
1607,gaussiancopula,0,tomeklinks,0.5,-1.0,COMPLETE,2025-03-29 21:40:04.232877,2025-03-29 21:40:04.329714,0.096837
1608,adasyn,auto,tomeklinks,0,-1.0,COMPLETE,2025-03-29 21:40:04.353464,2025-03-29 21:40:04.477407,0.123943
1609,smote,1,condensednn,0.125,-1.0,COMPLETE,2025-03-29 21:40:04.501074,2025-03-29 21:40:04.593077,0.092003
1610,copulagan,auto,editednn,auto,-1.0,COMPLETE,2025-03-29 21:40:04.615186,2025-03-29 21:40:04.992279,0.377093
1611,random,0.25,random,auto,-1.0,COMPLETE,2025-03-29 21:40:05.015930,2025-03-29 21:40:05.155998,0.140068
1612,gaussiancopula,0.25,instancehardness,0.125,-1.0,COMPLETE,2025-03-29 21:40:05.169532,2025-03-29 21:40:05.734165,0.564633
1613,copulagan,0.25,condensednn,0.25,-1.0,COMPLETE,2025-03-29 21:40:05.757414,2025-03-29 21:40:06.132695,0.375281
1614,copulagan,0.25,clustercentroid,0.0625,-1.0,COMPLETE,2025-03-29 21:40:06.156217,2025-03-29 21:40:06.539806,0.383589
1615,gaussiancopula,0.25,random,0.0625,-1.0,COMPLETE,2025-03-29 21:40:06.553165,2025-03-29 21:40:06.684689,0.131524
1616,gaussiancopula,1,random,0.25,-1.0,COMPLETE,2025-03-29 21:40:06.707368,2025-03-29 21:40:06.832479,0.125111
1617,smote,0,onesidedselection,0.5,-1.0,COMPLETE,2025-03-29 21:40:06.854849,2025-03-29 21:40:06.941360,0.086511
1618,ctgan,0.5,instancehardness,0.5,-1.0,COMPLETE,2025-03-29 21:40:06.963585,2025-03-29 21:40:07.086556,0.122971
1619,adasyn,0,condensednn,0.0625,-1.0,COMPLETE,2025-03-29 21:40:07.109780,2025-03-29 21:40:07.197168,0.087388
1620,ctgan,2,random,0.25,-1.0,COMPLETE,2025-03-29 21:40:07.219694,2025-03-29 21:40:07.340890,0.121196
1621,tvae,auto,condensednn,auto,-1.0,COMPLETE,2025-03-29 21:40:07.363331,2025-03-29 21:40:07.484583,0.121252
1622,fastml,2,random,0.125,-1.0,COMPLETE,2025-03-29 21:40:07.507675,2025-03-29 21:40:07.639073,0.131398
1623,ctgan,1,tomeklinks,0.0625,-1.0,COMPLETE,2025-03-29 21:40:07.651798,2025-03-29 21:40:07.775994,0.124196
1624,random,0.5,instancehardness,0.125,-1.0,COMPLETE,2025-03-29 21:40:07.799098,2025-03-29 21:40:08.381013,0.581915
1625,copulagan,0.25,nearmiss,0.125,-1.0,COMPLETE,2025-03-29 21:40:08.404110,2025-03-29 21:40:08.817617,0.413507
1626,fastml,auto,onesidedselection,0.0625,-1.0,COMPLETE,2025-03-29 21:40:08.831452,2025-03-29 21:40:08.926253,0.094801
1627,ctgan,auto,clustercentroid,0.125,-1.0,COMPLETE,2025-03-29 21:40:08.948597,2025-03-29 21:40:09.073874,0.125277
1628,fastml,0.5,clustercentroid,0.0625,-1.0,COMPLETE,2025-03-29 21:40:09.096917,2025-03-29 21:40:09.190740,0.093823
1629,tvae,0,editednn,0.25,-1.0,COMPLETE,2025-03-29 21:40:09.213182,2025-03-29 21:40:09.334513,0.121331
1630,copulagan,0,instancehardness,0.125,-1.0,COMPLETE,2025-03-29 21:40:09.357954,2025-03-29 21:40:09.737702,0.379748
1631,smote,0.25,nearmiss,0.25,-1.0,COMPLETE,2025-03-29 21:40:09.750399,2025-03-29 21:40:09.845291,0.094892
1632,adasyn,1,editednn,0.0625,-1.0,COMPLETE,2025-03-29 21:40:09.867691,2025-03-29 21:40:09.958845,0.091154
1633,fastml,auto,nearmiss,0.0625,-1.0,COMPLETE,2025-03-29 21:40:09.981287,2025-03-29 21:40:10.078848,0.097561
1634,gaussiancopula,2,instancehardness,0,-1.0,COMPLETE,2025-03-29 21:40:10.101688,2025-03-29 21:40:10.221990,0.120302
1635,random,1,clustercentroid,0.25,-1.0,COMPLETE,2025-03-29 21:40:10.244326,2025-03-29 21:40:10.350014,0.105688
1636,random,0,editednn,0,-1.0,ERROR,,,0.0
1637,ctgan,2,random,0.125,-1.0,COMPLETE,2025-03-29 21:40:10.506181,2025-03-29 21:40:10.628547,0.122366
1638,gaussiancopula,0.25,tomeklinks,0.125,-1.0,COMPLETE,2025-03-29 21:40:10.651883,2025-03-29 21:40:10.751415,0.099532
1639,random,auto,tomeklinks,0.125,-1.0,COMPLETE,2025-03-29 21:40:10.774200,2025-03-29 21:40:10.881279,0.107079
1640,adasyn,0.5,nearmiss,0.5,-1.0,COMPLETE,2025-03-29 21:40:10.903265,2025-03-29 21:40:10.997958,0.094693
1641,random,auto,editednn,0.5,-1.0,COMPLETE,2025-03-29 21:40:11.020435,2025-03-29 21:40:11.130346,0.109911
1642,fastml,2,clustercentroid,0.0625,-1.0,COMPLETE,2025-03-29 21:40:11.144121,2025-03-29 21:40:11.243934,0.099813
1643,adasyn,2,onesidedselection,auto,-1.0,COMPLETE,2025-03-29 21:40:11.257543,2025-03-29 21:40:11.350945,0.093402
1644,gaussiancopula,2,editednn,0,-1.0,COMPLETE,2025-03-29 21:40:11.373394,2025-03-29 21:40:11.491760,0.118366
1645,random,2,nearmiss,0.25,-1.0,COMPLETE,2025-03-29 21:40:11.514473,2025-03-29 21:40:11.628527,0.114054
1646,smote,auto,random,0,-1.0,COMPLETE,2025-03-29 21:40:11.651560,2025-03-29 21:40:11.776080,0.12452
1647,smote,0.5,nearmiss,auto,-1.0,COMPLETE,2025-03-29 21:40:11.799330,2025-03-29 21:40:11.891112,0.091782
1648,adasyn,0.25,instancehardness,0,-1.0,COMPLETE,2025-03-29 21:40:11.914230,2025-03-29 21:40:12.038189,0.123959
1649,ctgan,2,nearmiss,0.5,-1.0,COMPLETE,2025-03-29 21:40:12.060717,2025-03-29 21:40:12.182783,0.122066
1650,tvae,0.5,onesidedselection,0.125,-1.0,COMPLETE,2025-03-29 21:40:12.205540,2025-03-29 21:40:12.333618,0.128078
1651,random,0.5,random,0.25,-1.0,COMPLETE,2025-03-29 21:40:12.356567,2025-03-29 21:40:12.491775,0.135208
1652,random,0.5,tomeklinks,0,-1.0,COMPLETE,2025-03-29 21:40:12.514190,2025-03-29 21:40:12.645774,0.131584
1653,smote,0.5,instancehardness,0.125,-1.0,COMPLETE,2025-03-29 21:40:12.668548,2025-03-29 21:40:13.240981,0.572433
1654,adasyn,0,condensednn,0,-1.0,ERROR,,,0.0
1655,random,0,nearmiss,0.0625,-1.0,COMPLETE,2025-03-29 21:40:13.403657,2025-03-29 21:40:13.493101,0.089444
1656,smote,0,condensednn,0,-1.0,ERROR,,,0.0
1657,tvae,0.25,random,0,-1.0,COMPLETE,2025-03-29 21:40:13.651021,2025-03-29 21:40:13.777732,0.126711
1658,adasyn,2,condensednn,0.5,-1.0,COMPLETE,2025-03-29 21:40:13.800323,2025-03-29 21:40:13.897609,0.097286
1659,ctgan,0,condensednn,0.25,-1.0,COMPLETE,2025-03-29 21:40:13.920884,2025-03-29 21:40:14.043790,0.122906
1660,random,1,condensednn,0.5,-1.0,COMPLETE,2025-03-29 21:40:14.066186,2025-03-29 21:40:14.176808,0.110622
1661,copulagan,0,tomeklinks,0.125,-1.0,COMPLETE,2025-03-29 21:40:14.199444,2025-03-29 21:40:14.569487,0.370043
1662,fastml,0,random,0.0625,-1.0,COMPLETE,2025-03-29 21:40:14.591871,2025-03-29 21:40:14.721569,0.129698
1663,smote,0.5,nearmiss,0,-1.0,COMPLETE,2025-03-29 21:40:14.743971,2025-03-29 21:40:14.865700,0.121729
1664,ctgan,auto,onesidedselection,0.0625,-1.0,COMPLETE,2025-03-29 21:40:14.889297,2025-03-29 21:40:15.015071,0.125774
1665,random,0.25,tomeklinks,0.25,-1.0,COMPLETE,2025-03-29 21:40:15.038649,2025-03-29 21:40:15.150592,0.111943
1666,copulagan,0.5,editednn,0.25,-1.0,COMPLETE,2025-03-29 21:40:15.173692,2025-03-29 21:40:15.546231,0.372539
1667,smote,0.5,tomeklinks,0.25,-1.0,COMPLETE,2025-03-29 21:40:15.568448,2025-03-29 21:40:15.660930,0.092482
1668,fastml,1,clustercentroid,0.0625,-1.0,COMPLETE,2025-03-29 21:40:15.683349,2025-03-29 21:40:15.780904,0.097555
1669,ctgan,0.25,random,0.5,-1.0,COMPLETE,2025-03-29 21:40:15.803927,2025-03-29 21:40:15.929987,0.12606
1670,tvae,1,onesidedselection,0.25,-1.0,COMPLETE,2025-03-29 21:40:15.952804,2025-03-29 21:40:16.075139,0.122335
1671,gaussiancopula,2,instancehardness,0.125,-1.0,COMPLETE,2025-03-29 21:40:16.097914,2025-03-29 21:40:16.664397,0.566483
1672,copulagan,auto,random,0.5,-1.0,COMPLETE,2025-03-29 21:40:16.689155,2025-03-29 21:40:17.071914,0.382759
1673,adasyn,1,clustercentroid,0.25,-1.0,COMPLETE,2025-03-29 21:40:17.086057,2025-03-29 21:40:17.184975,0.098918
1674,gaussiancopula,1,nearmiss,0.125,-1.0,COMPLETE,2025-03-29 21:40:17.208330,2025-03-29 21:40:17.304880,0.09655
1675,fastml,2,random,0.5,-1.0,COMPLETE,2025-03-29 21:40:17.327520,2025-03-29 21:40:17.460317,0.132797
1676,copulagan,2,tomeklinks,0.0625,-1.0,COMPLETE,2025-03-29 21:40:17.483009,2025-03-29 21:40:17.860282,0.377273
1677,adasyn,0,tomeklinks,0,-1.0,ERROR,,,0.0
1678,gaussiancopula,0.25,onesidedselection,0.5,-1.0,COMPLETE,2025-03-29 21:40:18.015443,2025-03-29 21:40:18.114593,0.09915
1679,smote,0.5,condensednn,0.5,-1.0,COMPLETE,2025-03-29 21:40:18.138452,2025-03-29 21:40:18.239097,0.100645
1680,fastml,0,condensednn,0.125,-1.0,COMPLETE,2025-03-29 21:40:18.262442,2025-03-29 21:40:18.363312,0.10087
1681,smote,1,tomeklinks,0.0625,-1.0,COMPLETE,2025-03-29 21:40:18.386500,2025-03-29 21:40:18.484796,0.098296
1682,smote,1,nearmiss,0.125,-1.0,COMPLETE,2025-03-29 21:40:18.508927,2025-03-29 21:40:18.603196,0.094269
1683,copulagan,1,condensednn,0.0625,-1.0,COMPLETE,2025-03-29 21:40:18.626527,2025-03-29 21:40:18.999266,0.372739
1684,random,0,tomeklinks,0.0625,-1.0,COMPLETE,2025-03-29 21:40:19.013243,2025-03-29 21:40:19.103228,0.089985
1685,ctgan,0.5,onesidedselection,0.25,-1.0,COMPLETE,2025-03-29 21:40:19.125657,2025-03-29 21:40:19.255407,0.12975
1686,ctgan,0.25,editednn,auto,-1.0,COMPLETE,2025-03-29 21:40:19.279298,2025-03-29 21:40:19.406354,0.127056
1687,tvae,0.5,instancehardness,0.0625,-1.0,COMPLETE,2025-03-29 21:40:19.428865,2025-03-29 21:40:19.552652,0.123787
1688,fastml,0,condensednn,0.25,-1.0,COMPLETE,2025-03-29 21:40:19.574969,2025-03-29 21:40:19.670646,0.095677
1689,gaussiancopula,1,editednn,0.5,-1.0,COMPLETE,2025-03-29 21:40:19.694240,2025-03-29 21:40:19.791264,0.097024
1690,copulagan,0,clustercentroid,0.25,-1.0,COMPLETE,2025-03-29 21:40:19.813663,2025-03-29 21:40:20.190399,0.376736
1691,adasyn,0,instancehardness,0.125,-1.0,COMPLETE,2025-03-29 21:40:20.203345,2025-03-29 21:40:20.767725,0.56438
1692,copulagan,0.5,clustercentroid,0.125,-1.0,COMPLETE,2025-03-29 21:40:20.781957,2025-03-29 21:40:21.186697,0.40474
1693,gaussiancopula,0.25,onesidedselection,0.125,-1.0,COMPLETE,2025-03-29 21:40:21.200870,2025-03-29 21:40:21.304825,0.103955
1694,random,0.25,instancehardness,0.0625,-1.0,COMPLETE,2025-03-29 21:40:21.318001,2025-03-29 21:40:21.919372,0.601371
1695,adasyn,0.5,onesidedselection,0.25,-1.0,COMPLETE,2025-03-29 21:40:21.933687,2025-03-29 21:40:22.031411,0.097724
1696,random,0.25,tomeklinks,0.5,-1.0,COMPLETE,2025-03-29 21:40:22.044846,2025-03-29 21:40:22.159798,0.114952
1697,adasyn,2,editednn,0,-1.0,COMPLETE,2025-03-29 21:40:22.183428,2025-03-29 21:40:22.315131,0.131703
1698,smote,2,clustercentroid,0.125,-1.0,COMPLETE,2025-03-29 21:40:22.338651,2025-03-29 21:40:22.437593,0.098942
1699,gaussiancopula,2,nearmiss,0.25,-1.0,COMPLETE,2025-03-29 21:40:22.461139,2025-03-29 21:40:22.563194,0.102055
1700,tvae,0.5,nearmiss,0.0625,-1.0,COMPLETE,2025-03-29 21:40:22.585304,2025-03-29 21:40:22.718291,0.132987
1701,adasyn,0.25,clustercentroid,0.0625,-1.0,COMPLETE,2025-03-29 21:40:22.732845,2025-03-29 21:40:22.830338,0.097493
1702,ctgan,1,nearmiss,0.0625,-1.0,COMPLETE,2025-03-29 21:40:22.852674,2025-03-29 21:40:22.984381,0.131707
1703,fastml,0.5,onesidedselection,0.5,-1.0,COMPLETE,2025-03-29 21:40:23.007141,2025-03-29 21:40:23.108494,0.101353
1704,random,auto,random,auto,-1.0,COMPLETE,2025-03-29 21:40:23.131951,2025-03-29 21:40:23.273672,0.141721
1705,adasyn,2,instancehardness,0,-1.0,COMPLETE,2025-03-29 21:40:23.296753,2025-03-29 21:40:23.420901,0.124148
1706,gaussiancopula,0,nearmiss,0.0625,-1.0,COMPLETE,2025-03-29 21:40:23.443156,2025-03-29 21:40:23.541265,0.098109
1707,fastml,2,clustercentroid,0.125,-1.0,COMPLETE,2025-03-29 21:40:23.555819,2025-03-29 21:40:23.660271,0.104452
1708,ctgan,0.5,condensednn,0,-1.0,COMPLETE,2025-03-29 21:40:23.683165,2025-03-29 21:40:23.807005,0.12384
1709,tvae,2,onesidedselection,0.25,-1.0,COMPLETE,2025-03-29 21:40:23.829282,2025-03-29 21:40:23.952468,0.123186
1710,smote,0.5,instancehardness,0.25,-1.0,COMPLETE,2025-03-29 21:40:23.975128,2025-03-29 21:40:24.536499,0.561371
1711,tvae,0.5,random,0.0625,-1.0,COMPLETE,2025-03-29 21:40:24.550059,2025-03-29 21:40:24.684381,0.134322
1712,tvae,0.25,tomeklinks,0,-1.0,COMPLETE,2025-03-29 21:40:24.707368,2025-03-29 21:40:24.834170,0.126802
1713,smote,2,editednn,0.125,-1.0,COMPLETE,2025-03-29 21:40:24.857178,2025-03-29 21:40:24.953603,0.096425
1714,tvae,2,editednn,0.125,-1.0,COMPLETE,2025-03-29 21:40:24.976803,2025-03-29 21:40:25.101935,0.125132
1715,adasyn,1,nearmiss,0.5,-1.0,COMPLETE,2025-03-29 21:40:25.124483,2025-03-29 21:40:25.219792,0.095309
1716,gaussiancopula,0.25,random,0,-1.0,COMPLETE,2025-03-29 21:40:25.242635,2025-03-29 21:40:25.367249,0.124614
1717,copulagan,1,editednn,0.125,-1.0,COMPLETE,2025-03-29 21:40:25.380146,2025-03-29 21:40:25.760118,0.379972
1718,ctgan,2,instancehardness,0.25,-1.0,COMPLETE,2025-03-29 21:40:25.774288,2025-03-29 21:40:25.900092,0.125804
1719,random,1,clustercentroid,0.5,-1.0,COMPLETE,2025-03-29 21:40:25.923209,2025-03-29 21:40:26.034175,0.110966
1720,gaussiancopula,0,condensednn,0,-1.0,ERROR,,,0.0
1721,ctgan,0,condensednn,0,-1.0,ERROR,,,0.0
1722,random,0.5,condensednn,0.5,-1.0,COMPLETE,2025-03-29 21:40:26.354317,2025-03-29 21:40:26.465730,0.111413
1723,tvae,0,clustercentroid,0.25,-1.0,COMPLETE,2025-03-29 21:40:26.487978,2025-03-29 21:40:26.613609,0.125631
1724,random,2,nearmiss,0.0625,-1.0,COMPLETE,2025-03-29 21:40:26.636651,2025-03-29 21:40:26.748710,0.112059
1725,tvae,0,random,0.5,-1.0,COMPLETE,2025-03-29 21:40:26.761592,2025-03-29 21:40:26.885936,0.124344
1726,fastml,0.5,onesidedselection,auto,-1.0,COMPLETE,2025-03-29 21:40:26.909161,2025-03-29 21:40:27.105515,0.196354
1727,gaussiancopula,0.25,condensednn,0.0625,-1.0,COMPLETE,2025-03-29 21:40:27.128123,2025-03-29 21:40:27.225810,0.097687
1728,adasyn,0.25,nearmiss,0,-1.0,COMPLETE,2025-03-29 21:40:27.248733,2025-03-29 21:40:27.373175,0.124442
1729,random,0.5,clustercentroid,0,-1.0,COMPLETE,2025-03-29 21:40:27.397050,2025-03-29 21:40:27.533305,0.136255
1730,fastml,0.5,nearmiss,auto,-1.0,COMPLETE,2025-03-29 21:40:27.555912,2025-03-29 21:40:27.658743,0.102831
1731,smote,1,clustercentroid,0,-1.0,COMPLETE,2025-03-29 21:40:27.681317,2025-03-29 21:40:27.800985,0.119668
1732,copulagan,1,clustercentroid,0,-1.0,COMPLETE,2025-03-29 21:40:27.825013,2025-03-29 21:40:28.210105,0.385092
1733,adasyn,2,onesidedselection,0,-1.0,COMPLETE,2025-03-29 21:40:28.223426,2025-03-29 21:40:28.344892,0.121466
1734,copulagan,auto,random,0.125,-1.0,COMPLETE,2025-03-29 21:40:28.367480,2025-03-29 21:40:28.780778,0.413298
1735,gaussiancopula,auto,random,auto,-1.0,COMPLETE,2025-03-29 21:40:28.804307,2025-03-29 21:40:28.932048,0.127741
1736,fastml,0.5,instancehardness,0.5,-1.0,COMPLETE,2025-03-29 21:40:28.954799,2025-03-29 21:40:29.537012,0.582213
1737,smote,1,onesidedselection,0.5,-1.0,COMPLETE,2025-03-29 21:40:29.560077,2025-03-29 21:40:29.660242,0.100165
1738,adasyn,0,instancehardness,auto,-1.0,COMPLETE,2025-03-29 21:40:29.682724,2025-03-29 21:40:30.268065,0.585341
1739,random,2,instancehardness,0.0625,-1.0,COMPLETE,2025-03-29 21:40:30.292379,2025-03-29 21:40:30.873337,0.580958
1740,random,auto,random,0,-1.0,COMPLETE,2025-03-29 21:40:30.897319,2025-03-29 21:40:31.039560,0.142241
1741,ctgan,auto,nearmiss,0.25,-1.0,COMPLETE,2025-03-29 21:40:31.062385,2025-03-29 21:40:31.191914,0.129529
1742,gaussiancopula,auto,instancehardness,0,-1.0,COMPLETE,2025-03-29 21:40:31.214666,2025-03-29 21:40:31.339349,0.124683
1743,adasyn,2,nearmiss,0.25,-1.0,COMPLETE,2025-03-29 21:40:31.362687,2025-03-29 21:40:31.458913,0.096226
1744,tvae,1,tomeklinks,auto,-1.0,COMPLETE,2025-03-29 21:40:31.481918,2025-03-29 21:40:31.609357,0.127439
1745,gaussiancopula,0.25,instancehardness,0.25,-1.0,COMPLETE,2025-03-29 21:40:31.633068,2025-03-29 21:40:32.215451,0.582383
1746,ctgan,1,condensednn,0,-1.0,COMPLETE,2025-03-29 21:40:32.239225,2025-03-29 21:40:32.369472,0.130247
1747,gaussiancopula,auto,random,0.25,-1.0,COMPLETE,2025-03-29 21:40:32.391947,2025-03-29 21:40:32.522870,0.130923
1748,adasyn,0,nearmiss,0.125,-1.0,COMPLETE,2025-03-29 21:40:32.546206,2025-03-29 21:40:32.641502,0.095296
1749,smote,2,nearmiss,0,-1.0,COMPLETE,2025-03-29 21:40:32.664198,2025-03-29 21:40:32.791028,0.12683
1750,smote,0,editednn,0,-1.0,ERROR,,,0.0
1751,fastml,0.5,random,auto,-1.0,COMPLETE,2025-03-29 21:40:32.951914,2025-03-29 21:40:33.077114,0.1252
1752,random,auto,random,0.0625,-1.0,COMPLETE,2025-03-29 21:40:33.099527,2025-03-29 21:40:33.246188,0.146661
1753,fastml,0,instancehardness,auto,-1.0,COMPLETE,2025-03-29 21:40:33.259110,2025-03-29 21:40:33.831542,0.572432
1754,copulagan,0.25,tomeklinks,0.125,-1.0,COMPLETE,2025-03-29 21:40:33.845433,2025-03-29 21:40:34.228553,0.38312
1755,tvae,0.25,condensednn,0.5,-1.0,COMPLETE,2025-03-29 21:40:34.243909,2025-03-29 21:40:34.372381,0.128472
1756,tvae,0.25,onesidedselection,0.5,-1.0,COMPLETE,2025-03-29 21:40:34.395298,2025-03-29 21:40:34.521040,0.125742
1757,fastml,0.25,tomeklinks,0.5,-1.0,COMPLETE,2025-03-29 21:40:34.543889,2025-03-29 21:40:34.641177,0.097288
1758,gaussiancopula,2,condensednn,0.125,-1.0,COMPLETE,2025-03-29 21:40:34.663403,2025-03-29 21:40:34.763063,0.09966
1759,gaussiancopula,auto,condensednn,0.125,-1.0,COMPLETE,2025-03-29 21:40:34.785512,2025-03-29 21:40:34.883745,0.098233
1760,smote,1,editednn,auto,-1.0,COMPLETE,2025-03-29 21:40:34.900820,2025-03-29 21:40:35.000683,0.099863
1761,random,0.25,random,0.25,-1.0,COMPLETE,2025-03-29 21:40:35.023298,2025-03-29 21:40:35.169651,0.146353
1762,gaussiancopula,auto,random,0.5,-1.0,COMPLETE,2025-03-29 21:40:35.183556,2025-03-29 21:40:35.310592,0.127036
1763,adasyn,1,clustercentroid,0.0625,-1.0,COMPLETE,2025-03-29 21:40:35.333159,2025-03-29 21:40:35.429822,0.096663
1764,fastml,0.25,tomeklinks,auto,-1.0,COMPLETE,2025-03-29 21:40:35.452967,2025-03-29 21:40:35.552807,0.09984
1765,adasyn,2,nearmiss,0,-1.0,COMPLETE,2025-03-29 21:40:35.565740,2025-03-29 21:40:35.690726,0.124986
1766,fastml,1,editednn,0.0625,-1.0,COMPLETE,2025-03-29 21:40:35.713281,2025-03-29 21:40:35.814682,0.101401
1767,smote,0.25,condensednn,0.25,-1.0,COMPLETE,2025-03-29 21:40:35.837264,2025-03-29 21:40:35.936721,0.099457
1768,copulagan,0.5,nearmiss,0,-1.0,COMPLETE,2025-03-29 21:40:35.959762,2025-03-29 21:40:36.344223,0.384461
1769,random,2,nearmiss,0.5,-1.0,COMPLETE,2025-03-29 21:40:36.357736,2025-03-29 21:40:36.477492,0.119756
1770,random,0,condensednn,0.0625,-1.0,COMPLETE,2025-03-29 21:40:36.500825,2025-03-29 21:40:36.591034,0.090209
1771,adasyn,auto,instancehardness,auto,-1.0,COMPLETE,2025-03-29 21:40:36.613330,2025-03-29 21:40:37.172012,0.558682
1772,random,0,random,0.5,-1.0,COMPLETE,2025-03-29 21:40:37.195818,2025-03-29 21:40:37.326970,0.131152
1773,tvae,0.5,onesidedselection,0.5,-1.0,COMPLETE,2025-03-29 21:40:37.349940,2025-03-29 21:40:37.476682,0.126742
1774,random,0,instancehardness,auto,-1.0,COMPLETE,2025-03-29 21:40:37.499923,2025-03-29 21:40:38.058094,0.558171
1775,copulagan,auto,onesidedselection,0.125,-1.0,COMPLETE,2025-03-29 21:40:38.081048,2025-03-29 21:40:38.468463,0.387415
1776,fastml,2,clustercentroid,0.25,-1.0,COMPLETE,2025-03-29 21:40:38.482155,2025-03-29 21:40:38.585450,0.103295
1777,copulagan,auto,condensednn,auto,-1.0,COMPLETE,2025-03-29 21:40:38.609593,2025-03-29 21:40:38.986929,0.377336
1778,gaussiancopula,0.25,tomeklinks,0.5,-1.0,COMPLETE,2025-03-29 21:40:39.000704,2025-03-29 21:40:39.102841,0.102137
1779,random,1,random,0.125,-1.0,COMPLETE,2025-03-29 21:40:39.126189,2025-03-29 21:40:39.274101,0.147912
1780,smote,0.5,tomeklinks,0.0625,-1.0,COMPLETE,2025-03-29 21:40:39.287142,2025-03-29 21:40:39.382432,0.09529
1781,tvae,0,clustercentroid,auto,-1.0,COMPLETE,2025-03-29 21:40:39.406159,2025-03-29 21:40:39.534235,0.128076
1782,adasyn,0.5,condensednn,auto,-1.0,COMPLETE,2025-03-29 21:40:39.557030,2025-03-29 21:40:39.653289,0.096259
1783,adasyn,0.25,random,0,-1.0,COMPLETE,2025-03-29 21:40:39.675721,2025-03-29 21:40:39.803920,0.128199
1784,ctgan,0,random,0.0625,-1.0,COMPLETE,2025-03-29 21:40:39.827222,2025-03-29 21:40:39.952320,0.125098
1785,fastml,2,tomeklinks,0.125,-1.0,COMPLETE,2025-03-29 21:40:39.974837,2025-03-29 21:40:40.072304,0.097467
1786,fastml,1,condensednn,0.0625,-1.0,COMPLETE,2025-03-29 21:40:40.095861,2025-03-29 21:40:40.195589,0.099728
1787,adasyn,2,condensednn,0.125,-1.0,COMPLETE,2025-03-29 21:40:40.219049,2025-03-29 21:40:40.314579,0.09553
1788,smote,0.5,tomeklinks,0.125,-1.0,COMPLETE,2025-03-29 21:40:40.337150,2025-03-29 21:40:40.432515,0.095365
1789,fastml,auto,tomeklinks,0.0625,-1.0,COMPLETE,2025-03-29 21:40:40.454752,2025-03-29 21:40:40.558711,0.103959
1790,fastml,0.5,condensednn,0.0625,-1.0,COMPLETE,2025-03-29 21:40:40.572219,2025-03-29 21:40:40.673524,0.101305
1791,fastml,2,nearmiss,0.125,-1.0,COMPLETE,2025-03-29 21:40:40.697569,2025-03-29 21:40:40.799795,0.102226
1792,gaussiancopula,auto,editednn,0,-1.0,COMPLETE,2025-03-29 21:40:40.822526,2025-03-29 21:40:40.953783,0.131257
1793,gaussiancopula,0.5,random,0.0625,-1.0,COMPLETE,2025-03-29 21:40:40.977385,2025-03-29 21:40:41.112481,0.135096
1794,gaussiancopula,0,onesidedselection,0.125,-1.0,COMPLETE,2025-03-29 21:40:41.135084,2025-03-29 21:40:41.234530,0.099446
1795,copulagan,0.25,clustercentroid,0.125,-1.0,COMPLETE,2025-03-29 21:40:41.247661,2025-03-29 21:40:41.623169,0.375508
1796,copulagan,2,clustercentroid,0.0625,-1.0,COMPLETE,2025-03-29 21:40:41.636344,2025-03-29 21:40:42.013000,0.376656
1797,fastml,0,instancehardness,0.0625,-1.0,COMPLETE,2025-03-29 21:40:42.026738,2025-03-29 21:40:42.602611,0.575873
1798,smote,0.25,tomeklinks,0.0625,-1.0,COMPLETE,2025-03-29 21:40:42.625880,2025-03-29 21:40:42.726271,0.100391
1799,fastml,0,nearmiss,auto,-1.0,COMPLETE,2025-03-29 21:40:42.748813,2025-03-29 21:40:42.851704,0.102891
1800,copulagan,auto,condensednn,0.5,-1.0,COMPLETE,2025-03-29 21:40:42.875395,2025-03-29 21:40:43.273064,0.397669
1801,gaussiancopula,0.25,tomeklinks,0.25,-1.0,COMPLETE,2025-03-29 21:40:43.286194,2025-03-29 21:40:43.386701,0.100507
1802,copulagan,0.5,clustercentroid,auto,-1.0,COMPLETE,2025-03-29 21:40:43.409455,2025-03-29 21:40:43.786517,0.377062
1803,tvae,auto,onesidedselection,0.0625,-1.0,COMPLETE,2025-03-29 21:40:43.799801,2025-03-29 21:40:43.927185,0.127384
1804,gaussiancopula,0.5,onesidedselection,0.0625,-1.0,COMPLETE,2025-03-29 21:40:43.949404,2025-03-29 21:40:44.048513,0.099109
1805,copulagan,0,onesidedselection,auto,-1.0,COMPLETE,2025-03-29 21:40:44.072138,2025-03-29 21:40:44.454194,0.382056
1806,gaussiancopula,0.25,onesidedselection,auto,-1.0,COMPLETE,2025-03-29 21:40:44.467981,2025-03-29 21:40:44.569102,0.101121
1807,gaussiancopula,1,tomeklinks,0,-1.0,COMPLETE,2025-03-29 21:40:44.591441,2025-03-29 21:40:44.722822,0.131381
1808,copulagan,0.5,condensednn,0.0625,-1.0,COMPLETE,2025-03-29 21:40:44.745435,2025-03-29 21:40:45.157904,0.412469
1809,fastml,0,random,auto,-1.0,COMPLETE,2025-03-29 21:40:45.171308,2025-03-29 21:40:45.305476,0.134168
1810,random,2,instancehardness,0.25,-1.0,COMPLETE,2025-03-29 21:40:45.328831,2025-03-29 21:40:45.929779,0.600948
1811,gaussiancopula,0,nearmiss,0.25,-1.0,COMPLETE,2025-03-29 21:40:45.943424,2025-03-29 21:40:46.050275,0.106851
1812,random,auto,onesidedselection,0,-1.0,COMPLETE,2025-03-29 21:40:46.072779,2025-03-29 21:40:46.213300,0.140521
1813,copulagan,0.5,random,0.0625,-1.0,COMPLETE,2025-03-29 21:40:46.236064,2025-03-29 21:40:46.611686,0.375622
1814,copulagan,1,instancehardness,auto,-1.0,COMPLETE,2025-03-29 21:40:46.628826,2025-03-29 21:40:47.005291,0.376465
1815,fastml,0.5,tomeklinks,0,-1.0,COMPLETE,2025-03-29 21:40:47.028063,2025-03-29 21:40:47.159762,0.131699
1816,smote,1,clustercentroid,0.0625,-1.0,COMPLETE,2025-03-29 21:40:47.173336,2025-03-29 21:40:47.271085,0.097749
1817,ctgan,0.5,instancehardness,0,-1.0,COMPLETE,2025-03-29 21:40:47.293843,2025-03-29 21:40:47.421400,0.127557
1818,copulagan,0.25,random,auto,-1.0,COMPLETE,2025-03-29 21:40:47.444301,2025-03-29 21:40:47.861323,0.417022
1819,gaussiancopula,2,nearmiss,0,-1.0,COMPLETE,2025-03-29 21:40:47.875539,2025-03-29 21:40:48.011370,0.135831
1820,tvae,auto,nearmiss,0.5,-1.0,COMPLETE,2025-03-29 21:40:48.034965,2025-03-29 21:40:48.163504,0.128539
1821,smote,auto,editednn,0.0625,-1.0,COMPLETE,2025-03-29 21:40:48.186581,2025-03-29 21:40:48.283617,0.097036
1822,tvae,0.25,tomeklinks,0.125,-1.0,COMPLETE,2025-03-29 21:40:48.306126,2025-03-29 21:40:48.433392,0.127266
1823,random,auto,condensednn,0.25,-1.0,COMPLETE,2025-03-29 21:40:48.456134,2025-03-29 21:40:48.568358,0.112224
1824,smote,2,tomeklinks,0.25,-1.0,COMPLETE,2025-03-29 21:40:48.590853,2025-03-29 21:40:48.687655,0.096802
1825,smote,0.25,random,0,-1.0,COMPLETE,2025-03-29 21:40:48.710357,2025-03-29 21:40:48.834519,0.124162
1826,copulagan,0.25,editednn,0.5,-1.0,COMPLETE,2025-03-29 21:40:48.857231,2025-03-29 21:40:49.238381,0.38115
1827,random,auto,clustercentroid,auto,-1.0,COMPLETE,2025-03-29 21:40:49.252707,2025-03-29 21:40:49.366528,0.113821
1828,adasyn,0.5,tomeklinks,0.0625,-1.0,COMPLETE,2025-03-29 21:40:49.388827,2025-03-29 21:40:49.486329,0.097502
1829,tvae,0,nearmiss,0,-1.0,ERROR,,,0.0
1830,fastml,0.25,random,0.0625,-1.0,COMPLETE,2025-03-29 21:40:49.659142,2025-03-29 21:40:49.797187,0.138045
1831,random,1,nearmiss,0.0625,-1.0,COMPLETE,2025-03-29 21:40:49.819927,2025-03-29 21:40:49.933832,0.113905
1832,random,1,condensednn,0,-1.0,COMPLETE,2025-03-29 21:40:49.956442,2025-03-29 21:40:50.104614,0.148172
1833,gaussiancopula,2,nearmiss,0.125,-1.0,COMPLETE,2025-03-29 21:40:50.118409,2025-03-29 21:40:50.219094,0.100685
1834,random,2,onesidedselection,0.25,-1.0,COMPLETE,2025-03-29 21:40:50.242542,2025-03-29 21:40:50.356039,0.113497
1835,adasyn,1,editednn,0.25,-1.0,COMPLETE,2025-03-29 21:40:50.379229,2025-03-29 21:40:50.478673,0.099444
1836,smote,1,onesidedselection,0,-1.0,COMPLETE,2025-03-29 21:40:50.501708,2025-03-29 21:40:50.634337,0.132629
1837,copulagan,2,tomeklinks,0.125,-1.0,COMPLETE,2025-03-29 21:40:50.657346,2025-03-29 21:40:51.049192,0.391846
1838,adasyn,2,editednn,0.5,-1.0,COMPLETE,2025-03-29 21:40:51.063087,2025-03-29 21:40:51.163988,0.100901
1839,smote,1,editednn,0.125,-1.0,COMPLETE,2025-03-29 21:40:51.187334,2025-03-29 21:40:51.291367,0.104033
1840,gaussiancopula,1,instancehardness,0.0625,-1.0,COMPLETE,2025-03-29 21:40:51.315031,2025-03-29 21:40:51.900190,0.585159
1841,gaussiancopula,auto,instancehardness,0.125,-1.0,COMPLETE,2025-03-29 21:40:51.924507,2025-03-29 21:40:52.498962,0.574455
1842,adasyn,0.5,nearmiss,auto,-1.0,COMPLETE,2025-03-29 21:40:52.523013,2025-03-29 21:40:52.623175,0.100162
1843,ctgan,0,instancehardness,0.125,-1.0,COMPLETE,2025-03-29 21:40:52.645801,2025-03-29 21:40:52.776084,0.130283
1844,adasyn,0.5,tomeklinks,0,-1.0,COMPLETE,2025-03-29 21:40:52.798499,2025-03-29 21:40:52.925060,0.126561
1845,copulagan,0,condensednn,0.25,-1.0,COMPLETE,2025-03-29 21:40:52.948639,2025-03-29 21:40:53.366466,0.417827
1846,gaussiancopula,2,editednn,0.25,-1.0,COMPLETE,2025-03-29 21:40:53.379684,2025-03-29 21:40:53.483342,0.103658
1847,ctgan,0.5,nearmiss,0.125,-1.0,COMPLETE,2025-03-29 21:40:53.507758,2025-03-29 21:40:53.642204,0.134446
1848,fastml,1,editednn,0.25,-1.0,COMPLETE,2025-03-29 21:40:53.665746,2025-03-29 21:40:53.771616,0.10587
1849,adasyn,0,onesidedselection,0.125,-1.0,COMPLETE,2025-03-29 21:40:53.795258,2025-03-29 21:40:53.893890,0.098632
1850,gaussiancopula,0.5,instancehardness,0.0625,-1.0,COMPLETE,2025-03-29 21:40:53.916760,2025-03-29 21:40:54.484603,0.567843
1851,smote,0.5,onesidedselection,0.0625,-1.0,COMPLETE,2025-03-29 21:40:54.509298,2025-03-29 21:40:54.608614,0.099316
1852,adasyn,0.25,random,auto,-1.0,COMPLETE,2025-03-29 21:40:54.631000,2025-03-29 21:40:54.758670,0.12767
1853,copulagan,0.5,nearmiss,0.5,-1.0,COMPLETE,2025-03-29 21:40:54.780936,2025-03-29 21:40:55.194147,0.413211
1854,adasyn,0.5,onesidedselection,0.5,-1.0,COMPLETE,2025-03-29 21:40:55.207567,2025-03-29 21:40:55.310367,0.1028
1855,copulagan,1,instancehardness,0.125,-1.0,COMPLETE,2025-03-29 21:40:55.332610,2025-03-29 21:40:55.751625,0.419015
1856,random,0,nearmiss,0.5,-1.0,COMPLETE,2025-03-29 21:40:55.774993,2025-03-29 21:40:55.867540,0.092547
1857,fastml,auto,editednn,0,-1.0,COMPLETE,2025-03-29 21:40:55.889683,2025-03-29 21:40:56.014473,0.12479
1858,copulagan,2,instancehardness,0.0625,-1.0,COMPLETE,2025-03-29 21:40:56.036923,2025-03-29 21:40:56.416136,0.379213
1859,adasyn,0,nearmiss,auto,-1.0,COMPLETE,2025-03-29 21:40:56.429033,2025-03-29 21:40:56.521436,0.092403
1860,adasyn,0,instancehardness,0.0625,-1.0,COMPLETE,2025-03-29 21:40:56.535015,2025-03-29 21:40:57.104256,0.569241
1861,copulagan,0.25,nearmiss,0.25,-1.0,COMPLETE,2025-03-29 21:40:57.128266,2025-03-29 21:40:57.543556,0.41529
1862,gaussiancopula,auto,clustercentroid,0.5,-1.0,COMPLETE,2025-03-29 21:40:57.557528,2025-03-29 21:40:57.659730,0.102202
1863,ctgan,1,condensednn,auto,-1.0,COMPLETE,2025-03-29 21:40:57.682291,2025-03-29 21:40:57.821863,0.139572
1864,copulagan,0,random,0.125,-1.0,COMPLETE,2025-03-29 21:40:57.845038,2025-03-29 21:40:58.237924,0.392886
1865,smote,auto,clustercentroid,0.125,-1.0,COMPLETE,2025-03-29 21:40:58.260200,2025-03-29 21:40:58.357021,0.096821
1866,smote,1,editednn,0.25,-1.0,COMPLETE,2025-03-29 21:40:58.379218,2025-03-29 21:40:58.476168,0.09695
1867,gaussiancopula,0.5,random,0,-1.0,COMPLETE,2025-03-29 21:40:58.498802,2025-03-29 21:40:58.626823,0.128021
1868,fastml,2,editednn,0.125,-1.0,COMPLETE,2025-03-29 21:40:58.649300,2025-03-29 21:40:58.752391,0.103091
1869,gaussiancopula,auto,clustercentroid,0.25,-1.0,COMPLETE,2025-03-29 21:40:58.775693,2025-03-29 21:40:58.876786,0.101093
1870,tvae,1,random,0.5,-1.0,COMPLETE,2025-03-29 21:40:58.889388,2025-03-29 21:40:59.017572,0.128184
1871,gaussiancopula,0.5,clustercentroid,0.5,-1.0,COMPLETE,2025-03-29 21:40:59.040490,2025-03-29 21:40:59.143826,0.103336
1872,ctgan,0,condensednn,0.125,-1.0,COMPLETE,2025-03-29 21:40:59.166291,2025-03-29 21:40:59.296197,0.129906
1873,copulagan,1,nearmiss,0.0625,-1.0,COMPLETE,2025-03-29 21:40:59.318770,2025-03-29 21:40:59.696902,0.378132
1874,gaussiancopula,0.5,editednn,0.5,-1.0,COMPLETE,2025-03-29 21:40:59.709963,2025-03-29 21:40:59.816818,0.106855
1875,tvae,auto,editednn,auto,-1.0,COMPLETE,2025-03-29 21:40:59.839777,2025-03-29 21:40:59.969603,0.129826
1876,random,0,clustercentroid,0.25,-1.0,COMPLETE,2025-03-29 21:40:59.993301,2025-03-29 21:41:00.091075,0.097774
1877,smote,auto,tomeklinks,0.125,-1.0,COMPLETE,2025-03-29 21:41:00.113954,2025-03-29 21:41:00.217315,0.103361
1878,fastml,1,tomeklinks,0.125,-1.0,COMPLETE,2025-03-29 21:41:00.239780,2025-03-29 21:41:00.339489,0.099709
1879,tvae,0,tomeklinks,0.0625,-1.0,COMPLETE,2025-03-29 21:41:00.362068,2025-03-29 21:41:00.490278,0.12821
1880,copulagan,2,clustercentroid,0.25,-1.0,COMPLETE,2025-03-29 21:41:00.512554,2025-03-29 21:41:00.925552,0.412998
1881,tvae,0.25,instancehardness,0,-1.0,COMPLETE,2025-03-29 21:41:00.948489,2025-03-29 21:41:01.179264,0.230775
1882,adasyn,auto,random,0.5,-1.0,COMPLETE,2025-03-29 21:41:01.202541,2025-03-29 21:41:01.330546,0.128005
1883,adasyn,0.5,clustercentroid,0.0625,-1.0,COMPLETE,2025-03-29 21:41:01.353063,2025-03-29 21:41:01.451125,0.098062
1884,adasyn,auto,onesidedselection,0,-1.0,COMPLETE,2025-03-29 21:41:01.473448,2025-03-29 21:41:01.603558,0.13011
1885,ctgan,0.5,clustercentroid,0.25,-1.0,COMPLETE,2025-03-29 21:41:01.626159,2025-03-29 21:41:01.754954,0.128795
1886,adasyn,0.5,condensednn,0.125,-1.0,COMPLETE,2025-03-29 21:41:01.777633,2025-03-29 21:41:01.878578,0.100945
1887,copulagan,0,condensednn,0,-1.0,ERROR,,,0.0
1888,adasyn,1,condensednn,0.25,-1.0,COMPLETE,2025-03-29 21:41:02.323210,2025-03-29 21:41:02.421586,0.098376
1889,fastml,0.5,clustercentroid,0.5,-1.0,COMPLETE,2025-03-29 21:41:02.444018,2025-03-29 21:41:02.549579,0.105561
1890,copulagan,1,instancehardness,0.25,-1.0,COMPLETE,2025-03-29 21:41:02.572950,2025-03-29 21:41:02.953734,0.380784
1891,tvae,0,editednn,0.125,-1.0,COMPLETE,2025-03-29 21:41:02.966574,2025-03-29 21:41:03.096799,0.130225
1892,smote,2,random,0.25,-1.0,COMPLETE,2025-03-29 21:41:03.119281,2025-03-29 21:41:03.251277,0.131996
1893,fastml,auto,nearmiss,0.125,-1.0,COMPLETE,2025-03-29 21:41:03.273971,2025-03-29 21:41:03.375960,0.101989
1894,smote,0,clustercentroid,0.25,-1.0,COMPLETE,2025-03-29 21:41:03.398970,2025-03-29 21:41:03.494677,0.095707
1895,copulagan,0.25,onesidedselection,0,-1.0,COMPLETE,2025-03-29 21:41:03.517547,2025-03-29 21:41:03.904817,0.38727
1896,smote,auto,onesidedselection,0,-1.0,COMPLETE,2025-03-29 21:41:03.918939,2025-03-29 21:41:04.050125,0.131186
1897,ctgan,0.25,random,0.25,-1.0,COMPLETE,2025-03-29 21:41:04.073563,2025-03-29 21:41:04.208554,0.134991
1898,ctgan,0,onesidedselection,auto,-1.0,COMPLETE,2025-03-29 21:41:04.232481,2025-03-29 21:41:04.362124,0.129643
1899,gaussiancopula,0.5,onesidedselection,0.125,-1.0,COMPLETE,2025-03-29 21:41:04.384615,2025-03-29 21:41:04.487923,0.103308
1900,smote,0,nearmiss,0.0625,-1.0,COMPLETE,2025-03-29 21:41:04.510653,2025-03-29 21:41:04.607099,0.096446
1901,smote,0.25,editednn,auto,-1.0,COMPLETE,2025-03-29 21:41:04.629782,2025-03-29 21:41:04.729849,0.100067
1902,adasyn,0.5,onesidedselection,0.0625,-1.0,COMPLETE,2025-03-29 21:41:04.752292,2025-03-29 21:41:04.869377,0.117085
1903,copulagan,0.25,condensednn,0.0625,-1.0,COMPLETE,2025-03-29 21:41:04.886563,2025-03-29 21:41:05.299619,0.413056
1904,random,auto,instancehardness,auto,-1.0,COMPLETE,2025-03-29 21:41:05.314706,2025-03-29 21:41:05.906865,0.592159
1905,gaussiancopula,1,instancehardness,0.25,-1.0,COMPLETE,2025-03-29 21:41:05.923549,2025-03-29 21:41:06.509474,0.585925
1906,adasyn,1,editednn,auto,-1.0,COMPLETE,2025-03-29 21:41:06.523301,2025-03-29 21:41:06.631480,0.108179
1907,tvae,2,condensednn,0,-1.0,COMPLETE,2025-03-29 21:41:06.645344,2025-03-29 21:41:06.784108,0.138764
1908,smote,0.25,random,0.0625,-1.0,COMPLETE,2025-03-29 21:41:06.797334,2025-03-29 21:41:06.944754,0.14742
1909,fastml,0.25,condensednn,0.25,-1.0,COMPLETE,2025-03-29 21:41:06.958256,2025-03-29 21:41:07.067862,0.109606
1910,copulagan,auto,tomeklinks,0.125,-1.0,COMPLETE,2025-03-29 21:41:07.081428,2025-03-29 21:41:07.481362,0.399934
1911,gaussiancopula,0,instancehardness,0.125,-1.0,COMPLETE,2025-03-29 21:41:07.496082,2025-03-29 21:41:08.083413,0.587331
1912,fastml,1,condensednn,0,-1.0,COMPLETE,2025-03-29 21:41:08.112128,2025-03-29 21:41:08.336565,0.224437
1913,fastml,2,editednn,0,-1.0,COMPLETE,2025-03-29 21:41:08.358386,2025-03-29 21:41:08.583268,0.224882
1914,adasyn,0,instancehardness,0,-1.0,ERROR,,,0.0
1915,copulagan,2,onesidedselection,0.125,-1.0,COMPLETE,2025-03-29 21:41:08.834505,2025-03-29 21:41:09.326571,0.492066
1916,ctgan,auto,clustercentroid,auto,-1.0,COMPLETE,2025-03-29 21:41:09.350761,2025-03-29 21:41:09.567878,0.217117
1917,ctgan,1,clustercentroid,auto,-1.0,COMPLETE,2025-03-29 21:41:09.593267,2025-03-29 21:41:09.814794,0.221527
1918,smote,0.25,random,0.25,-1.0,COMPLETE,2025-03-29 21:41:09.828044,2025-03-29 21:41:09.962621,0.134577
1919,smote,0,nearmiss,0.125,-1.0,COMPLETE,2025-03-29 21:41:09.976535,2025-03-29 21:41:10.077909,0.101374
1920,adasyn,1,clustercentroid,0,-1.0,COMPLETE,2025-03-29 21:41:10.091448,2025-03-29 21:41:10.221467,0.130019
1921,random,0.5,onesidedselection,auto,-1.0,COMPLETE,2025-03-29 21:41:10.234603,2025-03-29 21:41:10.352975,0.118372
1922,tvae,0.5,tomeklinks,0.125,-1.0,COMPLETE,2025-03-29 21:41:10.366319,2025-03-29 21:41:10.498963,0.132644
1923,adasyn,0.25,tomeklinks,0.5,-1.0,COMPLETE,2025-03-29 21:41:10.513122,2025-03-29 21:41:10.621947,0.108825
1924,copulagan,1,nearmiss,0.5,-1.0,COMPLETE,2025-03-29 21:41:10.636943,2025-03-29 21:41:11.026368,0.389425
1925,adasyn,2,instancehardness,0.0625,-1.0,COMPLETE,2025-03-29 21:41:11.040148,2025-03-29 21:41:11.631081,0.590933
1926,random,2,onesidedselection,0.0625,-1.0,COMPLETE,2025-03-29 21:41:11.646679,2025-03-29 21:41:11.784189,0.13751
1927,ctgan,0.25,tomeklinks,0.25,-1.0,COMPLETE,2025-03-29 21:41:11.798505,2025-03-29 21:41:11.938638,0.140133
1928,fastml,1,onesidedselection,0.25,-1.0,COMPLETE,2025-03-29 21:41:11.952147,2025-03-29 21:41:12.062791,0.110644
1929,copulagan,2,condensednn,0,-1.0,COMPLETE,2025-03-29 21:41:12.076919,2025-03-29 21:41:12.467655,0.390736
1930,fastml,0,onesidedselection,0,-1.0,ERROR,,,0.0
1931,fastml,0.5,instancehardness,0.25,-1.0,COMPLETE,2025-03-29 21:41:12.634504,2025-03-29 21:41:13.240290,0.605786
1932,fastml,0,random,0,-1.0,ERROR,,,0.0
1933,ctgan,0,random,0.5,-1.0,COMPLETE,2025-03-29 21:41:13.421622,2025-03-29 21:41:13.572752,0.15113
1934,copulagan,0.5,onesidedselection,0.5,-1.0,COMPLETE,2025-03-29 21:41:13.586956,2025-03-29 21:41:13.982331,0.395375
1935,gaussiancopula,0,tomeklinks,0.25,-1.0,COMPLETE,2025-03-29 21:41:13.999247,2025-03-29 21:41:14.123318,0.124071
1936,adasyn,0.5,random,0.5,-1.0,COMPLETE,2025-03-29 21:41:14.137004,2025-03-29 21:41:14.280011,0.143007
1937,fastml,1,onesidedselection,auto,-1.0,COMPLETE,2025-03-29 21:41:14.293300,2025-03-29 21:41:14.406186,0.112886
1938,random,1,tomeklinks,0.0625,-1.0,COMPLETE,2025-03-29 21:41:14.421181,2025-03-29 21:41:14.541185,0.120004
1939,tvae,1,condensednn,0,-1.0,COMPLETE,2025-03-29 21:41:14.554439,2025-03-29 21:41:14.704360,0.149921
1940,copulagan,2,condensednn,0.25,-1.0,COMPLETE,2025-03-29 21:41:14.720233,2025-03-29 21:41:15.122399,0.402166
1941,smote,auto,nearmiss,0,-1.0,COMPLETE,2025-03-29 21:41:15.139877,2025-03-29 21:41:15.283552,0.143675
1942,tvae,0.25,random,auto,-1.0,COMPLETE,2025-03-29 21:41:15.296773,2025-03-29 21:41:15.435487,0.138714
1943,ctgan,2,clustercentroid,0.25,-1.0,COMPLETE,2025-03-29 21:41:15.448601,2025-03-29 21:41:15.583060,0.134459
1944,gaussiancopula,0.5,editednn,auto,-1.0,COMPLETE,2025-03-29 21:41:15.596943,2025-03-29 21:41:15.701065,0.104122
1945,smote,0,nearmiss,0,-1.0,ERROR,,,0.0
1946,tvae,0.25,clustercentroid,0.25,-1.0,COMPLETE,2025-03-29 21:41:15.856052,2025-03-29 21:41:15.999163,0.143111
1947,copulagan,0.5,instancehardness,0.5,-1.0,COMPLETE,2025-03-29 21:41:16.017310,2025-03-29 21:41:16.416486,0.399176
1948,gaussiancopula,2,nearmiss,0.5,-1.0,COMPLETE,2025-03-29 21:41:16.429714,2025-03-29 21:41:16.551647,0.121933
1949,smote,auto,instancehardness,0.125,-1.0,COMPLETE,2025-03-29 21:41:16.567372,2025-03-29 21:41:17.160859,0.593487
1950,copulagan,1,nearmiss,0,-1.0,COMPLETE,2025-03-29 21:41:17.176555,2025-03-29 21:41:17.589439,0.412884
1951,fastml,0.5,random,0.125,-1.0,COMPLETE,2025-03-29 21:41:17.606062,2025-03-29 21:41:17.765082,0.15902
1952,tvae,0.25,editednn,0.0625,-1.0,COMPLETE,2025-03-29 21:41:17.780006,2025-03-29 21:41:17.933374,0.153368
1953,tvae,0.25,onesidedselection,0.0625,-1.0,COMPLETE,2025-03-29 21:41:17.949447,2025-03-29 21:41:18.105355,0.155908
1954,tvae,auto,clustercentroid,0,-1.0,COMPLETE,2025-03-29 21:41:18.120269,2025-03-29 21:41:18.271550,0.151281
1955,fastml,1,random,0.5,-1.0,COMPLETE,2025-03-29 21:41:18.289912,2025-03-29 21:41:18.443675,0.153763
1956,adasyn,auto,random,0.125,-1.0,COMPLETE,2025-03-29 21:41:18.461222,2025-03-29 21:41:18.614739,0.153517
1957,adasyn,1,instancehardness,0,-1.0,COMPLETE,2025-03-29 21:41:18.629273,2025-03-29 21:41:18.787722,0.158449
1958,adasyn,0.25,instancehardness,0.0625,-1.0,COMPLETE,2025-03-29 21:41:18.803684,2025-03-29 21:41:19.396916,0.593232
1959,ctgan,auto,nearmiss,0.0625,-1.0,COMPLETE,2025-03-29 21:41:19.412838,2025-03-29 21:41:19.569017,0.156179
1960,copulagan,0,instancehardness,auto,-1.0,COMPLETE,2025-03-29 21:41:19.585403,2025-03-29 21:41:20.023754,0.438351
1961,tvae,auto,nearmiss,auto,-1.0,COMPLETE,2025-03-29 21:41:20.040081,2025-03-29 21:41:20.190220,0.150139
1962,fastml,0.25,instancehardness,0.0625,-1.0,COMPLETE,2025-03-29 21:41:20.203748,2025-03-29 21:41:20.788604,0.584856
1963,smote,1,clustercentroid,auto,-1.0,COMPLETE,2025-03-29 21:41:20.804169,2025-03-29 21:41:20.923243,0.119074
1964,adasyn,0.5,editednn,0.5,-1.0,COMPLETE,2025-03-29 21:41:20.939867,2025-03-29 21:41:21.051347,0.11148
1965,smote,0.25,nearmiss,0,-1.0,COMPLETE,2025-03-29 21:41:21.065335,2025-03-29 21:41:21.197761,0.132426
1966,fastml,auto,nearmiss,0.5,-1.0,COMPLETE,2025-03-29 21:41:21.215461,2025-03-29 21:41:21.346679,0.131218
1967,ctgan,2,onesidedselection,0.5,-1.0,COMPLETE,2025-03-29 21:41:21.360953,2025-03-29 21:41:21.518267,0.157314
1968,copulagan,0.5,onesidedselection,auto,-1.0,COMPLETE,2025-03-29 21:41:21.536313,2025-03-29 21:41:21.934397,0.398084
1969,fastml,0.5,nearmiss,0.125,-1.0,COMPLETE,2025-03-29 21:41:21.954518,2025-03-29 21:41:22.076760,0.122242
1970,adasyn,0,random,auto,-1.0,COMPLETE,2025-03-29 21:41:22.091558,2025-03-29 21:41:22.230875,0.139317
1971,random,0.25,clustercentroid,auto,-1.0,COMPLETE,2025-03-29 21:41:22.246059,2025-03-29 21:41:22.383989,0.13793
1972,adasyn,auto,condensednn,0.125,-1.0,COMPLETE,2025-03-29 21:41:22.397558,2025-03-29 21:41:22.519447,0.121889
1973,gaussiancopula,0,condensednn,0.5,-1.0,COMPLETE,2025-03-29 21:41:22.534980,2025-03-29 21:41:22.655792,0.120812
1974,smote,1,nearmiss,0.25,-1.0,COMPLETE,2025-03-29 21:41:22.672431,2025-03-29 21:41:22.791970,0.119539
1975,fastml,2,onesidedselection,0.0625,-1.0,COMPLETE,2025-03-29 21:41:22.808762,2025-03-29 21:41:22.927072,0.11831
1976,fastml,1,nearmiss,0,-1.0,COMPLETE,2025-03-29 21:41:22.940388,2025-03-29 21:41:23.078075,0.137687
1977,gaussiancopula,2,onesidedselection,0.5,-1.0,COMPLETE,2025-03-29 21:41:23.095605,2025-03-29 21:41:23.217931,0.122326
1978,ctgan,0.25,tomeklinks,auto,-1.0,COMPLETE,2025-03-29 21:41:23.233118,2025-03-29 21:41:23.384607,0.151489
1979,gaussiancopula,auto,random,0.0625,-1.0,COMPLETE,2025-03-29 21:41:23.398074,2025-03-29 21:41:23.560525,0.162451
1980,fastml,2,tomeklinks,0.5,-1.0,COMPLETE,2025-03-29 21:41:23.575092,2025-03-29 21:41:23.698152,0.12306
1981,smote,0,clustercentroid,0.5,-1.0,COMPLETE,2025-03-29 21:41:23.714497,2025-03-29 21:41:23.835983,0.121486
1982,tvae,0,instancehardness,auto,-1.0,COMPLETE,2025-03-29 21:41:23.853278,2025-03-29 21:41:24.002769,0.149491
1983,smote,1,editednn,0.5,-1.0,COMPLETE,2025-03-29 21:41:24.020340,2025-03-29 21:41:24.143130,0.12279
1984,random,0.25,condensednn,0.25,-1.0,COMPLETE,2025-03-29 21:41:24.157267,2025-03-29 21:41:24.296670,0.139403
1985,smote,auto,condensednn,0.5,-1.0,COMPLETE,2025-03-29 21:41:24.314523,2025-03-29 21:41:24.432659,0.118136
1986,ctgan,2,onesidedselection,0,-1.0,COMPLETE,2025-03-29 21:41:24.447232,2025-03-29 21:41:24.592670,0.145438
1987,random,1,tomeklinks,auto,-1.0,COMPLETE,2025-03-29 21:41:24.607105,2025-03-29 21:41:24.746526,0.139421
1988,random,2,tomeklinks,0.125,-1.0,COMPLETE,2025-03-29 21:41:24.761325,2025-03-29 21:41:24.892948,0.131623
1989,adasyn,0.25,clustercentroid,0,-1.0,COMPLETE,2025-03-29 21:41:24.909651,2025-03-29 21:41:25.064079,0.154428
1990,ctgan,1,nearmiss,auto,-1.0,COMPLETE,2025-03-29 21:41:25.077928,2025-03-29 21:41:25.226171,0.148243
1991,adasyn,auto,instancehardness,0.125,-1.0,COMPLETE,2025-03-29 21:41:25.243065,2025-03-29 21:41:25.827091,0.584026
1992,fastml,1,instancehardness,0.0625,-1.0,COMPLETE,2025-03-29 21:41:25.841011,2025-03-29 21:41:26.454143,0.613132
1993,smote,0.5,random,auto,-1.0,COMPLETE,2025-03-29 21:41:26.468298,2025-03-29 21:41:26.618219,0.149921
1994,copulagan,0,clustercentroid,0.0625,-1.0,COMPLETE,2025-03-29 21:41:26.634067,2025-03-29 21:41:27.036745,0.402678
1995,copulagan,1,tomeklinks,0.5,-1.0,COMPLETE,2025-03-29 21:41:27.051323,2025-03-29 21:41:27.448718,0.397395
1996,random,0.5,random,0.125,-1.0,COMPLETE,2025-03-29 21:41:27.463741,2025-03-29 21:41:27.638318,0.174577
1997,ctgan,auto,clustercentroid,0.25,-1.0,COMPLETE,2025-03-29 21:41:27.654895,2025-03-29 21:41:27.805109,0.150214
1998,smote,0.5,editednn,0.125,-1.0,COMPLETE,2025-03-29 21:41:27.820601,2025-03-29 21:41:27.942277,0.121676
1999,smote,0,instancehardness,0,-1.0,ERROR,,,0.0
2000,copulagan,auto,onesidedselection,0.25,-1.0,COMPLETE,2025-03-29 21:41:28.111412,2025-03-29 21:41:28.516182,0.40477
2001,adasyn,0.25,clustercentroid,auto,-1.0,COMPLETE,2025-03-29 21:41:28.533321,2025-03-29 21:41:28.653736,0.120415
2002,random,0.25,onesidedselection,0.25,-1.0,COMPLETE,2025-03-29 21:41:28.667807,2025-03-29 21:41:28.795990,0.128183
2003,tvae,0,condensednn,0.5,-1.0,COMPLETE,2025-03-29 21:41:28.811666,2025-03-29 21:41:28.958257,0.146591
2004,adasyn,1,editednn,0.5,-1.0,COMPLETE,2025-03-29 21:41:28.971438,2025-03-29 21:41:29.100339,0.128901
2005,adasyn,1,random,0,-1.0,COMPLETE,2025-03-29 21:41:29.118564,2025-03-29 21:41:29.269334,0.15077
2006,copulagan,2,tomeklinks,auto,-1.0,COMPLETE,2025-03-29 21:41:29.285897,2025-03-29 21:41:29.726201,0.440304
2007,ctgan,0,tomeklinks,0.0625,-1.0,COMPLETE,2025-03-29 21:41:29.742681,2025-03-29 21:41:29.894222,0.151541
2008,random,auto,nearmiss,0.25,-1.0,COMPLETE,2025-03-29 21:41:29.909661,2025-03-29 21:41:30.041844,0.132183
2009,random,0.25,onesidedselection,0,-1.0,COMPLETE,2025-03-29 21:41:30.058803,2025-03-29 21:41:30.224697,0.165894
2010,tvae,2,random,auto,-1.0,COMPLETE,2025-03-29 21:41:30.241810,2025-03-29 21:41:30.389008,0.147198
2011,smote,auto,random,auto,-1.0,COMPLETE,2025-03-29 21:41:30.407797,2025-03-29 21:41:30.553015,0.145218
2012,adasyn,auto,clustercentroid,0.0625,-1.0,COMPLETE,2025-03-29 21:41:30.569524,2025-03-29 21:41:30.684908,0.115384
2013,ctgan,0.25,onesidedselection,0.0625,-1.0,COMPLETE,2025-03-29 21:41:30.699616,2025-03-29 21:41:30.850226,0.15061
2014,ctgan,0.25,tomeklinks,0.125,-1.0,COMPLETE,2025-03-29 21:41:30.863634,2025-03-29 21:41:31.010779,0.147145
2015,random,0.25,clustercentroid,0.125,-1.0,COMPLETE,2025-03-29 21:41:31.026676,2025-03-29 21:41:31.167357,0.140681
2016,ctgan,2,editednn,0.0625,-1.0,COMPLETE,2025-03-29 21:41:31.184783,2025-03-29 21:41:31.335940,0.151157
2017,ctgan,0,nearmiss,0.125,-1.0,COMPLETE,2025-03-29 21:41:31.352466,2025-03-29 21:41:31.511537,0.159071
2018,tvae,0,editednn,0.5,-1.0,COMPLETE,2025-03-29 21:41:31.525780,2025-03-29 21:41:31.676557,0.150777
2019,copulagan,0.25,condensednn,0,-1.0,COMPLETE,2025-03-29 21:41:31.694376,2025-03-29 21:41:32.108228,0.413852
2020,copulagan,0,onesidedselection,0.5,-1.0,COMPLETE,2025-03-29 21:41:32.123544,2025-03-29 21:41:32.522851,0.399307
2021,random,1,random,0.25,-1.0,COMPLETE,2025-03-29 21:41:32.539202,2025-03-29 21:41:32.707436,0.168234
2022,gaussiancopula,0,clustercentroid,0.0625,-1.0,COMPLETE,2025-03-29 21:41:32.725154,2025-03-29 21:41:32.848280,0.123126
2023,gaussiancopula,1,nearmiss,auto,-1.0,COMPLETE,2025-03-29 21:41:32.864707,2025-03-29 21:41:32.995652,0.130945
2024,tvae,1,nearmiss,0.5,-1.0,COMPLETE,2025-03-29 21:41:33.011461,2025-03-29 21:41:33.163971,0.15251
2025,tvae,0,clustercentroid,0.5,-1.0,COMPLETE,2025-03-29 21:41:33.178883,2025-03-29 21:41:33.337686,0.158803
2026,smote,0,condensednn,0.5,-1.0,COMPLETE,2025-03-29 21:41:33.354854,2025-03-29 21:41:33.470343,0.115489
2027,ctgan,auto,onesidedselection,0.125,-1.0,COMPLETE,2025-03-29 21:41:33.484954,2025-03-29 21:41:33.641303,0.156349
2028,random,0.25,onesidedselection,0.0625,-1.0,COMPLETE,2025-03-29 21:41:33.658236,2025-03-29 21:41:33.793629,0.135393
2029,tvae,0.5,clustercentroid,auto,-1.0,COMPLETE,2025-03-29 21:41:33.808079,2025-03-29 21:41:33.953383,0.145304
2030,adasyn,2,tomeklinks,0,-1.0,COMPLETE,2025-03-29 21:41:33.966870,2025-03-29 21:41:34.103675,0.136805
2031,copulagan,0.25,random,0.125,-1.0,COMPLETE,2025-03-29 21:41:34.125100,2025-03-29 21:41:34.532548,0.407448
2032,gaussiancopula,0.25,condensednn,0.125,-1.0,COMPLETE,2025-03-29 21:41:34.547508,2025-03-29 21:41:34.675388,0.12788
2033,ctgan,0.5,tomeklinks,0.5,-1.0,COMPLETE,2025-03-29 21:41:34.691530,2025-03-29 21:41:34.842550,0.15102
2034,fastml,1,random,0.125,-1.0,COMPLETE,2025-03-29 21:41:34.859190,2025-03-29 21:41:35.029610,0.17042
2035,smote,0.5,onesidedselection,auto,-1.0,COMPLETE,2025-03-29 21:41:35.045331,2025-03-29 21:41:35.168983,0.123652
2036,random,0.25,nearmiss,0.0625,-1.0,COMPLETE,2025-03-29 21:41:35.185704,2025-03-29 21:41:35.415471,0.229767
2037,fastml,0.5,condensednn,0.5,-1.0,COMPLETE,2025-03-29 21:41:35.431008,2025-03-29 21:41:35.551619,0.120611
2038,smote,2,instancehardness,0.5,-1.0,COMPLETE,2025-03-29 21:41:35.566049,2025-03-29 21:41:36.167266,0.601217
2039,adasyn,1,tomeklinks,auto,-1.0,COMPLETE,2025-03-29 21:41:36.185885,2025-03-29 21:41:36.312373,0.126488
2040,tvae,0,nearmiss,auto,-1.0,COMPLETE,2025-03-29 21:41:36.330532,2025-03-29 21:41:36.473821,0.143289
2041,gaussiancopula,0,editednn,auto,-1.0,COMPLETE,2025-03-29 21:41:36.487520,2025-03-29 21:41:36.607080,0.11956
2042,random,auto,nearmiss,auto,-1.0,COMPLETE,2025-03-29 21:41:36.624919,2025-03-29 21:41:36.755443,0.130524
2043,ctgan,1,random,0.25,-1.0,COMPLETE,2025-03-29 21:41:36.772860,2025-03-29 21:41:36.928690,0.15583
2044,copulagan,auto,editednn,0.125,-1.0,COMPLETE,2025-03-29 21:41:36.944661,2025-03-29 21:41:37.345888,0.401227
2045,tvae,0.5,random,auto,-1.0,COMPLETE,2025-03-29 21:41:37.363382,2025-03-29 21:41:37.517652,0.15427
2046,random,auto,clustercentroid,0.5,-1.0,COMPLETE,2025-03-29 21:41:37.532029,2025-03-29 21:41:37.670830,0.138801
2047,smote,2,editednn,0.5,-1.0,COMPLETE,2025-03-29 21:41:37.688186,2025-03-29 21:41:37.804797,0.116611
2048,gaussiancopula,0.5,nearmiss,0.125,-1.0,COMPLETE,2025-03-29 21:41:37.820961,2025-03-29 21:41:37.947017,0.126056
2049,smote,1,instancehardness,0.25,-1.0,COMPLETE,2025-03-29 21:41:37.970396,2025-03-29 21:41:38.576537,0.606141
2050,gaussiancopula,0,nearmiss,0.5,-1.0,COMPLETE,2025-03-29 21:41:38.600909,2025-03-29 21:41:38.709938,0.109029
2051,fastml,1,clustercentroid,0.125,-1.0,COMPLETE,2025-03-29 21:41:38.733622,2025-03-29 21:41:38.843862,0.11024
2052,copulagan,0.5,condensednn,0.25,-1.0,COMPLETE,2025-03-29 21:41:38.867171,2025-03-29 21:41:39.255467,0.388296
2053,random,0.5,instancehardness,auto,-1.0,COMPLETE,2025-03-29 21:41:39.269553,2025-03-29 21:41:39.866234,0.596681
2054,copulagan,0.25,condensednn,0.125,-1.0,COMPLETE,2025-03-29 21:41:39.890806,2025-03-29 21:41:40.289382,0.398576
2055,ctgan,auto,onesidedselection,auto,-1.0,COMPLETE,2025-03-29 21:41:40.313736,2025-03-29 21:41:40.455467,0.141731
2056,fastml,0.25,editednn,0.25,-1.0,COMPLETE,2025-03-29 21:41:40.469836,2025-03-29 21:41:40.584014,0.114178
2057,gaussiancopula,auto,condensednn,0.25,-1.0,COMPLETE,2025-03-29 21:41:40.609287,2025-03-29 21:41:40.723995,0.114708
2058,gaussiancopula,0,condensednn,auto,-1.0,COMPLETE,2025-03-29 21:41:40.748215,2025-03-29 21:41:40.857133,0.108918
2059,gaussiancopula,2,condensednn,0.5,-1.0,COMPLETE,2025-03-29 21:41:40.879812,2025-03-29 21:41:40.988772,0.10896
2060,ctgan,auto,random,auto,-1.0,COMPLETE,2025-03-29 21:41:41.011650,2025-03-29 21:41:41.149226,0.137576
2061,smote,0.25,tomeklinks,0.5,-1.0,COMPLETE,2025-03-29 21:41:41.171908,2025-03-29 21:41:41.280183,0.108275
2062,adasyn,2,random,0.5,-1.0,COMPLETE,2025-03-29 21:41:41.303487,2025-03-29 21:41:41.439310,0.135823
2063,smote,0.25,instancehardness,0.125,-1.0,COMPLETE,2025-03-29 21:41:41.462319,2025-03-29 21:41:42.040449,0.57813
2064,ctgan,2,condensednn,0.25,-1.0,COMPLETE,2025-03-29 21:41:42.060705,2025-03-29 21:41:42.200122,0.139417
2065,fastml,0.25,instancehardness,0,-1.0,COMPLETE,2025-03-29 21:41:42.224944,2025-03-29 21:41:42.367385,0.142441
2066,fastml,0.5,editednn,0.0625,-1.0,COMPLETE,2025-03-29 21:41:42.392524,2025-03-29 21:41:42.503925,0.111401
2067,gaussiancopula,1,random,auto,-1.0,COMPLETE,2025-03-29 21:41:42.527544,2025-03-29 21:41:42.675179,0.147635
2068,smote,0.25,onesidedselection,0.0625,-1.0,COMPLETE,2025-03-29 21:41:42.699162,2025-03-29 21:41:42.810093,0.110931
2069,random,2,editednn,auto,-1.0,COMPLETE,2025-03-29 21:41:42.834475,2025-03-29 21:41:42.961786,0.127311
2070,ctgan,0.5,clustercentroid,auto,-1.0,COMPLETE,2025-03-29 21:41:42.985118,2025-03-29 21:41:43.134400,0.149282
2071,random,auto,instancehardness,0.0625,-1.0,COMPLETE,2025-03-29 21:41:43.157901,2025-03-29 21:41:43.749699,0.591798
2072,adasyn,1,random,0.25,-1.0,COMPLETE,2025-03-29 21:41:43.773954,2025-03-29 21:41:43.914700,0.140746
2073,copulagan,2,instancehardness,auto,-1.0,COMPLETE,2025-03-29 21:41:43.938147,2025-03-29 21:41:44.364715,0.426568
2074,smote,0,editednn,0.5,-1.0,COMPLETE,2025-03-29 21:41:44.379469,2025-03-29 21:41:44.487455,0.107986
2075,copulagan,0,tomeklinks,auto,-1.0,COMPLETE,2025-03-29 21:41:44.511423,2025-03-29 21:41:44.907423,0.396
2076,tvae,0,condensednn,0,-1.0,ERROR,,,0.0
2077,fastml,1,random,0.0625,-1.0,COMPLETE,2025-03-29 21:41:45.083133,2025-03-29 21:41:45.229915,0.146782
2078,random,0.25,nearmiss,0,-1.0,COMPLETE,2025-03-29 21:41:45.253464,2025-03-29 21:41:45.400722,0.147258
2079,fastml,0,tomeklinks,0.5,-1.0,COMPLETE,2025-03-29 21:41:45.423666,2025-03-29 21:41:45.531044,0.107378
2080,random,1,onesidedselection,0.125,-1.0,COMPLETE,2025-03-29 21:41:45.554162,2025-03-29 21:41:45.680820,0.126658
2081,fastml,0,nearmiss,0.0625,-1.0,COMPLETE,2025-03-29 21:41:45.704565,2025-03-29 21:41:45.811910,0.107345
2082,random,0,nearmiss,0.25,-1.0,COMPLETE,2025-03-29 21:41:45.834896,2025-03-29 21:41:45.935079,0.100183
2083,tvae,1,editednn,0.0625,-1.0,COMPLETE,2025-03-29 21:41:45.957685,2025-03-29 21:41:46.094032,0.136347
2084,gaussiancopula,2,condensednn,auto,-1.0,COMPLETE,2025-03-29 21:41:46.117158,2025-03-29 21:41:46.226242,0.109084
2085,adasyn,0.5,clustercentroid,0.5,-1.0,COMPLETE,2025-03-29 21:41:46.249386,2025-03-29 21:41:46.354982,0.105596
2086,ctgan,0.25,condensednn,0.125,-1.0,COMPLETE,2025-03-29 21:41:46.377531,2025-03-29 21:41:46.516080,0.138549
2087,random,0.5,clustercentroid,auto,-1.0,COMPLETE,2025-03-29 21:41:46.540466,2025-03-29 21:41:46.668739,0.128273
2088,copulagan,0.25,instancehardness,0.125,-1.0,COMPLETE,2025-03-29 21:41:46.691301,2025-03-29 21:41:47.084463,0.393162
2089,ctgan,0.5,random,auto,-1.0,COMPLETE,2025-03-29 21:41:47.107984,2025-03-29 21:41:47.245308,0.137324
2090,random,0,nearmiss,0.125,-1.0,COMPLETE,2025-03-29 21:41:47.268678,2025-03-29 21:41:47.369373,0.100695
2091,fastml,auto,condensednn,0.0625,-1.0,COMPLETE,2025-03-29 21:41:47.391864,2025-03-29 21:41:47.501265,0.109401
2092,ctgan,auto,instancehardness,0.125,-1.0,COMPLETE,2025-03-29 21:41:47.524084,2025-03-29 21:41:47.660009,0.135925
2093,ctgan,0,clustercentroid,auto,-1.0,COMPLETE,2025-03-29 21:41:47.683007,2025-03-29 21:41:47.820350,0.137343
2094,adasyn,1,instancehardness,0.125,-1.0,COMPLETE,2025-03-29 21:41:47.843245,2025-03-29 21:41:48.421650,0.578405
2095,gaussiancopula,0.5,instancehardness,0.5,-1.0,COMPLETE,2025-03-29 21:41:48.446412,2025-03-29 21:41:49.050216,0.603804
2096,ctgan,0.5,nearmiss,0.0625,-1.0,COMPLETE,2025-03-29 21:41:49.076117,2025-03-29 21:41:49.219108,0.142991
2097,copulagan,1,tomeklinks,0.125,-1.0,COMPLETE,2025-03-29 21:41:49.242582,2025-03-29 21:41:49.630181,0.387599
2098,ctgan,0.5,tomeklinks,0.125,-1.0,COMPLETE,2025-03-29 21:41:49.643842,2025-03-29 21:41:49.791203,0.147361
2099,adasyn,1,tomeklinks,0,-1.0,COMPLETE,2025-03-29 21:41:49.814177,2025-03-29 21:41:49.948782,0.134605
2100,smote,0.5,condensednn,0.25,-1.0,COMPLETE,2025-03-29 21:41:49.972043,2025-03-29 21:41:50.081273,0.10923
2101,smote,1,tomeklinks,0,-1.0,COMPLETE,2025-03-29 21:41:50.105234,2025-03-29 21:41:50.240686,0.135452
2102,smote,1,condensednn,auto,-1.0,COMPLETE,2025-03-29 21:41:50.264364,2025-03-29 21:41:50.372065,0.107701
2103,copulagan,0.25,clustercentroid,0,-1.0,COMPLETE,2025-03-29 21:41:50.395881,2025-03-29 21:41:50.786565,0.390684
2104,fastml,0.25,onesidedselection,0.125,-1.0,COMPLETE,2025-03-29 21:41:50.800336,2025-03-29 21:41:50.911697,0.111361
2105,adasyn,1,editednn,0,-1.0,COMPLETE,2025-03-29 21:41:50.934932,2025-03-29 21:41:51.067849,0.132917
2106,ctgan,0.5,instancehardness,auto,-1.0,COMPLETE,2025-03-29 21:41:51.091277,2025-03-29 21:41:51.238626,0.147349
2107,fastml,2,condensednn,auto,-1.0,COMPLETE,2025-03-29 21:41:51.253908,2025-03-29 21:41:51.367567,0.113659
2108,tvae,0,random,0.0625,-1.0,COMPLETE,2025-03-29 21:41:51.390594,2025-03-29 21:41:51.526704,0.13611
2109,fastml,1,editednn,0.5,-1.0,COMPLETE,2025-03-29 21:41:51.549788,2025-03-29 21:41:51.657489,0.107701
2110,fastml,0,condensednn,0,-1.0,ERROR,,,0.0
2111,copulagan,auto,random,0.0625,-1.0,COMPLETE,2025-03-29 21:41:51.836919,2025-03-29 21:41:52.226556,0.389637
2112,copulagan,auto,clustercentroid,0,-1.0,COMPLETE,2025-03-29 21:41:52.239968,2025-03-29 21:41:52.639070,0.399102
2113,fastml,0,clustercentroid,0.125,-1.0,COMPLETE,2025-03-29 21:41:52.662559,2025-03-29 21:41:52.773510,0.110951
2114,adasyn,auto,random,auto,-1.0,COMPLETE,2025-03-29 21:41:52.797066,2025-03-29 21:41:52.940770,0.143704
2115,adasyn,2,onesidedselection,0.0625,-1.0,COMPLETE,2025-03-29 21:41:52.963885,2025-03-29 21:41:53.069312,0.105427
2116,fastml,0,tomeklinks,0,-1.0,ERROR,,,0.0
2117,tvae,0,onesidedselection,0.5,-1.0,COMPLETE,2025-03-29 21:41:53.250801,2025-03-29 21:41:53.388960,0.138159
2118,fastml,0,nearmiss,0.125,-1.0,COMPLETE,2025-03-29 21:41:53.412912,2025-03-29 21:41:53.522612,0.1097
2119,tvae,2,editednn,0,-1.0,COMPLETE,2025-03-29 21:41:53.546772,2025-03-29 21:41:53.683986,0.137214
2120,smote,0,instancehardness,0.0625,-1.0,COMPLETE,2025-03-29 21:41:53.707192,2025-03-29 21:41:54.291946,0.584754
2121,copulagan,2,editednn,auto,-1.0,COMPLETE,2025-03-29 21:41:54.306221,2025-03-29 21:41:54.697187,0.390966
2122,smote,1,onesidedselection,0.125,-1.0,COMPLETE,2025-03-29 21:41:54.711074,2025-03-29 21:41:54.824485,0.113411
2123,gaussiancopula,1,nearmiss,0.0625,-1.0,COMPLETE,2025-03-29 21:41:54.847810,2025-03-29 21:41:54.956601,0.108791
2124,random,2,editednn,0.0625,-1.0,COMPLETE,2025-03-29 21:41:54.979672,2025-03-29 21:41:55.102266,0.122594
2125,copulagan,0.5,instancehardness,0.125,-1.0,COMPLETE,2025-03-29 21:41:55.124972,2025-03-29 21:41:55.515120,0.390148
2126,fastml,0,instancehardness,0.125,-1.0,COMPLETE,2025-03-29 21:41:55.529754,2025-03-29 21:41:56.103548,0.573794
2127,random,auto,onesidedselection,0.0625,-1.0,COMPLETE,2025-03-29 21:41:56.127445,2025-03-29 21:41:56.253742,0.126297
2128,fastml,0,nearmiss,0,-1.0,ERROR,,,0.0
2129,fastml,auto,tomeklinks,auto,-1.0,COMPLETE,2025-03-29 21:41:56.441287,2025-03-29 21:41:56.551022,0.109735
2130,random,0,clustercentroid,0,-1.0,ERROR,,,0.0
2131,adasyn,0.25,clustercentroid,0.25,-1.0,COMPLETE,2025-03-29 21:41:56.710316,2025-03-29 21:41:56.821384,0.111068
2132,smote,auto,clustercentroid,auto,-1.0,COMPLETE,2025-03-29 21:41:56.844818,2025-03-29 21:41:56.952218,0.1074
2133,smote,2,random,0.125,-1.0,COMPLETE,2025-03-29 21:41:56.975515,2025-03-29 21:41:57.127501,0.151986
2134,fastml,2,random,0.0625,-1.0,COMPLETE,2025-03-29 21:41:57.151540,2025-03-29 21:41:57.298030,0.14649
2135,adasyn,0.25,tomeklinks,0.125,-1.0,COMPLETE,2025-03-29 21:41:57.321508,2025-03-29 21:41:57.428862,0.107354
2136,gaussiancopula,0.25,nearmiss,0.5,-1.0,COMPLETE,2025-03-29 21:41:57.451530,2025-03-29 21:41:57.562195,0.110665
2137,fastml,1,random,auto,-1.0,COMPLETE,2025-03-29 21:41:57.585132,2025-03-29 21:41:57.728557,0.143425
2138,random,auto,editednn,0.125,-1.0,COMPLETE,2025-03-29 21:41:57.742179,2025-03-29 21:41:57.863017,0.120838
2139,fastml,0.25,nearmiss,auto,-1.0,COMPLETE,2025-03-29 21:41:57.885687,2025-03-29 21:41:57.993932,0.108245
2140,smote,0.25,condensednn,auto,-1.0,COMPLETE,2025-03-29 21:41:58.017299,2025-03-29 21:41:58.125594,0.108295
2141,fastml,auto,random,auto,-1.0,COMPLETE,2025-03-29 21:41:58.148586,2025-03-29 21:41:58.298493,0.149907
2142,adasyn,1,tomeklinks,0.5,-1.0,COMPLETE,2025-03-29 21:41:58.322683,2025-03-29 21:41:58.430645,0.107962
2143,tvae,0.25,editednn,auto,-1.0,COMPLETE,2025-03-29 21:41:58.453493,2025-03-29 21:41:58.596450,0.142957
2144,random,0.25,tomeklinks,0.0625,-1.0,COMPLETE,2025-03-29 21:41:58.621513,2025-03-29 21:41:58.746733,0.12522
2145,smote,auto,instancehardness,0.5,-1.0,COMPLETE,2025-03-29 21:41:58.769767,2025-03-29 21:41:59.355107,0.58534
2146,smote,2,nearmiss,0.5,-1.0,COMPLETE,2025-03-29 21:41:59.379172,2025-03-29 21:41:59.487524,0.108352
2147,copulagan,1,random,0.25,-1.0,COMPLETE,2025-03-29 21:41:59.510521,2025-03-29 21:41:59.904146,0.393625
2148,tvae,0.25,tomeklinks,auto,-1.0,COMPLETE,2025-03-29 21:41:59.918474,2025-03-29 21:42:00.057325,0.138851
2149,copulagan,0.5,random,0.5,-1.0,COMPLETE,2025-03-29 21:42:00.081520,2025-03-29 21:42:00.470167,0.388647
2150,adasyn,0.5,clustercentroid,0.25,-1.0,COMPLETE,2025-03-29 21:42:00.483422,2025-03-29 21:42:00.590053,0.106631
2151,tvae,auto,condensednn,0.25,-1.0,COMPLETE,2025-03-29 21:42:00.613805,2025-03-29 21:42:00.759416,0.145611
2152,smote,2,tomeklinks,0.0625,-1.0,COMPLETE,2025-03-29 21:42:00.780443,2025-03-29 21:42:00.889371,0.108928
2153,fastml,0,onesidedselection,0.125,-1.0,COMPLETE,2025-03-29 21:42:00.912618,2025-03-29 21:42:01.024518,0.1119
2154,gaussiancopula,auto,onesidedselection,0.5,-1.0,COMPLETE,2025-03-29 21:42:01.048610,2025-03-29 21:42:01.158915,0.110305
2155,copulagan,2,clustercentroid,0,-1.0,COMPLETE,2025-03-29 21:42:01.181847,2025-03-29 21:42:01.570709,0.388862
2156,gaussiancopula,0.25,nearmiss,0.125,-1.0,COMPLETE,2025-03-29 21:42:01.584669,2025-03-29 21:42:01.696462,0.111793
2157,copulagan,auto,tomeklinks,0,-1.0,COMPLETE,2025-03-29 21:42:01.719663,2025-03-29 21:42:02.116065,0.396402
2158,gaussiancopula,auto,onesidedselection,0,-1.0,COMPLETE,2025-03-29 21:42:02.139511,2025-03-29 21:42:02.285253,0.145742
2159,tvae,0,condensednn,0.0625,-1.0,COMPLETE,2025-03-29 21:42:02.308460,2025-03-29 21:42:02.447393,0.138933
2160,tvae,0.5,condensednn,0.25,-1.0,COMPLETE,2025-03-29 21:42:02.467054,2025-03-29 21:42:02.608118,0.141064
2161,fastml,0.5,instancehardness,auto,-1.0,COMPLETE,2025-03-29 21:42:02.632005,2025-03-29 21:42:03.221506,0.589501
2162,ctgan,2,condensednn,auto,-1.0,COMPLETE,2025-03-29 21:42:03.245719,2025-03-29 21:42:03.387861,0.142142
2163,tvae,auto,clustercentroid,0.5,-1.0,COMPLETE,2025-03-29 21:42:03.411568,2025-03-29 21:42:03.553227,0.141659
2164,random,1,editednn,auto,-1.0,COMPLETE,2025-03-29 21:42:03.576576,2025-03-29 21:42:03.704875,0.128299
2165,tvae,0.5,editednn,auto,-1.0,COMPLETE,2025-03-29 21:42:03.728357,2025-03-29 21:42:03.867251,0.138894
2166,smote,auto,editednn,0.25,-1.0,COMPLETE,2025-03-29 21:42:03.890400,2025-03-29 21:42:03.998478,0.108078
2167,adasyn,0.25,condensednn,0.5,-1.0,COMPLETE,2025-03-29 21:42:04.021926,2025-03-29 21:42:04.138445,0.116519
2168,smote,0.25,onesidedselection,0.125,-1.0,COMPLETE,2025-03-29 21:42:04.161659,2025-03-29 21:42:04.271408,0.109749
2169,adasyn,auto,nearmiss,0.5,-1.0,COMPLETE,2025-03-29 21:42:04.295706,2025-03-29 21:42:04.404549,0.108843
2170,copulagan,1,random,auto,-1.0,COMPLETE,2025-03-29 21:42:04.417887,2025-03-29 21:42:04.810122,0.392235
2171,random,2,tomeklinks,auto,-1.0,COMPLETE,2025-03-29 21:42:04.823836,2025-03-29 21:42:04.947108,0.123272
2172,fastml,auto,tomeklinks,0.25,-1.0,COMPLETE,2025-03-29 21:42:04.970200,2025-03-29 21:42:05.084290,0.11409
2173,gaussiancopula,2,editednn,0.0625,-1.0,COMPLETE,2025-03-29 21:42:05.108353,2025-03-29 21:42:05.220231,0.111878
2174,ctgan,0.5,instancehardness,0.125,-1.0,COMPLETE,2025-03-29 21:42:05.243801,2025-03-29 21:42:05.388109,0.144308
2175,copulagan,auto,condensednn,0.125,-1.0,COMPLETE,2025-03-29 21:42:05.411618,2025-03-29 21:42:05.801971,0.390353
2176,fastml,0.25,random,0,-1.0,COMPLETE,2025-03-29 21:42:05.816054,2025-03-29 21:42:05.961104,0.14505
2177,tvae,0.25,instancehardness,0.5,-1.0,COMPLETE,2025-03-29 21:42:05.984539,2025-03-29 21:42:06.125068,0.140529
2178,ctgan,0.5,clustercentroid,0,-1.0,COMPLETE,2025-03-29 21:42:06.148497,2025-03-29 21:42:06.290055,0.141558
2179,gaussiancopula,2,instancehardness,auto,-1.0,COMPLETE,2025-03-29 21:42:06.313551,2025-03-29 21:42:06.907414,0.593863
2180,copulagan,1,random,0.125,-1.0,COMPLETE,2025-03-29 21:42:06.931750,2025-03-29 21:42:07.327843,0.396093
2181,adasyn,auto,editednn,0.25,-1.0,COMPLETE,2025-03-29 21:42:07.341691,2025-03-29 21:42:07.448229,0.106538
2182,fastml,0,nearmiss,0.5,-1.0,COMPLETE,2025-03-29 21:42:07.470871,2025-03-29 21:42:07.579222,0.108351
2183,tvae,1,random,0.25,-1.0,COMPLETE,2025-03-29 21:42:07.599448,2025-03-29 21:42:07.736270,0.136822
2184,copulagan,0.5,tomeklinks,0.5,-1.0,COMPLETE,2025-03-29 21:42:07.758876,2025-03-29 21:42:08.145351,0.386475
2185,tvae,0.25,random,0.25,-1.0,COMPLETE,2025-03-29 21:42:08.159443,2025-03-29 21:42:08.304150,0.144707
2186,tvae,2,clustercentroid,auto,-1.0,COMPLETE,2025-03-29 21:42:08.328443,2025-03-29 21:42:08.470733,0.14229
2187,fastml,0.25,editednn,auto,-1.0,COMPLETE,2025-03-29 21:42:08.493762,2025-03-29 21:42:08.603404,0.109642
2188,ctgan,0.5,onesidedselection,0,-1.0,COMPLETE,2025-03-29 21:42:08.627146,2025-03-29 21:42:08.769245,0.142099
2189,adasyn,0,clustercentroid,0.25,-1.0,COMPLETE,2025-03-29 21:42:08.792531,2025-03-29 21:42:08.896831,0.1043
2190,smote,2,condensednn,auto,-1.0,COMPLETE,2025-03-29 21:42:08.919262,2025-03-29 21:42:09.027992,0.10873
2191,fastml,auto,condensednn,0.25,-1.0,COMPLETE,2025-03-29 21:42:09.050890,2025-03-29 21:42:09.164758,0.113868
2192,tvae,2,tomeklinks,auto,-1.0,COMPLETE,2025-03-29 21:42:09.187762,2025-03-29 21:42:09.333988,0.146226
2193,ctgan,auto,clustercentroid,0,-1.0,COMPLETE,2025-03-29 21:42:09.357550,2025-03-29 21:42:09.494700,0.13715
2194,ctgan,auto,editednn,0.125,-1.0,COMPLETE,2025-03-29 21:42:09.517704,2025-03-29 21:42:09.654773,0.137069
2195,random,1,random,0,-1.0,COMPLETE,2025-03-29 21:42:09.677993,2025-03-29 21:42:09.834727,0.156734
2196,ctgan,0,clustercentroid,0.5,-1.0,COMPLETE,2025-03-29 21:42:09.858453,2025-03-29 21:42:09.997197,0.138744
2197,tvae,1,clustercentroid,0.5,-1.0,COMPLETE,2025-03-29 21:42:10.019989,2025-03-29 21:42:10.161562,0.141573
2198,gaussiancopula,2,onesidedselection,auto,-1.0,COMPLETE,2025-03-29 21:42:10.184421,2025-03-29 21:42:10.300809,0.116388
2199,tvae,2,random,0.125,-1.0,COMPLETE,2025-03-29 21:42:10.324570,2025-03-29 21:42:10.462270,0.1377
2200,random,2,tomeklinks,0.0625,-1.0,COMPLETE,2025-03-29 21:42:10.485894,2025-03-29 21:42:10.612073,0.126179
2201,gaussiancopula,2,tomeklinks,auto,-1.0,COMPLETE,2025-03-29 21:42:10.635337,2025-03-29 21:42:10.747084,0.111747
2202,adasyn,0.25,onesidedselection,0.5,-1.0,COMPLETE,2025-03-29 21:42:10.770218,2025-03-29 21:42:10.878017,0.107799
2203,random,2,clustercentroid,auto,-1.0,COMPLETE,2025-03-29 21:42:10.900707,2025-03-29 21:42:11.025749,0.125042
2204,adasyn,0.5,random,0.0625,-1.0,COMPLETE,2025-03-29 21:42:11.048597,2025-03-29 21:42:11.196070,0.147473
2205,tvae,0.25,nearmiss,auto,-1.0,COMPLETE,2025-03-29 21:42:11.220005,2025-03-29 21:42:11.357580,0.137575
2206,ctgan,2,instancehardness,auto,-1.0,COMPLETE,2025-03-29 21:42:11.380169,2025-03-29 21:42:11.518783,0.138614
2207,copulagan,0.5,nearmiss,0.0625,-1.0,COMPLETE,2025-03-29 21:42:11.541496,2025-03-29 21:42:11.926425,0.384929
2208,smote,auto,random,0.0625,-1.0,COMPLETE,2025-03-29 21:42:11.940460,2025-03-29 21:42:12.083259,0.142799
2209,fastml,1,onesidedselection,0.0625,-1.0,COMPLETE,2025-03-29 21:42:12.096529,2025-03-29 21:42:12.208753,0.112224
2210,random,0.25,editednn,0,-1.0,COMPLETE,2025-03-29 21:42:12.231716,2025-03-29 21:42:12.378971,0.147255
2211,fastml,0.25,instancehardness,0.25,-1.0,COMPLETE,2025-03-29 21:42:12.401470,2025-03-29 21:42:12.991420,0.58995
2212,gaussiancopula,auto,onesidedselection,0.0625,-1.0,COMPLETE,2025-03-29 21:42:13.016122,2025-03-29 21:42:13.227331,0.211209
2213,smote,0.25,nearmiss,0.125,-1.0,COMPLETE,2025-03-29 21:42:13.250464,2025-03-29 21:42:13.363427,0.112963
2214,smote,1,onesidedselection,0.25,-1.0,COMPLETE,2025-03-29 21:42:13.386926,2025-03-29 21:42:13.495417,0.108491
2215,tvae,auto,clustercentroid,0.125,-1.0,COMPLETE,2025-03-29 21:42:13.518539,2025-03-29 21:42:13.658669,0.14013
2216,copulagan,0,nearmiss,0.0625,-1.0,COMPLETE,2025-03-29 21:42:13.681976,2025-03-29 21:42:14.066877,0.384901
2217,fastml,2,condensednn,0.125,-1.0,COMPLETE,2025-03-29 21:42:14.081661,2025-03-29 21:42:14.195778,0.114117
2218,ctgan,0,clustercentroid,0.125,-1.0,COMPLETE,2025-03-29 21:42:14.218570,2025-03-29 21:42:14.363779,0.145209
2219,adasyn,0.25,random,0.0625,-1.0,COMPLETE,2025-03-29 21:42:14.387696,2025-03-29 21:42:14.540681,0.152985
2220,random,0.25,editednn,auto,-1.0,COMPLETE,2025-03-29 21:42:14.564311,2025-03-29 21:42:14.688520,0.124209
2221,adasyn,2,nearmiss,0.125,-1.0,COMPLETE,2025-03-29 21:42:14.711262,2025-03-29 21:42:14.828433,0.117171
2222,smote,0,tomeklinks,0.5,-1.0,COMPLETE,2025-03-29 21:42:14.852717,2025-03-29 21:42:14.959754,0.107037
2223,gaussiancopula,0.25,tomeklinks,0.0625,-1.0,COMPLETE,2025-03-29 21:42:14.983369,2025-03-29 21:42:15.095418,0.112049
2224,smote,2,random,0.0625,-1.0,COMPLETE,2025-03-29 21:42:15.118151,2025-03-29 21:42:15.262800,0.144649
2225,copulagan,auto,nearmiss,0.5,-1.0,COMPLETE,2025-03-29 21:42:15.286088,2025-03-29 21:42:15.682398,0.39631
2226,smote,0.25,clustercentroid,0.25,-1.0,COMPLETE,2025-03-29 21:42:15.696014,2025-03-29 21:42:15.803490,0.107476
2227,gaussiancopula,0.25,instancehardness,0.0625,-1.0,COMPLETE,2025-03-29 21:42:15.826208,2025-03-29 21:42:16.417435,0.591227
2228,ctgan,auto,nearmiss,0.5,-1.0,COMPLETE,2025-03-29 21:42:16.440703,2025-03-29 21:42:16.588386,0.147683
2229,copulagan,0,instancehardness,0.5,-1.0,COMPLETE,2025-03-29 21:42:16.613831,2025-03-29 21:42:17.007004,0.393173
2230,ctgan,1,clustercentroid,0.5,-1.0,COMPLETE,2025-03-29 21:42:17.021072,2025-03-29 21:42:17.167612,0.14654
2231,random,1,condensednn,0.125,-1.0,COMPLETE,2025-03-29 21:42:17.182128,2025-03-29 21:42:17.313584,0.131456
2232,fastml,1,condensednn,0.5,-1.0,COMPLETE,2025-03-29 21:42:17.336290,2025-03-29 21:42:17.452215,0.115925
2233,adasyn,1,tomeklinks,0.0625,-1.0,COMPLETE,2025-03-29 21:42:17.476619,2025-03-29 21:42:17.587921,0.111302
2234,ctgan,0.5,editednn,0.5,-1.0,COMPLETE,2025-03-29 21:42:17.610829,2025-03-29 21:42:17.750576,0.139747
2235,gaussiancopula,0,editednn,0.125,-1.0,COMPLETE,2025-03-29 21:42:17.773163,2025-03-29 21:42:17.887351,0.114188
2236,tvae,auto,instancehardness,0.0625,-1.0,COMPLETE,2025-03-29 21:42:17.909861,2025-03-29 21:42:18.055509,0.145648
2237,ctgan,1,instancehardness,auto,-1.0,COMPLETE,2025-03-29 21:42:18.080506,2025-03-29 21:42:18.229859,0.149353
2238,copulagan,0.25,tomeklinks,0.5,-1.0,COMPLETE,2025-03-29 21:42:18.253117,2025-03-29 21:42:18.647550,0.394433
2239,smote,2,onesidedselection,0.0625,-1.0,COMPLETE,2025-03-29 21:42:18.670528,2025-03-29 21:42:18.781226,0.110698
2240,copulagan,0.5,tomeklinks,0,-1.0,COMPLETE,2025-03-29 21:42:18.804488,2025-03-29 21:42:19.202721,0.398233
2241,gaussiancopula,2,clustercentroid,0,-1.0,COMPLETE,2025-03-29 21:42:19.216493,2025-03-29 21:42:19.358327,0.141834
2242,ctgan,0.5,onesidedselection,0.5,-1.0,COMPLETE,2025-03-29 21:42:19.381408,2025-03-29 21:42:19.524639,0.143231
2243,tvae,0.25,instancehardness,0.25,-1.0,COMPLETE,2025-03-29 21:42:19.548077,2025-03-29 21:42:19.687973,0.139896
2244,copulagan,0.25,clustercentroid,auto,-1.0,COMPLETE,2025-03-29 21:42:19.711851,2025-03-29 21:42:20.103804,0.391953
2245,ctgan,auto,random,0,-1.0,COMPLETE,2025-03-29 21:42:20.117411,2025-03-29 21:42:20.257868,0.140457
2246,smote,0,onesidedselection,0.0625,-1.0,COMPLETE,2025-03-29 21:42:20.281835,2025-03-29 21:42:20.388262,0.106427
2247,tvae,auto,editednn,0,-1.0,COMPLETE,2025-03-29 21:42:20.410993,2025-03-29 21:42:20.554966,0.143973
2248,random,0.25,clustercentroid,0.5,-1.0,COMPLETE,2025-03-29 21:42:20.578165,2025-03-29 21:42:20.709268,0.131103
2249,copulagan,0,nearmiss,0.25,-1.0,COMPLETE,2025-03-29 21:42:20.732083,2025-03-29 21:42:21.124316,0.392233
2250,ctgan,2,random,auto,-1.0,COMPLETE,2025-03-29 21:42:21.137672,2025-03-29 21:42:21.284822,0.14715
2251,random,0,onesidedselection,0.125,-1.0,COMPLETE,2025-03-29 21:42:21.308525,2025-03-29 21:42:21.417480,0.108955
2252,fastml,2,instancehardness,auto,-1.0,COMPLETE,2025-03-29 21:42:21.440331,2025-03-29 21:42:22.017559,0.577228
2253,tvae,0.5,condensednn,auto,-1.0,COMPLETE,2025-03-29 21:42:22.031420,2025-03-29 21:42:22.176173,0.144753
2254,random,auto,instancehardness,0,-1.0,COMPLETE,2025-03-29 21:42:22.189597,2025-03-29 21:42:22.340825,0.151228
2255,ctgan,0,onesidedselection,0,-1.0,ERROR,,,0.0
2256,adasyn,0,editednn,0.0625,-1.0,COMPLETE,2025-03-29 21:42:22.515670,2025-03-29 21:42:22.621491,0.105821
2257,copulagan,auto,editednn,0.5,-1.0,COMPLETE,2025-03-29 21:42:22.634715,2025-03-29 21:42:23.025429,0.390714
2258,tvae,0,random,auto,-1.0,COMPLETE,2025-03-29 21:42:23.038890,2025-03-29 21:42:23.183726,0.144836
2259,random,2,onesidedselection,auto,-1.0,COMPLETE,2025-03-29 21:42:23.208189,2025-03-29 21:42:23.334652,0.126463
2260,gaussiancopula,1,tomeklinks,0.125,-1.0,COMPLETE,2025-03-29 21:42:23.358676,2025-03-29 21:42:23.475539,0.116863
2261,tvae,0.25,editednn,0,-1.0,COMPLETE,2025-03-29 21:42:23.498781,2025-03-29 21:42:23.640023,0.141242
2262,smote,0.25,condensednn,0.125,-1.0,COMPLETE,2025-03-29 21:42:23.663870,2025-03-29 21:42:23.776567,0.112697
2263,random,1,instancehardness,0.5,-1.0,COMPLETE,2025-03-29 21:42:23.800414,2025-03-29 21:42:24.396945,0.596531
2264,random,0.25,nearmiss,0.5,-1.0,COMPLETE,2025-03-29 21:42:24.421089,2025-03-29 21:42:24.548955,0.127866
2265,copulagan,2,nearmiss,0.125,-1.0,COMPLETE,2025-03-29 21:42:24.571835,2025-03-29 21:42:25.003464,0.431629
2266,random,0.5,tomeklinks,0.0625,-1.0,COMPLETE,2025-03-29 21:42:25.018023,2025-03-29 21:42:25.147977,0.129954
2267,adasyn,0.5,random,0,-1.0,COMPLETE,2025-03-29 21:42:25.170943,2025-03-29 21:42:25.307346,0.136403
2268,ctgan,1,tomeklinks,0,-1.0,COMPLETE,2025-03-29 21:42:25.332255,2025-03-29 21:42:25.477009,0.144754
2269,smote,0.25,condensednn,0,-1.0,COMPLETE,2025-03-29 21:42:25.501119,2025-03-29 21:42:25.643337,0.142218
2270,ctgan,0.25,nearmiss,0,-1.0,COMPLETE,2025-03-29 21:42:25.666703,2025-03-29 21:42:25.810817,0.144114
2271,smote,1,instancehardness,0.0625,-1.0,COMPLETE,2025-03-29 21:42:25.834644,2025-03-29 21:42:26.419928,0.585284
2272,random,auto,onesidedselection,auto,-1.0,COMPLETE,2025-03-29 21:42:26.444802,2025-03-29 21:42:26.570644,0.125842
2273,smote,1,onesidedselection,0.0625,-1.0,COMPLETE,2025-03-29 21:42:26.593534,2025-03-29 21:42:26.703073,0.109539
2274,copulagan,1,onesidedselection,0.5,-1.0,COMPLETE,2025-03-29 21:42:26.716064,2025-03-29 21:42:27.112999,0.396935
2275,fastml,0.25,clustercentroid,0,-1.0,COMPLETE,2025-03-29 21:42:27.127332,2025-03-29 21:42:27.269312,0.14198
2276,gaussiancopula,auto,nearmiss,0.25,-1.0,COMPLETE,2025-03-29 21:42:27.291975,2025-03-29 21:42:27.405483,0.113508
2277,ctgan,0.5,clustercentroid,0.125,-1.0,COMPLETE,2025-03-29 21:42:27.429098,2025-03-29 21:42:27.574795,0.145697
2278,smote,0,onesidedselection,auto,-1.0,COMPLETE,2025-03-29 21:42:27.598287,2025-03-29 21:42:27.710414,0.112127
2279,ctgan,2,instancehardness,0.125,-1.0,COMPLETE,2025-03-29 21:42:27.734082,2025-03-29 21:42:27.875090,0.141008
2280,ctgan,1,random,0.125,-1.0,COMPLETE,2025-03-29 21:42:27.898001,2025-03-29 21:42:28.037318,0.139317
2281,tvae,0,nearmiss,0.0625,-1.0,COMPLETE,2025-03-29 21:42:28.051054,2025-03-29 21:42:28.191892,0.140838
2282,smote,0.5,clustercentroid,0.0625,-1.0,COMPLETE,2025-03-29 21:42:28.214719,2025-03-29 21:42:28.325151,0.110432
2283,random,1,random,0.0625,-1.0,COMPLETE,2025-03-29 21:42:28.348549,2025-03-29 21:42:28.511534,0.162985
2284,adasyn,0.5,onesidedselection,0,-1.0,COMPLETE,2025-03-29 21:42:28.535393,2025-03-29 21:42:28.677374,0.141981
2285,random,1,random,0.5,-1.0,COMPLETE,2025-03-29 21:42:28.701066,2025-03-29 21:42:28.854145,0.153079
2286,adasyn,0,nearmiss,0.0625,-1.0,COMPLETE,2025-03-29 21:42:28.871169,2025-03-29 21:42:28.977839,0.10667
2287,tvae,1,clustercentroid,0.25,-1.0,COMPLETE,2025-03-29 21:42:29.001550,2025-03-29 21:42:29.146793,0.145243
2288,gaussiancopula,2,nearmiss,0.0625,-1.0,COMPLETE,2025-03-29 21:42:29.170065,2025-03-29 21:42:29.288178,0.118113
2289,gaussiancopula,1,nearmiss,0,-1.0,COMPLETE,2025-03-29 21:42:29.312345,2025-03-29 21:42:29.459588,0.147243
2290,fastml,auto,clustercentroid,0.125,-1.0,COMPLETE,2025-03-29 21:42:29.483343,2025-03-29 21:42:29.595761,0.112418
2291,gaussiancopula,2,random,auto,-1.0,COMPLETE,2025-03-29 21:42:29.618664,2025-03-29 21:42:29.762997,0.144333
2292,adasyn,auto,condensednn,0.25,-1.0,COMPLETE,2025-03-29 21:42:29.787268,2025-03-29 21:42:29.901913,0.114645
2293,fastml,0,instancehardness,0.5,-1.0,COMPLETE,2025-03-29 21:42:29.925137,2025-03-29 21:42:30.518262,0.593125
2294,adasyn,0.25,random,0.25,-1.0,COMPLETE,2025-03-29 21:42:30.542198,2025-03-29 21:42:30.684222,0.142024
2295,fastml,0,clustercentroid,auto,-1.0,COMPLETE,2025-03-29 21:42:30.708080,2025-03-29 21:42:30.821042,0.112962
2296,fastml,0.25,instancehardness,0.125,-1.0,COMPLETE,2025-03-29 21:42:30.845340,2025-03-29 21:42:31.427606,0.582266
2297,fastml,auto,editednn,0.5,-1.0,COMPLETE,2025-03-29 21:42:31.452072,2025-03-29 21:42:31.567334,0.115262
2298,gaussiancopula,0.25,editednn,0.0625,-1.0,COMPLETE,2025-03-29 21:42:31.590282,2025-03-29 21:42:31.702582,0.1123
2299,adasyn,0.5,instancehardness,0.5,-1.0,COMPLETE,2025-03-29 21:42:31.725723,2025-03-29 21:42:32.329570,0.603847
2300,fastml,2,condensednn,0.25,-1.0,COMPLETE,2025-03-29 21:42:32.353004,2025-03-29 21:42:32.470791,0.117787
2301,ctgan,1,random,0.0625,-1.0,COMPLETE,2025-03-29 21:42:32.494385,2025-03-29 21:42:32.644204,0.149819
2302,copulagan,0.5,random,0.125,-1.0,COMPLETE,2025-03-29 21:42:32.667025,2025-03-29 21:42:33.064262,0.397237
2303,fastml,2,tomeklinks,0.0625,-1.0,COMPLETE,2025-03-29 21:42:33.078430,2025-03-29 21:42:33.199218,0.120788
2304,random,1,instancehardness,0,-1.0,COMPLETE,2025-03-29 21:42:33.221730,2025-03-29 21:42:33.378963,0.157233
