trial_id,oversampling_method,oversampling_threshold,undersampling_method,undersampling_threshold,value,state,start_time,complete_time,total_time
1,ctgan,0.25,nearmiss,0.125,0.9891604499066595,COMPLETE,2025-03-29 06:16:37.128874,2025-03-29 06:17:51.701701,74.572827
2,tvae,0.5,instancehardness,0.5,0.9826641023852425,COMPLETE,2025-03-29 06:17:51.726026,2025-03-29 06:18:26.534113,34.808087
3,ctgan,1,tomeklinks,0.25,0.982663952192812,COMPLETE,2025-03-29 06:18:26.546268,2025-03-29 06:18:45.477373,18.931105
4,copulagan,0.25,instancehardness,0.0625,0.9870257379972729,COMPLETE,2025-03-29 06:18:45.489883,2025-03-29 06:19:45.118228,59.628345
5,adasyn,0.25,onesidedselection,0.125,-1.0,COMPLETE,2025-03-29 06:19:45.130442,2025-03-29 06:19:45.173610,0.043168
6,fastml,0,random,0.125,0.993502999650116,COMPLETE,2025-03-29 06:19:45.185717,2025-03-29 06:20:01.320604,16.134887
7,random,0.5,instancehardness,0,0.98916403461858,COMPLETE,2025-03-29 06:20:01.337195,2025-03-29 06:20:17.316872,15.979677
8,ctgan,1,condensednn,0,0.9782971627011856,COMPLETE,2025-03-29 06:20:17.330021,2025-03-29 06:20:34.739847,17.409826
9,gaussiancopula,auto,tomeklinks,0,0.9913421468043316,COMPLETE,2025-03-29 06:20:34.752453,2025-03-29 06:20:50.963384,16.210931
10,gaussiancopula,1,tomeklinks,0.25,0.9848535303080758,COMPLETE,2025-03-29 06:20:50.979063,2025-03-29 06:21:08.087354,17.108291
11,tvae,auto,nearmiss,0.125,0.9826747146507947,COMPLETE,2025-03-29 06:21:08.105961,2025-03-29 06:21:24.519583,16.413622
12,smote,2,condensednn,auto,0.613993656688675,COMPLETE,2025-03-29 06:21:24.533110,2025-03-29 06:21:36.013878,11.480768
13,adasyn,0.5,onesidedselection,0.0625,-1.0,COMPLETE,2025-03-29 06:21:36.027546,2025-03-29 06:21:36.068842,0.041296
14,fastml,2,onesidedselection,0.25,0.9848589721253914,COMPLETE,2025-03-29 06:21:36.079723,2025-03-29 06:21:51.573837,15.494114
15,adasyn,auto,instancehardness,auto,-1.0,COMPLETE,2025-03-29 06:21:51.585919,2025-03-29 06:21:51.626003,0.040084
16,ctgan,2,instancehardness,0.125,0.9892084292555944,COMPLETE,2025-03-29 06:21:51.637007,2025-03-29 06:22:10.091116,18.454109
17,random,2,random,0,0.98916403461858,COMPLETE,2025-03-29 06:22:10.104120,2025-03-29 06:22:26.040055,15.935935
18,smote,0,clustercentroid,0.0625,0.9891626891626891,COMPLETE,2025-03-29 06:22:26.052171,2025-03-29 06:22:47.824989,21.772818
19,ctgan,auto,random,auto,0.9891823765397848,COMPLETE,2025-03-29 06:22:47.840234,2025-03-29 06:23:04.740360,16.900126
20,fastml,auto,onesidedselection,0.25,0.9848589721253914,COMPLETE,2025-03-29 06:23:04.755546,2025-03-29 06:23:20.082699,15.327153
21,fastml,auto,nearmiss,0,0.9847832082520709,COMPLETE,2025-03-29 06:23:20.095990,2025-03-29 06:23:35.232947,15.136957
22,tvae,1,onesidedselection,auto,0.9805080849157983,COMPLETE,2025-03-29 06:23:35.254194,2025-03-29 06:23:50.899221,15.645027
23,tvae,auto,instancehardness,0.0625,0.9826641023852425,COMPLETE,2025-03-29 06:23:50.911459,2025-03-29 06:24:08.528322,17.616863
24,gaussiancopula,0.5,nearmiss,0.5,0.9806037080590027,COMPLETE,2025-03-29 06:24:08.540252,2025-03-29 06:24:26.493548,17.953296
25,smote,0.5,clustercentroid,auto,0.9935066489688338,COMPLETE,2025-03-29 06:24:26.512752,2025-03-29 06:24:48.744279,22.231527
26,fastml,0,nearmiss,0.125,0.9892179705155923,COMPLETE,2025-03-29 06:24:48.756831,2025-03-29 06:25:04.563876,15.807045
27,smote,0,clustercentroid,0.25,0.9891626891626891,COMPLETE,2025-03-29 06:25:04.584020,2025-03-29 06:25:26.246080,21.66206
28,random,auto,condensednn,0.0625,0.6002264619994727,COMPLETE,2025-03-29 06:25:26.263574,2025-03-29 06:25:38.330587,12.067013
29,copulagan,2,instancehardness,0.5,0.9870257379972729,COMPLETE,2025-03-29 06:25:38.345281,2025-03-29 06:25:56.265634,17.920353
30,gaussiancopula,2,instancehardness,0,0.9913421468043316,COMPLETE,2025-03-29 06:25:56.277317,2025-03-29 06:26:11.182993,14.905676
31,adasyn,1,nearmiss,0.125,-1.0,COMPLETE,2025-03-29 06:26:11.195510,2025-03-29 06:26:11.237940,0.04243
32,ctgan,auto,instancehardness,0.5,0.9892084292555944,COMPLETE,2025-03-29 06:26:11.249489,2025-03-29 06:26:29.921678,18.672189
33,adasyn,2,instancehardness,0.5,-1.0,COMPLETE,2025-03-29 06:26:29.935791,2025-03-29 06:26:29.977805,0.042014
34,ctgan,0.5,random,0.0625,0.9891823765397848,COMPLETE,2025-03-29 06:26:29.988709,2025-03-29 06:26:46.817306,16.828597
35,tvae,1,nearmiss,0.25,0.9826747146507947,COMPLETE,2025-03-29 06:26:46.829204,2025-03-29 06:27:03.248967,16.419763
36,smote,1,tomeklinks,0.0625,0.9805547907596056,COMPLETE,2025-03-29 06:27:03.265624,2025-03-29 06:27:19.218285,15.952661
37,tvae,1,onesidedselection,0,0.9869457197202036,COMPLETE,2025-03-29 06:27:19.234170,2025-03-29 06:27:35.283615,16.049445
38,adasyn,0.25,condensednn,auto,-1.0,COMPLETE,2025-03-29 06:27:35.295355,2025-03-29 06:27:35.336757,0.041402
39,copulagan,1,editednn,0.0625,0.9783033686864364,COMPLETE,2025-03-29 06:27:35.347629,2025-03-29 06:27:52.901689,17.55406
40,fastml,auto,instancehardness,0.5,0.9848239453080575,COMPLETE,2025-03-29 06:27:52.913535,2025-03-29 06:28:09.355764,16.442229
41,tvae,2,condensednn,0,0.9869457197202036,COMPLETE,2025-03-29 06:28:09.367307,2025-03-29 06:28:25.680902,16.313595
42,random,2,nearmiss,0.5,0.984870501399427,COMPLETE,2025-03-29 06:28:25.696122,2025-03-29 06:28:40.974320,15.278198
43,ctgan,1,random,0.0625,0.9891823765397848,COMPLETE,2025-03-29 06:28:40.987216,2025-03-29 06:28:58.152772,17.165556
44,ctgan,2,tomeklinks,0.0625,0.982663952192812,COMPLETE,2025-03-29 06:28:58.170432,2025-03-29 06:29:17.511587,19.341155
45,fastml,0.5,nearmiss,0.5,0.9848225341252012,COMPLETE,2025-03-29 06:29:17.523737,2025-03-29 06:29:32.837872,15.314135
46,tvae,0,nearmiss,0.25,0.9892179705155923,COMPLETE,2025-03-29 06:29:32.856296,2025-03-29 06:29:48.742534,15.886238
47,ctgan,0.5,clustercentroid,auto,0.9782569445361456,COMPLETE,2025-03-29 06:29:48.757236,2025-03-29 06:30:12.097363,23.340127
48,adasyn,1,condensednn,0,-1.0,COMPLETE,2025-03-29 06:30:12.109541,2025-03-29 06:30:12.151184,0.041643
49,random,1,onesidedselection,0.0625,0.9783747611716287,COMPLETE,2025-03-29 06:30:12.162898,2025-03-29 06:30:25.428922,13.266024
50,ctgan,0.5,clustercentroid,0,0.9782971627011856,COMPLETE,2025-03-29 06:30:25.450277,2025-03-29 06:30:42.847081,17.396804
51,copulagan,auto,nearmiss,0.25,0.9848362611804578,COMPLETE,2025-03-29 06:30:42.862674,2025-03-29 06:30:58.178411,15.315737
52,tvae,1,instancehardness,auto,0.9826641023852425,COMPLETE,2025-03-29 06:30:58.193089,2025-03-29 06:31:14.936430,16.743341
53,fastml,0.5,instancehardness,0.0625,0.9848239453080575,COMPLETE,2025-03-29 06:31:14.948036,2025-03-29 06:31:31.312044,16.364008
54,adasyn,2,tomeklinks,0,-1.0,COMPLETE,2025-03-29 06:31:31.323545,2025-03-29 06:31:31.364579,0.041034
55,fastml,0.5,onesidedselection,0.5,0.9848589721253914,COMPLETE,2025-03-29 06:31:31.376420,2025-03-29 06:31:46.676209,15.299789
56,gaussiancopula,1,condensednn,0.125,0.7541065445177416,COMPLETE,2025-03-29 06:31:46.692770,2025-03-29 06:31:59.233773,12.541003
57,random,0,tomeklinks,0.5,0.984768810218344,COMPLETE,2025-03-29 06:31:59.248617,2025-03-29 06:32:14.711711,15.463094
58,random,auto,onesidedselection,0.0625,0.9783747611716287,COMPLETE,2025-03-29 06:32:14.726051,2025-03-29 06:32:27.856300,13.130249
59,gaussiancopula,2,instancehardness,0.25,0.9848435926094576,COMPLETE,2025-03-29 06:32:27.875027,2025-03-29 06:32:43.613131,15.738104
60,adasyn,0.5,tomeklinks,0.25,-1.0,COMPLETE,2025-03-29 06:32:43.624791,2025-03-29 06:32:43.671226,0.046435
61,adasyn,1,onesidedselection,0.25,-1.0,COMPLETE,2025-03-29 06:32:43.682653,2025-03-29 06:32:43.726504,0.043851
62,smote,auto,nearmiss,0.25,0.9869494027026645,COMPLETE,2025-03-29 06:32:43.738174,2025-03-29 06:32:57.698104,13.95993
63,adasyn,0.5,tomeklinks,0.0625,-1.0,COMPLETE,2025-03-29 06:32:57.720023,2025-03-29 06:32:57.764768,0.044745
64,adasyn,1,nearmiss,0.5,-1.0,COMPLETE,2025-03-29 06:32:57.776181,2025-03-29 06:32:57.818728,0.042547
65,smote,0.25,tomeklinks,0.125,0.9805547907596056,COMPLETE,2025-03-29 06:32:57.830525,2025-03-29 06:33:13.770112,15.939587
66,smote,0.25,clustercentroid,auto,0.9935066489688338,COMPLETE,2025-03-29 06:33:13.783057,2025-03-29 06:33:35.569798,21.786741
67,adasyn,0.5,onesidedselection,0.25,-1.0,COMPLETE,2025-03-29 06:33:35.581529,2025-03-29 06:33:35.627175,0.045646
68,gaussiancopula,0.25,instancehardness,auto,0.9848435926094576,COMPLETE,2025-03-29 06:33:35.638552,2025-03-29 06:33:51.517758,15.879206
69,copulagan,2,condensednn,0,0.9848186793619221,COMPLETE,2025-03-29 06:33:51.529508,2025-03-29 06:34:08.657436,17.127928
70,fastml,0.5,instancehardness,0.25,0.9848239453080575,COMPLETE,2025-03-29 06:34:08.669180,2025-03-29 06:34:25.122329,16.453149
71,tvae,1,onesidedselection,0.125,0.9805080849157983,COMPLETE,2025-03-29 06:34:25.134743,2025-03-29 06:34:40.849460,15.714717
72,smote,0.25,random,auto,0.9891935575896289,COMPLETE,2025-03-29 06:34:40.862367,2025-03-29 06:34:55.575265,14.712898
73,gaussiancopula,0.5,instancehardness,0.25,0.9848435926094576,COMPLETE,2025-03-29 06:34:55.592371,2025-03-29 06:35:11.192341,15.59997
74,tvae,0.25,random,0.0625,0.987038663735101,COMPLETE,2025-03-29 06:35:11.204725,2025-03-29 06:35:26.364700,15.159975
75,tvae,0.25,editednn,0,0.9869457197202036,COMPLETE,2025-03-29 06:35:26.379521,2025-03-29 06:35:42.596801,16.21728
76,fastml,0.5,clustercentroid,0,0.9847832082520709,COMPLETE,2025-03-29 06:35:42.609325,2025-03-29 06:35:57.889550,15.280225
77,ctgan,1,random,auto,0.9891823765397848,COMPLETE,2025-03-29 06:35:57.911264,2025-03-29 06:36:14.881223,16.969959
78,gaussiancopula,2,clustercentroid,0.25,0.9870058877332495,COMPLETE,2025-03-29 06:36:14.896094,2025-03-29 06:36:37.908008,23.011914
79,gaussiancopula,auto,onesidedselection,0.25,0.9783653319196244,COMPLETE,2025-03-29 06:36:37.920919,2025-03-29 06:36:52.700146,14.779227
80,smote,0,editednn,0.5,0.9784313187068703,COMPLETE,2025-03-29 06:36:52.715564,2025-03-29 06:37:07.173668,14.458104
81,random,0.5,random,0.125,0.9891668172659909,COMPLETE,2025-03-29 06:37:07.189283,2025-03-29 06:37:23.849718,16.660435
82,fastml,auto,tomeklinks,0.5,0.9827175859688069,COMPLETE,2025-03-29 06:37:23.870875,2025-03-29 06:37:39.414717,15.543842
83,ctgan,0,clustercentroid,0.25,0.9891626891626891,COMPLETE,2025-03-29 06:37:39.431362,2025-03-29 06:38:00.880643,21.449281
84,random,2,editednn,0.125,0.9849285252035781,COMPLETE,2025-03-29 06:38:00.896185,2025-03-29 06:38:17.681763,16.785578
85,random,auto,random,0.0625,0.9891668172659909,COMPLETE,2025-03-29 06:38:17.698444,2025-03-29 06:38:34.343413,16.644969
86,copulagan,1,condensednn,0.125,0.5906562194317295,COMPLETE,2025-03-29 06:38:34.365912,2025-03-29 06:38:48.075985,13.710073
87,smote,auto,clustercentroid,0,0.991343141164981,COMPLETE,2025-03-29 06:38:48.088603,2025-03-29 06:39:04.746528,16.657925
88,smote,auto,onesidedselection,0.25,0.9804990292603718,COMPLETE,2025-03-29 06:39:04.759290,2025-03-29 06:39:17.659567,12.900277
89,ctgan,0.25,clustercentroid,0.5,0.9782569445361456,COMPLETE,2025-03-29 06:39:17.671277,2025-03-29 06:39:40.781813,23.110536
90,smote,2,condensednn,0.5,0.613993656688675,COMPLETE,2025-03-29 06:39:40.794902,2025-03-29 06:39:52.164302,11.3694
91,random,1,condensednn,auto,0.6002264619994727,COMPLETE,2025-03-29 06:39:52.176014,2025-03-29 06:40:04.399377,12.223363
92,copulagan,0.25,clustercentroid,0.25,0.9739098244963075,COMPLETE,2025-03-29 06:40:04.415174,2025-03-29 06:40:28.296172,23.880998
93,copulagan,auto,tomeklinks,0.0625,0.9826197196288691,COMPLETE,2025-03-29 06:40:28.310604,2025-03-29 06:40:47.501147,19.190543
94,copulagan,2,random,0.0625,0.9935066489688338,COMPLETE,2025-03-29 06:40:47.523088,2025-03-29 06:41:04.838720,17.315632
95,adasyn,0.25,clustercentroid,0,-1.0,COMPLETE,2025-03-29 06:41:04.856511,2025-03-29 06:41:04.900288,0.043777
96,adasyn,0.5,nearmiss,0,-1.0,COMPLETE,2025-03-29 06:41:04.911385,2025-03-29 06:41:04.954321,0.042936
97,random,0,instancehardness,0.25,0.9763580747443754,COMPLETE,2025-03-29 06:41:04.965510,2025-03-29 06:41:20.773346,15.807836
98,smote,0.25,onesidedselection,0,0.991343141164981,COMPLETE,2025-03-29 06:41:20.788095,2025-03-29 06:41:37.566267,16.778172
99,random,1,condensednn,0,0.98916403461858,COMPLETE,2025-03-29 06:41:37.580403,2025-03-29 06:41:53.309188,15.728785
100,adasyn,2,random,0.125,-1.0,COMPLETE,2025-03-29 06:41:53.321303,2025-03-29 06:41:53.370488,0.049185
101,random,1,nearmiss,auto,0.984870501399427,COMPLETE,2025-03-29 06:41:53.381880,2025-03-29 06:42:08.708344,15.326464
102,tvae,0,condensednn,0,-1.0,ERROR,,,0.0
103,tvae,1,clustercentroid,0,0.9869457197202036,COMPLETE,2025-03-29 06:42:23.514796,2025-03-29 06:42:39.670906,16.15611
104,tvae,auto,nearmiss,0.5,0.9826747146507947,COMPLETE,2025-03-29 06:42:39.683382,2025-03-29 06:42:56.149413,16.466031
105,copulagan,0.25,onesidedselection,0.0625,0.984768810218344,COMPLETE,2025-03-29 06:42:56.163081,2025-03-29 06:43:13.428900,17.265819
106,smote,2,tomeklinks,0.125,0.9805547907596056,COMPLETE,2025-03-29 06:43:13.440632,2025-03-29 06:43:29.460480,16.019848
107,smote,auto,editednn,auto,0.9848822012062426,COMPLETE,2025-03-29 06:43:29.473261,2025-03-29 06:43:44.055105,14.581844
108,tvae,0.25,random,0.25,0.987038663735101,COMPLETE,2025-03-29 06:43:44.068431,2025-03-29 06:43:59.207884,15.139453
109,fastml,0.5,nearmiss,0.0625,0.9848225341252012,COMPLETE,2025-03-29 06:43:59.225703,2025-03-29 06:44:14.504759,15.279056
110,fastml,0.5,condensednn,auto,0.6002126634042212,COMPLETE,2025-03-29 06:44:14.520071,2025-03-29 06:44:27.165400,12.645329
111,tvae,0.25,instancehardness,auto,0.9826641023852425,COMPLETE,2025-03-29 06:44:27.179321,2025-03-29 06:44:43.814186,16.634865
112,random,0.5,random,0.0625,0.9891668172659909,COMPLETE,2025-03-29 06:44:43.825771,2025-03-29 06:45:00.516686,16.690915
113,adasyn,0.25,instancehardness,0,-1.0,COMPLETE,2025-03-29 06:45:00.539437,2025-03-29 06:45:00.582891,0.043454
114,adasyn,0,nearmiss,0.25,0.9892179705155923,COMPLETE,2025-03-29 06:45:00.594872,2025-03-29 06:45:16.415200,15.820328
115,random,auto,random,auto,0.9891668172659909,COMPLETE,2025-03-29 06:45:16.430369,2025-03-29 06:45:33.073365,16.642996
116,ctgan,2,onesidedselection,auto,0.9782982230708627,COMPLETE,2025-03-29 06:45:33.094670,2025-03-29 06:45:48.876100,15.78143
117,fastml,0.5,onesidedselection,auto,0.9848589721253914,COMPLETE,2025-03-29 06:45:48.887744,2025-03-29 06:46:04.214481,15.326737
118,gaussiancopula,auto,nearmiss,0.5,0.9806037080590027,COMPLETE,2025-03-29 06:46:04.227953,2025-03-29 06:46:21.638833,17.41088
119,copulagan,0,random,0,-1.0,ERROR,,,0.0
120,copulagan,0,onesidedselection,auto,0.9783357579867517,COMPLETE,2025-03-29 06:46:36.371249,2025-03-29 06:46:49.546386,13.175137
121,tvae,0.25,editednn,0.25,0.9827173545952453,COMPLETE,2025-03-29 06:46:49.558267,2025-03-29 06:47:06.032140,16.473873
122,smote,2,nearmiss,0.125,0.9869494027026645,COMPLETE,2025-03-29 06:47:06.053278,2025-03-29 06:47:19.824549,13.771271
123,random,0.25,onesidedselection,auto,0.9783747611716287,COMPLETE,2025-03-29 06:47:19.846131,2025-03-29 06:47:32.944551,13.09842
124,copulagan,0,instancehardness,0.125,0.9763580747443754,COMPLETE,2025-03-29 06:47:32.966224,2025-03-29 06:47:48.419559,15.453335
125,copulagan,auto,instancehardness,auto,0.9870257379972729,COMPLETE,2025-03-29 06:47:48.435201,2025-03-29 06:48:06.428283,17.993082
126,random,0,condensednn,0.5,0.6203396548154443,COMPLETE,2025-03-29 06:48:06.439947,2025-03-29 06:48:18.335377,11.89543
127,random,0.25,instancehardness,auto,0.9891907860322813,COMPLETE,2025-03-29 06:48:18.349620,2025-03-29 06:48:32.694927,14.345307
128,ctgan,auto,onesidedselection,0.5,0.9782982230708627,COMPLETE,2025-03-29 06:48:32.707923,2025-03-29 06:48:48.693310,15.985387
129,copulagan,1,nearmiss,auto,0.9848362611804578,COMPLETE,2025-03-29 06:48:48.705310,2025-03-29 06:49:04.207359,15.502049
130,random,0.5,random,0,0.98916403461858,COMPLETE,2025-03-29 06:49:04.221134,2025-03-29 06:49:20.090624,15.86949
131,smote,0.5,onesidedselection,0.0625,0.9804990292603718,COMPLETE,2025-03-29 06:49:20.102684,2025-03-29 06:49:33.025145,12.922461
132,ctgan,auto,tomeklinks,auto,0.982663952192812,COMPLETE,2025-03-29 06:49:33.036863,2025-03-29 06:49:51.994577,18.957714
133,ctgan,0,random,0.5,0.993502999650116,COMPLETE,2025-03-29 06:49:52.006236,2025-03-29 06:50:08.013275,16.007039
134,ctgan,0.25,clustercentroid,0,0.9782971627011856,COMPLETE,2025-03-29 06:50:08.028401,2025-03-29 06:50:25.375227,17.346826
135,gaussiancopula,2,nearmiss,0.5,0.9806037080590027,COMPLETE,2025-03-29 06:50:25.389518,2025-03-29 06:50:42.838777,17.449259
136,tvae,2,onesidedselection,auto,0.9805080849157983,COMPLETE,2025-03-29 06:50:42.853813,2025-03-29 06:50:58.570861,15.717048
137,gaussiancopula,0.25,nearmiss,0.0625,0.9806037080590027,COMPLETE,2025-03-29 06:50:58.584634,2025-03-29 06:51:16.686824,18.10219
138,copulagan,0.5,clustercentroid,0,0.9848186793619221,COMPLETE,2025-03-29 06:51:16.702990,2025-03-29 06:51:33.606458,16.903468
139,ctgan,2,nearmiss,0.0625,0.9891604499066595,COMPLETE,2025-03-29 06:51:33.620590,2025-03-29 06:51:52.186485,18.565895
140,copulagan,0,nearmiss,auto,0.9892179705155923,COMPLETE,2025-03-29 06:51:52.207925,2025-03-29 06:52:08.446384,16.238459
141,ctgan,0.5,tomeklinks,0.5,0.982663952192812,COMPLETE,2025-03-29 06:52:08.458543,2025-03-29 06:52:27.873015,19.414472
142,ctgan,0.5,nearmiss,0.25,0.9891604499066595,COMPLETE,2025-03-29 06:52:27.885757,2025-03-29 06:52:46.452694,18.566937
143,ctgan,0,random,auto,0.993502999650116,COMPLETE,2025-03-29 06:52:46.474460,2025-03-29 06:53:02.540796,16.066336
144,smote,auto,onesidedselection,0.5,0.9804990292603718,COMPLETE,2025-03-29 06:53:02.553560,2025-03-29 06:53:15.457874,12.904314
145,fastml,2,random,0.125,0.991343141164981,COMPLETE,2025-03-29 06:53:15.469643,2025-03-29 06:53:31.663427,16.193784
146,tvae,0.25,clustercentroid,0.0625,0.9935064935064936,COMPLETE,2025-03-29 06:53:31.685170,2025-03-29 06:53:53.252001,21.566831
147,fastml,2,tomeklinks,0,0.9847832082520709,COMPLETE,2025-03-29 06:53:53.273530,2025-03-29 06:54:08.311540,15.03801
148,ctgan,0.25,condensednn,0,0.9782971627011856,COMPLETE,2025-03-29 06:54:08.333982,2025-03-29 06:54:25.483579,17.149597
149,fastml,2,clustercentroid,0.125,0.9848321084847547,COMPLETE,2025-03-29 06:54:25.495508,2025-03-29 06:54:48.643575,23.148067
150,tvae,0.25,random,0,0.9869457197202036,COMPLETE,2025-03-29 06:54:48.656784,2025-03-29 06:55:04.994014,16.33723
151,ctgan,0.25,editednn,0.125,0.9805539716227228,COMPLETE,2025-03-29 06:55:05.007141,2025-03-29 06:55:21.179005,16.171864
152,smote,2,instancehardness,0.5,0.9870488319531496,COMPLETE,2025-03-29 06:55:21.200180,2025-03-29 06:55:37.956124,16.755944
153,ctgan,1,clustercentroid,0.25,0.9782569445361456,COMPLETE,2025-03-29 06:55:37.968517,2025-03-29 06:56:01.146759,23.178242
154,random,1,instancehardness,auto,0.9891907860322813,COMPLETE,2025-03-29 06:56:01.158892,2025-03-29 06:56:15.495944,14.337052
155,ctgan,1,condensednn,0.25,0.6282040340090724,COMPLETE,2025-03-29 06:56:15.508170,2025-03-29 06:56:28.623524,13.115354
156,adasyn,0,clustercentroid,0,-1.0,ERROR,,,0.0
157,random,0.5,instancehardness,0.0625,0.9891907860322813,COMPLETE,2025-03-29 06:56:43.413072,2025-03-29 06:56:57.705345,14.292273
158,ctgan,auto,condensednn,0.25,0.6282040340090724,COMPLETE,2025-03-29 06:56:57.717431,2025-03-29 06:57:10.807651,13.09022
159,adasyn,0.5,editednn,0.25,-1.0,COMPLETE,2025-03-29 06:57:10.820628,2025-03-29 06:57:10.865435,0.044807
160,tvae,1,random,auto,0.987038663735101,COMPLETE,2025-03-29 06:57:10.877042,2025-03-29 06:57:26.028514,15.151472
161,adasyn,0,instancehardness,auto,0.9763580747443754,COMPLETE,2025-03-29 06:57:26.043086,2025-03-29 06:57:41.323209,15.280123
162,ctgan,auto,clustercentroid,auto,0.9782569445361456,COMPLETE,2025-03-29 06:57:41.337907,2025-03-29 06:58:04.275097,22.93719
163,ctgan,0.25,random,0.125,0.9891823765397848,COMPLETE,2025-03-29 06:58:04.287709,2025-03-29 06:58:21.388016,17.100307
164,random,1,onesidedselection,0.125,0.9783747611716287,COMPLETE,2025-03-29 06:58:21.401025,2025-03-29 06:58:34.571643,13.170618
165,adasyn,0.5,condensednn,0,-1.0,COMPLETE,2025-03-29 06:58:34.592440,2025-03-29 06:58:34.635994,0.043554
166,fastml,2,onesidedselection,0.5,0.9848589721253914,COMPLETE,2025-03-29 06:58:34.646740,2025-03-29 06:58:49.760258,15.113518
167,gaussiancopula,auto,onesidedselection,0.5,0.9783653319196244,COMPLETE,2025-03-29 06:58:49.773046,2025-03-29 06:59:04.504919,14.731873
168,adasyn,0.5,onesidedselection,0,-1.0,COMPLETE,2025-03-29 06:59:04.516894,2025-03-29 06:59:04.560558,0.043664
169,ctgan,2,instancehardness,auto,0.9892084292555944,COMPLETE,2025-03-29 06:59:04.572223,2025-03-29 06:59:23.298857,18.726634
170,fastml,0.25,tomeklinks,0.5,0.9827175859688069,COMPLETE,2025-03-29 06:59:23.313101,2025-03-29 06:59:38.648035,15.334934
171,random,0,editednn,0.125,0.9784313187068703,COMPLETE,2025-03-29 06:59:38.662937,2025-03-29 06:59:53.025801,14.362864
172,copulagan,auto,editednn,0.5,0.9783033686864364,COMPLETE,2025-03-29 06:59:53.040581,2025-03-29 07:00:10.277116,17.236535
173,gaussiancopula,0.5,random,0.25,0.98916403461858,COMPLETE,2025-03-29 07:00:10.288434,2025-03-29 07:00:26.393748,16.105314
174,tvae,2,instancehardness,auto,0.9826641023852425,COMPLETE,2025-03-29 07:00:26.405639,2025-03-29 07:00:42.893003,16.487364
175,copulagan,0.5,clustercentroid,0.25,0.9739098244963075,COMPLETE,2025-03-29 07:00:42.914084,2025-03-29 07:01:06.838564,23.92448
176,copulagan,0.5,onesidedselection,0,0.9848186793619221,COMPLETE,2025-03-29 07:01:06.851613,2025-03-29 07:01:23.694651,16.843038
177,fastml,1,condensednn,0.125,0.6002126634042212,COMPLETE,2025-03-29 07:01:23.708077,2025-03-29 07:01:36.504630,12.796553
178,tvae,0.25,clustercentroid,0.25,0.9935064935064936,COMPLETE,2025-03-29 07:01:36.517038,2025-03-29 07:01:58.323337,21.806299
179,tvae,0.25,nearmiss,0.5,0.9826747146507947,COMPLETE,2025-03-29 07:01:58.344983,2025-03-29 07:02:14.770840,16.425857
180,ctgan,0.5,nearmiss,auto,0.9891604499066595,COMPLETE,2025-03-29 07:02:14.784423,2025-03-29 07:02:32.978655,18.194232
181,gaussiancopula,0,onesidedselection,0.125,0.9783357579867517,COMPLETE,2025-03-29 07:02:32.999837,2025-03-29 07:02:46.163088,13.163251
182,gaussiancopula,0,nearmiss,0.125,0.9892179705155923,COMPLETE,2025-03-29 07:02:46.174910,2025-03-29 07:03:02.104542,15.929632
183,ctgan,0.5,instancehardness,0.125,0.9892084292555944,COMPLETE,2025-03-29 07:03:02.117561,2025-03-29 07:03:20.927744,18.810183
184,ctgan,1,nearmiss,0.125,0.9891604499066595,COMPLETE,2025-03-29 07:03:20.941599,2025-03-29 07:03:39.326668,18.385069
185,copulagan,2,instancehardness,0.25,0.9870257379972729,COMPLETE,2025-03-29 07:03:39.348219,2025-03-29 07:03:57.203892,17.855673
186,copulagan,2,condensednn,0.0625,0.5906562194317295,COMPLETE,2025-03-29 07:03:57.216513,2025-03-29 07:04:10.570805,13.354292
187,copulagan,auto,nearmiss,auto,0.9848362611804578,COMPLETE,2025-03-29 07:04:10.582748,2025-03-29 07:04:25.886034,15.303286
188,ctgan,0.25,clustercentroid,0.0625,0.9782569445361456,COMPLETE,2025-03-29 07:04:25.907249,2025-03-29 07:04:49.020770,23.113521
189,fastml,1,random,0.25,0.991343141164981,COMPLETE,2025-03-29 07:04:49.032568,2025-03-29 07:05:05.026848,15.99428
190,random,0.5,instancehardness,0.125,0.9891907860322813,COMPLETE,2025-03-29 07:05:05.048165,2025-03-29 07:05:19.275075,14.22691
191,ctgan,2,editednn,auto,0.9805539716227228,COMPLETE,2025-03-29 07:05:19.286878,2025-03-29 07:05:35.519648,16.23277
192,tvae,2,condensednn,auto,0.5908175895849778,COMPLETE,2025-03-29 07:05:35.540741,2025-03-29 07:05:46.943787,11.403046
193,gaussiancopula,auto,editednn,0,0.9913421468043316,COMPLETE,2025-03-29 07:05:46.957414,2025-03-29 07:06:01.755884,14.79847
194,copulagan,0.25,instancehardness,auto,0.9870257379972729,COMPLETE,2025-03-29 07:06:01.768579,2025-03-29 07:06:19.718120,17.949541
195,ctgan,1,tomeklinks,0.0625,0.982663952192812,COMPLETE,2025-03-29 07:06:19.729900,2025-03-29 07:06:38.926963,19.197063
196,adasyn,2,instancehardness,0.0625,-1.0,COMPLETE,2025-03-29 07:06:38.938946,2025-03-29 07:06:38.984647,0.045701
197,gaussiancopula,auto,instancehardness,0.125,0.9848435926094576,COMPLETE,2025-03-29 07:06:38.995683,2025-03-29 07:06:54.774757,15.779074
198,copulagan,0.5,condensednn,auto,0.5906562194317295,COMPLETE,2025-03-29 07:06:54.786489,2025-03-29 07:07:08.103007,13.316518
199,random,0,clustercentroid,0.0625,0.9891626891626891,COMPLETE,2025-03-29 07:07:08.118223,2025-03-29 07:07:29.769152,21.650929
200,smote,0.5,tomeklinks,0,0.991343141164981,COMPLETE,2025-03-29 07:07:29.783845,2025-03-29 07:07:46.399650,16.615805
201,tvae,0.5,tomeklinks,0.5,0.9805245259790715,COMPLETE,2025-03-29 07:07:46.412270,2025-03-29 07:08:04.317868,17.905598
202,copulagan,0,tomeklinks,0.125,0.984768810218344,COMPLETE,2025-03-29 07:08:04.330028,2025-03-29 07:08:19.843033,15.513005
203,fastml,auto,clustercentroid,0.5,0.9848321084847547,COMPLETE,2025-03-29 07:08:19.864263,2025-03-29 07:08:42.540388,22.676125
204,copulagan,auto,nearmiss,0.0625,0.9848362611804578,COMPLETE,2025-03-29 07:08:42.555634,2025-03-29 07:08:57.748416,15.192782
205,tvae,auto,editednn,0.5,0.9827173545952453,COMPLETE,2025-03-29 07:08:57.762548,2025-03-29 07:09:14.308842,16.546294
206,adasyn,auto,clustercentroid,0,-1.0,COMPLETE,2025-03-29 07:09:14.329790,2025-03-29 07:09:14.375779,0.045989
207,ctgan,1,random,0,0.9782971627011856,COMPLETE,2025-03-29 07:09:14.386854,2025-03-29 07:09:31.405524,17.01867
208,tvae,auto,editednn,0,0.9869457197202036,COMPLETE,2025-03-29 07:09:31.420645,2025-03-29 07:09:47.581149,16.160504
209,tvae,0.25,onesidedselection,auto,0.9805080849157983,COMPLETE,2025-03-29 07:09:47.594324,2025-03-29 07:10:03.340058,15.745734
210,tvae,auto,nearmiss,0.25,0.9826747146507947,COMPLETE,2025-03-29 07:10:03.351946,2025-03-29 07:10:19.979448,16.627502
211,adasyn,1,nearmiss,0.25,-1.0,COMPLETE,2025-03-29 07:10:19.992329,2025-03-29 07:10:20.038845,0.046516
212,copulagan,2,editednn,auto,0.9783033686864364,COMPLETE,2025-03-29 07:10:20.049530,2025-03-29 07:10:37.446260,17.39673
213,fastml,2,random,0.25,0.991343141164981,COMPLETE,2025-03-29 07:10:37.461906,2025-03-29 07:10:53.516256,16.05435
214,fastml,2,onesidedselection,auto,0.9848589721253914,COMPLETE,2025-03-29 07:10:53.546867,2025-03-29 07:11:08.908190,15.361323
215,tvae,auto,random,0.0625,0.987038663735101,COMPLETE,2025-03-29 07:11:08.919847,2025-03-29 07:11:24.090745,15.170898
216,gaussiancopula,1,random,0.5,0.98916403461858,COMPLETE,2025-03-29 07:11:24.106123,2025-03-29 07:11:40.432955,16.326832
217,random,1,tomeklinks,0.125,0.9848926054293577,COMPLETE,2025-03-29 07:11:40.444247,2025-03-29 07:11:56.020960,15.576713
218,copulagan,0,random,0.125,0.993502999650116,COMPLETE,2025-03-29 07:11:56.032071,2025-03-29 07:12:11.843263,15.811192
219,random,0.5,clustercentroid,0.25,0.9913285367830823,COMPLETE,2025-03-29 07:12:11.856062,2025-03-29 07:12:33.798396,21.942334
220,copulagan,0,tomeklinks,0.25,0.984768810218344,COMPLETE,2025-03-29 07:12:33.812292,2025-03-29 07:12:49.122203,15.309911
221,adasyn,2,instancehardness,0.25,-1.0,COMPLETE,2025-03-29 07:12:49.143367,2025-03-29 07:12:49.187479,0.044112
222,adasyn,0.25,editednn,auto,-1.0,COMPLETE,2025-03-29 07:12:49.197724,2025-03-29 07:12:49.242325,0.044601
223,tvae,2,instancehardness,0.5,0.9826641023852425,COMPLETE,2025-03-29 07:12:49.252961,2025-03-29 07:13:06.313475,17.060514
224,smote,0.25,clustercentroid,0.5,0.9935066489688338,COMPLETE,2025-03-29 07:13:06.324974,2025-03-29 07:13:28.260279,21.935305
225,fastml,0.5,tomeklinks,0,0.9847832082520709,COMPLETE,2025-03-29 07:13:28.283001,2025-03-29 07:13:43.388400,15.105399
226,tvae,auto,onesidedselection,0.0625,0.9805080849157983,COMPLETE,2025-03-29 07:13:43.399799,2025-03-29 07:13:59.034068,15.634269
227,smote,1,random,0.25,0.9891935575896289,COMPLETE,2025-03-29 07:13:59.045438,2025-03-29 07:14:13.633861,14.588423
228,gaussiancopula,0,random,0.125,0.993502999650116,COMPLETE,2025-03-29 07:14:13.648387,2025-03-29 07:14:29.511153,15.862766
229,ctgan,auto,instancehardness,auto,0.9892084292555944,COMPLETE,2025-03-29 07:14:29.522901,2025-03-29 07:14:49.099205,19.576304
230,tvae,2,onesidedselection,0.125,0.9805080849157983,COMPLETE,2025-03-29 07:14:49.111997,2025-03-29 07:15:04.913519,15.801522
231,copulagan,0,instancehardness,0.0625,0.9763580747443754,COMPLETE,2025-03-29 07:15:04.925243,2025-03-29 07:15:20.126170,15.200927
232,adasyn,0.5,instancehardness,0.5,-1.0,COMPLETE,2025-03-29 07:15:20.137949,2025-03-29 07:15:20.184619,0.04667
233,gaussiancopula,0,nearmiss,0.5,0.9892179705155923,COMPLETE,2025-03-29 07:15:20.196137,2025-03-29 07:15:35.872270,15.676133
234,gaussiancopula,auto,instancehardness,0,0.9913421468043316,COMPLETE,2025-03-29 07:15:35.884397,2025-03-29 07:15:50.653151,14.768754
235,smote,0,onesidedselection,auto,0.9783357579867517,COMPLETE,2025-03-29 07:15:50.664897,2025-03-29 07:16:03.952852,13.287955
236,copulagan,auto,editednn,0.25,0.9783033686864364,COMPLETE,2025-03-29 07:16:03.964414,2025-03-29 07:16:21.727537,17.763123
237,adasyn,1,random,0.125,-1.0,COMPLETE,2025-03-29 07:16:21.742639,2025-03-29 07:16:21.787522,0.044883
238,gaussiancopula,0.5,editednn,auto,0.9805140860350166,COMPLETE,2025-03-29 07:16:21.798227,2025-03-29 07:16:37.035696,15.237469
239,smote,0.5,instancehardness,0.5,0.9870488319531496,COMPLETE,2025-03-29 07:16:37.048492,2025-03-29 07:16:53.440923,16.392431
240,adasyn,0.5,instancehardness,0,-1.0,COMPLETE,2025-03-29 07:16:53.452592,2025-03-29 07:16:53.499231,0.046639
241,copulagan,2,onesidedselection,0.25,0.984768810218344,COMPLETE,2025-03-29 07:16:53.510169,2025-03-29 07:17:10.900464,17.390295
242,random,0.5,condensednn,0,0.98916403461858,COMPLETE,2025-03-29 07:17:10.912562,2025-03-29 07:17:27.092690,16.180128
243,random,0,editednn,0,-1.0,ERROR,,,0.0
244,gaussiancopula,0.5,onesidedselection,0,0.9913421468043316,COMPLETE,2025-03-29 07:17:42.027618,2025-03-29 07:17:56.853751,14.826133
245,ctgan,1,nearmiss,0.5,0.9891604499066595,COMPLETE,2025-03-29 07:17:56.867708,2025-03-29 07:18:15.160085,18.292377
246,copulagan,0.5,onesidedselection,0.125,0.984768810218344,COMPLETE,2025-03-29 07:18:15.182110,2025-03-29 07:18:32.285964,17.103854
247,smote,auto,condensednn,auto,0.613993656688675,COMPLETE,2025-03-29 07:18:32.299440,2025-03-29 07:18:43.672783,11.373343
248,smote,2,instancehardness,0.125,0.9870488319531496,COMPLETE,2025-03-29 07:18:43.684759,2025-03-29 07:19:00.065317,16.380558
249,copulagan,2,onesidedselection,0.125,0.984768810218344,COMPLETE,2025-03-29 07:19:00.086385,2025-03-29 07:19:17.235862,17.149477
250,fastml,0.5,editednn,0.0625,0.971725977129174,COMPLETE,2025-03-29 07:19:17.247331,2025-03-29 07:19:32.757029,15.509698
251,tvae,0,random,0.0625,0.993502999650116,COMPLETE,2025-03-29 07:19:32.768422,2025-03-29 07:19:48.506340,15.737918
252,adasyn,0,tomeklinks,auto,0.984768810218344,COMPLETE,2025-03-29 07:19:48.518908,2025-03-29 07:20:03.799230,15.280322
253,tvae,auto,random,0.5,0.987038663735101,COMPLETE,2025-03-29 07:20:03.811402,2025-03-29 07:20:18.977471,15.166069
254,random,0,random,0.125,0.993502999650116,COMPLETE,2025-03-29 07:20:18.993539,2025-03-29 07:20:34.807940,15.814401
255,gaussiancopula,0.25,tomeklinks,0.125,0.9848535303080758,COMPLETE,2025-03-29 07:20:34.822428,2025-03-29 07:20:52.082144,17.259716
256,gaussiancopula,0.25,condensednn,0.125,0.7541065445177416,COMPLETE,2025-03-29 07:20:52.095898,2025-03-29 07:21:04.666191,12.570293
257,fastml,0.25,instancehardness,0.125,0.9848239453080575,COMPLETE,2025-03-29 07:21:04.678393,2025-03-29 07:21:21.103291,16.424898
258,fastml,1,clustercentroid,0.25,0.9848321084847547,COMPLETE,2025-03-29 07:21:21.114708,2025-03-29 07:21:44.175031,23.060323
259,adasyn,0,nearmiss,auto,0.9892179705155923,COMPLETE,2025-03-29 07:21:44.188041,2025-03-29 07:21:59.715501,15.52746
260,fastml,auto,condensednn,0,0.9847832082520709,COMPLETE,2025-03-29 07:21:59.729839,2025-03-29 07:22:14.862346,15.132507
261,ctgan,0.5,nearmiss,0.125,0.9891604499066595,COMPLETE,2025-03-29 07:22:14.883060,2025-03-29 07:22:32.956979,18.073919
262,gaussiancopula,auto,tomeklinks,0.125,0.9848535303080758,COMPLETE,2025-03-29 07:22:32.978252,2025-03-29 07:22:50.423848,17.445596
263,smote,2,nearmiss,auto,0.9869494027026645,COMPLETE,2025-03-29 07:22:50.436087,2025-03-29 07:23:04.396020,13.959933
264,gaussiancopula,auto,editednn,auto,0.9805140860350166,COMPLETE,2025-03-29 07:23:04.417065,2025-03-29 07:23:19.511888,15.094823
265,smote,0.5,condensednn,auto,0.613993656688675,COMPLETE,2025-03-29 07:23:19.524427,2025-03-29 07:23:30.920414,11.395987
266,smote,0.25,tomeklinks,0.25,0.9805547907596056,COMPLETE,2025-03-29 07:23:30.931720,2025-03-29 07:23:46.797561,15.865841
267,gaussiancopula,0.25,random,0.5,0.98916403461858,COMPLETE,2025-03-29 07:23:46.809255,2025-03-29 07:24:02.915440,16.106185
268,random,auto,clustercentroid,0.0625,0.9913285367830823,COMPLETE,2025-03-29 07:24:02.932617,2025-03-29 07:24:25.106242,22.173625
269,ctgan,2,nearmiss,0.25,0.9891604499066595,COMPLETE,2025-03-29 07:24:25.118119,2025-03-29 07:24:43.342890,18.224771
270,smote,1,random,0.125,0.9891935575896289,COMPLETE,2025-03-29 07:24:43.363708,2025-03-29 07:24:57.996339,14.632631
271,smote,0.25,tomeklinks,0.0625,0.9805547907596056,COMPLETE,2025-03-29 07:24:58.009267,2025-03-29 07:25:13.915346,15.906079
272,tvae,1,clustercentroid,0.25,0.9935064935064936,COMPLETE,2025-03-29 07:25:13.927644,2025-03-29 07:25:35.568807,21.641163
273,fastml,0.5,random,0.125,0.991343141164981,COMPLETE,2025-03-29 07:25:35.590271,2025-03-29 07:25:51.719317,16.129046
274,adasyn,auto,clustercentroid,0.0625,-1.0,COMPLETE,2025-03-29 07:25:51.740196,2025-03-29 07:25:51.786017,0.045821
275,gaussiancopula,0.25,onesidedselection,0,0.9913421468043316,COMPLETE,2025-03-29 07:25:51.796441,2025-03-29 07:26:06.733300,14.936859
276,copulagan,0,clustercentroid,auto,0.9891626891626891,COMPLETE,2025-03-29 07:26:06.746974,2025-03-29 07:26:28.469011,21.722037
277,random,0.25,clustercentroid,auto,0.9913285367830823,COMPLETE,2025-03-29 07:26:28.481865,2025-03-29 07:26:50.597078,22.115213
278,copulagan,auto,onesidedselection,0,0.9848186793619221,COMPLETE,2025-03-29 07:26:50.609198,2025-03-29 07:27:07.442023,16.832825
279,tvae,0.5,tomeklinks,auto,0.9805245259790715,COMPLETE,2025-03-29 07:27:07.453637,2025-03-29 07:27:25.186169,17.732532
280,adasyn,1,nearmiss,0.0625,-1.0,COMPLETE,2025-03-29 07:27:25.198245,2025-03-29 07:27:25.245344,0.047099
281,smote,0.5,instancehardness,0.25,0.9870488319531496,COMPLETE,2025-03-29 07:27:25.256739,2025-03-29 07:27:41.997984,16.741245
282,smote,0,tomeklinks,auto,0.984768810218344,COMPLETE,2025-03-29 07:27:42.009124,2025-03-29 07:27:57.208927,15.199803
283,copulagan,0.25,tomeklinks,0.125,0.9826197196288691,COMPLETE,2025-03-29 07:27:57.229448,2025-03-29 07:28:16.272908,19.04346
284,random,2,nearmiss,0.25,0.984870501399427,COMPLETE,2025-03-29 07:28:16.293599,2025-03-29 07:28:31.656726,15.363127
285,copulagan,0.25,instancehardness,0.5,0.9870257379972729,COMPLETE,2025-03-29 07:28:31.671219,2025-03-29 07:28:49.310498,17.639279
286,gaussiancopula,2,condensednn,0.0625,0.7541065445177416,COMPLETE,2025-03-29 07:28:49.322447,2025-03-29 07:29:01.978936,12.656489
287,copulagan,0,clustercentroid,0.5,0.9891626891626891,COMPLETE,2025-03-29 07:29:01.991452,2025-03-29 07:29:23.156701,21.165249
288,random,auto,nearmiss,0.125,0.984870501399427,COMPLETE,2025-03-29 07:29:23.182707,2025-03-29 07:29:38.628763,15.446056
289,smote,1,editednn,0,0.991343141164981,COMPLETE,2025-03-29 07:29:38.642046,2025-03-29 07:29:55.515263,16.873217
290,tvae,auto,instancehardness,0,0.9869457197202036,COMPLETE,2025-03-29 07:29:55.527463,2025-03-29 07:30:11.671135,16.143672
291,smote,0.25,nearmiss,auto,0.9869494027026645,COMPLETE,2025-03-29 07:30:11.683892,2025-03-29 07:30:25.539441,13.855549
292,adasyn,0.25,onesidedselection,0.5,-1.0,COMPLETE,2025-03-29 07:30:25.564683,2025-03-29 07:30:25.692611,0.127928
293,smote,1,instancehardness,0.125,0.9870488319531496,COMPLETE,2025-03-29 07:30:25.717529,2025-03-29 07:30:42.098198,16.380669
294,fastml,2,instancehardness,0.125,0.9848239453080575,COMPLETE,2025-03-29 07:30:42.124259,2025-03-29 07:30:58.542142,16.417883
295,ctgan,2,condensednn,0,0.9782971627011856,COMPLETE,2025-03-29 07:30:58.553920,2025-03-29 07:31:15.571206,17.017286
296,fastml,0.25,nearmiss,0.125,0.9848225341252012,COMPLETE,2025-03-29 07:31:15.583337,2025-03-29 07:31:30.662791,15.079454
297,smote,auto,random,0.5,0.9891935575896289,COMPLETE,2025-03-29 07:31:30.676083,2025-03-29 07:31:45.285596,14.609513
298,smote,2,editednn,0.5,0.9848822012062426,COMPLETE,2025-03-29 07:31:45.299098,2025-03-29 07:31:59.995472,14.696374
299,ctgan,2,random,0,0.9782971627011856,COMPLETE,2025-03-29 07:32:00.007561,2025-03-29 07:32:17.180231,17.17267
300,smote,0.5,random,auto,0.9891935575896289,COMPLETE,2025-03-29 07:32:17.193254,2025-03-29 07:32:31.727804,14.53455
301,ctgan,0.5,onesidedselection,0.0625,0.9782982230708627,COMPLETE,2025-03-29 07:32:31.739607,2025-03-29 07:32:47.432875,15.693268
302,adasyn,auto,tomeklinks,0.25,-1.0,COMPLETE,2025-03-29 07:32:47.443861,2025-03-29 07:32:47.492218,0.048357
303,smote,0.25,editednn,auto,0.9848822012062426,COMPLETE,2025-03-29 07:32:47.503655,2025-03-29 07:33:02.090502,14.586847
304,gaussiancopula,0,onesidedselection,0.0625,0.9783357579867517,COMPLETE,2025-03-29 07:33:02.103232,2025-03-29 07:33:15.243792,13.14056
305,random,0.25,clustercentroid,0,0.98916403461858,COMPLETE,2025-03-29 07:33:15.255717,2025-03-29 07:33:31.085261,15.829544
306,random,0,clustercentroid,0,-1.0,ERROR,,,0.0
307,tvae,0,condensednn,auto,0.6203396548154443,COMPLETE,2025-03-29 07:33:45.823044,2025-03-29 07:33:57.521245,11.698201
308,fastml,2,onesidedselection,0,0.9847832082520709,COMPLETE,2025-03-29 07:33:57.532220,2025-03-29 07:34:12.573257,15.041037
309,gaussiancopula,0.25,random,0.0625,0.98916403461858,COMPLETE,2025-03-29 07:34:12.594362,2025-03-29 07:34:28.641048,16.046686
310,gaussiancopula,auto,clustercentroid,0,0.9913421468043316,COMPLETE,2025-03-29 07:34:28.653197,2025-03-29 07:34:43.422891,14.769694
311,fastml,2,condensednn,auto,0.6002126634042212,COMPLETE,2025-03-29 07:34:43.435499,2025-03-29 07:34:55.993593,12.558094
312,gaussiancopula,1,instancehardness,0,0.9913421468043316,COMPLETE,2025-03-29 07:34:56.005007,2025-03-29 07:35:10.805738,14.800731
313,smote,0,editednn,0.25,0.9784313187068703,COMPLETE,2025-03-29 07:35:10.817738,2025-03-29 07:35:25.136033,14.318295
314,copulagan,0,nearmiss,0.5,0.9892179705155923,COMPLETE,2025-03-29 07:35:25.148526,2025-03-29 07:35:40.813328,15.664802
315,copulagan,1,instancehardness,0.5,0.9870257379972729,COMPLETE,2025-03-29 07:35:40.824637,2025-03-29 07:35:59.049366,18.224729
316,fastml,auto,editednn,0.0625,0.971725977129174,COMPLETE,2025-03-29 07:35:59.073318,2025-03-29 07:36:14.635819,15.562501
317,tvae,auto,clustercentroid,0.0625,0.9935064935064936,COMPLETE,2025-03-29 07:36:14.648815,2025-03-29 07:36:36.396596,21.747781
318,gaussiancopula,auto,clustercentroid,0.25,0.9870058877332495,COMPLETE,2025-03-29 07:36:36.407876,2025-03-29 07:36:59.321400,22.913524
319,ctgan,0.5,onesidedselection,auto,0.9782982230708627,COMPLETE,2025-03-29 07:36:59.334914,2025-03-29 07:37:15.255797,15.920883
320,smote,auto,condensednn,0.25,0.613993656688675,COMPLETE,2025-03-29 07:37:15.267172,2025-03-29 07:37:26.684227,11.417055
321,tvae,0,editednn,0,-1.0,ERROR,,,0.0
322,adasyn,2,clustercentroid,0.25,-1.0,COMPLETE,2025-03-29 07:37:41.390318,2025-03-29 07:37:41.438777,0.048459
323,gaussiancopula,0,onesidedselection,0.25,0.9783357579867517,COMPLETE,2025-03-29 07:37:41.449416,2025-03-29 07:37:54.791918,13.342502
324,tvae,auto,instancehardness,0.125,0.9826641023852425,COMPLETE,2025-03-29 07:37:54.803183,2025-03-29 07:38:11.308631,16.505448
325,smote,0.5,onesidedselection,0.5,0.9804990292603718,COMPLETE,2025-03-29 07:38:11.320669,2025-03-29 07:38:24.050049,12.72938
326,copulagan,0,instancehardness,0.25,0.9763580747443754,COMPLETE,2025-03-29 07:38:24.061327,2025-03-29 07:38:39.376450,15.315123
327,gaussiancopula,0.5,tomeklinks,0.0625,0.9848535303080758,COMPLETE,2025-03-29 07:38:39.388324,2025-03-29 07:38:56.692618,17.304294
328,smote,2,random,0.5,0.9891935575896289,COMPLETE,2025-03-29 07:38:56.704441,2025-03-29 07:39:11.366444,14.662003
329,ctgan,auto,onesidedselection,auto,0.9782982230708627,COMPLETE,2025-03-29 07:39:11.381267,2025-03-29 07:39:26.993833,15.612566
330,ctgan,1,nearmiss,0.0625,0.9891604499066595,COMPLETE,2025-03-29 07:39:27.015588,2025-03-29 07:39:45.108920,18.093332
331,random,2,editednn,0.5,0.9849285252035781,COMPLETE,2025-03-29 07:39:45.129741,2025-03-29 07:40:01.610002,16.480261
332,adasyn,1,editednn,0.5,-1.0,COMPLETE,2025-03-29 07:40:01.635761,2025-03-29 07:40:01.685139,0.049378
333,ctgan,0,condensednn,0,-1.0,ERROR,,,0.0
334,copulagan,1,tomeklinks,auto,0.9826197196288691,COMPLETE,2025-03-29 07:40:16.210288,2025-03-29 07:40:35.496205,19.285917
335,copulagan,0,instancehardness,0,-1.0,ERROR,,,0.0
336,gaussiancopula,2,tomeklinks,0.5,0.9848535303080758,COMPLETE,2025-03-29 07:40:50.264026,2025-03-29 07:41:07.490141,17.226115
337,random,1,nearmiss,0,0.98916403461858,COMPLETE,2025-03-29 07:41:07.503259,2025-03-29 07:41:23.341704,15.838445
338,gaussiancopula,auto,random,0.125,0.98916403461858,COMPLETE,2025-03-29 07:41:23.354366,2025-03-29 07:41:39.279233,15.924867
339,copulagan,auto,onesidedselection,0.25,0.984768810218344,COMPLETE,2025-03-29 07:41:39.300449,2025-03-29 07:41:56.728546,17.428097
340,adasyn,0.25,instancehardness,0.0625,-1.0,COMPLETE,2025-03-29 07:41:56.749578,2025-03-29 07:41:56.799020,0.049442
341,ctgan,0.25,clustercentroid,0.25,0.9782569445361456,COMPLETE,2025-03-29 07:41:56.809244,2025-03-29 07:42:20.166474,23.35723
342,copulagan,auto,clustercentroid,0.125,0.9739098244963075,COMPLETE,2025-03-29 07:42:20.192085,2025-03-29 07:42:44.123825,23.93174
343,fastml,1,clustercentroid,0,0.9847832082520709,COMPLETE,2025-03-29 07:42:44.135102,2025-03-29 07:42:59.041879,14.906777
344,copulagan,0.5,random,0.5,0.9935066489688338,COMPLETE,2025-03-29 07:42:59.062423,2025-03-29 07:43:16.465280,17.402857
345,smote,0,onesidedselection,0.25,0.9783357579867517,COMPLETE,2025-03-29 07:43:16.476587,2025-03-29 07:43:29.794178,13.317591
346,gaussiancopula,2,tomeklinks,0.25,0.9848535303080758,COMPLETE,2025-03-29 07:43:29.805433,2025-03-29 07:43:47.045702,17.240269
347,tvae,2,editednn,0.5,0.9827173545952453,COMPLETE,2025-03-29 07:43:47.058185,2025-03-29 07:44:03.551356,16.493171
348,adasyn,1,tomeklinks,0,-1.0,COMPLETE,2025-03-29 07:44:03.572242,2025-03-29 07:44:03.620161,0.047919
349,fastml,0,tomeklinks,0,-1.0,ERROR,,,0.0
350,random,0.5,editednn,0.5,0.9849285252035781,COMPLETE,2025-03-29 07:44:18.333175,2025-03-29 07:44:35.167671,16.834496
351,tvae,0.25,instancehardness,0.0625,0.9826641023852425,COMPLETE,2025-03-29 07:44:35.179470,2025-03-29 07:44:52.243055,17.063585
352,smote,0.25,tomeklinks,auto,0.9805547907596056,COMPLETE,2025-03-29 07:44:52.254295,2025-03-29 07:45:08.189540,15.935245
353,random,0,editednn,auto,0.9784313187068703,COMPLETE,2025-03-29 07:45:08.210587,2025-03-29 07:45:22.758942,14.548355
354,copulagan,0.5,instancehardness,auto,0.9870257379972729,COMPLETE,2025-03-29 07:45:22.772402,2025-03-29 07:45:40.464637,17.692235
355,gaussiancopula,2,tomeklinks,0.125,0.9848535303080758,COMPLETE,2025-03-29 07:45:40.476708,2025-03-29 07:45:57.709292,17.232584
356,fastml,0.25,onesidedselection,0.0625,0.9848589721253914,COMPLETE,2025-03-29 07:45:57.720918,2025-03-29 07:46:12.972665,15.251747
357,smote,1,onesidedselection,auto,0.9804990292603718,COMPLETE,2025-03-29 07:46:12.985516,2025-03-29 07:46:25.954431,12.968915
358,smote,0.25,random,0.0625,0.9891935575896289,COMPLETE,2025-03-29 07:46:25.966510,2025-03-29 07:46:40.707154,14.740644
359,random,1,condensednn,0.0625,0.6002264619994727,COMPLETE,2025-03-29 07:46:40.720096,2025-03-29 07:46:52.886010,12.165914
360,ctgan,auto,tomeklinks,0.25,0.982663952192812,COMPLETE,2025-03-29 07:46:52.900231,2025-03-29 07:47:11.988765,19.088534
361,ctgan,0,clustercentroid,0.0625,0.9891626891626891,COMPLETE,2025-03-29 07:47:11.999977,2025-03-29 07:47:33.906294,21.906317
362,copulagan,1,clustercentroid,0.25,0.9739098244963075,COMPLETE,2025-03-29 07:47:33.918897,2025-03-29 07:47:57.820893,23.901996
363,gaussiancopula,0.5,clustercentroid,0.25,0.9870058877332495,COMPLETE,2025-03-29 07:47:57.832057,2025-03-29 07:48:20.913808,23.081751
364,adasyn,auto,tomeklinks,0.0625,-1.0,COMPLETE,2025-03-29 07:48:20.926125,2025-03-29 07:48:20.975419,0.049294
365,smote,0.25,condensednn,0.0625,0.613993656688675,COMPLETE,2025-03-29 07:48:20.986179,2025-03-29 07:48:32.405071,11.418892
366,random,1,onesidedselection,auto,0.9783747611716287,COMPLETE,2025-03-29 07:48:32.417440,2025-03-29 07:48:45.532224,13.114784
367,gaussiancopula,2,tomeklinks,0.0625,0.9848535303080758,COMPLETE,2025-03-29 07:48:45.553260,2025-03-29 07:49:02.911211,17.357951
368,random,0,editednn,0.5,0.9784313187068703,COMPLETE,2025-03-29 07:49:02.923044,2025-03-29 07:49:17.311250,14.388206
369,tvae,1,editednn,0.125,0.9827173545952453,COMPLETE,2025-03-29 07:49:17.323830,2025-03-29 07:49:33.618768,16.294938
370,copulagan,1,random,0,0.9848186793619221,COMPLETE,2025-03-29 07:49:33.632144,2025-03-29 07:49:50.463874,16.83173
371,smote,2,instancehardness,0.0625,0.9870488319531496,COMPLETE,2025-03-29 07:49:50.475359,2025-03-29 07:50:07.243159,16.7678
372,gaussiancopula,0.5,onesidedselection,0.125,0.9783653319196244,COMPLETE,2025-03-29 07:50:07.265867,2025-03-29 07:50:22.095013,14.829146
373,copulagan,auto,clustercentroid,auto,0.9739098244963075,COMPLETE,2025-03-29 07:50:22.106637,2025-03-29 07:50:46.060075,23.953438
374,gaussiancopula,2,random,0.5,0.98916403461858,COMPLETE,2025-03-29 07:50:46.122674,2025-03-29 07:51:02.546547,16.423873
375,tvae,0,tomeklinks,auto,0.984768810218344,COMPLETE,2025-03-29 07:51:02.568142,2025-03-29 07:51:18.115766,15.547624
376,adasyn,auto,tomeklinks,0.5,-1.0,COMPLETE,2025-03-29 07:51:18.136985,2025-03-29 07:51:18.187240,0.050255
377,smote,auto,instancehardness,0.0625,0.9870488319531496,COMPLETE,2025-03-29 07:51:18.198582,2025-03-29 07:51:34.478864,16.280282
378,tvae,auto,tomeklinks,0.5,0.9805245259790715,COMPLETE,2025-03-29 07:51:34.490649,2025-03-29 07:51:52.486816,17.996167
379,ctgan,2,onesidedselection,0.0625,0.9782982230708627,COMPLETE,2025-03-29 07:51:52.498479,2025-03-29 07:52:08.470991,15.972512
380,tvae,0,instancehardness,0.5,0.9763580747443754,COMPLETE,2025-03-29 07:52:08.482664,2025-03-29 07:52:23.763534,15.28087
381,gaussiancopula,0.5,editednn,0.0625,0.9805140860350166,COMPLETE,2025-03-29 07:52:23.776556,2025-03-29 07:52:38.928779,15.152223
382,ctgan,0.5,tomeklinks,0.0625,0.982663952192812,COMPLETE,2025-03-29 07:52:38.940577,2025-03-29 07:52:58.140203,19.199626
383,smote,2,instancehardness,auto,0.9870488319531496,COMPLETE,2025-03-29 07:52:58.151908,2025-03-29 07:53:14.462381,16.310473
384,tvae,0.25,editednn,auto,0.9827173545952453,COMPLETE,2025-03-29 07:53:14.475046,2025-03-29 07:53:31.200266,16.72522
385,fastml,2,clustercentroid,0,0.9847832082520709,COMPLETE,2025-03-29 07:53:31.221148,2025-03-29 07:53:46.402814,15.181666
386,fastml,1,onesidedselection,0.125,0.9848589721253914,COMPLETE,2025-03-29 07:53:46.413984,2025-03-29 07:54:01.668458,15.254474
387,random,0.25,tomeklinks,auto,0.9848926054293577,COMPLETE,2025-03-29 07:54:01.680301,2025-03-29 07:54:17.330946,15.650645
388,fastml,0.5,editednn,0,0.9847832082520709,COMPLETE,2025-03-29 07:54:17.343418,2025-03-29 07:54:32.378040,15.034622
389,adasyn,0.25,random,0.25,-1.0,COMPLETE,2025-03-29 07:54:32.399378,2025-03-29 07:54:32.448902,0.049524
390,random,auto,condensednn,0.25,0.6002264619994727,COMPLETE,2025-03-29 07:54:32.460043,2025-03-29 07:54:44.514351,12.054308
391,tvae,0.25,onesidedselection,0.0625,0.9805080849157983,COMPLETE,2025-03-29 07:54:44.527736,2025-03-29 07:55:00.309814,15.782078
392,ctgan,auto,instancehardness,0,0.9782971627011856,COMPLETE,2025-03-29 07:55:00.322484,2025-03-29 07:55:17.596398,17.273914
393,fastml,auto,random,0.25,0.991343141164981,COMPLETE,2025-03-29 07:55:17.608245,2025-03-29 07:55:33.792041,16.183796
394,adasyn,0,condensednn,0,-1.0,ERROR,,,0.0
395,smote,0,condensednn,auto,0.6203396548154443,COMPLETE,2025-03-29 07:55:48.380385,2025-03-29 07:56:00.013944,11.633559
396,ctgan,0.5,onesidedselection,0.5,0.9782982230708627,COMPLETE,2025-03-29 07:56:00.027315,2025-03-29 07:56:15.925928,15.898613
397,gaussiancopula,2,instancehardness,0.125,0.9848435926094576,COMPLETE,2025-03-29 07:56:15.947502,2025-03-29 07:56:31.671143,15.723641
398,smote,1,editednn,0.25,0.9848822012062426,COMPLETE,2025-03-29 07:56:31.682859,2025-03-29 07:56:46.314033,14.631174
399,smote,1,nearmiss,auto,0.9869494027026645,COMPLETE,2025-03-29 07:56:46.326630,2025-03-29 07:57:00.174136,13.847506
400,smote,0.5,tomeklinks,0.0625,0.9805547907596056,COMPLETE,2025-03-29 07:57:00.196016,2025-03-29 07:57:16.156974,15.960958
401,gaussiancopula,auto,tomeklinks,auto,0.9848535303080758,COMPLETE,2025-03-29 07:57:16.169891,2025-03-29 07:57:33.352515,17.182624
402,tvae,2,tomeklinks,0.125,0.9805245259790715,COMPLETE,2025-03-29 07:57:33.365324,2025-03-29 07:57:51.129816,17.764492
403,gaussiancopula,0.25,onesidedselection,0.0625,0.9783653319196244,COMPLETE,2025-03-29 07:57:51.141486,2025-03-29 07:58:05.929173,14.787687
404,random,0,clustercentroid,0.125,0.9891626891626891,COMPLETE,2025-03-29 07:58:05.940664,2025-03-29 07:58:27.381516,21.440852
405,ctgan,2,random,0.125,0.9891823765397848,COMPLETE,2025-03-29 07:58:27.394136,2025-03-29 07:58:44.518588,17.124452
406,ctgan,0.25,nearmiss,0.5,0.9891604499066595,COMPLETE,2025-03-29 07:58:44.530805,2025-03-29 07:59:03.090344,18.559539
407,tvae,0.5,random,0.5,0.987038663735101,COMPLETE,2025-03-29 07:59:03.103784,2025-03-29 07:59:18.274664,15.17088
408,copulagan,0.5,editednn,auto,0.9783033686864364,COMPLETE,2025-03-29 07:59:18.288987,2025-03-29 07:59:35.813514,17.524527
409,copulagan,1,nearmiss,0.25,0.9848362611804578,COMPLETE,2025-03-29 07:59:35.827100,2025-03-29 07:59:51.239159,15.412059
410,ctgan,2,tomeklinks,auto,0.982663952192812,COMPLETE,2025-03-29 07:59:51.251116,2025-03-29 08:00:10.155965,18.904849
411,smote,0,condensednn,0.125,0.6203396548154443,COMPLETE,2025-03-29 08:00:10.167334,2025-03-29 08:00:21.762211,11.594877
412,fastml,0.25,nearmiss,auto,0.9848225341252012,COMPLETE,2025-03-29 08:00:21.774810,2025-03-29 08:00:37.022891,15.248081
413,tvae,0,random,0,-1.0,ERROR,,,0.0
414,copulagan,0.5,instancehardness,0.125,0.9870257379972729,COMPLETE,2025-03-29 08:00:51.958413,2025-03-29 08:01:09.855277,17.896864
415,gaussiancopula,2,clustercentroid,0.0625,0.9870058877332495,COMPLETE,2025-03-29 08:01:09.866821,2025-03-29 08:01:33.011096,23.144275
416,adasyn,0,random,0.0625,0.993502999650116,COMPLETE,2025-03-29 08:01:33.023719,2025-03-29 08:01:49.183420,16.159701
417,gaussiancopula,2,onesidedselection,0.25,0.9783653319196244,COMPLETE,2025-03-29 08:01:49.195756,2025-03-29 08:02:04.174151,14.978395
418,gaussiancopula,auto,tomeklinks,0.0625,0.9848535303080758,COMPLETE,2025-03-29 08:02:04.200259,2025-03-29 08:02:21.180962,16.980703
419,random,auto,instancehardness,0.25,0.9891907860322813,COMPLETE,2025-03-29 08:02:21.192921,2025-03-29 08:02:35.701191,14.50827
420,adasyn,0.5,editednn,0.0625,-1.0,COMPLETE,2025-03-29 08:02:35.713194,2025-03-29 08:02:35.764729,0.051535
421,copulagan,1,clustercentroid,auto,0.9739098244963075,COMPLETE,2025-03-29 08:02:35.776002,2025-03-29 08:02:59.779046,24.003044
422,ctgan,0,onesidedselection,0.125,0.9783357579867517,COMPLETE,2025-03-29 08:02:59.790804,2025-03-29 08:03:13.158022,13.367218
423,fastml,0.25,onesidedselection,auto,0.9848589721253914,COMPLETE,2025-03-29 08:03:13.169904,2025-03-29 08:03:28.435126,15.265222
424,fastml,1,editednn,auto,0.971725977129174,COMPLETE,2025-03-29 08:03:28.446959,2025-03-29 08:03:43.873170,15.426211
425,fastml,0,instancehardness,auto,0.9763580747443754,COMPLETE,2025-03-29 08:03:43.885456,2025-03-29 08:03:59.251113,15.365657
426,fastml,0.25,nearmiss,0.25,0.9848225341252012,COMPLETE,2025-03-29 08:03:59.263818,2025-03-29 08:04:14.491300,15.227482
427,adasyn,0.5,clustercentroid,0.125,-1.0,COMPLETE,2025-03-29 08:04:14.503192,2025-03-29 08:04:14.556607,0.053415
428,adasyn,1,instancehardness,0.25,-1.0,COMPLETE,2025-03-29 08:04:14.567576,2025-03-29 08:04:14.618667,0.051091
429,tvae,1,nearmiss,0,0.9869457197202036,COMPLETE,2025-03-29 08:04:14.629628,2025-03-29 08:04:30.766497,16.136869
430,ctgan,0.25,random,0,0.9782971627011856,COMPLETE,2025-03-29 08:04:30.778317,2025-03-29 08:04:47.970666,17.192349
431,random,2,onesidedselection,0.125,0.9783747611716287,COMPLETE,2025-03-29 08:04:47.983208,2025-03-29 08:05:01.197013,13.213805
432,tvae,0.25,tomeklinks,0.25,0.9805245259790715,COMPLETE,2025-03-29 08:05:01.219360,2025-03-29 08:05:18.973975,17.754615
433,adasyn,0,instancehardness,0.125,0.9763580747443754,COMPLETE,2025-03-29 08:05:18.986253,2025-03-29 08:05:34.181699,15.195446
434,smote,0,clustercentroid,0.5,0.9891626891626891,COMPLETE,2025-03-29 08:05:34.202587,2025-03-29 08:05:55.684684,21.482097
435,smote,0.25,nearmiss,0,0.991343141164981,COMPLETE,2025-03-29 08:05:55.696275,2025-03-29 08:06:12.385005,16.68873
436,adasyn,0.25,random,0.125,-1.0,COMPLETE,2025-03-29 08:06:12.397350,2025-03-29 08:06:12.447930,0.05058
437,ctgan,0,random,0,-1.0,ERROR,,,0.0
438,adasyn,1,onesidedselection,0.0625,-1.0,COMPLETE,2025-03-29 08:06:26.992010,2025-03-29 08:06:27.042413,0.050403
439,tvae,1,random,0.5,0.987038663735101,COMPLETE,2025-03-29 08:06:27.053363,2025-03-29 08:06:42.138977,15.085614
440,fastml,2,clustercentroid,0.25,0.9848321084847547,COMPLETE,2025-03-29 08:06:42.151373,2025-03-29 08:07:05.048487,22.897114
441,smote,1,nearmiss,0.0625,0.9869494027026645,COMPLETE,2025-03-29 08:07:05.061246,2025-03-29 08:07:18.972208,13.910962
442,tvae,0,instancehardness,0,-1.0,ERROR,,,0.0
443,tvae,0.5,random,0.125,0.987038663735101,COMPLETE,2025-03-29 08:07:33.520930,2025-03-29 08:07:48.712301,15.191371
444,adasyn,0,editednn,0.125,0.9784313187068703,COMPLETE,2025-03-29 08:07:48.724982,2025-03-29 08:08:03.134121,14.409139
445,ctgan,0.5,instancehardness,0.5,0.9892084292555944,COMPLETE,2025-03-29 08:08:03.147082,2025-03-29 08:08:22.472694,19.325612
446,ctgan,auto,nearmiss,0.0625,0.9891604499066595,COMPLETE,2025-03-29 08:08:22.484489,2025-03-29 08:08:40.508163,18.023674
447,random,0.5,nearmiss,0.25,0.984870501399427,COMPLETE,2025-03-29 08:08:40.522988,2025-03-29 08:08:55.774685,15.251697
448,ctgan,1,editednn,0.125,0.9805539716227228,COMPLETE,2025-03-29 08:08:55.787283,2025-03-29 08:09:11.653393,15.86611
449,copulagan,0.25,onesidedselection,0.5,0.984768810218344,COMPLETE,2025-03-29 08:09:11.675450,2025-03-29 08:09:28.737448,17.061998
450,gaussiancopula,1,onesidedselection,0.125,0.9783653319196244,COMPLETE,2025-03-29 08:09:28.749292,2025-03-29 08:09:43.467280,14.717988
451,tvae,1,instancehardness,0.125,0.9826641023852425,COMPLETE,2025-03-29 08:09:43.488666,2025-03-29 08:09:59.877923,16.389257
452,gaussiancopula,0,instancehardness,auto,0.9763580747443754,COMPLETE,2025-03-29 08:09:59.889925,2025-03-29 08:10:15.236383,15.346458
453,gaussiancopula,1,clustercentroid,auto,0.9870058877332495,COMPLETE,2025-03-29 08:10:15.248118,2025-03-29 08:10:38.349558,23.10144
454,gaussiancopula,0,editednn,0.0625,0.9784313187068703,COMPLETE,2025-03-29 08:10:38.362796,2025-03-29 08:10:52.863303,14.500507
455,adasyn,2,nearmiss,0,-1.0,COMPLETE,2025-03-29 08:10:52.876191,2025-03-29 08:10:52.927925,0.051734
456,random,0,instancehardness,auto,0.9763580747443754,COMPLETE,2025-03-29 08:10:52.939274,2025-03-29 08:11:08.386224,15.44695
457,copulagan,auto,clustercentroid,0.25,0.9739098244963075,COMPLETE,2025-03-29 08:11:08.407932,2025-03-29 08:11:31.963004,23.555072
458,ctgan,auto,onesidedselection,0,0.9782971627011856,COMPLETE,2025-03-29 08:11:31.974869,2025-03-29 08:11:49.373811,17.398942
459,tvae,0,instancehardness,0.25,0.9763580747443754,COMPLETE,2025-03-29 08:11:49.395260,2025-03-29 08:12:04.736043,15.340783
460,copulagan,0,nearmiss,0.0625,0.9892179705155923,COMPLETE,2025-03-29 08:12:04.747970,2025-03-29 08:12:20.750844,16.002874
461,fastml,auto,instancehardness,0.125,0.9848239453080575,COMPLETE,2025-03-29 08:12:20.762738,2025-03-29 08:12:37.109500,16.346762
462,fastml,0,tomeklinks,0.125,0.984768810218344,COMPLETE,2025-03-29 08:12:37.121344,2025-03-29 08:12:52.503558,15.382214
463,copulagan,2,condensednn,0.25,0.5906562194317295,COMPLETE,2025-03-29 08:12:52.525551,2025-03-29 08:13:05.786303,13.260752
464,smote,0,instancehardness,auto,0.9763580747443754,COMPLETE,2025-03-29 08:13:05.808753,2025-03-29 08:13:20.836655,15.027902
465,copulagan,0.25,random,auto,0.9935066489688338,COMPLETE,2025-03-29 08:13:20.848649,2025-03-29 08:13:38.155757,17.307108
466,tvae,0.5,condensednn,0.0625,0.5908175895849778,COMPLETE,2025-03-29 08:13:38.168606,2025-03-29 08:13:49.384272,11.215666
467,copulagan,0.5,onesidedselection,0.25,0.984768810218344,COMPLETE,2025-03-29 08:13:49.396948,2025-03-29 08:14:06.659121,17.262173
468,copulagan,2,instancehardness,0.0625,0.9870257379972729,COMPLETE,2025-03-29 08:14:06.670580,2025-03-29 08:14:24.166631,17.496051
469,tvae,0,editednn,auto,0.9784313187068703,COMPLETE,2025-03-29 08:14:24.178103,2025-03-29 08:14:38.605998,14.427895
470,ctgan,1,condensednn,0.5,0.6282040340090724,COMPLETE,2025-03-29 08:14:38.618526,2025-03-29 08:14:51.458100,12.839574
471,copulagan,auto,condensednn,0.25,0.5906562194317295,COMPLETE,2025-03-29 08:14:51.469482,2025-03-29 08:15:04.665338,13.195856
472,gaussiancopula,1,nearmiss,auto,0.9806037080590027,COMPLETE,2025-03-29 08:15:04.677223,2025-03-29 08:15:22.471664,17.794441
473,tvae,0,instancehardness,0.125,0.9763580747443754,COMPLETE,2025-03-29 08:15:22.483716,2025-03-29 08:15:37.732302,15.248586
474,copulagan,0,onesidedselection,0.25,0.9783357579867517,COMPLETE,2025-03-29 08:15:37.753331,2025-03-29 08:15:50.949363,13.196032
475,fastml,1,onesidedselection,0.25,0.9848589721253914,COMPLETE,2025-03-29 08:15:50.961594,2025-03-29 08:16:06.211987,15.250393
476,tvae,1,random,0.25,0.987038663735101,COMPLETE,2025-03-29 08:16:06.234009,2025-03-29 08:16:21.308452,15.074443
477,gaussiancopula,0.25,onesidedselection,0.25,0.9783653319196244,COMPLETE,2025-03-29 08:16:21.319803,2025-03-29 08:16:36.202549,14.882746
478,fastml,2,tomeklinks,auto,0.9827175859688069,COMPLETE,2025-03-29 08:16:36.224070,2025-03-29 08:16:51.649681,15.425611
479,gaussiancopula,auto,clustercentroid,auto,0.9870058877332495,COMPLETE,2025-03-29 08:16:51.665698,2025-03-29 08:17:14.889621,23.223923
480,copulagan,2,tomeklinks,0.5,0.9826197196288691,COMPLETE,2025-03-29 08:17:14.906019,2025-03-29 08:17:33.857453,18.951434
481,ctgan,0.5,tomeklinks,auto,0.982663952192812,COMPLETE,2025-03-29 08:17:33.869288,2025-03-29 08:17:53.090462,19.221174
482,tvae,0.5,editednn,0.0625,0.9827173545952453,COMPLETE,2025-03-29 08:17:53.102304,2025-03-29 08:18:09.375012,16.272708
483,ctgan,auto,editednn,0.25,0.9805539716227228,COMPLETE,2025-03-29 08:18:09.396317,2025-03-29 08:18:25.097809,15.701492
484,copulagan,0.25,random,0.125,0.9935066489688338,COMPLETE,2025-03-29 08:18:25.119861,2025-03-29 08:18:42.448499,17.328638
485,adasyn,1,tomeklinks,auto,-1.0,COMPLETE,2025-03-29 08:18:42.474721,2025-03-29 08:18:42.608881,0.13416
486,fastml,1,condensednn,0.5,0.6002126634042212,COMPLETE,2025-03-29 08:18:42.620219,2025-03-29 08:18:55.122973,12.502754
487,smote,0.5,editednn,0,0.991343141164981,COMPLETE,2025-03-29 08:18:55.135706,2025-03-29 08:19:11.665618,16.529912
488,random,1,tomeklinks,0.25,0.9848926054293577,COMPLETE,2025-03-29 08:19:11.677309,2025-03-29 08:19:26.971875,15.294566
489,fastml,0.5,instancehardness,auto,0.9848239453080575,COMPLETE,2025-03-29 08:19:26.984285,2025-03-29 08:19:43.558247,16.573962
490,adasyn,0,condensednn,0.25,0.6203396548154443,COMPLETE,2025-03-29 08:19:43.570099,2025-03-29 08:19:55.322757,11.752658
491,smote,0,instancehardness,0.0625,0.9763580747443754,COMPLETE,2025-03-29 08:19:55.334390,2025-03-29 08:20:10.433413,15.099023
492,smote,2,clustercentroid,auto,0.9935066489688338,COMPLETE,2025-03-29 08:20:10.445250,2025-03-29 08:20:32.233489,21.788239
493,random,auto,onesidedselection,0.5,0.9783747611716287,COMPLETE,2025-03-29 08:20:32.254818,2025-03-29 08:20:45.573766,13.318948
494,fastml,auto,random,0.0625,0.991343141164981,COMPLETE,2025-03-29 08:20:45.594995,2025-03-29 08:21:01.690433,16.095438
495,fastml,1,random,auto,0.991343141164981,COMPLETE,2025-03-29 08:21:01.711470,2025-03-29 08:21:18.069072,16.357602
496,adasyn,1,random,auto,-1.0,COMPLETE,2025-03-29 08:21:18.090337,2025-03-29 08:21:18.144688,0.054351
497,random,1,random,0.0625,0.9891668172659909,COMPLETE,2025-03-29 08:21:18.155948,2025-03-29 08:21:34.836151,16.680203
498,random,1,onesidedselection,0.5,0.9783747611716287,COMPLETE,2025-03-29 08:21:34.857243,2025-03-29 08:21:48.001013,13.14377
499,fastml,0.5,onesidedselection,0.0625,0.9848589721253914,COMPLETE,2025-03-29 08:21:48.022225,2025-03-29 08:22:03.438493,15.416268
500,tvae,auto,instancehardness,0.25,0.9826641023852425,COMPLETE,2025-03-29 08:22:03.459768,2025-03-29 08:22:20.230341,16.770573
501,copulagan,2,editednn,0.0625,0.9783033686864364,COMPLETE,2025-03-29 08:22:20.242211,2025-03-29 08:22:37.746562,17.504351
502,ctgan,1,onesidedselection,0.0625,0.9782982230708627,COMPLETE,2025-03-29 08:22:37.758090,2025-03-29 08:22:53.613464,15.855374
503,adasyn,0.5,random,0.125,-1.0,COMPLETE,2025-03-29 08:22:53.640088,2025-03-29 08:22:53.692671,0.052583
504,tvae,0,nearmiss,auto,0.9892179705155923,COMPLETE,2025-03-29 08:22:53.703366,2025-03-29 08:23:09.482491,15.779125
505,gaussiancopula,0.25,random,0,0.9913421468043316,COMPLETE,2025-03-29 08:23:09.508538,2025-03-29 08:23:24.392852,14.884314
506,gaussiancopula,2,onesidedselection,0.0625,0.9783653319196244,COMPLETE,2025-03-29 08:23:24.413830,2025-03-29 08:23:39.169031,14.755201
507,tvae,0,tomeklinks,0.0625,0.984768810218344,COMPLETE,2025-03-29 08:23:39.180284,2025-03-29 08:23:54.631881,15.451597
508,copulagan,0.5,condensednn,0.25,0.5906562194317295,COMPLETE,2025-03-29 08:23:54.652823,2025-03-29 08:24:08.010139,13.357316
509,gaussiancopula,0,random,0.25,0.993502999650116,COMPLETE,2025-03-29 08:24:08.022635,2025-03-29 08:24:24.313572,16.290937
510,copulagan,auto,instancehardness,0.125,0.9870257379972729,COMPLETE,2025-03-29 08:24:24.324994,2025-03-29 08:24:42.074722,17.749728
511,adasyn,auto,editednn,0.0625,-1.0,COMPLETE,2025-03-29 08:24:42.086523,2025-03-29 08:24:42.140258,0.053735
512,copulagan,1,onesidedselection,0.0625,0.984768810218344,COMPLETE,2025-03-29 08:24:42.151279,2025-03-29 08:24:59.758975,17.607696
513,ctgan,0,instancehardness,0.5,0.9763580747443754,COMPLETE,2025-03-29 08:24:59.770577,2025-03-29 08:25:15.208161,15.437584
514,gaussiancopula,1,onesidedselection,0.25,0.9783653319196244,COMPLETE,2025-03-29 08:25:15.230164,2025-03-29 08:25:30.223122,14.992958
515,fastml,2,editednn,0.0625,0.971725977129174,COMPLETE,2025-03-29 08:25:30.244236,2025-03-29 08:25:45.882214,15.637978
516,adasyn,1,instancehardness,0.5,-1.0,COMPLETE,2025-03-29 08:25:45.894360,2025-03-29 08:25:45.949151,0.054791
517,tvae,0,random,0.5,0.993502999650116,COMPLETE,2025-03-29 08:25:45.960813,2025-03-29 08:26:02.273498,16.312685
518,smote,0.5,tomeklinks,0.125,0.9805547907596056,COMPLETE,2025-03-29 08:26:02.295129,2025-03-29 08:26:18.203608,15.908479
519,random,2,clustercentroid,0,0.98916403461858,COMPLETE,2025-03-29 08:26:18.216173,2025-03-29 08:26:34.122635,15.906462
520,ctgan,0.25,instancehardness,0.125,0.9892084292555944,COMPLETE,2025-03-29 08:26:34.134914,2025-03-29 08:26:52.812866,18.677952
521,ctgan,2,editednn,0.25,0.9805539716227228,COMPLETE,2025-03-29 08:26:52.825034,2025-03-29 08:27:08.723554,15.89852
522,fastml,2,nearmiss,0.5,0.9848225341252012,COMPLETE,2025-03-29 08:27:08.744833,2025-03-29 08:27:23.753889,15.009056
523,random,auto,random,0.25,0.9891668172659909,COMPLETE,2025-03-29 08:27:23.766412,2025-03-29 08:27:40.518326,16.751914
524,smote,0.5,condensednn,0.125,0.613993656688675,COMPLETE,2025-03-29 08:27:40.539646,2025-03-29 08:27:51.852504,11.312858
525,ctgan,1,clustercentroid,auto,0.9782569445361456,COMPLETE,2025-03-29 08:27:51.866247,2025-03-29 08:28:14.866618,23.000371
526,gaussiancopula,auto,nearmiss,0.0625,0.9806037080590027,COMPLETE,2025-03-29 08:28:14.887942,2025-03-29 08:28:32.657790,17.769848
527,fastml,1,clustercentroid,0.5,0.9848321084847547,COMPLETE,2025-03-29 08:28:32.670286,2025-03-29 08:28:55.639719,22.969433
528,random,0,random,0.25,0.993502999650116,COMPLETE,2025-03-29 08:28:55.661784,2025-03-29 08:29:11.997435,16.335651
529,ctgan,0,clustercentroid,auto,0.9891626891626891,COMPLETE,2025-03-29 08:29:12.018570,2025-03-29 08:29:33.400722,21.382152
530,ctgan,0.25,clustercentroid,auto,0.9782569445361456,COMPLETE,2025-03-29 08:29:33.412381,2025-03-29 08:29:56.615810,23.203429
531,copulagan,0,editednn,auto,0.9784313187068703,COMPLETE,2025-03-29 08:29:56.637227,2025-03-29 08:30:11.029248,14.392021
532,copulagan,2,clustercentroid,0.25,0.9739098244963075,COMPLETE,2025-03-29 08:30:11.040904,2025-03-29 08:30:34.793581,23.752677
533,tvae,2,clustercentroid,0,0.9869457197202036,COMPLETE,2025-03-29 08:30:34.805384,2025-03-29 08:30:51.128458,16.323074
534,copulagan,auto,tomeklinks,0.25,0.9826197196288691,COMPLETE,2025-03-29 08:30:51.140055,2025-03-29 08:31:10.336484,19.196429
535,copulagan,0,tomeklinks,0.0625,0.984768810218344,COMPLETE,2025-03-29 08:31:10.348080,2025-03-29 08:31:25.618219,15.270139
536,fastml,0.25,condensednn,auto,0.6002126634042212,COMPLETE,2025-03-29 08:31:25.640620,2025-03-29 08:31:38.323567,12.682947
537,copulagan,0.25,onesidedselection,0,0.9848186793619221,COMPLETE,2025-03-29 08:31:38.334710,2025-03-29 08:31:55.064873,16.730163
538,adasyn,0.5,onesidedselection,0.5,-1.0,COMPLETE,2025-03-29 08:31:55.076359,2025-03-29 08:31:55.130607,0.054248
539,adasyn,2,clustercentroid,0.5,-1.0,COMPLETE,2025-03-29 08:31:55.141235,2025-03-29 08:31:55.194322,0.053087
540,ctgan,0.25,editednn,0,0.9782971627011856,COMPLETE,2025-03-29 08:31:55.204715,2025-03-29 08:32:12.330213,17.125498
541,random,2,random,auto,0.9891668172659909,COMPLETE,2025-03-29 08:32:12.341790,2025-03-29 08:32:29.109795,16.768005
542,copulagan,0.5,instancehardness,0.0625,0.9870257379972729,COMPLETE,2025-03-29 08:32:29.130872,2025-03-29 08:32:47.523766,18.392894
543,ctgan,2,random,0.25,0.9891823765397848,COMPLETE,2025-03-29 08:32:47.537079,2025-03-29 08:33:04.718891,17.181812
544,ctgan,auto,condensednn,0,0.9782971627011856,COMPLETE,2025-03-29 08:33:04.730363,2025-03-29 08:33:22.377512,17.647149
545,adasyn,2,nearmiss,auto,-1.0,COMPLETE,2025-03-29 08:33:22.389135,2025-03-29 08:33:22.443525,0.05439
546,smote,1,clustercentroid,0,0.991343141164981,COMPLETE,2025-03-29 08:33:22.455431,2025-03-29 08:33:39.008278,16.552847
547,adasyn,0,clustercentroid,auto,0.9891626891626891,COMPLETE,2025-03-29 08:33:39.020054,2025-03-29 08:34:00.359506,21.339452
548,fastml,1,tomeklinks,0.0625,0.9827175859688069,COMPLETE,2025-03-29 08:34:00.385349,2025-03-29 08:34:15.797386,15.412037
549,smote,0.25,onesidedselection,auto,0.9804990292603718,COMPLETE,2025-03-29 08:34:15.809156,2025-03-29 08:34:28.520965,12.711809
550,adasyn,2,condensednn,0.5,-1.0,COMPLETE,2025-03-29 08:34:28.543112,2025-03-29 08:34:28.599293,0.056181
551,copulagan,0.5,clustercentroid,0.125,0.9739098244963075,COMPLETE,2025-03-29 08:34:28.611208,2025-03-29 08:34:52.520072,23.908864
552,adasyn,auto,instancehardness,0.125,-1.0,COMPLETE,2025-03-29 08:34:52.542569,2025-03-29 08:34:52.597537,0.054968
553,tvae,0.5,clustercentroid,0.5,0.9935064935064936,COMPLETE,2025-03-29 08:34:52.609283,2025-03-29 08:35:14.074631,21.465348
554,smote,0,nearmiss,0.0625,0.9892179705155923,COMPLETE,2025-03-29 08:35:14.096497,2025-03-29 08:35:29.816394,15.719897
555,copulagan,1,nearmiss,0.125,0.9848362611804578,COMPLETE,2025-03-29 08:35:29.828061,2025-03-29 08:35:45.056228,15.228167
556,random,0.5,editednn,0.125,0.9849285252035781,COMPLETE,2025-03-29 08:35:45.067250,2025-03-29 08:36:01.790667,16.723417
557,smote,2,onesidedselection,0.125,0.9804990292603718,COMPLETE,2025-03-29 08:36:01.811723,2025-03-29 08:36:14.613730,12.802007
558,random,auto,onesidedselection,auto,0.9783747611716287,COMPLETE,2025-03-29 08:36:14.626212,2025-03-29 08:36:27.740886,13.114674
559,copulagan,0.5,nearmiss,0.125,0.9848362611804578,COMPLETE,2025-03-29 08:36:27.761888,2025-03-29 08:36:43.033446,15.271558
560,ctgan,0,instancehardness,0.25,0.9763580747443754,COMPLETE,2025-03-29 08:36:43.044953,2025-03-29 08:36:58.329054,15.284101
561,fastml,auto,clustercentroid,0.25,0.9848321084847547,COMPLETE,2025-03-29 08:36:58.345691,2025-03-29 08:37:21.117364,22.771673
562,tvae,auto,random,0.25,0.987038663735101,COMPLETE,2025-03-29 08:37:21.129610,2025-03-29 08:37:36.369035,15.239425
563,tvae,1,clustercentroid,auto,0.9935064935064936,COMPLETE,2025-03-29 08:37:36.381474,2025-03-29 08:37:58.067397,21.685923
564,ctgan,auto,condensednn,0.5,0.6282040340090724,COMPLETE,2025-03-29 08:37:58.081945,2025-03-29 08:38:11.033913,12.951968
565,tvae,0.25,editednn,0.5,0.9827173545952453,COMPLETE,2025-03-29 08:38:11.061282,2025-03-29 08:38:27.295968,16.234686
566,gaussiancopula,1,tomeklinks,auto,0.9848535303080758,COMPLETE,2025-03-29 08:38:27.317645,2025-03-29 08:38:44.613490,17.295845
567,gaussiancopula,auto,onesidedselection,0,0.9913421468043316,COMPLETE,2025-03-29 08:38:44.625224,2025-03-29 08:38:59.554038,14.928814
568,adasyn,2,onesidedselection,0.125,-1.0,COMPLETE,2025-03-29 08:38:59.565707,2025-03-29 08:38:59.621096,0.055389
569,tvae,2,editednn,0,0.9869457197202036,COMPLETE,2025-03-29 08:38:59.631992,2025-03-29 08:39:15.609259,15.977267
570,adasyn,0,tomeklinks,0.25,0.984768810218344,COMPLETE,2025-03-29 08:39:15.630423,2025-03-29 08:39:30.874191,15.243768
571,gaussiancopula,0,random,0,-1.0,ERROR,,,0.0
572,fastml,0,clustercentroid,0.0625,0.9891626891626891,COMPLETE,2025-03-29 08:39:45.674913,2025-03-29 08:40:07.136765,21.461852
573,copulagan,1,instancehardness,0.25,0.9870257379972729,COMPLETE,2025-03-29 08:40:07.153280,2025-03-29 08:40:24.994157,17.840877
574,gaussiancopula,0.5,editednn,0,0.9913421468043316,COMPLETE,2025-03-29 08:40:25.006202,2025-03-29 08:40:39.933945,14.927743
575,tvae,0,clustercentroid,auto,0.9891626891626891,COMPLETE,2025-03-29 08:40:39.946847,2025-03-29 08:41:01.628905,21.682058
576,smote,0.5,nearmiss,0.125,0.9869494027026645,COMPLETE,2025-03-29 08:41:01.654230,2025-03-29 08:41:15.583797,13.929567
577,random,auto,onesidedselection,0,0.98916403461858,COMPLETE,2025-03-29 08:41:15.604543,2025-03-29 08:41:31.221975,15.617432
578,copulagan,2,random,0.5,0.9935066489688338,COMPLETE,2025-03-29 08:41:31.233733,2025-03-29 08:41:48.765570,17.531837
579,adasyn,0.5,instancehardness,0.0625,-1.0,COMPLETE,2025-03-29 08:41:48.776944,2025-03-29 08:41:48.833194,0.05625
580,smote,0.5,clustercentroid,0.25,0.9935066489688338,COMPLETE,2025-03-29 08:41:48.843967,2025-03-29 08:42:10.824865,21.980898
581,copulagan,auto,tomeklinks,0.5,0.9826197196288691,COMPLETE,2025-03-29 08:42:10.846423,2025-03-29 08:42:29.878784,19.032361
582,tvae,0,clustercentroid,0.125,0.9891626891626891,COMPLETE,2025-03-29 08:42:29.899765,2025-03-29 08:42:51.706779,21.807014
583,copulagan,auto,instancehardness,0,0.9848186793619221,COMPLETE,2025-03-29 08:42:51.722728,2025-03-29 08:43:08.392177,16.669449
584,adasyn,0,random,0.5,0.993502999650116,COMPLETE,2025-03-29 08:43:08.408724,2025-03-29 08:43:24.861358,16.452634
585,smote,2,onesidedselection,0.25,0.9804990292603718,COMPLETE,2025-03-29 08:43:24.873017,2025-03-29 08:43:37.795902,12.922885
586,fastml,0.5,condensednn,0.5,0.6002126634042212,COMPLETE,2025-03-29 08:43:37.817777,2025-03-29 08:43:50.625209,12.807432
587,fastml,0.25,editednn,auto,0.971725977129174,COMPLETE,2025-03-29 08:43:50.636722,2025-03-29 08:44:06.311155,15.674433
588,adasyn,1,editednn,0.25,-1.0,COMPLETE,2025-03-29 08:44:06.332150,2025-03-29 08:44:06.386855,0.054705
589,random,2,condensednn,0.25,0.6002264619994727,COMPLETE,2025-03-29 08:44:06.397704,2025-03-29 08:44:18.471971,12.074267
590,adasyn,2,tomeklinks,0.125,-1.0,COMPLETE,2025-03-29 08:44:18.483322,2025-03-29 08:44:18.540002,0.05668
591,smote,0.25,editednn,0.5,0.9848822012062426,COMPLETE,2025-03-29 08:44:18.551444,2025-03-29 08:44:33.026934,14.47549
592,fastml,0.25,condensednn,0.5,0.6002126634042212,COMPLETE,2025-03-29 08:44:33.052563,2025-03-29 08:44:45.820540,12.767977
593,ctgan,0.5,condensednn,0.25,0.6282040340090724,COMPLETE,2025-03-29 08:44:45.831770,2025-03-29 08:44:58.886592,13.054822
594,ctgan,2,instancehardness,0,0.9782971627011856,COMPLETE,2025-03-29 08:44:58.907819,2025-03-29 08:45:16.033275,17.125456
595,copulagan,auto,clustercentroid,0.0625,0.9739098244963075,COMPLETE,2025-03-29 08:45:16.044561,2025-03-29 08:45:39.927642,23.883081
596,tvae,2,instancehardness,0.125,0.9826641023852425,COMPLETE,2025-03-29 08:45:39.939481,2025-03-29 08:45:56.836939,16.897458
597,random,0.25,editednn,0.5,0.9849285252035781,COMPLETE,2025-03-29 08:45:56.848938,2025-03-29 08:46:13.703938,16.855
598,adasyn,0,clustercentroid,0.0625,0.9891626891626891,COMPLETE,2025-03-29 08:46:13.716062,2025-03-29 08:46:35.219526,21.503464
599,ctgan,1,onesidedselection,0.125,0.9782982230708627,COMPLETE,2025-03-29 08:46:35.231350,2025-03-29 08:46:51.134976,15.903626
600,adasyn,0.5,editednn,0.5,-1.0,COMPLETE,2025-03-29 08:46:51.160319,2025-03-29 08:46:51.215202,0.054883
601,gaussiancopula,2,clustercentroid,0.125,0.9870058877332495,COMPLETE,2025-03-29 08:46:51.226011,2025-03-29 08:47:14.113186,22.887175
602,copulagan,0,nearmiss,0,-1.0,ERROR,,,0.0
603,ctgan,2,clustercentroid,0.0625,0.9782569445361456,COMPLETE,2025-03-29 08:47:28.890468,2025-03-29 08:47:52.220804,23.330336
604,tvae,1,nearmiss,0.125,0.9826747146507947,COMPLETE,2025-03-29 08:47:52.233943,2025-03-29 08:48:08.667503,16.43356
605,tvae,0.25,condensednn,0,0.9869457197202036,COMPLETE,2025-03-29 08:48:08.679688,2025-03-29 08:48:24.841605,16.161917
606,gaussiancopula,0.5,onesidedselection,auto,0.9783653319196244,COMPLETE,2025-03-29 08:48:24.853109,2025-03-29 08:48:39.706662,14.853553
607,ctgan,2,clustercentroid,0.125,0.9782569445361456,COMPLETE,2025-03-29 08:48:39.719195,2025-03-29 08:49:02.861609,23.142414
608,random,0.5,random,auto,0.9891668172659909,COMPLETE,2025-03-29 08:49:02.882773,2025-03-29 08:49:19.821792,16.939019
609,tvae,2,editednn,0.125,0.9827173545952453,COMPLETE,2025-03-29 08:49:19.843286,2025-03-29 08:49:36.493191,16.649905
610,fastml,1,tomeklinks,0.125,0.9827175859688069,COMPLETE,2025-03-29 08:49:36.514066,2025-03-29 08:49:51.889091,15.375025
611,tvae,0,clustercentroid,0.25,0.9891626891626891,COMPLETE,2025-03-29 08:49:51.915203,2025-03-29 08:50:13.663075,21.747872
612,random,0.25,random,auto,0.9891668172659909,COMPLETE,2025-03-29 08:50:13.674736,2025-03-29 08:50:30.528276,16.85354
613,fastml,auto,instancehardness,0,0.9847832082520709,COMPLETE,2025-03-29 08:50:30.549637,2025-03-29 08:50:45.822594,15.272957
614,fastml,0.25,instancehardness,0,0.9847832082520709,COMPLETE,2025-03-29 08:50:45.844947,2025-03-29 08:51:00.911706,15.066759
615,smote,0.5,tomeklinks,auto,0.9805547907596056,COMPLETE,2025-03-29 08:51:00.932818,2025-03-29 08:51:16.943481,16.010663
616,tvae,0.5,onesidedselection,0.5,0.9805080849157983,COMPLETE,2025-03-29 08:51:16.964772,2025-03-29 08:51:32.551497,15.586725
617,fastml,2,condensednn,0.0625,0.6002126634042212,COMPLETE,2025-03-29 08:51:32.572910,2025-03-29 08:51:45.324099,12.751189
618,tvae,0.25,random,0.125,0.987038663735101,COMPLETE,2025-03-29 08:51:45.335564,2025-03-29 08:52:00.508849,15.173285
619,fastml,auto,condensednn,auto,0.6002126634042212,COMPLETE,2025-03-29 08:52:00.520542,2025-03-29 08:52:13.391285,12.870743
620,ctgan,1,random,0.5,0.9891823765397848,COMPLETE,2025-03-29 08:52:13.402970,2025-03-29 08:52:30.364700,16.96173
621,gaussiancopula,0.25,instancehardness,0.5,0.9848435926094576,COMPLETE,2025-03-29 08:52:30.386483,2025-03-29 08:52:46.714936,16.328453
622,fastml,0.25,tomeklinks,0.0625,0.9827175859688069,COMPLETE,2025-03-29 08:52:46.736394,2025-03-29 08:53:02.124918,15.388524
623,ctgan,1,instancehardness,0.125,0.9892084292555944,COMPLETE,2025-03-29 08:53:02.136826,2025-03-29 08:53:20.962258,18.825432
624,adasyn,0.25,editednn,0.5,-1.0,COMPLETE,2025-03-29 08:53:20.983620,2025-03-29 08:53:21.039244,0.055624
625,copulagan,1,onesidedselection,0.125,0.984768810218344,COMPLETE,2025-03-29 08:53:21.049945,2025-03-29 08:53:38.285567,17.235622
626,gaussiancopula,0,condensednn,0.25,0.6203396548154443,COMPLETE,2025-03-29 08:53:38.306434,2025-03-29 08:53:50.003030,11.696596
627,adasyn,0,tomeklinks,0.5,0.984768810218344,COMPLETE,2025-03-29 08:53:50.014489,2025-03-29 08:54:05.419647,15.405158
628,adasyn,auto,condensednn,0.0625,-1.0,COMPLETE,2025-03-29 08:54:05.440968,2025-03-29 08:54:05.496971,0.056003
629,adasyn,auto,condensednn,0.125,-1.0,COMPLETE,2025-03-29 08:54:05.507892,2025-03-29 08:54:05.564220,0.056328
630,random,0.5,editednn,auto,0.9849285252035781,COMPLETE,2025-03-29 08:54:05.575170,2025-03-29 08:54:22.189469,16.614299
631,smote,0.25,instancehardness,0.0625,0.9870488319531496,COMPLETE,2025-03-29 08:54:22.201896,2025-03-29 08:54:38.605786,16.40389
632,adasyn,2,editednn,0.125,-1.0,COMPLETE,2025-03-29 08:54:38.626642,2025-03-29 08:54:38.684461,0.057819
633,random,0.25,nearmiss,0.0625,0.984870501399427,COMPLETE,2025-03-29 08:54:38.695416,2025-03-29 08:54:54.249195,15.553779
634,copulagan,2,instancehardness,auto,0.9870257379972729,COMPLETE,2025-03-29 08:54:54.260591,2025-03-29 08:55:12.136152,17.875561
635,random,auto,instancehardness,0,0.98916403461858,COMPLETE,2025-03-29 08:55:12.148173,2025-03-29 08:55:27.843890,15.695717
636,fastml,1,condensednn,0,0.9847832082520709,COMPLETE,2025-03-29 08:55:27.855286,2025-03-29 08:55:42.901901,15.046615
637,adasyn,0.25,onesidedselection,0.25,-1.0,COMPLETE,2025-03-29 08:55:42.922857,2025-03-29 08:55:42.981665,0.058808
638,smote,1,random,auto,0.9891935575896289,COMPLETE,2025-03-29 08:55:42.992758,2025-03-29 08:55:57.604486,14.611728
639,fastml,0,onesidedselection,0.0625,0.9783357579867517,COMPLETE,2025-03-29 08:55:57.615844,2025-03-29 08:56:10.578679,12.962835
640,gaussiancopula,0,instancehardness,0.5,0.9763580747443754,COMPLETE,2025-03-29 08:56:10.590532,2025-03-29 08:56:25.790472,15.19994
641,gaussiancopula,1,editednn,0,0.9913421468043316,COMPLETE,2025-03-29 08:56:25.815959,2025-03-29 08:56:40.419875,14.603916
642,random,0,tomeklinks,0.125,0.984768810218344,COMPLETE,2025-03-29 08:56:40.440630,2025-03-29 08:56:55.765227,15.324597
643,ctgan,2,nearmiss,auto,0.9891604499066595,COMPLETE,2025-03-29 08:56:55.786473,2025-03-29 08:57:14.243478,18.457005
644,tvae,auto,instancehardness,auto,0.9826641023852425,COMPLETE,2025-03-29 08:57:14.264342,2025-03-29 08:57:30.630680,16.366338
645,ctgan,1,instancehardness,auto,0.9892084292555944,COMPLETE,2025-03-29 08:57:30.656128,2025-03-29 08:57:49.314286,18.658158
646,smote,2,editednn,0.0625,0.9848822012062426,COMPLETE,2025-03-29 08:57:49.327083,2025-03-29 08:58:03.976281,14.649198
647,ctgan,0.5,clustercentroid,0.125,0.9782569445361456,COMPLETE,2025-03-29 08:58:03.997067,2025-03-29 08:58:26.994228,22.997161
648,adasyn,2,condensednn,auto,-1.0,COMPLETE,2025-03-29 08:58:27.015692,2025-03-29 08:58:27.072018,0.056326
649,random,2,random,0.125,0.9891668172659909,COMPLETE,2025-03-29 08:58:27.082276,2025-03-29 08:58:43.480813,16.398537
650,fastml,0,editednn,0.5,0.9784313187068703,COMPLETE,2025-03-29 08:58:43.492153,2025-03-29 08:58:58.003606,14.511453
651,ctgan,auto,random,0.25,0.9891823765397848,COMPLETE,2025-03-29 08:58:58.015797,2025-03-29 08:59:14.974095,16.958298
652,smote,0.25,instancehardness,auto,0.9870488319531496,COMPLETE,2025-03-29 08:59:14.986556,2025-03-29 08:59:31.128580,16.142024
653,tvae,0,random,0.125,0.993502999650116,COMPLETE,2025-03-29 08:59:31.149615,2025-03-29 08:59:47.114464,15.964849
654,random,0.5,random,0.25,0.9891668172659909,COMPLETE,2025-03-29 08:59:47.135182,2025-03-29 09:00:03.579215,16.444033
655,gaussiancopula,1,editednn,auto,0.9805140860350166,COMPLETE,2025-03-29 09:00:03.600392,2025-03-29 09:00:18.817096,15.216704
656,gaussiancopula,0.25,condensednn,0,0.9913421468043316,COMPLETE,2025-03-29 09:00:18.829480,2025-03-29 09:00:33.552321,14.722841
657,tvae,0.5,editednn,0.25,0.9827173545952453,COMPLETE,2025-03-29 09:00:33.573302,2025-03-29 09:00:49.814557,16.241255
658,random,auto,editednn,0.125,0.9849285252035781,COMPLETE,2025-03-29 09:00:49.827987,2025-03-29 09:01:06.469273,16.641286
659,tvae,auto,onesidedselection,auto,0.9805080849157983,COMPLETE,2025-03-29 09:01:06.480867,2025-03-29 09:01:22.107863,15.626996
660,tvae,0.25,onesidedselection,0.125,0.9805080849157983,COMPLETE,2025-03-29 09:01:22.120149,2025-03-29 09:01:37.557814,15.437665
661,fastml,0.5,condensednn,0.25,0.6002126634042212,COMPLETE,2025-03-29 09:01:37.579191,2025-03-29 09:01:50.237617,12.658426
662,copulagan,0.25,random,0.5,0.9935066489688338,COMPLETE,2025-03-29 09:01:50.249621,2025-03-29 09:02:07.429215,17.179594
663,tvae,1,clustercentroid,0.125,0.9935064935064936,COMPLETE,2025-03-29 09:02:07.441767,2025-03-29 09:02:28.845227,21.40346
664,gaussiancopula,0.5,editednn,0.5,0.9805140860350166,COMPLETE,2025-03-29 09:02:28.861749,2025-03-29 09:02:43.937940,15.076191
665,random,2,instancehardness,auto,0.9891907860322813,COMPLETE,2025-03-29 09:02:43.959418,2025-03-29 09:02:58.212685,14.253267
666,random,1,random,0.5,0.9891668172659909,COMPLETE,2025-03-29 09:02:58.235169,2025-03-29 09:03:14.918383,16.683214
667,ctgan,1,clustercentroid,0,0.9782971627011856,COMPLETE,2025-03-29 09:03:14.939658,2025-03-29 09:03:32.032759,17.093101
668,gaussiancopula,0.25,nearmiss,auto,0.9806037080590027,COMPLETE,2025-03-29 09:03:32.044635,2025-03-29 09:03:49.999498,17.954863
669,gaussiancopula,0.25,editednn,auto,0.9805140860350166,COMPLETE,2025-03-29 09:03:50.020688,2025-03-29 09:04:05.203022,15.182334
670,random,2,random,0.5,0.9891668172659909,COMPLETE,2025-03-29 09:04:05.214773,2025-03-29 09:04:22.082915,16.868142
671,gaussiancopula,auto,instancehardness,0.25,0.9848435926094576,COMPLETE,2025-03-29 09:04:22.104289,2025-03-29 09:04:37.821814,15.717525
672,smote,0,editednn,0,-1.0,ERROR,,,0.0
673,tvae,0.25,nearmiss,0,0.9869457197202036,COMPLETE,2025-03-29 09:04:52.417936,2025-03-29 09:05:08.682525,16.264589
674,fastml,auto,editednn,auto,0.971725977129174,COMPLETE,2025-03-29 09:05:08.698941,2025-03-29 09:05:24.260873,15.561932
675,adasyn,auto,instancehardness,0.0625,-1.0,COMPLETE,2025-03-29 09:05:24.282081,2025-03-29 09:05:24.339937,0.057856
676,ctgan,0.25,condensednn,auto,0.6282040340090724,COMPLETE,2025-03-29 09:05:24.350921,2025-03-29 09:05:37.359243,13.008322
677,fastml,0,tomeklinks,0.25,0.984768810218344,COMPLETE,2025-03-29 09:05:37.380906,2025-03-29 09:05:52.935277,15.554371
678,random,1,tomeklinks,auto,0.9848926054293577,COMPLETE,2025-03-29 09:05:52.956609,2025-03-29 09:06:08.482602,15.525993
679,tvae,0.25,editednn,0.125,0.9827173545952453,COMPLETE,2025-03-29 09:06:08.495158,2025-03-29 09:06:24.894320,16.399162
680,smote,1,nearmiss,0.25,0.9869494027026645,COMPLETE,2025-03-29 09:06:24.915411,2025-03-29 09:06:38.772388,13.856977
681,adasyn,1,condensednn,auto,-1.0,COMPLETE,2025-03-29 09:06:38.793783,2025-03-29 09:06:38.852939,0.059156
682,copulagan,1,tomeklinks,0,0.9848186793619221,COMPLETE,2025-03-29 09:06:38.864022,2025-03-29 09:06:55.555143,16.691121
683,gaussiancopula,2,clustercentroid,auto,0.9870058877332495,COMPLETE,2025-03-29 09:06:55.577664,2025-03-29 09:07:18.769907,23.192243
684,copulagan,0,condensednn,0.25,0.6203396548154443,COMPLETE,2025-03-29 09:07:18.784230,2025-03-29 09:07:30.520454,11.736224
685,smote,0.5,editednn,0.0625,0.9848822012062426,COMPLETE,2025-03-29 09:07:30.546913,2025-03-29 09:07:45.113814,14.566901
686,ctgan,auto,random,0.0625,0.9891823765397848,COMPLETE,2025-03-29 09:07:45.130691,2025-03-29 09:08:01.950860,16.820169
687,copulagan,auto,condensednn,auto,0.5906562194317295,COMPLETE,2025-03-29 09:08:01.962404,2025-03-29 09:08:15.366597,13.404193
688,smote,auto,clustercentroid,0.125,0.9935066489688338,COMPLETE,2025-03-29 09:08:15.387806,2025-03-29 09:08:37.034175,21.646369
689,fastml,auto,onesidedselection,0.0625,0.9848589721253914,COMPLETE,2025-03-29 09:08:37.056367,2025-03-29 09:08:52.488495,15.432128
690,random,0.25,onesidedselection,0.125,0.9783747611716287,COMPLETE,2025-03-29 09:08:52.509579,2025-03-29 09:09:05.700735,13.191156
691,random,auto,instancehardness,0.0625,0.9891907860322813,COMPLETE,2025-03-29 09:09:05.722246,2025-03-29 09:09:19.902563,14.180317
692,ctgan,auto,editednn,0,0.9782971627011856,COMPLETE,2025-03-29 09:09:19.924212,2025-03-29 09:09:37.234350,17.310138
693,adasyn,1,clustercentroid,0.0625,-1.0,COMPLETE,2025-03-29 09:09:37.255594,2025-03-29 09:09:37.314151,0.058557
694,fastml,2,random,0,0.9847832082520709,COMPLETE,2025-03-29 09:09:37.325139,2025-03-29 09:09:52.359501,15.034362
695,smote,1,condensednn,0.0625,0.613993656688675,COMPLETE,2025-03-29 09:09:52.380903,2025-03-29 09:10:03.780738,11.399835
696,adasyn,0.5,condensednn,0.5,-1.0,COMPLETE,2025-03-29 09:10:03.792377,2025-03-29 09:10:03.851231,0.058854
697,fastml,auto,nearmiss,0.5,0.9848225341252012,COMPLETE,2025-03-29 09:10:03.863347,2025-03-29 09:10:19.043708,15.180361
698,fastml,0.25,tomeklinks,0,0.9847832082520709,COMPLETE,2025-03-29 09:10:19.069705,2025-03-29 09:10:34.197507,15.127802
699,adasyn,2,editednn,0.25,-1.0,COMPLETE,2025-03-29 09:10:34.218763,2025-03-29 09:10:34.277464,0.058701
700,gaussiancopula,auto,clustercentroid,0.5,0.9870058877332495,COMPLETE,2025-03-29 09:10:34.288580,2025-03-29 09:10:57.341413,23.052833
701,smote,1,random,0.5,0.9891935575896289,COMPLETE,2025-03-29 09:10:57.353908,2025-03-29 09:11:11.956787,14.602879
702,fastml,auto,tomeklinks,0.0625,0.9827175859688069,COMPLETE,2025-03-29 09:11:11.973142,2025-03-29 09:11:27.408973,15.435831
703,tvae,0,clustercentroid,0,-1.0,ERROR,,,0.0
704,tvae,0.25,condensednn,0.5,0.5908175895849778,COMPLETE,2025-03-29 09:11:42.141696,2025-03-29 09:11:53.415644,11.273948
705,ctgan,0,nearmiss,0.5,0.9892179705155923,COMPLETE,2025-03-29 09:11:53.428595,2025-03-29 09:12:09.421219,15.992624
706,random,0.25,nearmiss,auto,0.984870501399427,COMPLETE,2025-03-29 09:12:09.447966,2025-03-29 09:12:24.754306,15.30634
707,gaussiancopula,auto,tomeklinks,0.5,0.9848535303080758,COMPLETE,2025-03-29 09:12:24.776043,2025-03-29 09:12:41.872820,17.096777
708,smote,0,random,auto,0.993502999650116,COMPLETE,2025-03-29 09:12:41.884459,2025-03-29 09:12:58.225001,16.340542
709,tvae,2,clustercentroid,0.5,0.9935064935064936,COMPLETE,2025-03-29 09:12:58.246015,2025-03-29 09:13:19.871428,21.625413
710,ctgan,0.5,editednn,0.125,0.9805539716227228,COMPLETE,2025-03-29 09:13:19.892489,2025-03-29 09:13:35.823581,15.931092
711,gaussiancopula,0,clustercentroid,auto,0.9891626891626891,COMPLETE,2025-03-29 09:13:35.844357,2025-03-29 09:13:57.184901,21.340544
712,fastml,0,tomeklinks,0.5,0.984768810218344,COMPLETE,2025-03-29 09:13:57.196311,2025-03-29 09:14:12.667732,15.471421
713,gaussiancopula,1,nearmiss,0.25,0.9806037080590027,COMPLETE,2025-03-29 09:14:12.688918,2025-03-29 09:14:30.366495,17.677577
714,gaussiancopula,0,editednn,0,-1.0,ERROR,,,0.0
715,gaussiancopula,auto,random,auto,0.98916403461858,COMPLETE,2025-03-29 09:14:44.951474,2025-03-29 09:15:00.985194,16.03372
716,smote,0,nearmiss,0.125,0.9892179705155923,COMPLETE,2025-03-29 09:15:01.007062,2025-03-29 09:15:16.931823,15.924761
717,gaussiancopula,auto,editednn,0.125,0.9805140860350166,COMPLETE,2025-03-29 09:15:16.953401,2025-03-29 09:15:31.951706,14.998305
718,adasyn,0.5,instancehardness,0.25,-1.0,COMPLETE,2025-03-29 09:15:31.963106,2025-03-29 09:15:32.022157,0.059051
719,gaussiancopula,0.25,random,0.25,0.98916403461858,COMPLETE,2025-03-29 09:15:32.032894,2025-03-29 09:15:48.241635,16.208741
720,smote,2,onesidedselection,0.5,0.9804990292603718,COMPLETE,2025-03-29 09:15:48.262615,2025-03-29 09:16:01.321129,13.058514
721,random,0,nearmiss,0.0625,0.9892179705155923,COMPLETE,2025-03-29 09:16:01.341970,2025-03-29 09:16:17.306893,15.964923
722,ctgan,0,condensednn,0.25,0.6203396548154443,COMPLETE,2025-03-29 09:16:17.328890,2025-03-29 09:16:29.065599,11.736709
723,tvae,0,condensednn,0.25,0.6203396548154443,COMPLETE,2025-03-29 09:16:29.087861,2025-03-29 09:16:40.897494,11.809633
724,gaussiancopula,0,nearmiss,0.0625,0.9892179705155923,COMPLETE,2025-03-29 09:16:40.911187,2025-03-29 09:16:56.743725,15.832538
725,gaussiancopula,0,editednn,0.125,0.9784313187068703,COMPLETE,2025-03-29 09:16:56.757189,2025-03-29 09:17:11.103240,14.346051
726,ctgan,0,tomeklinks,auto,0.984768810218344,COMPLETE,2025-03-29 09:17:11.115753,2025-03-29 09:17:26.408657,15.292904
727,fastml,1,instancehardness,0.0625,0.9848239453080575,COMPLETE,2025-03-29 09:17:26.429641,2025-03-29 09:17:43.158568,16.728927
728,gaussiancopula,0.5,condensednn,0,0.9913421468043316,COMPLETE,2025-03-29 09:17:43.170622,2025-03-29 09:17:57.974682,14.80406
729,fastml,1,nearmiss,0.0625,0.9848225341252012,COMPLETE,2025-03-29 09:17:57.995942,2025-03-29 09:18:13.187528,15.191586
730,tvae,1,tomeklinks,0.125,0.9805245259790715,COMPLETE,2025-03-29 09:18:13.198804,2025-03-29 09:18:30.942052,17.743248
731,tvae,auto,tomeklinks,0.125,0.9805245259790715,COMPLETE,2025-03-29 09:18:30.953886,2025-03-29 09:18:48.591120,17.637234
732,random,0,tomeklinks,0,-1.0,ERROR,,,0.0
733,random,auto,tomeklinks,0,0.98916403461858,COMPLETE,2025-03-29 09:19:03.299500,2025-03-29 09:19:19.174802,15.875302
734,fastml,0.25,onesidedselection,0.5,0.9848589721253914,COMPLETE,2025-03-29 09:19:19.186693,2025-03-29 09:19:34.434473,15.24778
735,smote,0,clustercentroid,auto,0.9891626891626891,COMPLETE,2025-03-29 09:19:34.446359,2025-03-29 09:19:55.827434,21.381075
736,gaussiancopula,auto,editednn,0.5,0.9805140860350166,COMPLETE,2025-03-29 09:19:55.848878,2025-03-29 09:20:11.222278,15.3734
737,copulagan,1,random,0.25,0.9935066489688338,COMPLETE,2025-03-29 09:20:11.234007,2025-03-29 09:20:28.635261,17.401254
738,copulagan,2,tomeklinks,0.125,0.9826197196288691,COMPLETE,2025-03-29 09:20:28.656729,2025-03-29 09:20:48.148113,19.491384
739,gaussiancopula,0.5,editednn,0.125,0.9805140860350166,COMPLETE,2025-03-29 09:20:48.169410,2025-03-29 09:21:03.328840,15.15943
740,gaussiancopula,2,random,0.0625,0.98916403461858,COMPLETE,2025-03-29 09:21:03.340804,2025-03-29 09:21:19.734634,16.39383
741,fastml,0.5,nearmiss,auto,0.9848225341252012,COMPLETE,2025-03-29 09:21:19.755936,2025-03-29 09:21:35.036276,15.28034
742,gaussiancopula,2,random,auto,0.98916403461858,COMPLETE,2025-03-29 09:21:35.062320,2025-03-29 09:21:51.352702,16.290382
743,gaussiancopula,auto,editednn,0.0625,0.9805140860350166,COMPLETE,2025-03-29 09:21:51.374133,2025-03-29 09:22:06.570498,15.196365
744,adasyn,0.25,nearmiss,0,-1.0,COMPLETE,2025-03-29 09:22:06.581905,2025-03-29 09:22:06.640583,0.058678
745,copulagan,0.5,instancehardness,0.25,0.9870257379972729,COMPLETE,2025-03-29 09:22:06.651874,2025-03-29 09:22:24.594949,17.943075
746,random,0.5,onesidedselection,0.25,0.9783747611716287,COMPLETE,2025-03-29 09:22:24.606390,2025-03-29 09:22:37.699567,13.093177
747,fastml,0.25,random,0.25,0.991343141164981,COMPLETE,2025-03-29 09:22:37.720660,2025-03-29 09:22:53.834042,16.113382
748,smote,0.25,condensednn,0.5,0.613993656688675,COMPLETE,2025-03-29 09:22:53.855269,2025-03-29 09:23:05.206001,11.350732
749,fastml,0.5,random,0.25,0.991343141164981,COMPLETE,2025-03-29 09:23:05.218093,2025-03-29 09:23:21.137101,15.919008
750,random,2,editednn,0.25,0.9849285252035781,COMPLETE,2025-03-29 09:23:21.158320,2025-03-29 09:23:37.687969,16.529649
751,fastml,2,nearmiss,0.0625,0.9848225341252012,COMPLETE,2025-03-29 09:23:37.709017,2025-03-29 09:23:52.695170,14.986153
752,adasyn,2,onesidedselection,0.5,-1.0,COMPLETE,2025-03-29 09:23:52.715977,2025-03-29 09:23:52.775146,0.059169
753,copulagan,0,tomeklinks,0,-1.0,ERROR,,,0.0
754,adasyn,1,tomeklinks,0.25,-1.0,COMPLETE,2025-03-29 09:24:07.623873,2025-03-29 09:24:07.682889,0.059016
755,gaussiancopula,2,condensednn,0,0.9913421468043316,COMPLETE,2025-03-29 09:24:07.694479,2025-03-29 09:24:22.671331,14.976852
756,ctgan,auto,tomeklinks,0.5,0.982663952192812,COMPLETE,2025-03-29 09:24:22.693087,2025-03-29 09:24:41.793494,19.100407
757,ctgan,0,condensednn,0.0625,0.6203396548154443,COMPLETE,2025-03-29 09:24:41.805108,2025-03-29 09:24:53.398010,11.592902
758,fastml,1,editednn,0.0625,0.971725977129174,COMPLETE,2025-03-29 09:24:53.419658,2025-03-29 09:25:09.003769,15.584111
759,random,1,nearmiss,0.25,0.984870501399427,COMPLETE,2025-03-29 09:25:09.025402,2025-03-29 09:25:24.491824,15.466422
760,smote,0.5,random,0.5,0.9891935575896289,COMPLETE,2025-03-29 09:25:24.504048,2025-03-29 09:25:39.380498,14.87645
761,ctgan,0,tomeklinks,0.5,0.984768810218344,COMPLETE,2025-03-29 09:25:39.391952,2025-03-29 09:25:54.988413,15.596461
762,smote,0.5,nearmiss,0.5,0.9869494027026645,COMPLETE,2025-03-29 09:25:55.010527,2025-03-29 09:26:09.022576,14.012049
763,copulagan,0.25,condensednn,0,0.9848186793619221,COMPLETE,2025-03-29 09:26:09.034688,2025-03-29 09:26:26.058178,17.02349
764,smote,0.25,random,0.125,0.9891935575896289,COMPLETE,2025-03-29 09:26:26.071818,2025-03-29 09:26:40.901947,14.830129
765,gaussiancopula,0.5,condensednn,0.5,0.7541065445177416,COMPLETE,2025-03-29 09:26:40.918610,2025-03-29 09:26:53.549941,12.631331
766,adasyn,auto,nearmiss,auto,-1.0,COMPLETE,2025-03-29 09:26:53.571026,2025-03-29 09:26:53.633607,0.062581
767,smote,0,nearmiss,auto,0.9892179705155923,COMPLETE,2025-03-29 09:26:53.644714,2025-03-29 09:27:09.387301,15.742587
768,random,0.25,editednn,0.25,0.9849285252035781,COMPLETE,2025-03-29 09:27:09.414755,2025-03-29 09:27:26.230078,16.815323
769,random,0.25,onesidedselection,0.5,0.9783747611716287,COMPLETE,2025-03-29 09:27:26.251741,2025-03-29 09:27:39.436970,13.185229
770,ctgan,auto,editednn,0.125,0.9805539716227228,COMPLETE,2025-03-29 09:27:39.457992,2025-03-29 09:27:55.429838,15.971846
771,adasyn,1,onesidedselection,0.5,-1.0,COMPLETE,2025-03-29 09:27:55.450911,2025-03-29 09:27:55.513701,0.06279
772,copulagan,0.5,clustercentroid,auto,0.9739098244963075,COMPLETE,2025-03-29 09:27:55.524664,2025-03-29 09:28:19.500162,23.975498
773,tvae,0.5,instancehardness,0,0.9869457197202036,COMPLETE,2025-03-29 09:28:19.522319,2025-03-29 09:28:35.610183,16.087864
774,ctgan,2,condensednn,0.25,0.6282040340090724,COMPLETE,2025-03-29 09:28:35.631128,2025-03-29 09:28:48.705013,13.073885
775,smote,0.25,onesidedselection,0.0625,0.9804990292603718,COMPLETE,2025-03-29 09:28:48.716870,2025-03-29 09:29:01.693413,12.976543
776,gaussiancopula,0.25,tomeklinks,0.5,0.9848535303080758,COMPLETE,2025-03-29 09:29:01.714262,2025-03-29 09:29:19.467432,17.75317
777,copulagan,0,onesidedselection,0.5,0.9783357579867517,COMPLETE,2025-03-29 09:29:19.480135,2025-03-29 09:29:32.980584,13.500449
778,ctgan,1,tomeklinks,0.5,0.982663952192812,COMPLETE,2025-03-29 09:29:32.992022,2025-03-29 09:29:52.344570,19.352548
779,fastml,0.5,condensednn,0.0625,0.6002126634042212,COMPLETE,2025-03-29 09:29:52.356815,2025-03-29 09:30:05.138969,12.782154
780,smote,0,tomeklinks,0.0625,0.984768810218344,COMPLETE,2025-03-29 09:30:05.164527,2025-03-29 09:30:20.736890,15.572363
781,copulagan,1,condensednn,auto,0.5906562194317295,COMPLETE,2025-03-29 09:30:20.758000,2025-03-29 09:30:34.090464,13.332464
782,fastml,auto,random,auto,0.991343141164981,COMPLETE,2025-03-29 09:30:34.102784,2025-03-29 09:30:50.296114,16.19333
783,random,2,instancehardness,0.25,0.9891907860322813,COMPLETE,2025-03-29 09:30:50.318088,2025-03-29 09:31:05.074369,14.756281
784,copulagan,auto,editednn,0.125,0.9783033686864364,COMPLETE,2025-03-29 09:31:05.096087,2025-03-29 09:31:22.937374,17.841287
785,tvae,0.25,nearmiss,0.25,0.9826747146507947,COMPLETE,2025-03-29 09:31:22.958619,2025-03-29 09:31:39.641452,16.682833
786,fastml,0.5,random,auto,0.991343141164981,COMPLETE,2025-03-29 09:31:39.663608,2025-03-29 09:31:55.943005,16.279397
787,tvae,0,clustercentroid,0.5,0.9891626891626891,COMPLETE,2025-03-29 09:31:55.964171,2025-03-29 09:32:17.552699,21.588528
788,tvae,0,nearmiss,0.0625,0.9892179705155923,COMPLETE,2025-03-29 09:32:17.574009,2025-03-29 09:32:33.479525,15.905516
789,random,0.25,random,0.0625,0.9891668172659909,COMPLETE,2025-03-29 09:32:33.500767,2025-03-29 09:32:50.532293,17.031526
790,random,auto,editednn,0.5,0.9849285252035781,COMPLETE,2025-03-29 09:32:50.553790,2025-03-29 09:33:07.228607,16.674817
791,adasyn,auto,editednn,0.25,-1.0,COMPLETE,2025-03-29 09:33:07.254372,2025-03-29 09:33:07.316912,0.06254
792,tvae,0,tomeklinks,0.5,0.984768810218344,COMPLETE,2025-03-29 09:33:07.328913,2025-03-29 09:33:22.836552,15.507639
793,tvae,1,tomeklinks,0.0625,0.9805245259790715,COMPLETE,2025-03-29 09:33:22.857717,2025-03-29 09:33:40.693206,17.835489
794,random,0.5,nearmiss,0.125,0.984870501399427,COMPLETE,2025-03-29 09:33:40.704962,2025-03-29 09:33:56.201613,15.496651
795,gaussiancopula,1,tomeklinks,0.5,0.9848535303080758,COMPLETE,2025-03-29 09:33:56.213503,2025-03-29 09:34:13.485883,17.27238
796,random,0.5,instancehardness,0.25,0.9891907860322813,COMPLETE,2025-03-29 09:34:13.498510,2025-03-29 09:34:27.579686,14.081176
797,gaussiancopula,0.5,clustercentroid,auto,0.9870058877332495,COMPLETE,2025-03-29 09:34:27.601302,2025-03-29 09:34:50.524351,22.923049
798,adasyn,2,tomeklinks,0.0625,-1.0,COMPLETE,2025-03-29 09:34:50.535965,2025-03-29 09:34:50.598407,0.062442
799,copulagan,auto,random,0,0.9848186793619221,COMPLETE,2025-03-29 09:34:50.609708,2025-03-29 09:35:07.331516,16.721808
800,fastml,0.5,random,0.5,0.991343141164981,COMPLETE,2025-03-29 09:35:07.352331,2025-03-29 09:35:23.483287,16.130956
801,gaussiancopula,0.5,condensednn,0.125,0.7541065445177416,COMPLETE,2025-03-29 09:35:23.504441,2025-03-29 09:35:36.120628,12.616187
802,adasyn,auto,tomeklinks,0,-1.0,COMPLETE,2025-03-29 09:35:36.141906,2025-03-29 09:35:36.206299,0.064393
803,random,auto,onesidedselection,0.25,0.9783747611716287,COMPLETE,2025-03-29 09:35:36.217316,2025-03-29 09:35:49.667506,13.45019
804,gaussiancopula,1,editednn,0.125,0.9805140860350166,COMPLETE,2025-03-29 09:35:49.681843,2025-03-29 09:36:04.961277,15.279434
805,random,0.25,instancehardness,0.0625,0.9891907860322813,COMPLETE,2025-03-29 09:36:04.975497,2025-03-29 09:36:19.477619,14.502122
806,gaussiancopula,1,clustercentroid,0.25,0.9870058877332495,COMPLETE,2025-03-29 09:36:19.499256,2025-03-29 09:36:42.454886,22.95563
807,fastml,0.5,editednn,0.125,0.971725977129174,COMPLETE,2025-03-29 09:36:42.467450,2025-03-29 09:36:57.926470,15.45902
808,gaussiancopula,2,clustercentroid,0,0.9913421468043316,COMPLETE,2025-03-29 09:36:57.948605,2025-03-29 09:37:12.859267,14.910662
809,tvae,1,editednn,0.5,0.9827173545952453,COMPLETE,2025-03-29 09:37:12.880690,2025-03-29 09:37:29.312746,16.432056
810,copulagan,auto,condensednn,0.5,0.5906562194317295,COMPLETE,2025-03-29 09:37:29.333848,2025-03-29 09:37:42.597618,13.26377
811,tvae,auto,onesidedselection,0,0.9869457197202036,COMPLETE,2025-03-29 09:37:42.619147,2025-03-29 09:37:58.716424,16.097277
812,fastml,0.25,condensednn,0,0.9847832082520709,COMPLETE,2025-03-29 09:37:58.737849,2025-03-29 09:38:13.887303,15.149454
813,adasyn,2,random,auto,-1.0,COMPLETE,2025-03-29 09:38:13.908901,2025-03-29 09:38:13.969761,0.06086
814,copulagan,1,onesidedselection,0,0.9848186793619221,COMPLETE,2025-03-29 09:38:13.981123,2025-03-29 09:38:30.640581,16.659458
815,tvae,1,instancehardness,0.0625,0.9826641023852425,COMPLETE,2025-03-29 09:38:30.662029,2025-03-29 09:38:47.453506,16.791477
816,ctgan,auto,clustercentroid,0,0.9782971627011856,COMPLETE,2025-03-29 09:38:47.465262,2025-03-29 09:39:04.752742,17.28748
817,copulagan,auto,onesidedselection,auto,0.984768810218344,COMPLETE,2025-03-29 09:39:04.769486,2025-03-29 09:39:21.902997,17.133511
818,copulagan,auto,tomeklinks,auto,0.9826197196288691,COMPLETE,2025-03-29 09:39:21.924857,2025-03-29 09:39:41.149563,19.224706
819,copulagan,auto,onesidedselection,0.5,0.984768810218344,COMPLETE,2025-03-29 09:39:41.171777,2025-03-29 09:39:58.396676,17.224899
820,copulagan,0.25,tomeklinks,auto,0.9826197196288691,COMPLETE,2025-03-29 09:39:58.417634,2025-03-29 09:40:17.537969,19.120335
821,tvae,0.5,clustercentroid,0,0.9869457197202036,COMPLETE,2025-03-29 09:40:17.550450,2025-03-29 09:40:33.934765,16.384315
822,tvae,0,instancehardness,0.0625,0.9763580747443754,COMPLETE,2025-03-29 09:40:33.957452,2025-03-29 09:40:49.458304,15.500852
823,copulagan,0.5,nearmiss,auto,0.9848362611804578,COMPLETE,2025-03-29 09:40:49.484500,2025-03-29 09:41:05.016041,15.531541
824,adasyn,0.5,nearmiss,0.5,-1.0,COMPLETE,2025-03-29 09:41:05.042249,2025-03-29 09:41:05.103589,0.06134
825,gaussiancopula,auto,condensednn,0.5,0.7541065445177416,COMPLETE,2025-03-29 09:41:05.115361,2025-03-29 09:41:17.536545,12.421184
826,random,0,onesidedselection,0,-1.0,ERROR,,,0.0
827,fastml,auto,random,0,0.9847832082520709,COMPLETE,2025-03-29 09:41:32.277281,2025-03-29 09:41:47.254539,14.977258
828,random,0,instancehardness,0.5,0.9763580747443754,COMPLETE,2025-03-29 09:41:47.276583,2025-03-29 09:42:02.749393,15.47281
829,copulagan,0,random,auto,0.993502999650116,COMPLETE,2025-03-29 09:42:02.771163,2025-03-29 09:42:18.707722,15.936559
830,adasyn,auto,editednn,0,-1.0,COMPLETE,2025-03-29 09:42:18.729427,2025-03-29 09:42:18.793226,0.063799
831,copulagan,0.25,nearmiss,auto,0.9848362611804578,COMPLETE,2025-03-29 09:42:18.804325,2025-03-29 09:42:34.281068,15.476743
832,smote,0,random,0,-1.0,ERROR,,,0.0
833,gaussiancopula,0.5,tomeklinks,0.5,0.9848535303080758,COMPLETE,2025-03-29 09:42:48.897696,2025-03-29 09:43:06.247353,17.349657
834,smote,0,instancehardness,0,-1.0,ERROR,,,0.0
835,copulagan,auto,editednn,0,0.9848186793619221,COMPLETE,2025-03-29 09:43:20.949964,2025-03-29 09:43:37.739290,16.789326
836,ctgan,auto,editednn,auto,0.9805539716227228,COMPLETE,2025-03-29 09:43:37.760439,2025-03-29 09:43:53.741668,15.981229
837,adasyn,1,random,0.5,-1.0,COMPLETE,2025-03-29 09:43:53.762627,2025-03-29 09:43:53.824393,0.061766
838,tvae,1,tomeklinks,0.25,0.9805245259790715,COMPLETE,2025-03-29 09:43:53.835838,2025-03-29 09:44:11.549390,17.713552
839,random,0.25,tomeklinks,0.25,0.9848926054293577,COMPLETE,2025-03-29 09:44:11.561209,2025-03-29 09:44:26.847054,15.285845
840,random,auto,clustercentroid,0.125,0.9913285367830823,COMPLETE,2025-03-29 09:44:26.862937,2025-03-29 09:44:48.635002,21.772065
841,gaussiancopula,1,random,0,0.9913421468043316,COMPLETE,2025-03-29 09:44:48.660720,2025-03-29 09:45:03.581770,14.92105
842,fastml,0.5,onesidedselection,0.25,0.9848589721253914,COMPLETE,2025-03-29 09:45:03.602734,2025-03-29 09:45:18.872575,15.269841
843,adasyn,0,onesidedselection,0.5,0.9783357579867517,COMPLETE,2025-03-29 09:45:18.894468,2025-03-29 09:45:32.219451,13.324983
844,ctgan,0.25,instancehardness,0.0625,0.9892084292555944,COMPLETE,2025-03-29 09:45:32.235284,2025-03-29 09:45:51.596535,19.361251
845,tvae,auto,editednn,0.0625,0.9827173545952453,COMPLETE,2025-03-29 09:45:51.613355,2025-03-29 09:46:08.115595,16.50224
846,smote,auto,onesidedselection,0.125,0.9804990292603718,COMPLETE,2025-03-29 09:46:08.136732,2025-03-29 09:46:20.974550,12.837818
847,random,auto,tomeklinks,0.0625,0.9848926054293577,COMPLETE,2025-03-29 09:46:20.995929,2025-03-29 09:46:36.641847,15.645918
848,fastml,0,nearmiss,0,-1.0,ERROR,,,0.0
849,tvae,0,editednn,0.125,0.9784313187068703,COMPLETE,2025-03-29 09:46:51.492108,2025-03-29 09:47:05.841571,14.349463
850,random,0.25,onesidedselection,0,0.98916403461858,COMPLETE,2025-03-29 09:47:05.853946,2025-03-29 09:47:21.698539,15.844593
851,smote,2,condensednn,0.125,0.613993656688675,COMPLETE,2025-03-29 09:47:21.724060,2025-03-29 09:47:32.930351,11.206291
852,gaussiancopula,0,onesidedselection,0.5,0.9783357579867517,COMPLETE,2025-03-29 09:47:32.941964,2025-03-29 09:47:46.042151,13.100187
853,random,2,tomeklinks,0.25,0.9848926054293577,COMPLETE,2025-03-29 09:47:46.053293,2025-03-29 09:48:01.685049,15.631756
854,gaussiancopula,0.25,instancehardness,0,0.9913421468043316,COMPLETE,2025-03-29 09:48:01.701796,2025-03-29 09:48:16.696044,14.994248
855,ctgan,0.25,instancehardness,0,0.9782971627011856,COMPLETE,2025-03-29 09:48:16.717167,2025-03-29 09:48:33.853920,17.136753
856,gaussiancopula,0,random,auto,0.993502999650116,COMPLETE,2025-03-29 09:48:33.879938,2025-03-29 09:48:49.944498,16.06456
857,ctgan,1,condensednn,auto,0.6282040340090724,COMPLETE,2025-03-29 09:48:49.966407,2025-03-29 09:49:02.668410,12.702003
858,random,auto,editednn,0,0.98916403461858,COMPLETE,2025-03-29 09:49:02.693211,2025-03-29 09:49:18.674187,15.980976
859,adasyn,auto,onesidedselection,0.25,-1.0,COMPLETE,2025-03-29 09:49:18.696241,2025-03-29 09:49:18.759048,0.062807
860,ctgan,0.25,random,0.0625,0.9891823765397848,COMPLETE,2025-03-29 09:49:18.769751,2025-03-29 09:49:35.710618,16.940867
861,copulagan,1,onesidedselection,0.25,0.984768810218344,COMPLETE,2025-03-29 09:49:35.732327,2025-03-29 09:49:53.027241,17.294914
862,adasyn,0.5,tomeklinks,0.5,-1.0,COMPLETE,2025-03-29 09:49:53.049095,2025-03-29 09:49:53.111080,0.061985
863,copulagan,1,clustercentroid,0.125,0.9739098244963075,COMPLETE,2025-03-29 09:49:53.121945,2025-03-29 09:50:17.229779,24.107834
864,copulagan,2,nearmiss,0.5,0.9848362611804578,COMPLETE,2025-03-29 09:50:17.251657,2025-03-29 09:50:32.536487,15.28483
865,adasyn,0,nearmiss,0.5,0.9892179705155923,COMPLETE,2025-03-29 09:50:32.548897,2025-03-29 09:50:48.153605,15.604708
866,tvae,0.5,random,0.25,0.987038663735101,COMPLETE,2025-03-29 09:50:48.174621,2025-03-29 09:51:03.175581,15.00096
867,smote,0,tomeklinks,0.125,0.984768810218344,COMPLETE,2025-03-29 09:51:03.201715,2025-03-29 09:51:18.552107,15.350392
868,random,auto,clustercentroid,0.25,0.9913285367830823,COMPLETE,2025-03-29 09:51:18.573827,2025-03-29 09:51:40.570746,21.996919
869,adasyn,0.25,onesidedselection,0,-1.0,COMPLETE,2025-03-29 09:51:40.591902,2025-03-29 09:51:40.653337,0.061435
870,random,1,onesidedselection,0.25,0.9783747611716287,COMPLETE,2025-03-29 09:51:40.664143,2025-03-29 09:51:53.854657,13.190514
871,random,2,condensednn,0,0.98916403461858,COMPLETE,2025-03-29 09:51:53.875788,2025-03-29 09:52:09.627974,15.752186
872,tvae,2,tomeklinks,0.0625,0.9805245259790715,COMPLETE,2025-03-29 09:52:09.649534,2025-03-29 09:52:27.338337,17.688803
873,fastml,0,clustercentroid,0.5,0.9891626891626891,COMPLETE,2025-03-29 09:52:27.349689,2025-03-29 09:52:48.819742,21.470053
874,gaussiancopula,2,nearmiss,0.125,0.9806037080590027,COMPLETE,2025-03-29 09:52:48.831255,2025-03-29 09:53:06.020681,17.189426
875,ctgan,0.5,random,0.125,0.9891823765397848,COMPLETE,2025-03-29 09:53:06.041803,2025-03-29 09:53:22.784625,16.742822
876,smote,auto,tomeklinks,auto,0.9805547907596056,COMPLETE,2025-03-29 09:53:22.805620,2025-03-29 09:53:38.647926,15.842306
877,ctgan,1,tomeklinks,auto,0.982663952192812,COMPLETE,2025-03-29 09:53:38.669259,2025-03-29 09:53:58.092294,19.423035
878,copulagan,1,condensednn,0.25,0.5906562194317295,COMPLETE,2025-03-29 09:53:58.103836,2025-03-29 09:54:11.368842,13.265006
879,gaussiancopula,2,editednn,0.0625,0.9805140860350166,COMPLETE,2025-03-29 09:54:11.394887,2025-03-29 09:54:26.556172,15.161285
880,random,auto,clustercentroid,0,0.98916403461858,COMPLETE,2025-03-29 09:54:26.577490,2025-03-29 09:54:42.238760,15.66127
881,tvae,2,onesidedselection,0.25,0.9805080849157983,COMPLETE,2025-03-29 09:54:42.252320,2025-03-29 09:54:57.871901,15.619581
882,fastml,2,editednn,0.125,0.971725977129174,COMPLETE,2025-03-29 09:54:57.887080,2025-03-29 09:55:13.385487,15.498407
883,tvae,0,condensednn,0.125,0.6203396548154443,COMPLETE,2025-03-29 09:55:13.397218,2025-03-29 09:55:25.110857,11.713639
884,fastml,auto,clustercentroid,auto,0.9848321084847547,COMPLETE,2025-03-29 09:55:25.131725,2025-03-29 09:55:48.256195,23.12447
885,gaussiancopula,1,editednn,0.5,0.9805140860350166,COMPLETE,2025-03-29 09:55:48.267778,2025-03-29 09:56:03.410730,15.142952
886,copulagan,0.5,random,0.25,0.9935066489688338,COMPLETE,2025-03-29 09:56:03.432639,2025-03-29 09:56:20.442048,17.009409
887,random,0.25,editednn,0.125,0.9849285252035781,COMPLETE,2025-03-29 09:56:20.463610,2025-03-29 09:56:37.059799,16.596189
888,tvae,2,clustercentroid,0.125,0.9935064935064936,COMPLETE,2025-03-29 09:56:37.080667,2025-03-29 09:56:58.312464,21.231797
889,fastml,2,random,0.0625,0.991343141164981,COMPLETE,2025-03-29 09:56:58.333626,2025-03-29 09:57:14.732828,16.399202
890,random,0.25,random,0,0.98916403461858,COMPLETE,2025-03-29 09:57:14.753553,2025-03-29 09:57:30.283911,15.530358
891,adasyn,1,instancehardness,auto,-1.0,COMPLETE,2025-03-29 09:57:30.305826,2025-03-29 09:57:30.370412,0.064586
892,adasyn,auto,instancehardness,0.25,-1.0,COMPLETE,2025-03-29 09:57:30.381738,2025-03-29 09:57:30.445612,0.063874
893,tvae,0,editednn,0.0625,0.9784313187068703,COMPLETE,2025-03-29 09:57:30.457111,2025-03-29 09:57:44.844341,14.38723
894,ctgan,2,clustercentroid,0.25,0.9782569445361456,COMPLETE,2025-03-29 09:57:44.856099,2025-03-29 09:58:07.701028,22.844929
895,tvae,0.5,condensednn,0,0.9869457197202036,COMPLETE,2025-03-29 09:58:07.722266,2025-03-29 09:58:23.870363,16.148097
896,smote,1,editednn,0.0625,0.9848822012062426,COMPLETE,2025-03-29 09:58:23.891012,2025-03-29 09:58:38.394749,14.503737
897,random,1,random,0.25,0.9891668172659909,COMPLETE,2025-03-29 09:58:38.415887,2025-03-29 09:58:55.173600,16.757713
898,adasyn,1,tomeklinks,0.0625,-1.0,COMPLETE,2025-03-29 09:58:55.194376,2025-03-29 09:58:55.259156,0.06478
899,ctgan,0.5,tomeklinks,0,0.9782971627011856,COMPLETE,2025-03-29 09:58:55.270076,2025-03-29 09:59:12.352347,17.082271
900,tvae,2,random,0,0.9869457197202036,COMPLETE,2025-03-29 09:59:12.373571,2025-03-29 09:59:28.474769,16.101198
901,tvae,1,nearmiss,0.0625,0.9826747146507947,COMPLETE,2025-03-29 09:59:28.495438,2025-03-29 09:59:44.698647,16.203209
902,adasyn,1,random,0.0625,-1.0,COMPLETE,2025-03-29 09:59:44.719665,2025-03-29 09:59:44.782045,0.06238
903,smote,auto,onesidedselection,auto,0.9804990292603718,COMPLETE,2025-03-29 09:59:44.793033,2025-03-29 09:59:57.551056,12.758023
904,fastml,0,onesidedselection,0.125,0.9783357579867517,COMPLETE,2025-03-29 09:59:57.571967,2025-03-29 10:00:10.660753,13.088786
905,copulagan,0.25,tomeklinks,0,0.9848186793619221,COMPLETE,2025-03-29 10:00:10.672287,2025-03-29 10:00:27.373644,16.701357
906,fastml,1,instancehardness,0.125,0.9848239453080575,COMPLETE,2025-03-29 10:00:27.395516,2025-03-29 10:00:44.201002,16.805486
907,fastml,0,random,0,-1.0,ERROR,,,0.0
908,smote,0,instancehardness,0.5,0.9763580747443754,COMPLETE,2025-03-29 10:00:58.817509,2025-03-29 10:01:14.220731,15.403222
909,gaussiancopula,auto,condensednn,0.0625,0.7541065445177416,COMPLETE,2025-03-29 10:01:14.241697,2025-03-29 10:01:26.857320,12.615623
910,fastml,0.25,instancehardness,0.25,0.9848239453080575,COMPLETE,2025-03-29 10:01:26.878532,2025-03-29 10:01:43.314340,16.435808
911,ctgan,1,instancehardness,0,0.9782971627011856,COMPLETE,2025-03-29 10:01:43.325844,2025-03-29 10:02:00.370556,17.044712
912,adasyn,2,clustercentroid,auto,-1.0,COMPLETE,2025-03-29 10:02:00.386549,2025-03-29 10:02:00.450130,0.063581
913,tvae,2,nearmiss,0,0.9869457197202036,COMPLETE,2025-03-29 10:02:00.461754,2025-03-29 10:02:16.729339,16.267585
914,tvae,auto,condensednn,0.5,0.5908175895849778,COMPLETE,2025-03-29 10:02:16.750019,2025-03-29 10:02:27.987841,11.237822
915,adasyn,0,editednn,auto,0.9784313187068703,COMPLETE,2025-03-29 10:02:28.009828,2025-03-29 10:02:42.553315,14.543487
916,adasyn,2,condensednn,0.25,-1.0,COMPLETE,2025-03-29 10:02:42.565248,2025-03-29 10:02:42.629320,0.064072
917,tvae,2,nearmiss,auto,0.9826747146507947,COMPLETE,2025-03-29 10:02:42.640257,2025-03-29 10:02:59.037246,16.396989
918,adasyn,1,instancehardness,0.0625,-1.0,COMPLETE,2025-03-29 10:02:59.058905,2025-03-29 10:02:59.122527,0.063622
919,smote,0,random,0.125,0.993502999650116,COMPLETE,2025-03-29 10:02:59.133639,2025-03-29 10:03:15.372511,16.238872
920,tvae,2,random,0.5,0.987038663735101,COMPLETE,2025-03-29 10:03:15.393601,2025-03-29 10:03:30.272380,14.878779
921,tvae,auto,condensednn,0.25,0.5908175895849778,COMPLETE,2025-03-29 10:03:30.295217,2025-03-29 10:03:41.712207,11.41699
922,smote,0.5,clustercentroid,0,0.991343141164981,COMPLETE,2025-03-29 10:03:41.733212,2025-03-29 10:03:58.352259,16.619047
923,adasyn,0,random,0.125,0.993502999650116,COMPLETE,2025-03-29 10:03:58.373301,2025-03-29 10:04:14.617548,16.244247
924,gaussiancopula,0.5,condensednn,0.25,0.7541065445177416,COMPLETE,2025-03-29 10:04:14.639400,2025-03-29 10:04:27.114736,12.475336
925,gaussiancopula,1,instancehardness,0.25,0.9848435926094576,COMPLETE,2025-03-29 10:04:27.128366,2025-03-29 10:04:42.675765,15.547399
926,gaussiancopula,2,random,0,0.9913421468043316,COMPLETE,2025-03-29 10:04:42.696456,2025-03-29 10:04:57.516955,14.820499
927,smote,0,onesidedselection,0.5,0.9783357579867517,COMPLETE,2025-03-29 10:04:57.538737,2025-03-29 10:05:10.833115,13.294378
928,random,2,onesidedselection,0.5,0.9783747611716287,COMPLETE,2025-03-29 10:05:10.844842,2025-03-29 10:05:23.992205,13.147363
929,gaussiancopula,2,condensednn,0.125,0.7541065445177416,COMPLETE,2025-03-29 10:05:24.013164,2025-03-29 10:05:36.457731,12.444567
930,random,0.25,condensednn,0.25,0.6002264619994727,COMPLETE,2025-03-29 10:05:36.479264,2025-03-29 10:05:48.540484,12.06122
931,ctgan,0.25,clustercentroid,0.125,0.9782569445361456,COMPLETE,2025-03-29 10:05:48.561643,2025-03-29 10:06:11.779610,23.217967
932,fastml,0,instancehardness,0,-1.0,ERROR,,,0.0
933,copulagan,auto,clustercentroid,0,0.9848186793619221,COMPLETE,2025-03-29 10:06:26.687198,2025-03-29 10:06:43.740869,17.053671
934,gaussiancopula,1,tomeklinks,0.125,0.9848535303080758,COMPLETE,2025-03-29 10:06:43.761900,2025-03-29 10:07:01.008593,17.246693
935,tvae,0.5,editednn,0.5,0.9827173545952453,COMPLETE,2025-03-29 10:07:01.020297,2025-03-29 10:07:17.330717,16.31042
936,random,2,onesidedselection,auto,0.9783747611716287,COMPLETE,2025-03-29 10:07:17.352172,2025-03-29 10:07:30.601605,13.249433
937,adasyn,1,clustercentroid,0,-1.0,COMPLETE,2025-03-29 10:07:30.623157,2025-03-29 10:07:30.691428,0.068271
938,tvae,auto,editednn,0.25,0.9827173545952453,COMPLETE,2025-03-29 10:07:30.703388,2025-03-29 10:07:47.260855,16.557467
939,tvae,2,clustercentroid,0.0625,0.9935064935064936,COMPLETE,2025-03-29 10:07:47.282154,2025-03-29 10:08:09.203521,21.921367
940,copulagan,2,editednn,0.25,0.9783033686864364,COMPLETE,2025-03-29 10:08:09.224835,2025-03-29 10:08:26.928568,17.703733
941,tvae,2,tomeklinks,0.25,0.9805245259790715,COMPLETE,2025-03-29 10:08:26.949963,2025-03-29 10:08:44.522087,17.572124
942,random,0,clustercentroid,0.5,0.9891626891626891,COMPLETE,2025-03-29 10:08:44.534684,2025-03-29 10:09:06.059644,21.52496
943,random,0.25,nearmiss,0.5,0.984870501399427,COMPLETE,2025-03-29 10:09:06.080909,2025-03-29 10:09:21.485867,15.404958
944,copulagan,0.25,onesidedselection,0.25,0.984768810218344,COMPLETE,2025-03-29 10:09:21.497355,2025-03-29 10:09:38.562324,17.064969
945,smote,2,tomeklinks,0.0625,0.9805547907596056,COMPLETE,2025-03-29 10:09:38.583802,2025-03-29 10:09:54.538892,15.95509
946,adasyn,2,clustercentroid,0.0625,-1.0,COMPLETE,2025-03-29 10:09:54.560110,2025-03-29 10:09:54.626972,0.066862
947,smote,2,tomeklinks,auto,0.9805547907596056,COMPLETE,2025-03-29 10:09:54.638076,2025-03-29 10:10:10.741167,16.103091
948,tvae,0.5,onesidedselection,auto,0.9805080849157983,COMPLETE,2025-03-29 10:10:10.762618,2025-03-29 10:10:26.367042,15.604424
949,tvae,0.5,tomeklinks,0.125,0.9805245259790715,COMPLETE,2025-03-29 10:10:26.388394,2025-03-29 10:10:44.011407,17.623013
950,random,0.25,tomeklinks,0,0.98916403461858,COMPLETE,2025-03-29 10:10:44.023072,2025-03-29 10:10:59.767336,15.744264
951,random,2,instancehardness,0.0625,0.9891907860322813,COMPLETE,2025-03-29 10:10:59.788794,2025-03-29 10:11:14.395051,14.606257
952,tvae,2,condensednn,0.5,0.5908175895849778,COMPLETE,2025-03-29 10:11:14.416628,2025-03-29 10:11:25.797141,11.380513
953,random,0.5,condensednn,0.0625,0.6002264619994727,COMPLETE,2025-03-29 10:11:25.818175,2025-03-29 10:11:37.873200,12.055025
954,smote,0.5,random,0.25,0.9891935575896289,COMPLETE,2025-03-29 10:11:37.894366,2025-03-29 10:11:52.753930,14.859564
955,adasyn,0.5,editednn,0.125,-1.0,COMPLETE,2025-03-29 10:11:52.775795,2025-03-29 10:11:52.843247,0.067452
956,copulagan,2,tomeklinks,0.0625,0.9826197196288691,COMPLETE,2025-03-29 10:11:52.854408,2025-03-29 10:12:12.018079,19.163671
957,gaussiancopula,auto,onesidedselection,0.125,0.9783653319196244,COMPLETE,2025-03-29 10:12:12.039750,2025-03-29 10:12:27.043019,15.003269
958,random,0,onesidedselection,auto,0.9783357579867517,COMPLETE,2025-03-29 10:12:27.064291,2025-03-29 10:12:40.252824,13.188533
959,copulagan,1,instancehardness,0.125,0.9870257379972729,COMPLETE,2025-03-29 10:12:40.268878,2025-03-29 10:12:57.994929,17.726051
960,copulagan,1,condensednn,0,0.9848186793619221,COMPLETE,2025-03-29 10:12:58.007704,2025-03-29 10:13:14.680020,16.672316
961,fastml,1,random,0,0.9847832082520709,COMPLETE,2025-03-29 10:13:14.701265,2025-03-29 10:13:29.834414,15.133149
962,gaussiancopula,1,onesidedselection,0.5,0.9783653319196244,COMPLETE,2025-03-29 10:13:29.855841,2025-03-29 10:13:44.635433,14.779592
963,tvae,2,nearmiss,0.5,0.9826747146507947,COMPLETE,2025-03-29 10:13:44.657266,2025-03-29 10:14:01.256104,16.598838
964,adasyn,0,instancehardness,0.25,0.9763580747443754,COMPLETE,2025-03-29 10:14:01.277492,2025-03-29 10:14:16.758172,15.48068
965,tvae,2,condensednn,0.125,0.5908175895849778,COMPLETE,2025-03-29 10:14:16.780070,2025-03-29 10:14:27.948739,11.168669
966,ctgan,0.5,random,0.5,0.9891823765397848,COMPLETE,2025-03-29 10:14:27.960356,2025-03-29 10:14:44.952425,16.992069
967,adasyn,0,nearmiss,0.125,0.9892179705155923,COMPLETE,2025-03-29 10:14:44.973978,2025-03-29 10:15:00.817385,15.843407
968,tvae,0.5,condensednn,0.25,0.5908175895849778,COMPLETE,2025-03-29 10:15:00.838832,2025-03-29 10:15:12.068490,11.229658
969,random,0.25,tomeklinks,0.125,0.9848926054293577,COMPLETE,2025-03-29 10:15:12.089702,2025-03-29 10:15:27.749726,15.660024
970,gaussiancopula,0,tomeklinks,0.0625,0.984768810218344,COMPLETE,2025-03-29 10:15:27.771054,2025-03-29 10:15:43.231111,15.460057
971,tvae,1,random,0.125,0.987038663735101,COMPLETE,2025-03-29 10:15:43.252170,2025-03-29 10:15:58.369154,15.116984
972,ctgan,0,onesidedselection,0.25,0.9783357579867517,COMPLETE,2025-03-29 10:15:58.390417,2025-03-29 10:16:11.713865,13.323448
973,smote,1,clustercentroid,0.0625,0.9935066489688338,COMPLETE,2025-03-29 10:16:11.726450,2025-03-29 10:16:33.419559,21.693109
974,random,0,clustercentroid,0.25,0.9891626891626891,COMPLETE,2025-03-29 10:16:33.441021,2025-03-29 10:16:54.906253,21.465232
975,adasyn,0.25,nearmiss,0.0625,-1.0,COMPLETE,2025-03-29 10:16:54.927341,2025-03-29 10:16:54.992807,0.065466
976,fastml,2,instancehardness,0.25,0.9848239453080575,COMPLETE,2025-03-29 10:16:55.003833,2025-03-29 10:17:11.541940,16.538107
977,copulagan,2,clustercentroid,auto,0.9739098244963075,COMPLETE,2025-03-29 10:17:11.553862,2025-03-29 10:17:35.477174,23.923312
978,random,0,random,0.5,0.993502999650116,COMPLETE,2025-03-29 10:17:35.498700,2025-03-29 10:17:51.800734,16.302034
979,copulagan,0,condensednn,0.0625,0.6203396548154443,COMPLETE,2025-03-29 10:17:51.822009,2025-03-29 10:18:03.624168,11.802159
980,ctgan,2,onesidedselection,0.25,0.9782982230708627,COMPLETE,2025-03-29 10:18:03.646284,2025-03-29 10:18:19.509096,15.862812
981,ctgan,1,condensednn,0.125,0.6282040340090724,COMPLETE,2025-03-29 10:18:19.530437,2025-03-29 10:18:32.548163,13.017726
982,adasyn,0,onesidedselection,0.0625,0.9783357579867517,COMPLETE,2025-03-29 10:18:32.570075,2025-03-29 10:18:45.852029,13.281954
983,tvae,0,onesidedselection,0.25,0.9783357579867517,COMPLETE,2025-03-29 10:18:45.863942,2025-03-29 10:18:59.051107,13.187165
984,gaussiancopula,1,onesidedselection,0.0625,0.9783653319196244,COMPLETE,2025-03-29 10:18:59.062964,2025-03-29 10:19:14.029558,14.966594
985,copulagan,1,tomeklinks,0.5,0.9826197196288691,COMPLETE,2025-03-29 10:19:14.050756,2025-03-29 10:19:33.182103,19.131347
986,copulagan,2,nearmiss,0,0.9848186793619221,COMPLETE,2025-03-29 10:19:33.203536,2025-03-29 10:19:50.067765,16.864229
987,copulagan,0.25,random,0,0.9848186793619221,COMPLETE,2025-03-29 10:19:50.089232,2025-03-29 10:20:06.799864,16.710632
988,tvae,0.25,tomeklinks,0.0625,0.9805245259790715,COMPLETE,2025-03-29 10:20:06.820827,2025-03-29 10:20:24.632417,17.81159
989,adasyn,0.25,instancehardness,0.25,-1.0,COMPLETE,2025-03-29 10:20:24.649916,2025-03-29 10:20:24.719649,0.069733
990,ctgan,2,editednn,0,0.9782971627011856,COMPLETE,2025-03-29 10:20:24.731525,2025-03-29 10:20:41.922584,17.191059
991,fastml,0.25,nearmiss,0.0625,0.9848225341252012,COMPLETE,2025-03-29 10:20:41.943688,2025-03-29 10:20:57.213966,15.270278
992,ctgan,auto,nearmiss,0.25,0.9891604499066595,COMPLETE,2025-03-29 10:20:57.235001,2025-03-29 10:21:15.470657,18.235656
993,smote,0.25,onesidedselection,0.25,0.9804990292603718,COMPLETE,2025-03-29 10:21:15.492288,2025-03-29 10:21:28.409505,12.917217
994,smote,auto,tomeklinks,0,0.991343141164981,COMPLETE,2025-03-29 10:21:28.430850,2025-03-29 10:21:45.116601,16.685751
995,ctgan,auto,onesidedselection,0.0625,0.9782982230708627,COMPLETE,2025-03-29 10:21:45.138220,2025-03-29 10:22:00.990745,15.852525
996,adasyn,0.5,clustercentroid,auto,-1.0,COMPLETE,2025-03-29 10:22:01.012574,2025-03-29 10:22:01.081183,0.068609
997,copulagan,0.25,clustercentroid,0.0625,0.9739098244963075,COMPLETE,2025-03-29 10:22:01.092518,2025-03-29 10:22:24.827733,23.735215
998,copulagan,0.25,tomeklinks,0.25,0.9826197196288691,COMPLETE,2025-03-29 10:22:24.841047,2025-03-29 10:22:44.154941,19.313894
999,random,2,instancehardness,0,0.98916403461858,COMPLETE,2025-03-29 10:22:44.177264,2025-03-29 10:22:59.865968,15.688704
1000,smote,0,random,0.0625,0.993502999650116,COMPLETE,2025-03-29 10:22:59.887836,2025-03-29 10:23:16.179847,16.292011
1001,smote,2,nearmiss,0,0.991343141164981,COMPLETE,2025-03-29 10:23:16.201373,2025-03-29 10:23:32.848210,16.646837
1002,tvae,1,condensednn,0.0625,0.5908175895849778,COMPLETE,2025-03-29 10:23:32.870295,2025-03-29 10:23:44.174229,11.303934
1003,copulagan,0.5,nearmiss,0.0625,0.9848362611804578,COMPLETE,2025-03-29 10:23:44.195586,2025-03-29 10:23:59.770842,15.575256
1004,tvae,1,clustercentroid,0.0625,0.9935064935064936,COMPLETE,2025-03-29 10:23:59.790459,2025-03-29 10:24:21.426779,21.63632
1005,fastml,1,instancehardness,0.5,0.9848239453080575,COMPLETE,2025-03-29 10:24:21.448332,2025-03-29 10:24:38.322203,16.873871
1006,fastml,0,onesidedselection,0.25,0.9783357579867517,COMPLETE,2025-03-29 10:24:38.334257,2025-03-29 10:24:51.691140,13.356883
1007,tvae,0.5,nearmiss,0.125,0.9826747146507947,COMPLETE,2025-03-29 10:24:51.702924,2025-03-29 10:25:08.117092,16.414168
1008,gaussiancopula,0.25,condensednn,auto,0.7541065445177416,COMPLETE,2025-03-29 10:25:08.138345,2025-03-29 10:25:20.649073,12.510728
1009,tvae,0.5,nearmiss,0.5,0.9826747146507947,COMPLETE,2025-03-29 10:25:20.670808,2025-03-29 10:25:37.132796,16.461988
1010,fastml,0.25,clustercentroid,0.0625,0.9848321084847547,COMPLETE,2025-03-29 10:25:37.153724,2025-03-29 10:26:00.282294,23.12857
1011,random,auto,random,0,0.98916403461858,COMPLETE,2025-03-29 10:26:00.303296,2025-03-29 10:26:16.149981,15.846685
1012,fastml,0.25,tomeklinks,0.25,0.9827175859688069,COMPLETE,2025-03-29 10:26:16.171900,2025-03-29 10:26:31.570607,15.398707
1013,adasyn,0,editednn,0.25,0.9784313187068703,COMPLETE,2025-03-29 10:26:31.591230,2025-03-29 10:26:46.100785,14.509555
1014,smote,0.25,tomeklinks,0,0.991343141164981,COMPLETE,2025-03-29 10:26:46.122664,2025-03-29 10:27:02.784907,16.662243
1015,tvae,2,onesidedselection,0.5,0.9805080849157983,COMPLETE,2025-03-29 10:27:02.806287,2025-03-29 10:27:18.284811,15.478524
1016,fastml,1,clustercentroid,0.125,0.9848321084847547,COMPLETE,2025-03-29 10:27:18.305371,2025-03-29 10:27:41.122771,22.8174
1017,gaussiancopula,0,clustercentroid,0,-1.0,ERROR,,,0.0
1018,gaussiancopula,auto,clustercentroid,0.125,0.9870058877332495,COMPLETE,2025-03-29 10:27:55.742670,2025-03-29 10:28:18.482267,22.739597
1019,adasyn,0,onesidedselection,0.25,0.9783357579867517,COMPLETE,2025-03-29 10:28:18.493662,2025-03-29 10:28:31.479183,12.985521
1020,ctgan,0.5,tomeklinks,0.125,0.982663952192812,COMPLETE,2025-03-29 10:28:31.490625,2025-03-29 10:28:50.526131,19.035506
1021,fastml,auto,tomeklinks,0.25,0.9827175859688069,COMPLETE,2025-03-29 10:28:50.538397,2025-03-29 10:29:05.958028,15.419631
1022,smote,0.25,editednn,0.25,0.9848822012062426,COMPLETE,2025-03-29 10:29:05.978872,2025-03-29 10:29:20.586134,14.607262
1023,smote,2,condensednn,0,0.991343141164981,COMPLETE,2025-03-29 10:29:20.607422,2025-03-29 10:29:37.160218,16.552796
1024,smote,0.25,onesidedselection,0.125,0.9804990292603718,COMPLETE,2025-03-29 10:29:37.182505,2025-03-29 10:29:49.993142,12.810637
1025,fastml,0.5,tomeklinks,0.25,0.9827175859688069,COMPLETE,2025-03-29 10:29:50.014249,2025-03-29 10:30:05.408883,15.394634
1026,adasyn,0.5,tomeklinks,0,-1.0,COMPLETE,2025-03-29 10:30:05.429536,2025-03-29 10:30:05.496741,0.067205
1027,adasyn,0.25,condensednn,0.0625,-1.0,COMPLETE,2025-03-29 10:30:05.507767,2025-03-29 10:30:05.577101,0.069334
1028,ctgan,0.5,random,0,0.9782971627011856,COMPLETE,2025-03-29 10:30:05.588457,2025-03-29 10:30:22.663752,17.075295
1029,adasyn,0,clustercentroid,0.125,0.9891626891626891,COMPLETE,2025-03-29 10:30:22.685194,2025-03-29 10:30:44.152776,21.467582
1030,fastml,0.5,instancehardness,0.5,0.9848239453080575,COMPLETE,2025-03-29 10:30:44.174004,2025-03-29 10:31:00.934329,16.760325
1031,smote,auto,nearmiss,0.0625,0.9869494027026645,COMPLETE,2025-03-29 10:31:00.947001,2025-03-29 10:31:14.850348,13.903347
1032,tvae,0.5,random,0,0.9869457197202036,COMPLETE,2025-03-29 10:31:14.871339,2025-03-29 10:31:31.098599,16.22726
1033,smote,auto,editednn,0,0.991343141164981,COMPLETE,2025-03-29 10:31:31.120091,2025-03-29 10:31:47.720382,16.600291
1034,random,0,clustercentroid,auto,0.9891626891626891,COMPLETE,2025-03-29 10:31:47.741690,2025-03-29 10:32:09.144655,21.402965
1035,adasyn,2,clustercentroid,0,-1.0,COMPLETE,2025-03-29 10:32:09.157411,2025-03-29 10:32:09.231790,0.074379
1036,adasyn,0.25,nearmiss,0.25,-1.0,COMPLETE,2025-03-29 10:32:09.244433,2025-03-29 10:32:09.318406,0.073973
1037,random,0,nearmiss,auto,0.9892179705155923,COMPLETE,2025-03-29 10:32:09.331634,2025-03-29 10:32:25.083550,15.751916
1038,ctgan,0.5,condensednn,0.125,0.6282040340090724,COMPLETE,2025-03-29 10:32:25.104880,2025-03-29 10:32:38.159013,13.054133
1039,smote,0,condensednn,0.5,0.6203396548154443,COMPLETE,2025-03-29 10:32:38.170812,2025-03-29 10:32:49.701875,11.531063
1040,ctgan,0.5,editednn,0.0625,0.9805539716227228,COMPLETE,2025-03-29 10:32:49.724383,2025-03-29 10:33:05.639975,15.915592
1041,gaussiancopula,0.5,random,0.5,0.98916403461858,COMPLETE,2025-03-29 10:33:05.661027,2025-03-29 10:33:21.840699,16.179672
1042,gaussiancopula,1,nearmiss,0.5,0.9806037080590027,COMPLETE,2025-03-29 10:33:21.862636,2025-03-29 10:33:39.607401,17.744765
1043,fastml,1,onesidedselection,auto,0.9848589721253914,COMPLETE,2025-03-29 10:33:39.629338,2025-03-29 10:33:55.049657,15.420319
1044,adasyn,0,random,0.25,0.993502999650116,COMPLETE,2025-03-29 10:33:55.071750,2025-03-29 10:34:11.172318,16.100568
1045,smote,0.25,tomeklinks,0.5,0.9805547907596056,COMPLETE,2025-03-29 10:34:11.194016,2025-03-29 10:34:27.107079,15.913063
1046,ctgan,0.25,tomeklinks,auto,0.982663952192812,COMPLETE,2025-03-29 10:34:27.128131,2025-03-29 10:34:46.256142,19.128011
1047,ctgan,0,editednn,0.125,0.9784313187068703,COMPLETE,2025-03-29 10:34:46.268063,2025-03-29 10:35:00.723912,14.455849
1048,smote,0.5,nearmiss,auto,0.9869494027026645,COMPLETE,2025-03-29 10:35:00.745514,2025-03-29 10:35:14.607426,13.861912
1049,copulagan,0.25,nearmiss,0,0.9848186793619221,COMPLETE,2025-03-29 10:35:14.628960,2025-03-29 10:35:31.588490,16.95953
1050,smote,1,instancehardness,auto,0.9870488319531496,COMPLETE,2025-03-29 10:35:31.600505,2025-03-29 10:35:48.031236,16.430731
1051,tvae,auto,nearmiss,0.0625,0.9826747146507947,COMPLETE,2025-03-29 10:35:48.052474,2025-03-29 10:36:04.451982,16.399508
1052,adasyn,0.25,condensednn,0,-1.0,COMPLETE,2025-03-29 10:36:04.473757,2025-03-29 10:36:04.542937,0.06918
1053,smote,2,tomeklinks,0,0.991343141164981,COMPLETE,2025-03-29 10:36:04.555054,2025-03-29 10:36:21.229752,16.674698
1054,ctgan,auto,editednn,0.5,0.9805539716227228,COMPLETE,2025-03-29 10:36:21.250947,2025-03-29 10:36:37.129083,15.878136
1055,copulagan,0,random,0.0625,0.993502999650116,COMPLETE,2025-03-29 10:36:37.151105,2025-03-29 10:36:53.038932,15.887827
1056,ctgan,0,condensednn,0.125,0.6203396548154443,COMPLETE,2025-03-29 10:36:53.060770,2025-03-29 10:37:04.856284,11.795514
1057,gaussiancopula,0.25,instancehardness,0.25,0.9848435926094576,COMPLETE,2025-03-29 10:37:04.877569,2025-03-29 10:37:20.765924,15.888355
1058,ctgan,0,nearmiss,auto,0.9892179705155923,COMPLETE,2025-03-29 10:37:20.787956,2025-03-29 10:37:36.620201,15.832245
1059,fastml,2,instancehardness,0.0625,0.9848239453080575,COMPLETE,2025-03-29 10:37:36.641639,2025-03-29 10:37:53.284414,16.642775
1060,ctgan,2,nearmiss,0.5,0.9891604499066595,COMPLETE,2025-03-29 10:37:53.296343,2025-03-29 10:38:11.634642,18.338299
1061,random,0.5,nearmiss,auto,0.984870501399427,COMPLETE,2025-03-29 10:38:11.656297,2025-03-29 10:38:27.052493,15.396196
1062,random,0,instancehardness,0.0625,0.9763580747443754,COMPLETE,2025-03-29 10:38:27.074421,2025-03-29 10:38:42.389874,15.315453
1063,random,2,tomeklinks,0.125,0.9848926054293577,COMPLETE,2025-03-29 10:38:42.411940,2025-03-29 10:38:57.846082,15.434142
1064,random,0,instancehardness,0.125,0.9763580747443754,COMPLETE,2025-03-29 10:38:57.867668,2025-03-29 10:39:13.144107,15.276439
1065,fastml,2,editednn,0,0.9847832082520709,COMPLETE,2025-03-29 10:39:13.165803,2025-03-29 10:39:28.089359,14.923556
1066,smote,0.5,clustercentroid,0.5,0.9935066489688338,COMPLETE,2025-03-29 10:39:28.111566,2025-03-29 10:39:49.785194,21.673628
1067,random,auto,random,0.5,0.9891668172659909,COMPLETE,2025-03-29 10:39:49.806865,2025-03-29 10:40:06.613644,16.806779
1068,gaussiancopula,0.25,nearmiss,0.125,0.9806037080590027,COMPLETE,2025-03-29 10:40:06.634967,2025-03-29 10:40:24.379775,17.744808
1069,copulagan,2,editednn,0.5,0.9783033686864364,COMPLETE,2025-03-29 10:40:24.401242,2025-03-29 10:40:41.913517,17.512275
1070,adasyn,0.5,editednn,auto,-1.0,COMPLETE,2025-03-29 10:40:41.935081,2025-03-29 10:40:42.005418,0.070337
1071,random,1,editednn,0.25,0.9849285252035781,COMPLETE,2025-03-29 10:40:42.033684,2025-03-29 10:40:58.724532,16.690848
1072,adasyn,0.25,clustercentroid,0.25,-1.0,COMPLETE,2025-03-29 10:40:58.746286,2025-03-29 10:40:58.818659,0.072373
1073,gaussiancopula,0,editednn,0.25,0.9784313187068703,COMPLETE,2025-03-29 10:40:58.830750,2025-03-29 10:41:13.471375,14.640625
1074,adasyn,1,condensednn,0.25,-1.0,COMPLETE,2025-03-29 10:41:13.487059,2025-03-29 10:41:13.576305,0.089246
1075,gaussiancopula,1,editednn,0.25,0.9805140860350166,COMPLETE,2025-03-29 10:41:13.590820,2025-03-29 10:41:28.750944,15.160124
1076,tvae,auto,condensednn,auto,0.5908175895849778,COMPLETE,2025-03-29 10:41:28.772626,2025-03-29 10:41:40.041233,11.268607
1077,tvae,0.5,editednn,auto,0.9827173545952453,COMPLETE,2025-03-29 10:41:40.062931,2025-03-29 10:41:56.557664,16.494733
1078,smote,0.5,random,0.125,0.9891935575896289,COMPLETE,2025-03-29 10:41:56.578895,2025-03-29 10:42:11.155722,14.576827
1079,copulagan,1,condensednn,0.0625,0.5906562194317295,COMPLETE,2025-03-29 10:42:11.177910,2025-03-29 10:42:24.669500,13.49159
1080,gaussiancopula,2,editednn,0.25,0.9805140860350166,COMPLETE,2025-03-29 10:42:24.690870,2025-03-29 10:42:39.801908,15.111038
1081,random,2,editednn,0,0.98916403461858,COMPLETE,2025-03-29 10:42:39.823566,2025-03-29 10:42:55.654056,15.83049
1082,copulagan,2,random,auto,0.9935066489688338,COMPLETE,2025-03-29 10:42:55.675627,2025-03-29 10:43:12.898584,17.222957
1083,ctgan,auto,condensednn,auto,0.6282040340090724,COMPLETE,2025-03-29 10:43:12.919918,2025-03-29 10:43:26.003882,13.083964
1084,smote,auto,editednn,0.125,0.9848822012062426,COMPLETE,2025-03-29 10:43:26.025449,2025-03-29 10:43:40.743656,14.718207
1085,smote,auto,nearmiss,0,0.991343141164981,COMPLETE,2025-03-29 10:43:40.766051,2025-03-29 10:43:57.555546,16.789495
1086,adasyn,0.25,tomeklinks,auto,-1.0,COMPLETE,2025-03-29 10:43:57.578243,2025-03-29 10:43:57.649505,0.071262
1087,copulagan,2,condensednn,auto,0.5906562194317295,COMPLETE,2025-03-29 10:43:57.660763,2025-03-29 10:44:11.077640,13.416877
1088,gaussiancopula,0.5,instancehardness,0.5,0.9848435926094576,COMPLETE,2025-03-29 10:44:11.099268,2025-03-29 10:44:27.145227,16.045959
1089,random,0,instancehardness,0,-1.0,ERROR,,,0.0
1090,fastml,auto,random,0.125,0.991343141164981,COMPLETE,2025-03-29 10:44:41.845447,2025-03-29 10:44:57.978520,16.133073
1091,copulagan,0,random,0.25,0.993502999650116,COMPLETE,2025-03-29 10:44:57.990709,2025-03-29 10:45:14.187944,16.197235
1092,gaussiancopula,1,random,0.125,0.98916403461858,COMPLETE,2025-03-29 10:45:14.199726,2025-03-29 10:45:30.508036,16.30831
1093,tvae,2,instancehardness,0.0625,0.9826641023852425,COMPLETE,2025-03-29 10:45:30.530292,2025-03-29 10:45:47.280939,16.750647
1094,ctgan,0.25,random,0.25,0.9891823765397848,COMPLETE,2025-03-29 10:45:47.292790,2025-03-29 10:46:04.254922,16.962132
1095,tvae,auto,tomeklinks,0.0625,0.9805245259790715,COMPLETE,2025-03-29 10:46:04.276739,2025-03-29 10:46:22.087111,17.810372
1096,adasyn,2,instancehardness,0.125,-1.0,COMPLETE,2025-03-29 10:46:22.110370,2025-03-29 10:46:22.183416,0.073046
1097,ctgan,0.25,nearmiss,0,0.9782971627011856,COMPLETE,2025-03-29 10:46:22.196426,2025-03-29 10:46:39.563508,17.367082
1098,adasyn,2,random,0.25,-1.0,COMPLETE,2025-03-29 10:46:39.585056,2025-03-29 10:46:39.655322,0.070266
1099,smote,auto,random,0.25,0.9891935575896289,COMPLETE,2025-03-29 10:46:39.666922,2025-03-29 10:46:54.375424,14.708502
1100,random,2,tomeklinks,0.5,0.9848926054293577,COMPLETE,2025-03-29 10:46:54.397679,2025-03-29 10:47:09.951727,15.554048
1101,gaussiancopula,1,editednn,0.0625,0.9805140860350166,COMPLETE,2025-03-29 10:47:09.973928,2025-03-29 10:47:25.181662,15.207734
1102,adasyn,0.25,tomeklinks,0.125,-1.0,COMPLETE,2025-03-29 10:47:25.207250,2025-03-29 10:47:25.277584,0.070334
1103,random,0,condensednn,auto,0.6203396548154443,COMPLETE,2025-03-29 10:47:25.289572,2025-03-29 10:47:36.895035,11.605463
1104,fastml,0.25,editednn,0.0625,0.971725977129174,COMPLETE,2025-03-29 10:47:36.916526,2025-03-29 10:47:52.475994,15.559468
1105,adasyn,auto,tomeklinks,0.125,-1.0,COMPLETE,2025-03-29 10:47:52.497709,2025-03-29 10:47:52.568797,0.071088
1106,adasyn,2,random,0.5,-1.0,COMPLETE,2025-03-29 10:47:52.580155,2025-03-29 10:47:52.650895,0.07074
1107,fastml,0.5,clustercentroid,0.5,0.9848321084847547,COMPLETE,2025-03-29 10:47:52.662089,2025-03-29 10:48:15.809072,23.146983
1108,fastml,auto,clustercentroid,0,0.9847832082520709,COMPLETE,2025-03-29 10:48:15.830511,2025-03-29 10:48:30.985437,15.154926
1109,random,2,nearmiss,auto,0.984870501399427,COMPLETE,2025-03-29 10:48:31.007063,2025-03-29 10:48:46.417443,15.41038
1110,smote,1,editednn,0.5,0.9848822012062426,COMPLETE,2025-03-29 10:48:46.439550,2025-03-29 10:49:01.100241,14.660691
1111,smote,0.25,condensednn,0,0.991343141164981,COMPLETE,2025-03-29 10:49:01.121806,2025-03-29 10:49:17.847550,16.725744
1112,gaussiancopula,1,condensednn,0.5,0.7541065445177416,COMPLETE,2025-03-29 10:49:17.869116,2025-03-29 10:49:30.397951,12.528835
1113,fastml,0.25,random,auto,0.991343141164981,COMPLETE,2025-03-29 10:49:30.419434,2025-03-29 10:49:46.838809,16.419375
1114,ctgan,2,condensednn,0.5,0.6282040340090724,COMPLETE,2025-03-29 10:49:46.861033,2025-03-29 10:49:59.893913,13.03288
1115,adasyn,0.5,clustercentroid,0.5,-1.0,COMPLETE,2025-03-29 10:49:59.915015,2025-03-29 10:49:59.986773,0.071758
1116,smote,0.25,nearmiss,0.25,0.9869494027026645,COMPLETE,2025-03-29 10:49:59.998731,2025-03-29 10:50:13.830781,13.83205
1117,fastml,1,instancehardness,0.25,0.9848239453080575,COMPLETE,2025-03-29 10:50:13.853314,2025-03-29 10:50:30.426834,16.57352
1118,random,1,onesidedselection,0,0.98916403461858,COMPLETE,2025-03-29 10:50:30.453801,2025-03-29 10:50:46.293891,15.84009
1119,fastml,0,clustercentroid,0,-1.0,ERROR,,,0.0
1120,ctgan,1,onesidedselection,0,0.9782971627011856,COMPLETE,2025-03-29 10:51:01.104075,2025-03-29 10:51:18.332737,17.228662
1121,fastml,0,instancehardness,0.25,0.9763580747443754,COMPLETE,2025-03-29 10:51:18.349348,2025-03-29 10:51:33.859041,15.509693
1122,gaussiancopula,auto,tomeklinks,0.25,0.9848535303080758,COMPLETE,2025-03-29 10:51:33.880681,2025-03-29 10:51:51.355476,17.474795
1123,adasyn,0.25,clustercentroid,0.5,-1.0,COMPLETE,2025-03-29 10:51:51.377001,2025-03-29 10:51:51.450813,0.073812
1124,fastml,2,nearmiss,auto,0.9848225341252012,COMPLETE,2025-03-29 10:51:51.462220,2025-03-29 10:52:06.710731,15.248511
1125,adasyn,0.5,random,auto,-1.0,COMPLETE,2025-03-29 10:52:06.723808,2025-03-29 10:52:06.795423,0.071615
1126,smote,1,instancehardness,0.25,0.9870488319531496,COMPLETE,2025-03-29 10:52:06.808219,2025-03-29 10:52:23.415172,16.606953
1127,ctgan,0.25,onesidedselection,0.5,0.9782982230708627,COMPLETE,2025-03-29 10:52:23.437140,2025-03-29 10:52:39.357793,15.920653
1128,tvae,0,onesidedselection,auto,0.9783357579867517,COMPLETE,2025-03-29 10:52:39.379287,2025-03-29 10:52:52.564366,13.185079
1129,adasyn,1,clustercentroid,0.25,-1.0,COMPLETE,2025-03-29 10:52:52.576644,2025-03-29 10:52:52.647744,0.0711
1130,ctgan,0.25,editednn,0.5,0.9805539716227228,COMPLETE,2025-03-29 10:52:52.659000,2025-03-29 10:53:08.663655,16.004655
1131,copulagan,2,condensednn,0.125,0.5906562194317295,COMPLETE,2025-03-29 10:53:08.684952,2025-03-29 10:53:22.077178,13.392226
1132,ctgan,auto,nearmiss,0.5,0.9891604499066595,COMPLETE,2025-03-29 10:53:22.098435,2025-03-29 10:53:40.310886,18.212451
1133,copulagan,0,clustercentroid,0.0625,0.9891626891626891,COMPLETE,2025-03-29 10:53:40.332758,2025-03-29 10:54:01.695768,21.36301
1134,gaussiancopula,0,tomeklinks,0.25,0.984768810218344,COMPLETE,2025-03-29 10:54:01.717723,2025-03-29 10:54:17.151158,15.433435
1135,random,0.5,instancehardness,0.5,0.9891907860322813,COMPLETE,2025-03-29 10:54:17.173122,2025-03-29 10:54:31.311670,14.138548
1136,smote,1,onesidedselection,0,0.991343141164981,COMPLETE,2025-03-29 10:54:31.333524,2025-03-29 10:54:48.036227,16.702703
1137,gaussiancopula,0.5,clustercentroid,0,0.9913421468043316,COMPLETE,2025-03-29 10:54:48.057586,2025-03-29 10:55:02.921214,14.863628
1138,gaussiancopula,1,clustercentroid,0,0.9913421468043316,COMPLETE,2025-03-29 10:55:02.942646,2025-03-29 10:55:17.833483,14.890837
1139,fastml,1,condensednn,0.0625,0.6002126634042212,COMPLETE,2025-03-29 10:55:17.855229,2025-03-29 10:55:30.554459,12.69923
1140,copulagan,0.25,nearmiss,0.125,0.9848362611804578,COMPLETE,2025-03-29 10:55:30.576845,2025-03-29 10:55:45.905068,15.328223
1141,fastml,0,random,0.25,0.993502999650116,COMPLETE,2025-03-29 10:55:45.927245,2025-03-29 10:56:01.894832,15.967587
1142,smote,1,clustercentroid,0.5,0.9935066489688338,COMPLETE,2025-03-29 10:56:01.916427,2025-03-29 10:56:23.822838,21.906411
1143,random,2,condensednn,0.5,0.6002264619994727,COMPLETE,2025-03-29 10:56:23.834774,2025-03-29 10:56:35.868225,12.033451
1144,smote,auto,condensednn,0,0.991343141164981,COMPLETE,2025-03-29 10:56:35.889322,2025-03-29 10:56:52.523431,16.634109
1145,tvae,0.25,onesidedselection,0.25,0.9805080849157983,COMPLETE,2025-03-29 10:56:52.545203,2025-03-29 10:57:08.370275,15.825072
1146,tvae,1,onesidedselection,0.0625,0.9805080849157983,COMPLETE,2025-03-29 10:57:08.392423,2025-03-29 10:57:24.241570,15.849147
1147,adasyn,0.25,onesidedselection,0.0625,-1.0,COMPLETE,2025-03-29 10:57:24.263011,2025-03-29 10:57:24.335161,0.07215
1148,copulagan,0,condensednn,0.5,0.6203396548154443,COMPLETE,2025-03-29 10:57:24.346490,2025-03-29 10:57:36.105484,11.758994
1149,copulagan,0.5,editednn,0,0.9848186793619221,COMPLETE,2025-03-29 10:57:36.127784,2025-03-29 10:57:52.836316,16.708532
1150,copulagan,auto,condensednn,0,0.9848186793619221,COMPLETE,2025-03-29 10:57:52.857746,2025-03-29 10:58:09.429447,16.571701
1151,fastml,auto,editednn,0.125,0.971725977129174,COMPLETE,2025-03-29 10:58:09.451009,2025-03-29 10:58:24.790217,15.339208
1152,gaussiancopula,1,nearmiss,0.0625,0.9806037080590027,COMPLETE,2025-03-29 10:58:24.812196,2025-03-29 10:58:42.952930,18.140734
1153,adasyn,auto,onesidedselection,0.0625,-1.0,COMPLETE,2025-03-29 10:58:42.974497,2025-03-29 10:58:43.047142,0.072645
1154,random,1,instancehardness,0.5,0.9891907860322813,COMPLETE,2025-03-29 10:58:43.058821,2025-03-29 10:58:57.341993,14.283172
1155,adasyn,2,onesidedselection,0,-1.0,COMPLETE,2025-03-29 10:58:57.364786,2025-03-29 10:58:57.439761,0.074975
1156,gaussiancopula,0,random,0.0625,0.993502999650116,COMPLETE,2025-03-29 10:58:57.451276,2025-03-29 10:59:13.737296,16.28602
1157,fastml,auto,condensednn,0.0625,0.6002126634042212,COMPLETE,2025-03-29 10:59:13.759417,2025-03-29 10:59:26.536756,12.777339
1158,copulagan,0.5,random,0,0.9848186793619221,COMPLETE,2025-03-29 10:59:26.558530,2025-03-29 10:59:43.808445,17.249915
1159,random,2,tomeklinks,0.0625,0.9848926054293577,COMPLETE,2025-03-29 10:59:43.822754,2025-03-29 10:59:59.506675,15.683921
1160,adasyn,0.25,nearmiss,0.125,-1.0,COMPLETE,2025-03-29 10:59:59.521000,2025-03-29 10:59:59.612332,0.091332
1161,random,0.25,tomeklinks,0.0625,0.9848926054293577,COMPLETE,2025-03-29 10:59:59.626832,2025-03-29 11:00:15.518326,15.891494
1162,fastml,1,random,0.0625,0.991343141164981,COMPLETE,2025-03-29 11:00:15.541713,2025-03-29 11:00:31.762615,16.220902
1163,copulagan,0.25,nearmiss,0.25,0.9848362611804578,COMPLETE,2025-03-29 11:00:31.774959,2025-03-29 11:00:47.097436,15.322477
1164,smote,0.5,nearmiss,0.0625,0.9869494027026645,COMPLETE,2025-03-29 11:00:47.119111,2025-03-29 11:01:01.039081,13.91997
1165,random,auto,instancehardness,0.5,0.9891907860322813,COMPLETE,2025-03-29 11:01:01.060327,2025-03-29 11:01:15.317687,14.25736
1166,random,0.5,condensednn,0.125,0.6002264619994727,COMPLETE,2025-03-29 11:01:15.340494,2025-03-29 11:01:27.408710,12.068216
1167,copulagan,0.5,editednn,0.0625,0.9783033686864364,COMPLETE,2025-03-29 11:01:27.430495,2025-03-29 11:01:44.738484,17.307989
1168,smote,auto,instancehardness,0.25,0.9870488319531496,COMPLETE,2025-03-29 11:01:44.760139,2025-03-29 11:02:01.145837,16.385698
1169,copulagan,0.25,editednn,0.5,0.9783033686864364,COMPLETE,2025-03-29 11:02:01.167984,2025-03-29 11:02:18.823717,17.655733
1170,ctgan,2,random,0.0625,0.9891823765397848,COMPLETE,2025-03-29 11:02:18.845716,2025-03-29 11:02:35.717141,16.871425
1171,ctgan,auto,onesidedselection,0.25,0.9782982230708627,COMPLETE,2025-03-29 11:02:35.739762,2025-03-29 11:02:51.558246,15.818484
1172,smote,0,tomeklinks,0.25,0.984768810218344,COMPLETE,2025-03-29 11:02:51.579728,2025-03-29 11:03:07.155870,15.576142
1173,gaussiancopula,0.25,editednn,0.125,0.9805140860350166,COMPLETE,2025-03-29 11:03:07.177537,2025-03-29 11:03:22.556836,15.379299
1174,copulagan,0.25,condensednn,auto,0.5906562194317295,COMPLETE,2025-03-29 11:03:22.578922,2025-03-29 11:03:36.157125,13.578203
1175,tvae,2,random,0.125,0.987038663735101,COMPLETE,2025-03-29 11:03:36.179436,2025-03-29 11:03:51.341674,15.162238
1176,adasyn,0.25,clustercentroid,auto,-1.0,COMPLETE,2025-03-29 11:03:51.363449,2025-03-29 11:03:51.434681,0.071232
1177,copulagan,1,editednn,auto,0.9783033686864364,COMPLETE,2025-03-29 11:03:51.446054,2025-03-29 11:04:09.084405,17.638351
1178,adasyn,auto,clustercentroid,0.25,-1.0,COMPLETE,2025-03-29 11:04:09.106269,2025-03-29 11:04:09.179658,0.073389
1179,tvae,auto,tomeklinks,0.25,0.9805245259790715,COMPLETE,2025-03-29 11:04:09.191618,2025-03-29 11:04:27.195485,18.003867
1180,fastml,auto,onesidedselection,auto,0.9848589721253914,COMPLETE,2025-03-29 11:04:27.216744,2025-03-29 11:04:42.608017,15.391273
1181,fastml,0.25,random,0,0.9847832082520709,COMPLETE,2025-03-29 11:04:42.629457,2025-03-29 11:04:57.706440,15.076983
1182,gaussiancopula,0.5,instancehardness,auto,0.9848435926094576,COMPLETE,2025-03-29 11:04:57.727986,2025-03-29 11:05:13.582527,15.854541
1183,random,0.25,clustercentroid,0.0625,0.9913285367830823,COMPLETE,2025-03-29 11:05:13.604485,2025-03-29 11:05:35.703981,22.099496
1184,adasyn,0,instancehardness,0.5,0.9763580747443754,COMPLETE,2025-03-29 11:05:35.726725,2025-03-29 11:05:50.936477,15.209752
1185,tvae,auto,condensednn,0.125,0.5908175895849778,COMPLETE,2025-03-29 11:05:50.958980,2025-03-29 11:06:02.299558,11.340578
1186,copulagan,auto,random,auto,0.9935066489688338,COMPLETE,2025-03-29 11:06:02.320787,2025-03-29 11:06:19.518965,17.198178
1187,ctgan,auto,instancehardness,0.125,0.9892084292555944,COMPLETE,2025-03-29 11:06:19.541246,2025-03-29 11:06:38.092761,18.551515
1188,smote,auto,instancehardness,0.5,0.9870488319531496,COMPLETE,2025-03-29 11:06:38.114683,2025-03-29 11:06:54.279748,16.165065
1189,smote,0.5,editednn,0.125,0.9848822012062426,COMPLETE,2025-03-29 11:06:54.301517,2025-03-29 11:07:08.959345,14.657828
1190,gaussiancopula,2,editednn,0,0.9913421468043316,COMPLETE,2025-03-29 11:07:08.981673,2025-03-29 11:07:23.767101,14.785428
1191,gaussiancopula,0,tomeklinks,0.5,0.984768810218344,COMPLETE,2025-03-29 11:07:23.789512,2025-03-29 11:07:39.241975,15.452463
1192,tvae,2,instancehardness,0.25,0.9826641023852425,COMPLETE,2025-03-29 11:07:39.263492,2025-03-29 11:07:55.875093,16.611601
1193,ctgan,0.5,editednn,0.25,0.9805539716227228,COMPLETE,2025-03-29 11:07:55.896460,2025-03-29 11:08:11.820104,15.923644
1194,fastml,0.5,tomeklinks,0.125,0.9827175859688069,COMPLETE,2025-03-29 11:08:11.841767,2025-03-29 11:08:27.119570,15.277803
1195,tvae,auto,editednn,0.125,0.9827173545952453,COMPLETE,2025-03-29 11:08:27.142533,2025-03-29 11:08:43.648896,16.506363
1196,copulagan,0.5,random,auto,0.9935066489688338,COMPLETE,2025-03-29 11:08:43.661802,2025-03-29 11:09:01.018131,17.356329
1197,copulagan,0.25,clustercentroid,0.5,0.9739098244963075,COMPLETE,2025-03-29 11:09:01.032417,2025-03-29 11:09:25.128964,24.096547
1198,smote,auto,clustercentroid,auto,0.9935066489688338,COMPLETE,2025-03-29 11:09:25.141990,2025-03-29 11:09:46.789953,21.647963
1199,smote,0,clustercentroid,0.125,0.9891626891626891,COMPLETE,2025-03-29 11:09:46.811986,2025-03-29 11:10:08.341529,21.529543
1200,smote,0.5,editednn,auto,0.9848822012062426,COMPLETE,2025-03-29 11:10:08.353982,2025-03-29 11:10:23.178388,14.824406
1201,tvae,0.5,clustercentroid,0.0625,0.9935064935064936,COMPLETE,2025-03-29 11:10:23.200005,2025-03-29 11:10:44.804965,21.60496
1202,random,0.25,instancehardness,0.5,0.9891907860322813,COMPLETE,2025-03-29 11:10:44.826671,2025-03-29 11:10:59.159976,14.333305
1203,ctgan,0.5,onesidedselection,0.25,0.9782982230708627,COMPLETE,2025-03-29 11:10:59.182173,2025-03-29 11:11:15.124689,15.942516
1204,ctgan,1,onesidedselection,0.25,0.9782982230708627,COMPLETE,2025-03-29 11:11:15.144065,2025-03-29 11:11:30.983982,15.839917
1205,smote,auto,clustercentroid,0.25,0.9935066489688338,COMPLETE,2025-03-29 11:11:31.005943,2025-03-29 11:11:52.855992,21.850049
1206,smote,0,nearmiss,0.25,0.9892179705155923,COMPLETE,2025-03-29 11:11:52.877933,2025-03-29 11:12:08.890138,16.012205
1207,random,0.5,nearmiss,0,0.98916403461858,COMPLETE,2025-03-29 11:12:08.912288,2025-03-29 11:12:24.726701,15.814413
1208,random,0,tomeklinks,auto,0.984768810218344,COMPLETE,2025-03-29 11:12:24.749074,2025-03-29 11:12:40.113330,15.364256
1209,copulagan,0.5,tomeklinks,0.5,0.9826197196288691,COMPLETE,2025-03-29 11:12:40.135277,2025-03-29 11:12:59.382425,19.247148
1210,random,0.5,clustercentroid,0.125,0.9913285367830823,COMPLETE,2025-03-29 11:12:59.404540,2025-03-29 11:13:21.632893,22.228353
1211,copulagan,0,clustercentroid,0.125,0.9891626891626891,COMPLETE,2025-03-29 11:13:21.655274,2025-03-29 11:13:43.268547,21.613273
1212,adasyn,0.25,tomeklinks,0.25,-1.0,COMPLETE,2025-03-29 11:13:43.291185,2025-03-29 11:13:43.364119,0.072934
1213,copulagan,2,onesidedselection,0.0625,0.984768810218344,COMPLETE,2025-03-29 11:13:43.376340,2025-03-29 11:14:00.783427,17.407087
1214,ctgan,2,condensednn,0.125,0.6282040340090724,COMPLETE,2025-03-29 11:14:00.805189,2025-03-29 11:14:13.932792,13.127603
1215,tvae,auto,nearmiss,0,0.9869457197202036,COMPLETE,2025-03-29 11:14:13.954505,2025-03-29 11:14:30.111704,16.157199
1216,gaussiancopula,0.5,instancehardness,0.125,0.9848435926094576,COMPLETE,2025-03-29 11:14:30.133394,2025-03-29 11:14:46.120058,15.986664
1217,copulagan,0.5,editednn,0.25,0.9783033686864364,COMPLETE,2025-03-29 11:14:46.142683,2025-03-29 11:15:03.735859,17.593176
1218,fastml,2,clustercentroid,0.5,0.9848321084847547,COMPLETE,2025-03-29 11:15:03.757866,2025-03-29 11:15:27.235732,23.477866
1219,smote,1,onesidedselection,0.5,0.9804990292603718,COMPLETE,2025-03-29 11:15:27.258654,2025-03-29 11:15:40.349257,13.090603
1220,gaussiancopula,1,instancehardness,0.5,0.9848435926094576,COMPLETE,2025-03-29 11:15:40.370954,2025-03-29 11:15:56.304676,15.933722
1221,fastml,2,instancehardness,0,0.9847832082520709,COMPLETE,2025-03-29 11:15:56.326466,2025-03-29 11:16:11.629078,15.302612
1222,copulagan,auto,instancehardness,0.0625,0.9870257379972729,COMPLETE,2025-03-29 11:16:11.652621,2025-03-29 11:16:29.748527,18.095906
1223,copulagan,1,random,0.125,0.9935066489688338,COMPLETE,2025-03-29 11:16:29.770377,2025-03-29 11:16:46.967048,17.196671
1224,adasyn,auto,random,0.5,-1.0,COMPLETE,2025-03-29 11:16:46.988802,2025-03-29 11:16:47.064279,0.075477
1225,adasyn,0,instancehardness,0,-1.0,ERROR,,,0.0
1226,copulagan,0,random,0.5,0.993502999650116,COMPLETE,2025-03-29 11:17:01.792650,2025-03-29 11:17:17.661230,15.86858
1227,copulagan,2,nearmiss,0.0625,0.9848362611804578,COMPLETE,2025-03-29 11:17:17.683544,2025-03-29 11:17:33.111521,15.427977
1228,copulagan,0.5,tomeklinks,auto,0.9826197196288691,COMPLETE,2025-03-29 11:17:33.132777,2025-03-29 11:17:52.158238,19.025461
1229,gaussiancopula,1,tomeklinks,0,0.9913421468043316,COMPLETE,2025-03-29 11:17:52.179755,2025-03-29 11:18:07.139177,14.959422
1230,smote,1,editednn,auto,0.9848822012062426,COMPLETE,2025-03-29 11:18:07.161400,2025-03-29 11:18:21.770572,14.609172
1231,gaussiancopula,0.25,onesidedselection,0.5,0.9783653319196244,COMPLETE,2025-03-29 11:18:21.792854,2025-03-29 11:18:36.520728,14.727874
1232,smote,2,nearmiss,0.25,0.9869494027026645,COMPLETE,2025-03-29 11:18:36.535034,2025-03-29 11:18:50.376442,13.841408
1233,gaussiancopula,0.5,tomeklinks,0.25,0.9848535303080758,COMPLETE,2025-03-29 11:18:50.397773,2025-03-29 11:19:07.644043,17.24627
1234,random,1,clustercentroid,auto,0.9913285367830823,COMPLETE,2025-03-29 11:19:07.666565,2025-03-29 11:19:29.878417,22.211852
1235,ctgan,0,instancehardness,0,-1.0,ERROR,,,0.0
1236,adasyn,0,condensednn,0.0625,0.6203396548154443,COMPLETE,2025-03-29 11:19:44.526450,2025-03-29 11:19:56.173652,11.647202
1237,gaussiancopula,0.5,nearmiss,0.0625,0.9806037080590027,COMPLETE,2025-03-29 11:19:56.195824,2025-03-29 11:20:14.146894,17.95107
1238,random,auto,nearmiss,0.5,0.984870501399427,COMPLETE,2025-03-29 11:20:14.169415,2025-03-29 11:20:29.318130,15.148715
1239,random,0,condensednn,0,-1.0,ERROR,,,0.0
1240,gaussiancopula,2,editednn,auto,0.9805140860350166,COMPLETE,2025-03-29 11:20:44.209792,2025-03-29 11:20:59.338731,15.128939
1241,smote,0.5,random,0.0625,0.9891935575896289,COMPLETE,2025-03-29 11:20:59.360352,2025-03-29 11:21:14.023467,14.663115
1242,copulagan,0,condensednn,0.125,0.6203396548154443,COMPLETE,2025-03-29 11:21:14.045480,2025-03-29 11:21:25.685887,11.640407
1243,adasyn,0.5,nearmiss,auto,-1.0,COMPLETE,2025-03-29 11:21:25.707905,2025-03-29 11:21:25.783605,0.0757
1244,tvae,auto,nearmiss,auto,0.9826747146507947,COMPLETE,2025-03-29 11:21:25.794837,2025-03-29 11:21:42.283312,16.488475
1245,copulagan,0.5,condensednn,0.5,0.5906562194317295,COMPLETE,2025-03-29 11:21:42.305803,2025-03-29 11:21:55.744713,13.43891
1246,copulagan,0.25,random,0.0625,0.9935066489688338,COMPLETE,2025-03-29 11:21:55.766366,2025-03-29 11:22:12.861383,17.095017
1247,smote,0.25,clustercentroid,0.0625,0.9935066489688338,COMPLETE,2025-03-29 11:22:12.883157,2025-03-29 11:22:34.596010,21.712853
1248,copulagan,0.25,editednn,0.125,0.9783033686864364,COMPLETE,2025-03-29 11:22:34.618823,2025-03-29 11:22:52.152432,17.533609
1249,ctgan,2,tomeklinks,0.5,0.982663952192812,COMPLETE,2025-03-29 11:22:52.176560,2025-03-29 11:23:11.840764,19.664204
1250,smote,0.25,onesidedselection,0.5,0.9804990292603718,COMPLETE,2025-03-29 11:23:11.853029,2025-03-29 11:23:24.595897,12.742868
1251,adasyn,0.5,nearmiss,0.0625,-1.0,COMPLETE,2025-03-29 11:23:24.618379,2025-03-29 11:23:24.695549,0.07717
1252,tvae,1,instancehardness,0,0.9869457197202036,COMPLETE,2025-03-29 11:23:24.707057,2025-03-29 11:23:40.951088,16.244031
1253,tvae,0,onesidedselection,0.125,0.9783357579867517,COMPLETE,2025-03-29 11:23:40.973565,2025-03-29 11:23:54.180483,13.206918
1254,adasyn,auto,clustercentroid,0.5,-1.0,COMPLETE,2025-03-29 11:23:54.202905,2025-03-29 11:23:54.279906,0.077001
1255,copulagan,0,editednn,0.0625,0.9784313187068703,COMPLETE,2025-03-29 11:23:54.292292,2025-03-29 11:24:08.833687,14.541395
1256,adasyn,auto,tomeklinks,auto,-1.0,COMPLETE,2025-03-29 11:24:08.856099,2025-03-29 11:24:08.930395,0.074296
1257,adasyn,1,editednn,0,-1.0,COMPLETE,2025-03-29 11:24:08.941699,2025-03-29 11:24:09.014558,0.072859
1258,smote,0,condensednn,0.0625,0.6203396548154443,COMPLETE,2025-03-29 11:24:09.026667,2025-03-29 11:24:20.600607,11.57394
1259,tvae,0,clustercentroid,0.0625,0.9891626891626891,COMPLETE,2025-03-29 11:24:20.622194,2025-03-29 11:24:41.972124,21.34993
1260,adasyn,0.5,random,0.0625,-1.0,COMPLETE,2025-03-29 11:24:41.993599,2025-03-29 11:24:42.067637,0.074038
1261,ctgan,0.25,condensednn,0.5,0.6282040340090724,COMPLETE,2025-03-29 11:24:42.079094,2025-03-29 11:24:55.093606,13.014512
1262,smote,0.25,condensednn,0.125,0.613993656688675,COMPLETE,2025-03-29 11:24:55.115133,2025-03-29 11:25:06.510781,11.395648
1263,smote,0,instancehardness,0.125,0.9763580747443754,COMPLETE,2025-03-29 11:25:06.532847,2025-03-29 11:25:22.493090,15.960243
1264,copulagan,0.5,random,0.0625,0.9935066489688338,COMPLETE,2025-03-29 11:25:22.516120,2025-03-29 11:25:39.805902,17.289782
1265,copulagan,0.25,nearmiss,0.0625,0.9848362611804578,COMPLETE,2025-03-29 11:25:39.828129,2025-03-29 11:25:55.302204,15.474075
1266,gaussiancopula,auto,instancehardness,0.5,0.9848435926094576,COMPLETE,2025-03-29 11:25:55.323947,2025-03-29 11:26:11.348587,16.02464
1267,ctgan,0,tomeklinks,0,-1.0,ERROR,,,0.0
1268,fastml,0,condensednn,0.5,0.6203396548154443,COMPLETE,2025-03-29 11:26:26.093641,2025-03-29 11:26:38.123929,12.030288
1269,adasyn,2,nearmiss,0.125,-1.0,COMPLETE,2025-03-29 11:26:38.145571,2025-03-29 11:26:38.220581,0.07501
1270,gaussiancopula,1,onesidedselection,0,0.9913421468043316,COMPLETE,2025-03-29 11:26:38.232970,2025-03-29 11:26:53.022753,14.789783
1271,random,2,instancehardness,0.5,0.9891907860322813,COMPLETE,2025-03-29 11:26:53.045059,2025-03-29 11:27:07.371062,14.326003
1272,random,0.5,tomeklinks,0.125,0.9848926054293577,COMPLETE,2025-03-29 11:27:07.393717,2025-03-29 11:27:23.128920,15.735203
1273,copulagan,0.5,nearmiss,0.25,0.9848362611804578,COMPLETE,2025-03-29 11:27:23.151059,2025-03-29 11:27:38.724470,15.573411
1274,adasyn,0.5,condensednn,0.25,-1.0,COMPLETE,2025-03-29 11:27:38.746722,2025-03-29 11:27:38.824281,0.077559
1275,ctgan,0.25,condensednn,0.0625,0.6282040340090724,COMPLETE,2025-03-29 11:27:38.836859,2025-03-29 11:27:51.815500,12.978641
1276,smote,2,tomeklinks,0.25,0.9805547907596056,COMPLETE,2025-03-29 11:27:51.837650,2025-03-29 11:28:07.757036,15.919386
1277,ctgan,1,editednn,0.5,0.9805539716227228,COMPLETE,2025-03-29 11:28:07.774926,2025-03-29 11:28:24.023136,16.24821
1278,smote,2,editednn,0.125,0.9848822012062426,COMPLETE,2025-03-29 11:28:24.045038,2025-03-29 11:28:38.678140,14.633102
1279,ctgan,0,condensednn,auto,0.6203396548154443,COMPLETE,2025-03-29 11:28:38.700279,2025-03-29 11:28:50.426684,11.726405
1280,smote,0,random,0.5,0.993502999650116,COMPLETE,2025-03-29 11:28:50.449586,2025-03-29 11:29:06.196277,15.746691
1281,ctgan,0.5,editednn,0.5,0.9805539716227228,COMPLETE,2025-03-29 11:29:06.218495,2025-03-29 11:29:22.294718,16.076223
1282,fastml,1,onesidedselection,0,0.9847832082520709,COMPLETE,2025-03-29 11:29:22.316185,2025-03-29 11:29:37.678534,15.362349
1283,adasyn,0.25,editednn,0.25,-1.0,COMPLETE,2025-03-29 11:29:37.699925,2025-03-29 11:29:37.775725,0.0758
1284,gaussiancopula,0.25,instancehardness,0.0625,0.9848435926094576,COMPLETE,2025-03-29 11:29:37.788348,2025-03-29 11:29:53.899213,16.110865
1285,gaussiancopula,2,instancehardness,auto,0.9848435926094576,COMPLETE,2025-03-29 11:29:53.921111,2025-03-29 11:30:09.942596,16.021485
1286,smote,0.25,instancehardness,0.25,0.9870488319531496,COMPLETE,2025-03-29 11:30:09.960454,2025-03-29 11:30:26.321103,16.360649
1287,ctgan,0,tomeklinks,0.0625,0.984768810218344,COMPLETE,2025-03-29 11:30:26.344329,2025-03-29 11:30:41.933670,15.589341
1288,random,2,instancehardness,0.125,0.9891907860322813,COMPLETE,2025-03-29 11:30:41.955379,2025-03-29 11:30:56.147258,14.191879
1289,fastml,0.5,nearmiss,0.125,0.9848225341252012,COMPLETE,2025-03-29 11:30:56.169689,2025-03-29 11:31:11.558382,15.388693
1290,fastml,2,instancehardness,0.5,0.9848239453080575,COMPLETE,2025-03-29 11:31:11.580037,2025-03-29 11:31:27.881902,16.301865
1291,random,1,nearmiss,0.5,0.984870501399427,COMPLETE,2025-03-29 11:31:27.903983,2025-03-29 11:31:43.394074,15.490091
1292,ctgan,2,tomeklinks,0.125,0.982663952192812,COMPLETE,2025-03-29 11:31:43.407020,2025-03-29 11:32:03.081022,19.674002
1293,adasyn,0.5,condensednn,auto,-1.0,COMPLETE,2025-03-29 11:32:03.103503,2025-03-29 11:32:03.183348,0.079845
1294,fastml,0.25,condensednn,0.125,0.6002126634042212,COMPLETE,2025-03-29 11:32:03.196193,2025-03-29 11:32:15.999624,12.803431
1295,fastml,0.25,random,0.5,0.991343141164981,COMPLETE,2025-03-29 11:32:16.021355,2025-03-29 11:32:32.348035,16.32668
1296,smote,0.25,condensednn,0.25,0.613993656688675,COMPLETE,2025-03-29 11:32:32.368245,2025-03-29 11:32:43.864106,11.495861
1297,random,0.5,onesidedselection,0.5,0.9783747611716287,COMPLETE,2025-03-29 11:32:43.886359,2025-03-29 11:32:57.120561,13.234202
1298,gaussiancopula,0.5,clustercentroid,0.5,0.9870058877332495,COMPLETE,2025-03-29 11:32:57.142376,2025-03-29 11:33:19.875531,22.733155
1299,ctgan,0,instancehardness,0.0625,0.9763580747443754,COMPLETE,2025-03-29 11:33:19.898620,2025-03-29 11:33:35.125383,15.226763
1300,smote,1,instancehardness,0,0.991343141164981,COMPLETE,2025-03-29 11:33:35.139085,2025-03-29 11:33:52.033063,16.893978
1301,adasyn,auto,editednn,0.5,-1.0,COMPLETE,2025-03-29 11:33:52.055469,2025-03-29 11:33:52.132644,0.077175
1302,smote,auto,instancehardness,auto,0.9870488319531496,COMPLETE,2025-03-29 11:33:52.144357,2025-03-29 11:34:08.536498,16.392141
1303,random,1,nearmiss,0.125,0.984870501399427,COMPLETE,2025-03-29 11:34:08.558395,2025-03-29 11:34:24.009345,15.45095
1304,fastml,0.5,tomeklinks,0.5,0.9827175859688069,COMPLETE,2025-03-29 11:34:24.024770,2025-03-29 11:34:39.333083,15.308313
1305,gaussiancopula,0,random,0.5,0.993502999650116,COMPLETE,2025-03-29 11:34:39.355656,2025-03-29 11:34:55.484481,16.128825
1306,tvae,1,random,0.0625,0.987038663735101,COMPLETE,2025-03-29 11:34:55.497780,2025-03-29 11:35:10.659708,15.161928
1307,ctgan,0,clustercentroid,0.5,0.9891626891626891,COMPLETE,2025-03-29 11:35:10.682304,2025-03-29 11:35:32.424430,21.742126
1308,smote,1,condensednn,0,0.991343141164981,COMPLETE,2025-03-29 11:35:32.446771,2025-03-29 11:35:49.436110,16.989339
1309,random,1,tomeklinks,0.5,0.9848926054293577,COMPLETE,2025-03-29 11:35:49.458188,2025-03-29 11:36:05.046940,15.588752
1310,copulagan,0.5,instancehardness,0,0.9848186793619221,COMPLETE,2025-03-29 11:36:05.059911,2025-03-29 11:36:21.966198,16.906287
1311,random,1,random,auto,0.9891668172659909,COMPLETE,2025-03-29 11:36:21.987576,2025-03-29 11:36:38.876198,16.888622
1312,gaussiancopula,2,onesidedselection,0.125,0.9783653319196244,COMPLETE,2025-03-29 11:36:38.888052,2025-03-29 11:36:53.802594,14.914542
1313,smote,0.5,clustercentroid,0.0625,0.9935066489688338,COMPLETE,2025-03-29 11:36:53.824224,2025-03-29 11:37:16.039432,22.215208
1314,smote,1,nearmiss,0,0.991343141164981,COMPLETE,2025-03-29 11:37:16.061517,2025-03-29 11:37:32.788652,16.727135
1315,fastml,2,editednn,auto,0.971725977129174,COMPLETE,2025-03-29 11:37:32.810768,2025-03-29 11:37:48.375800,15.565032
1316,smote,1,clustercentroid,0.25,0.9935066489688338,COMPLETE,2025-03-29 11:37:48.397412,2025-03-29 11:38:10.381410,21.983998
1317,smote,0.25,instancehardness,0.5,0.9870488319531496,COMPLETE,2025-03-29 11:38:10.403351,2025-03-29 11:38:26.867924,16.464573
1318,fastml,0,onesidedselection,0.5,0.9783357579867517,COMPLETE,2025-03-29 11:38:26.889810,2025-03-29 11:38:40.151931,13.262121
1319,copulagan,0.25,editednn,0.0625,0.9783033686864364,COMPLETE,2025-03-29 11:38:40.174170,2025-03-29 11:38:57.885145,17.710975
1320,copulagan,0.5,onesidedselection,0.0625,0.984768810218344,COMPLETE,2025-03-29 11:38:57.906966,2025-03-29 11:39:15.064301,17.157335
1321,copulagan,0.25,onesidedselection,auto,0.984768810218344,COMPLETE,2025-03-29 11:39:15.086101,2025-03-29 11:39:32.422506,17.336405
1322,ctgan,0.5,instancehardness,0.25,0.9892084292555944,COMPLETE,2025-03-29 11:39:32.444458,2025-03-29 11:39:51.637025,19.192567
1323,random,0,tomeklinks,0.0625,0.984768810218344,COMPLETE,2025-03-29 11:39:51.659223,2025-03-29 11:40:07.040084,15.380861
1324,tvae,0,nearmiss,0.5,0.9892179705155923,COMPLETE,2025-03-29 11:40:07.061912,2025-03-29 11:40:22.744364,15.682452
1325,random,1,instancehardness,0,0.98916403461858,COMPLETE,2025-03-29 11:40:22.765937,2025-03-29 11:40:38.846350,16.080413
1326,random,1,editednn,0,0.98916403461858,COMPLETE,2025-03-29 11:40:38.868855,2025-03-29 11:40:54.883419,16.014564
1327,copulagan,0.25,tomeklinks,0.5,0.9826197196288691,COMPLETE,2025-03-29 11:40:54.905426,2025-03-29 11:41:14.503221,19.597795
1328,gaussiancopula,2,onesidedselection,auto,0.9783653319196244,COMPLETE,2025-03-29 11:41:14.516245,2025-03-29 11:41:29.538446,15.022201
1329,ctgan,2,onesidedselection,0,0.9782971627011856,COMPLETE,2025-03-29 11:41:29.552666,2025-03-29 11:41:47.006216,17.45355
1330,random,0.25,editednn,0,0.98916403461858,COMPLETE,2025-03-29 11:41:47.028679,2025-03-29 11:42:03.157079,16.1284
1331,gaussiancopula,2,nearmiss,auto,0.9806037080590027,COMPLETE,2025-03-29 11:42:03.179512,2025-03-29 11:42:21.152193,17.972681
1332,gaussiancopula,0.5,clustercentroid,0.125,0.9870058877332495,COMPLETE,2025-03-29 11:42:21.174306,2025-03-29 11:42:44.325060,23.150754
1333,smote,1,tomeklinks,auto,0.9805547907596056,COMPLETE,2025-03-29 11:42:44.346820,2025-03-29 11:43:00.451180,16.10436
1334,random,auto,clustercentroid,auto,0.9913285367830823,COMPLETE,2025-03-29 11:43:00.473625,2025-03-29 11:43:22.553722,22.080097
1335,copulagan,2,clustercentroid,0.125,0.9739098244963075,COMPLETE,2025-03-29 11:43:22.575684,2025-03-29 11:43:46.477886,23.902202
1336,ctgan,2,editednn,0.125,0.9805539716227228,COMPLETE,2025-03-29 11:43:46.499982,2025-03-29 11:44:02.582884,16.082902
1337,ctgan,0.25,instancehardness,auto,0.9892084292555944,COMPLETE,2025-03-29 11:44:02.605001,2025-03-29 11:44:21.725308,19.120307
1338,smote,2,clustercentroid,0.25,0.9935066489688338,COMPLETE,2025-03-29 11:44:21.747878,2025-03-29 11:44:43.566543,21.818665
1339,fastml,1,nearmiss,0.25,0.9848225341252012,COMPLETE,2025-03-29 11:44:43.588805,2025-03-29 11:44:58.842420,15.253615
1340,copulagan,auto,tomeklinks,0,0.9848186793619221,COMPLETE,2025-03-29 11:44:58.864309,2025-03-29 11:45:15.611613,16.747304
1341,copulagan,1,editednn,0.5,0.9783033686864364,COMPLETE,2025-03-29 11:45:15.633512,2025-03-29 11:45:33.484850,17.851338
1342,gaussiancopula,1,clustercentroid,0.125,0.9870058877332495,COMPLETE,2025-03-29 11:45:33.507406,2025-03-29 11:45:56.731578,23.224172
1343,smote,0,editednn,0.125,0.9784313187068703,COMPLETE,2025-03-29 11:45:56.743612,2025-03-29 11:46:11.485753,14.742141
1344,ctgan,0.25,condensednn,0.25,0.6282040340090724,COMPLETE,2025-03-29 11:46:11.507609,2025-03-29 11:46:24.687369,13.17976
1345,gaussiancopula,0,clustercentroid,0.25,0.9891626891626891,COMPLETE,2025-03-29 11:46:24.709921,2025-03-29 11:46:46.216368,21.506447
1346,copulagan,2,tomeklinks,0,0.9848186793619221,COMPLETE,2025-03-29 11:46:46.238942,2025-03-29 11:47:03.384594,17.145652
1347,fastml,0.25,clustercentroid,0,0.9847832082520709,COMPLETE,2025-03-29 11:47:03.406419,2025-03-29 11:47:18.577525,15.171106
1348,random,0.25,onesidedselection,0.0625,0.9783747611716287,COMPLETE,2025-03-29 11:47:18.599347,2025-03-29 11:47:31.861914,13.262567
1349,tvae,1,tomeklinks,0.5,0.9805245259790715,COMPLETE,2025-03-29 11:47:31.883902,2025-03-29 11:47:49.836514,17.952612
1350,copulagan,1,clustercentroid,0.5,0.9739098244963075,COMPLETE,2025-03-29 11:47:49.858811,2025-03-29 11:48:13.728375,23.869564
1351,copulagan,auto,random,0.5,0.9935066489688338,COMPLETE,2025-03-29 11:48:13.750442,2025-03-29 11:48:31.270722,17.52028
1352,fastml,0,random,0.5,0.993502999650116,COMPLETE,2025-03-29 11:48:31.292606,2025-03-29 11:48:47.408850,16.116244
1353,ctgan,auto,condensednn,0.125,0.6282040340090724,COMPLETE,2025-03-29 11:48:47.432042,2025-03-29 11:49:00.655013,13.222971
1354,random,0.25,random,0.25,0.9891668172659909,COMPLETE,2025-03-29 11:49:00.676931,2025-03-29 11:49:17.573269,16.896338
1355,ctgan,2,tomeklinks,0.25,0.982663952192812,COMPLETE,2025-03-29 11:49:17.595734,2025-03-29 11:49:37.347440,19.751706
1356,random,0.25,nearmiss,0.25,0.984870501399427,COMPLETE,2025-03-29 11:49:37.369317,2025-03-29 11:49:52.843266,15.473949
1357,random,auto,editednn,0.0625,0.9849285252035781,COMPLETE,2025-03-29 11:49:52.865175,2025-03-29 11:50:09.665973,16.800798
1358,copulagan,0.25,instancehardness,0.125,0.9870257379972729,COMPLETE,2025-03-29 11:50:09.681489,2025-03-29 11:50:28.307496,18.626007
1359,ctgan,0.25,random,0.5,0.9891823765397848,COMPLETE,2025-03-29 11:50:28.322831,2025-03-29 11:50:45.396142,17.073311
1360,random,0.5,editednn,0.25,0.9849285252035781,COMPLETE,2025-03-29 11:50:45.418617,2025-03-29 11:51:02.428140,17.009523
1361,fastml,0.5,random,0.0625,0.991343141164981,COMPLETE,2025-03-29 11:51:02.450065,2025-03-29 11:51:18.663552,16.213487
1362,tvae,2,condensednn,0.0625,0.5908175895849778,COMPLETE,2025-03-29 11:51:18.685711,2025-03-29 11:51:30.134333,11.448622
1363,tvae,0.5,nearmiss,0.25,0.9826747146507947,COMPLETE,2025-03-29 11:51:30.156347,2025-03-29 11:51:46.590809,16.434462
1364,gaussiancopula,0,instancehardness,0,-1.0,ERROR,,,0.0
1365,gaussiancopula,auto,condensednn,0,0.9913421468043316,COMPLETE,2025-03-29 11:52:01.311380,2025-03-29 11:52:16.379901,15.068521
1366,ctgan,0.25,random,auto,0.9891823765397848,COMPLETE,2025-03-29 11:52:16.402648,2025-03-29 11:52:33.517287,17.114639
1367,ctgan,2,onesidedselection,0.5,0.9782982230708627,COMPLETE,2025-03-29 11:52:33.539312,2025-03-29 11:52:49.695253,16.155941
1368,copulagan,0.5,nearmiss,0.5,0.9848362611804578,COMPLETE,2025-03-29 11:52:49.707057,2025-03-29 11:53:05.243292,15.536235
1369,gaussiancopula,1,clustercentroid,0.0625,0.9870058877332495,COMPLETE,2025-03-29 11:53:05.264941,2025-03-29 11:53:28.555778,23.290837
1370,smote,1,onesidedselection,0.125,0.9804990292603718,COMPLETE,2025-03-29 11:53:28.578269,2025-03-29 11:53:41.514627,12.936358
1371,ctgan,0,instancehardness,auto,0.9763580747443754,COMPLETE,2025-03-29 11:53:41.526834,2025-03-29 11:53:57.098802,15.571968
1372,ctgan,0.25,nearmiss,0.0625,0.9891604499066595,COMPLETE,2025-03-29 11:53:57.121289,2025-03-29 11:54:15.703693,18.582404
1373,gaussiancopula,0.5,tomeklinks,0.125,0.9848535303080758,COMPLETE,2025-03-29 11:54:15.725384,2025-03-29 11:54:33.128650,17.403266
1374,random,2,clustercentroid,0.0625,0.9913285367830823,COMPLETE,2025-03-29 11:54:33.150549,2025-03-29 11:54:55.339797,22.189248
1375,ctgan,0.5,condensednn,0.5,0.6282040340090724,COMPLETE,2025-03-29 11:54:55.361753,2025-03-29 11:55:08.477929,13.116176
1376,tvae,0.5,tomeklinks,0,0.9869457197202036,COMPLETE,2025-03-29 11:55:08.499543,2025-03-29 11:55:24.899562,16.400019
1377,adasyn,1,instancehardness,0,-1.0,COMPLETE,2025-03-29 11:55:24.921869,2025-03-29 11:55:25.000247,0.078378
1378,copulagan,0,editednn,0,-1.0,ERROR,,,0.0
1379,ctgan,2,instancehardness,0.0625,0.9892084292555944,COMPLETE,2025-03-29 11:55:39.776501,2025-03-29 11:55:58.742993,18.966492
1380,gaussiancopula,0.25,random,0.125,0.98916403461858,COMPLETE,2025-03-29 11:55:58.765122,2025-03-29 11:56:15.117202,16.35208
1381,fastml,0.5,editednn,auto,0.971725977129174,COMPLETE,2025-03-29 11:56:15.140190,2025-03-29 11:56:31.025548,15.885358
1382,tvae,auto,onesidedselection,0.5,0.9805080849157983,COMPLETE,2025-03-29 11:56:31.047651,2025-03-29 11:56:47.016870,15.969219
1383,fastml,0.25,instancehardness,auto,0.9848239453080575,COMPLETE,2025-03-29 11:56:47.039123,2025-03-29 11:57:03.680509,16.641386
1384,tvae,auto,onesidedselection,0.25,0.9805080849157983,COMPLETE,2025-03-29 11:57:03.702084,2025-03-29 11:57:19.380579,15.678495
1385,copulagan,2,clustercentroid,0.0625,0.9739098244963075,COMPLETE,2025-03-29 11:57:19.402521,2025-03-29 11:57:43.589467,24.186946
1386,fastml,auto,tomeklinks,0,0.9847832082520709,COMPLETE,2025-03-29 11:57:43.611108,2025-03-29 11:57:58.955072,15.343964
1387,gaussiancopula,auto,instancehardness,0.0625,0.9848435926094576,COMPLETE,2025-03-29 11:57:58.979031,2025-03-29 11:58:14.979456,16.000425
1388,ctgan,0,nearmiss,0.0625,0.9892179705155923,COMPLETE,2025-03-29 11:58:15.001188,2025-03-29 11:58:31.010751,16.009563
1389,tvae,2,instancehardness,0,0.9869457197202036,COMPLETE,2025-03-29 11:58:31.032644,2025-03-29 11:58:47.453855,16.421211
1390,random,0,random,auto,0.993502999650116,COMPLETE,2025-03-29 11:58:47.475580,2025-03-29 11:59:03.770764,16.295184
1391,gaussiancopula,2,editednn,0.125,0.9805140860350166,COMPLETE,2025-03-29 11:59:03.792757,2025-03-29 11:59:19.012219,15.219462
1392,ctgan,0.25,editednn,0.0625,0.9805539716227228,COMPLETE,2025-03-29 11:59:19.034259,2025-03-29 11:59:35.260571,16.226312
1393,copulagan,0.5,tomeklinks,0.0625,0.9826197196288691,COMPLETE,2025-03-29 11:59:35.274223,2025-03-29 11:59:54.748151,19.473928
1394,random,2,onesidedselection,0,0.98916403461858,COMPLETE,2025-03-29 11:59:54.770778,2025-03-29 12:00:10.538362,15.767584
1395,tvae,0.5,instancehardness,0.125,0.9826641023852425,COMPLETE,2025-03-29 12:00:10.559871,2025-03-29 12:00:27.301256,16.741385
1396,random,0.25,instancehardness,0,0.98916403461858,COMPLETE,2025-03-29 12:00:27.323232,2025-03-29 12:00:43.510769,16.187537
1397,random,2,editednn,auto,0.9849285252035781,COMPLETE,2025-03-29 12:00:43.534264,2025-03-29 12:01:00.183106,16.648842
1398,random,2,tomeklinks,0,0.98916403461858,COMPLETE,2025-03-29 12:01:00.204917,2025-03-29 12:01:16.149798,15.944881
1399,copulagan,0.5,clustercentroid,0.0625,0.9739098244963075,COMPLETE,2025-03-29 12:01:16.172062,2025-03-29 12:01:40.388437,24.216375
1400,random,1,condensednn,0.125,0.6002264619994727,COMPLETE,2025-03-29 12:01:40.410999,2025-03-29 12:01:52.474200,12.063201
1401,tvae,0.5,instancehardness,0.0625,0.9826641023852425,COMPLETE,2025-03-29 12:01:52.496344,2025-03-29 12:02:09.218392,16.722048
1402,gaussiancopula,0,condensednn,0,-1.0,ERROR,,,0.0
1403,smote,1,instancehardness,0.0625,0.9870488319531496,COMPLETE,2025-03-29 12:02:24.033594,2025-03-29 12:02:40.284587,16.250993
1404,random,1,editednn,auto,0.9849285252035781,COMPLETE,2025-03-29 12:02:40.307982,2025-03-29 12:02:56.997323,16.689341
1405,gaussiancopula,0.25,editednn,0.5,0.9805140860350166,COMPLETE,2025-03-29 12:02:57.019101,2025-03-29 12:03:12.348347,15.329246
1406,random,1,condensednn,0.25,0.6002264619994727,COMPLETE,2025-03-29 12:03:12.370389,2025-03-29 12:03:24.745843,12.375454
1407,smote,2,onesidedselection,auto,0.9804990292603718,COMPLETE,2025-03-29 12:03:24.768499,2025-03-29 12:03:37.838288,13.069789
1408,copulagan,0.25,condensednn,0.0625,0.5906562194317295,COMPLETE,2025-03-29 12:03:37.860264,2025-03-29 12:03:51.423307,13.563043
1409,tvae,0.25,editednn,0.0625,0.9827173545952453,COMPLETE,2025-03-29 12:03:51.445420,2025-03-29 12:04:08.114857,16.669437
1410,tvae,auto,instancehardness,0.5,0.9826641023852425,COMPLETE,2025-03-29 12:04:08.137399,2025-03-29 12:04:25.033106,16.895707
1411,copulagan,1,instancehardness,0.0625,0.9870257379972729,COMPLETE,2025-03-29 12:04:25.054901,2025-03-29 12:04:43.062755,18.007854
1412,adasyn,2,random,0.0625,-1.0,COMPLETE,2025-03-29 12:04:43.085253,2025-03-29 12:04:43.167657,0.082404
1413,random,1,nearmiss,0.0625,0.984870501399427,COMPLETE,2025-03-29 12:04:43.189099,2025-03-29 12:04:58.907575,15.718476
1414,tvae,0.25,condensednn,0.125,0.5908175895849778,COMPLETE,2025-03-29 12:04:58.929627,2025-03-29 12:05:10.307211,11.377584
1415,smote,0.5,condensednn,0.5,0.613993656688675,COMPLETE,2025-03-29 12:05:10.328675,2025-03-29 12:05:21.800925,11.47225
1416,random,0,nearmiss,0.25,0.9892179705155923,COMPLETE,2025-03-29 12:05:21.823728,2025-03-29 12:05:37.688558,15.86483
1417,ctgan,auto,condensednn,0.0625,0.6282040340090724,COMPLETE,2025-03-29 12:05:37.710568,2025-03-29 12:05:50.991479,13.280911
1418,tvae,0.5,instancehardness,auto,0.9826641023852425,COMPLETE,2025-03-29 12:05:51.013455,2025-03-29 12:06:08.012955,16.9995
1419,ctgan,auto,clustercentroid,0.25,0.9782569445361456,COMPLETE,2025-03-29 12:06:08.035212,2025-03-29 12:06:31.621479,23.586267
1420,tvae,1,editednn,0.0625,0.9827173545952453,COMPLETE,2025-03-29 12:06:31.643911,2025-03-29 12:06:48.135163,16.491252
1421,tvae,auto,tomeklinks,0,0.9869457197202036,COMPLETE,2025-03-29 12:06:48.147342,2025-03-29 12:07:04.531516,16.384174
1422,gaussiancopula,1,instancehardness,auto,0.9848435926094576,COMPLETE,2025-03-29 12:07:04.553684,2025-03-29 12:07:20.472662,15.918978
1423,adasyn,0,editednn,0,-1.0,ERROR,,,0.0
1424,copulagan,0.25,editednn,0.25,0.9783033686864364,COMPLETE,2025-03-29 12:07:35.227108,2025-03-29 12:07:53.076499,17.849391
1425,ctgan,1,random,0.125,0.9891823765397848,COMPLETE,2025-03-29 12:07:53.098593,2025-03-29 12:08:10.397287,17.298694
1426,copulagan,auto,instancehardness,0.25,0.9870257379972729,COMPLETE,2025-03-29 12:08:10.426741,2025-03-29 12:08:28.279984,17.853243
1427,ctgan,1,condensednn,0.0625,0.6282040340090724,COMPLETE,2025-03-29 12:08:28.309782,2025-03-29 12:08:41.579907,13.270125
1428,tvae,auto,editednn,auto,0.9827173545952453,COMPLETE,2025-03-29 12:08:41.601625,2025-03-29 12:08:58.337202,16.735577
1429,smote,0,onesidedselection,0.0625,0.9783357579867517,COMPLETE,2025-03-29 12:08:58.359194,2025-03-29 12:09:11.630506,13.271312
1430,random,0,condensednn,0.25,0.6203396548154443,COMPLETE,2025-03-29 12:09:11.652774,2025-03-29 12:09:23.482033,11.829259
1431,ctgan,1,clustercentroid,0.0625,0.9782569445361456,COMPLETE,2025-03-29 12:09:23.504795,2025-03-29 12:09:46.793871,23.289076
1432,copulagan,1,random,0.5,0.9935066489688338,COMPLETE,2025-03-29 12:09:46.815645,2025-03-29 12:10:04.268480,17.452835
1433,fastml,1,onesidedselection,0.5,0.9848589721253914,COMPLETE,2025-03-29 12:10:04.290456,2025-03-29 12:10:19.992009,15.701553
1434,random,auto,random,0.125,0.9891668172659909,COMPLETE,2025-03-29 12:10:20.014003,2025-03-29 12:10:36.960750,16.946747
1435,copulagan,2,instancehardness,0,0.9848186793619221,COMPLETE,2025-03-29 12:10:36.982702,2025-03-29 12:10:53.815267,16.832565
1436,smote,auto,random,0,0.991343141164981,COMPLETE,2025-03-29 12:10:53.837047,2025-03-29 12:11:10.945586,17.108539
1437,copulagan,2,editednn,0,0.9848186793619221,COMPLETE,2025-03-29 12:11:10.967502,2025-03-29 12:11:28.086750,17.119248
1438,copulagan,auto,clustercentroid,0.5,0.9739098244963075,COMPLETE,2025-03-29 12:11:28.108666,2025-03-29 12:11:52.048080,23.939414
1439,tvae,0.5,onesidedselection,0.125,0.9805080849157983,COMPLETE,2025-03-29 12:11:52.060902,2025-03-29 12:12:07.977534,15.916632
1440,tvae,1,editednn,auto,0.9827173545952453,COMPLETE,2025-03-29 12:12:07.999418,2025-03-29 12:12:24.565011,16.565593
1441,tvae,0,onesidedselection,0.5,0.9783357579867517,COMPLETE,2025-03-29 12:12:24.586778,2025-03-29 12:12:37.757585,13.170807
1442,smote,1,nearmiss,0.5,0.9869494027026645,COMPLETE,2025-03-29 12:12:37.779806,2025-03-29 12:12:51.656904,13.877098
1443,random,1,instancehardness,0.125,0.9891907860322813,COMPLETE,2025-03-29 12:12:51.678799,2025-03-29 12:13:06.164444,14.485645
1444,random,2,clustercentroid,auto,0.9913285367830823,COMPLETE,2025-03-29 12:13:06.186793,2025-03-29 12:13:28.519318,22.332525
1445,random,0,random,0,-1.0,ERROR,,,0.0
1446,ctgan,0,editednn,0.25,0.9784313187068703,COMPLETE,2025-03-29 12:13:43.408764,2025-03-29 12:13:58.068797,14.660033
1447,ctgan,2,clustercentroid,0,0.9782971627011856,COMPLETE,2025-03-29 12:13:58.090615,2025-03-29 12:14:15.237568,17.146953
1448,tvae,0,onesidedselection,0,-1.0,ERROR,,,0.0
1449,gaussiancopula,2,nearmiss,0.25,0.9806037080590027,COMPLETE,2025-03-29 12:14:30.030050,2025-03-29 12:14:47.791602,17.761552
1450,fastml,0,condensednn,0.0625,0.6203396548154443,COMPLETE,2025-03-29 12:14:47.813630,2025-03-29 12:14:59.509975,11.696345
1451,gaussiancopula,0.25,tomeklinks,0.0625,0.9848535303080758,COMPLETE,2025-03-29 12:14:59.531701,2025-03-29 12:15:16.884064,17.352363
1452,copulagan,0.5,editednn,0.125,0.9783033686864364,COMPLETE,2025-03-29 12:15:16.906096,2025-03-29 12:15:34.672878,17.766782
1453,ctgan,2,clustercentroid,0.5,0.9782569445361456,COMPLETE,2025-03-29 12:15:34.694967,2025-03-29 12:15:57.974574,23.279607
1454,smote,0.5,onesidedselection,0.25,0.9804990292603718,COMPLETE,2025-03-29 12:15:57.997498,2025-03-29 12:16:11.063598,13.0661
1455,ctgan,auto,nearmiss,0,0.9782971627011856,COMPLETE,2025-03-29 12:16:11.085977,2025-03-29 12:16:28.381067,17.29509
1456,adasyn,0.25,random,0,-1.0,COMPLETE,2025-03-29 12:16:28.402353,2025-03-29 12:16:28.480738,0.078385
1457,ctgan,0.5,editednn,auto,0.9805539716227228,COMPLETE,2025-03-29 12:16:28.492902,2025-03-29 12:16:44.456139,15.963237
1458,gaussiancopula,0.5,onesidedselection,0.0625,0.9783653319196244,COMPLETE,2025-03-29 12:16:44.469857,2025-03-29 12:16:59.527251,15.057394
1459,copulagan,0,onesidedselection,0,-1.0,ERROR,,,0.0
1460,tvae,0,nearmiss,0.125,0.9892179705155923,COMPLETE,2025-03-29 12:17:14.335884,2025-03-29 12:17:30.124223,15.788339
1461,tvae,auto,clustercentroid,0.25,0.9935064935064936,COMPLETE,2025-03-29 12:17:30.146429,2025-03-29 12:17:51.845609,21.69918
1462,ctgan,auto,nearmiss,0.125,0.9891604499066595,COMPLETE,2025-03-29 12:17:51.869245,2025-03-29 12:18:10.376592,18.507347
1463,ctgan,0,condensednn,0.5,0.6203396548154443,COMPLETE,2025-03-29 12:18:10.398391,2025-03-29 12:18:22.071133,11.672742
1464,tvae,auto,condensednn,0.0625,0.5908175895849778,COMPLETE,2025-03-29 12:18:22.092528,2025-03-29 12:18:33.465902,11.373374
1465,gaussiancopula,0.25,editednn,0.0625,0.9805140860350166,COMPLETE,2025-03-29 12:18:33.487623,2025-03-29 12:18:48.865660,15.378037
1466,gaussiancopula,2,random,0.125,0.98916403461858,COMPLETE,2025-03-29 12:18:48.878265,2025-03-29 12:19:05.110376,16.232111
1467,fastml,0,clustercentroid,0.125,0.9891626891626891,COMPLETE,2025-03-29 12:19:05.133312,2025-03-29 12:19:26.711057,21.577745
1468,fastml,2,random,auto,0.991343141164981,COMPLETE,2025-03-29 12:19:26.732996,2025-03-29 12:19:42.760278,16.027282
1469,gaussiancopula,auto,condensednn,0.125,0.7541065445177416,COMPLETE,2025-03-29 12:19:42.781877,2025-03-29 12:19:55.341476,12.559599
1470,adasyn,0,nearmiss,0,-1.0,ERROR,,,0.0
1471,tvae,2,random,0.25,0.987038663735101,COMPLETE,2025-03-29 12:20:10.103861,2025-03-29 12:20:25.193973,15.090112
1472,smote,0.25,editednn,0.125,0.9848822012062426,COMPLETE,2025-03-29 12:20:25.215803,2025-03-29 12:20:39.884482,14.668679
1473,random,2,clustercentroid,0.125,0.9913285367830823,COMPLETE,2025-03-29 12:20:39.906157,2025-03-29 12:21:01.749419,21.843262
1474,ctgan,auto,instancehardness,0.0625,0.9892084292555944,COMPLETE,2025-03-29 12:21:01.771547,2025-03-29 12:21:21.655255,19.883708
1475,copulagan,1,tomeklinks,0.0625,0.9826197196288691,COMPLETE,2025-03-29 12:21:21.677653,2025-03-29 12:21:40.986173,19.30852
1476,smote,auto,condensednn,0.5,0.613993656688675,COMPLETE,2025-03-29 12:21:41.008501,2025-03-29 12:21:52.544033,11.535532
1477,smote,0,nearmiss,0.5,0.9892179705155923,COMPLETE,2025-03-29 12:21:52.566053,2025-03-29 12:22:08.501619,15.935566
1478,gaussiancopula,0,tomeklinks,0.125,0.984768810218344,COMPLETE,2025-03-29 12:22:08.524110,2025-03-29 12:22:24.052129,15.528019
1479,random,1,tomeklinks,0,0.98916403461858,COMPLETE,2025-03-29 12:22:24.073989,2025-03-29 12:22:40.008574,15.934585
1480,copulagan,2,clustercentroid,0,0.9848186793619221,COMPLETE,2025-03-29 12:22:40.031066,2025-03-29 12:22:57.031548,17.000482
1481,fastml,auto,random,0.5,0.991343141164981,COMPLETE,2025-03-29 12:22:57.053670,2025-03-29 12:23:13.424357,16.370687
1482,adasyn,0.5,nearmiss,0.25,-1.0,COMPLETE,2025-03-29 12:23:13.446069,2025-03-29 12:23:13.527686,0.081617
1483,copulagan,0.25,clustercentroid,auto,0.9739098244963075,COMPLETE,2025-03-29 12:23:13.553297,2025-03-29 12:23:37.556583,24.003286
1484,ctgan,auto,instancehardness,0.25,0.9892084292555944,COMPLETE,2025-03-29 12:23:37.570177,2025-03-29 12:23:56.434246,18.864069
1485,copulagan,auto,nearmiss,0.125,0.9848362611804578,COMPLETE,2025-03-29 12:23:56.457375,2025-03-29 12:24:12.106563,15.649188
1486,smote,0.5,condensednn,0.25,0.613993656688675,COMPLETE,2025-03-29 12:24:12.127909,2025-03-29 12:24:23.661426,11.533517
1487,gaussiancopula,0,clustercentroid,0.5,0.9891626891626891,COMPLETE,2025-03-29 12:24:23.682994,2025-03-29 12:24:45.425423,21.742429
1488,ctgan,1,editednn,auto,0.9805539716227228,COMPLETE,2025-03-29 12:24:45.438922,2025-03-29 12:25:01.595031,16.156109
1489,adasyn,1,editednn,0.0625,-1.0,COMPLETE,2025-03-29 12:25:01.616718,2025-03-29 12:25:01.699431,0.082713
1490,adasyn,0,nearmiss,0.0625,0.9892179705155923,COMPLETE,2025-03-29 12:25:01.715515,2025-03-29 12:25:17.780217,16.064702
1491,smote,2,editednn,0,0.991343141164981,COMPLETE,2025-03-29 12:25:17.803131,2025-03-29 12:25:34.664024,16.860893
1492,ctgan,2,condensednn,0.0625,0.6282040340090724,COMPLETE,2025-03-29 12:25:34.686829,2025-03-29 12:25:48.002818,13.315989
1493,smote,auto,random,0.125,0.9891935575896289,COMPLETE,2025-03-29 12:25:48.025896,2025-03-29 12:26:02.813645,14.787749
1494,gaussiancopula,0.5,nearmiss,0.125,0.9806037080590027,COMPLETE,2025-03-29 12:26:02.836869,2025-03-29 12:26:20.859862,18.022993
1495,gaussiancopula,2,onesidedselection,0,0.9913421468043316,COMPLETE,2025-03-29 12:26:20.881899,2025-03-29 12:26:35.940526,15.058627
1496,random,0.5,clustercentroid,0.5,0.9913285367830823,COMPLETE,2025-03-29 12:26:35.962845,2025-03-29 12:26:58.174304,22.211459
1497,smote,0,condensednn,0,-1.0,ERROR,,,0.0
1498,adasyn,0,tomeklinks,0,-1.0,ERROR,,,0.0
1499,random,0.5,onesidedselection,0.0625,0.9783747611716287,COMPLETE,2025-03-29 12:27:27.859324,2025-03-29 12:27:41.086967,13.227643
1500,fastml,0,editednn,0.25,0.9784313187068703,COMPLETE,2025-03-29 12:27:41.109019,2025-03-29 12:27:55.742738,14.633719
1501,smote,2,random,0,0.991343141164981,COMPLETE,2025-03-29 12:27:55.765654,2025-03-29 12:28:12.812541,17.046887
1502,tvae,2,editednn,0.0625,0.9827173545952453,COMPLETE,2025-03-29 12:28:12.829715,2025-03-29 12:28:29.211956,16.382241
1503,gaussiancopula,1,random,0.25,0.98916403461858,COMPLETE,2025-03-29 12:28:29.233864,2025-03-29 12:28:45.522235,16.288371
1504,ctgan,0.5,editednn,0,0.9782971627011856,COMPLETE,2025-03-29 12:28:45.544451,2025-03-29 12:29:02.918285,17.373834
1505,adasyn,auto,onesidedselection,auto,-1.0,COMPLETE,2025-03-29 12:29:02.940370,2025-03-29 12:29:03.022421,0.082051
1506,gaussiancopula,0,onesidedselection,auto,0.9783357579867517,COMPLETE,2025-03-29 12:29:03.048228,2025-03-29 12:29:16.437204,13.388976
1507,fastml,0.25,editednn,0.25,0.971725977129174,COMPLETE,2025-03-29 12:29:16.459378,2025-03-29 12:29:32.281104,15.821726
1508,tvae,0.5,tomeklinks,0.25,0.9805245259790715,COMPLETE,2025-03-29 12:29:32.303150,2025-03-29 12:29:50.237652,17.934502
1509,fastml,0.25,tomeklinks,auto,0.9827175859688069,COMPLETE,2025-03-29 12:29:50.260769,2025-03-29 12:30:05.979858,15.719089
1510,smote,0.5,instancehardness,0,0.991343141164981,COMPLETE,2025-03-29 12:30:06.003003,2025-03-29 12:30:22.977351,16.974348
1511,smote,1,onesidedselection,0.25,0.9804990292603718,COMPLETE,2025-03-29 12:30:22.999691,2025-03-29 12:30:36.017978,13.018287
1512,fastml,1,editednn,0.125,0.971725977129174,COMPLETE,2025-03-29 12:30:36.039821,2025-03-29 12:30:51.639532,15.599711
1513,random,0.5,tomeklinks,auto,0.9848926054293577,COMPLETE,2025-03-29 12:30:51.665855,2025-03-29 12:31:07.428679,15.762824
1514,adasyn,1,instancehardness,0.125,-1.0,COMPLETE,2025-03-29 12:31:07.450452,2025-03-29 12:31:07.532924,0.082472
1515,random,0,onesidedselection,0.5,0.9783357579867517,COMPLETE,2025-03-29 12:31:07.559279,2025-03-29 12:31:21.023727,13.464448
1516,tvae,2,tomeklinks,0,0.9869457197202036,COMPLETE,2025-03-29 12:31:21.046815,2025-03-29 12:31:37.361335,16.31452
1517,gaussiancopula,0,instancehardness,0.0625,0.9763580747443754,COMPLETE,2025-03-29 12:31:37.383272,2025-03-29 12:31:53.272590,15.889318
1518,tvae,0.25,tomeklinks,0.125,0.9805245259790715,COMPLETE,2025-03-29 12:31:53.295386,2025-03-29 12:32:11.160752,17.865366
1519,smote,0.5,condensednn,0.0625,0.613993656688675,COMPLETE,2025-03-29 12:32:11.183247,2025-03-29 12:32:22.792427,11.60918
1520,fastml,2,clustercentroid,auto,0.9848321084847547,COMPLETE,2025-03-29 12:32:22.814193,2025-03-29 12:32:46.289665,23.475472
1521,fastml,0.5,onesidedselection,0,0.9847832082520709,COMPLETE,2025-03-29 12:32:46.313088,2025-03-29 12:33:01.826908,15.51382
1522,adasyn,2,condensednn,0.125,-1.0,COMPLETE,2025-03-29 12:33:01.848704,2025-03-29 12:33:01.934155,0.085451
1523,adasyn,2,tomeklinks,0.5,-1.0,COMPLETE,2025-03-29 12:33:01.955745,2025-03-29 12:33:02.037330,0.081585
1524,ctgan,0.5,condensednn,auto,0.6282040340090724,COMPLETE,2025-03-29 12:33:02.062630,2025-03-29 12:33:15.242398,13.179768
1525,gaussiancopula,0,editednn,auto,0.9784313187068703,COMPLETE,2025-03-29 12:33:15.264363,2025-03-29 12:33:30.025302,14.760939
1526,gaussiancopula,2,random,0.25,0.98916403461858,COMPLETE,2025-03-29 12:33:30.047364,2025-03-29 12:33:46.539183,16.491819
1527,copulagan,0,editednn,0.125,0.9784313187068703,COMPLETE,2025-03-29 12:33:46.561090,2025-03-29 12:34:01.327544,14.766454
1528,random,0.25,clustercentroid,0.125,0.9913285367830823,COMPLETE,2025-03-29 12:34:01.341469,2025-03-29 12:34:23.717585,22.376116
1529,copulagan,0.25,tomeklinks,0.0625,0.9826197196288691,COMPLETE,2025-03-29 12:34:23.732550,2025-03-29 12:34:43.153809,19.421259
1530,ctgan,2,nearmiss,0.125,0.9891604499066595,COMPLETE,2025-03-29 12:34:43.176231,2025-03-29 12:35:02.113783,18.937552
1531,random,1,clustercentroid,0.0625,0.9913285367830823,COMPLETE,2025-03-29 12:35:02.136151,2025-03-29 12:35:24.163984,22.027833
1532,ctgan,0.25,tomeklinks,0.0625,0.982663952192812,COMPLETE,2025-03-29 12:35:24.187006,2025-03-29 12:35:43.784092,19.597086
1533,fastml,0.25,clustercentroid,auto,0.9848321084847547,COMPLETE,2025-03-29 12:35:43.806580,2025-03-29 12:36:07.468476,23.661896
1534,smote,1,clustercentroid,0.125,0.9935066489688338,COMPLETE,2025-03-29 12:36:07.490723,2025-03-29 12:36:29.910599,22.419876
1535,adasyn,1,clustercentroid,auto,-1.0,COMPLETE,2025-03-29 12:36:29.932700,2025-03-29 12:36:30.015128,0.082428
1536,tvae,1,instancehardness,0.25,0.9826641023852425,COMPLETE,2025-03-29 12:36:30.036290,2025-03-29 12:36:47.059005,17.022715
1537,fastml,0,instancehardness,0.125,0.9763580747443754,COMPLETE,2025-03-29 12:36:47.080628,2025-03-29 12:37:02.809738,15.72911
1538,fastml,1,nearmiss,0,0.9847832082520709,COMPLETE,2025-03-29 12:37:02.832226,2025-03-29 12:37:18.049629,15.217403
1539,fastml,auto,condensednn,0.125,0.6002126634042212,COMPLETE,2025-03-29 12:37:18.067312,2025-03-29 12:37:31.041058,12.973746
1540,tvae,0,editednn,0.25,0.9784313187068703,COMPLETE,2025-03-29 12:37:31.063203,2025-03-29 12:37:45.981013,14.91781
1541,fastml,0.25,condensednn,0.0625,0.6002126634042212,COMPLETE,2025-03-29 12:37:46.003273,2025-03-29 12:37:58.907679,12.904406
1542,tvae,2,random,0.0625,0.987038663735101,COMPLETE,2025-03-29 12:37:58.929839,2025-03-29 12:38:14.453459,15.52362
1543,gaussiancopula,auto,nearmiss,0,0.9913421468043316,COMPLETE,2025-03-29 12:38:14.475304,2025-03-29 12:38:29.610361,15.135057
1544,smote,2,editednn,0.25,0.9848822012062426,COMPLETE,2025-03-29 12:38:29.632274,2025-03-29 12:38:44.572739,14.940465
1545,smote,2,random,0.125,0.9891935575896289,COMPLETE,2025-03-29 12:38:44.594757,2025-03-29 12:38:59.766190,15.171433
1546,gaussiancopula,0,nearmiss,auto,0.9892179705155923,COMPLETE,2025-03-29 12:38:59.788169,2025-03-29 12:39:15.814821,16.026652
1547,ctgan,auto,random,0.125,0.9891823765397848,COMPLETE,2025-03-29 12:39:15.836891,2025-03-29 12:39:33.366611,17.52972
1548,tvae,0,tomeklinks,0.125,0.984768810218344,COMPLETE,2025-03-29 12:39:33.389069,2025-03-29 12:39:49.362988,15.973919
1549,copulagan,1,tomeklinks,0.25,0.9826197196288691,COMPLETE,2025-03-29 12:39:49.385156,2025-03-29 12:40:09.051053,19.665897
1550,smote,1,condensednn,0.125,0.613993656688675,COMPLETE,2025-03-29 12:40:09.074568,2025-03-29 12:40:20.607203,11.532635
1551,random,0,nearmiss,0.125,0.9892179705155923,COMPLETE,2025-03-29 12:40:20.630265,2025-03-29 12:40:36.935772,16.305507
1552,fastml,0.5,tomeklinks,0.0625,0.9827175859688069,COMPLETE,2025-03-29 12:40:36.958010,2025-03-29 12:40:52.905428,15.947418
1553,tvae,0.5,tomeklinks,0.0625,0.9805245259790715,COMPLETE,2025-03-29 12:40:52.927070,2025-03-29 12:41:11.284280,18.35721
1554,fastml,0.25,onesidedselection,0.125,0.9848589721253914,COMPLETE,2025-03-29 12:41:11.307565,2025-03-29 12:41:27.098723,15.791158
1555,smote,0.25,editednn,0.0625,0.9848822012062426,COMPLETE,2025-03-29 12:41:27.120291,2025-03-29 12:41:42.495884,15.375593
1556,tvae,1,condensednn,0.25,0.5908175895849778,COMPLETE,2025-03-29 12:41:42.517376,2025-03-29 12:41:54.125569,11.608193
1557,tvae,0,condensednn,0.0625,0.6203396548154443,COMPLETE,2025-03-29 12:41:54.138278,2025-03-29 12:42:06.114567,11.976289
1558,random,auto,tomeklinks,0.125,0.9848926054293577,COMPLETE,2025-03-29 12:42:06.142630,2025-03-29 12:42:21.869484,15.726854
1559,random,0.25,tomeklinks,0.5,0.9848926054293577,COMPLETE,2025-03-29 12:42:21.891543,2025-03-29 12:42:37.970028,16.078485
1560,smote,2,nearmiss,0.5,0.9869494027026645,COMPLETE,2025-03-29 12:42:37.993534,2025-03-29 12:42:52.035050,14.041516
1561,fastml,0.5,editednn,0.5,0.971725977129174,COMPLETE,2025-03-29 12:42:52.057126,2025-03-29 12:43:07.934394,15.877268
1562,copulagan,2,tomeklinks,0.25,0.9826197196288691,COMPLETE,2025-03-29 12:43:07.948371,2025-03-29 12:43:27.512984,19.564613
1563,fastml,2,random,0.5,0.991343141164981,COMPLETE,2025-03-29 12:43:27.536944,2025-03-29 12:43:44.005583,16.468639
1564,copulagan,0.5,condensednn,0,0.9848186793619221,COMPLETE,2025-03-29 12:43:44.027527,2025-03-29 12:44:01.322785,17.295258
1565,copulagan,2,nearmiss,0.125,0.9848362611804578,COMPLETE,2025-03-29 12:44:01.344867,2025-03-29 12:44:17.011757,15.66689
1566,random,2,nearmiss,0,0.98916403461858,COMPLETE,2025-03-29 12:44:17.034468,2025-03-29 12:44:33.170158,16.13569
1567,ctgan,0.5,instancehardness,0.0625,0.9892084292555944,COMPLETE,2025-03-29 12:44:33.192446,2025-03-29 12:44:53.215547,20.023101
1568,random,0.5,clustercentroid,0.0625,0.9913285367830823,COMPLETE,2025-03-29 12:44:53.238654,2025-03-29 12:45:15.740979,22.502325
1569,fastml,0.5,nearmiss,0.25,0.9848225341252012,COMPLETE,2025-03-29 12:45:15.763223,2025-03-29 12:45:31.097877,15.334654
1570,adasyn,2,tomeklinks,0.25,-1.0,COMPLETE,2025-03-29 12:45:31.120402,2025-03-29 12:45:31.209820,0.089418
1571,gaussiancopula,2,editednn,0.5,0.9805140860350166,COMPLETE,2025-03-29 12:45:31.231688,2025-03-29 12:45:47.108230,15.876542
1572,ctgan,0,clustercentroid,0.125,0.9891626891626891,COMPLETE,2025-03-29 12:45:47.130152,2025-03-29 12:46:08.999943,21.869791
1573,adasyn,2,clustercentroid,0.125,-1.0,COMPLETE,2025-03-29 12:46:09.014319,2025-03-29 12:46:09.098614,0.084295
1574,ctgan,0.25,onesidedselection,0.25,0.9782982230708627,COMPLETE,2025-03-29 12:46:09.120061,2025-03-29 12:46:25.734880,16.614819
1575,smote,0,editednn,0.0625,0.9784313187068703,COMPLETE,2025-03-29 12:46:25.756917,2025-03-29 12:46:41.161894,15.404977
1576,adasyn,0.5,random,0.25,-1.0,COMPLETE,2025-03-29 12:46:41.184174,2025-03-29 12:46:41.270485,0.086311
1577,tvae,0,condensednn,0.5,0.6203396548154443,COMPLETE,2025-03-29 12:46:41.291718,2025-03-29 12:46:53.399963,12.108245
1578,copulagan,0.5,condensednn,0.125,0.5906562194317295,COMPLETE,2025-03-29 12:46:53.423232,2025-03-29 12:47:07.100295,13.677063
1579,copulagan,0.25,editednn,auto,0.9783033686864364,COMPLETE,2025-03-29 12:47:07.122359,2025-03-29 12:47:25.248015,18.125656
1580,adasyn,0.5,condensednn,0.0625,-1.0,COMPLETE,2025-03-29 12:47:25.271071,2025-03-29 12:47:25.354514,0.083443
1581,gaussiancopula,2,condensednn,0.5,0.7541065445177416,COMPLETE,2025-03-29 12:47:25.366151,2025-03-29 12:47:38.515870,13.149719
1582,adasyn,1,nearmiss,auto,-1.0,COMPLETE,2025-03-29 12:47:38.538451,2025-03-29 12:47:38.622825,0.084374
1583,copulagan,0,tomeklinks,0.5,0.984768810218344,COMPLETE,2025-03-29 12:47:38.644733,2025-03-29 12:47:54.439694,15.794961
1584,random,0.5,tomeklinks,0,0.98916403461858,COMPLETE,2025-03-29 12:47:54.461825,2025-03-29 12:48:11.163714,16.701889
1585,random,1,clustercentroid,0.125,0.9913285367830823,COMPLETE,2025-03-29 12:48:11.186537,2025-03-29 12:48:33.849244,22.662707
1586,copulagan,0.25,clustercentroid,0,0.9848186793619221,COMPLETE,2025-03-29 12:48:33.871343,2025-03-29 12:48:51.399882,17.528539
1587,smote,1,editednn,0.125,0.9848822012062426,COMPLETE,2025-03-29 12:48:51.421835,2025-03-29 12:49:06.832663,15.410828
1588,fastml,auto,onesidedselection,0.125,0.9848589721253914,COMPLETE,2025-03-29 12:49:06.854696,2025-03-29 12:49:23.363319,16.508623
1589,tvae,auto,tomeklinks,auto,0.9805245259790715,COMPLETE,2025-03-29 12:49:23.377819,2025-03-29 12:49:41.984824,18.607005
1590,adasyn,1,condensednn,0.125,-1.0,COMPLETE,2025-03-29 12:49:42.007025,2025-03-29 12:49:42.091409,0.084384
1591,tvae,2,editednn,0.25,0.9827173545952453,COMPLETE,2025-03-29 12:49:42.112781,2025-03-29 12:49:58.955814,16.843033
1592,adasyn,0.5,onesidedselection,0.125,-1.0,COMPLETE,2025-03-29 12:49:58.977955,2025-03-29 12:49:59.062767,0.084812
1593,ctgan,2,random,auto,0.9891823765397848,COMPLETE,2025-03-29 12:49:59.084386,2025-03-29 12:50:16.503305,17.418919
1594,fastml,0,editednn,auto,0.9784313187068703,COMPLETE,2025-03-29 12:50:16.525107,2025-03-29 12:50:31.432162,14.907055
1595,adasyn,0.25,random,0.5,-1.0,COMPLETE,2025-03-29 12:50:31.454270,2025-03-29 12:50:31.540078,0.085808
1596,gaussiancopula,2,onesidedselection,0.5,0.9783653319196244,COMPLETE,2025-03-29 12:50:31.562393,2025-03-29 12:50:46.851199,15.288806
1597,gaussiancopula,0.5,nearmiss,auto,0.9806037080590027,COMPLETE,2025-03-29 12:50:46.873334,2025-03-29 12:51:06.766859,19.893525
1598,smote,0,tomeklinks,0.5,0.984768810218344,COMPLETE,2025-03-29 12:51:06.790490,2025-03-29 12:51:22.724747,15.934257
1599,smote,0.25,editednn,0,0.991343141164981,COMPLETE,2025-03-29 12:51:22.746937,2025-03-29 12:51:41.480098,18.733161
1600,ctgan,0,onesidedselection,auto,0.9783357579867517,COMPLETE,2025-03-29 12:51:41.504705,2025-03-29 12:51:56.384926,14.880221
1601,fastml,0.5,clustercentroid,0.125,0.9848321084847547,COMPLETE,2025-03-29 12:51:56.409472,2025-03-29 12:52:22.451592,26.04212
1602,gaussiancopula,1,instancehardness,0.0625,0.9848435926094576,COMPLETE,2025-03-29 12:52:22.475760,2025-03-29 12:52:40.823882,18.348122
1603,copulagan,1,condensednn,0.5,0.5906562194317295,COMPLETE,2025-03-29 12:52:40.848362,2025-03-29 12:52:55.293259,14.444897
1604,copulagan,1,nearmiss,0.5,0.9848362611804578,COMPLETE,2025-03-29 12:52:55.316858,2025-03-29 12:53:11.798214,16.481356
1605,fastml,1,condensednn,0.25,0.6002126634042212,COMPLETE,2025-03-29 12:53:11.822098,2025-03-29 12:53:25.518580,13.696482
1606,random,auto,editednn,0.25,0.9849285252035781,COMPLETE,2025-03-29 12:53:25.542205,2025-03-29 12:53:43.460336,17.918131
1607,tvae,0.25,instancehardness,0.125,0.9826641023852425,COMPLETE,2025-03-29 12:53:43.482738,2025-03-29 12:54:02.020465,18.537727
1608,random,1,editednn,0.0625,0.9849285252035781,COMPLETE,2025-03-29 12:54:02.034615,2025-03-29 12:54:21.816380,19.781765
1609,adasyn,0,editednn,0.5,0.9784313187068703,COMPLETE,2025-03-29 12:54:21.841168,2025-03-29 12:54:38.827572,16.986404
1610,smote,auto,instancehardness,0.125,0.9870488319531496,COMPLETE,2025-03-29 12:54:38.840753,2025-03-29 12:54:56.764276,17.923523
1611,copulagan,2,condensednn,0.5,0.5906562194317295,COMPLETE,2025-03-29 12:54:56.782401,2025-03-29 12:55:10.596476,13.814075
1612,ctgan,1,onesidedselection,auto,0.9782982230708627,COMPLETE,2025-03-29 12:55:10.619799,2025-03-29 12:55:28.515704,17.895905
1613,gaussiancopula,1,clustercentroid,0.5,0.9870058877332495,COMPLETE,2025-03-29 12:55:28.538081,2025-03-29 12:55:53.360778,24.822697
1614,copulagan,0,nearmiss,0.125,0.9892179705155923,COMPLETE,2025-03-29 12:55:53.384522,2025-03-29 12:56:10.511582,17.12706
1615,gaussiancopula,0.5,onesidedselection,0.5,0.9783653319196244,COMPLETE,2025-03-29 12:56:10.534422,2025-03-29 12:56:28.256817,17.722395
1616,tvae,1,tomeklinks,0,0.9869457197202036,COMPLETE,2025-03-29 12:56:28.273789,2025-03-29 12:56:49.117596,20.843807
1617,tvae,0.25,instancehardness,0,0.9869457197202036,COMPLETE,2025-03-29 12:56:49.141082,2025-03-29 12:57:07.665340,18.524258
1618,tvae,auto,clustercentroid,auto,0.9935064935064936,COMPLETE,2025-03-29 12:57:07.688378,2025-03-29 12:57:32.713960,25.025582
1619,ctgan,0,random,0.0625,0.993502999650116,COMPLETE,2025-03-29 12:57:32.737884,2025-03-29 12:57:50.212784,17.4749
1620,gaussiancopula,0.5,editednn,0.25,0.9805140860350166,COMPLETE,2025-03-29 12:57:50.235750,2025-03-29 12:58:06.594540,16.35879
1621,smote,auto,editednn,0.25,0.9848822012062426,COMPLETE,2025-03-29 12:58:06.617881,2025-03-29 12:58:22.715042,16.097161
1622,ctgan,1,nearmiss,auto,0.9891604499066595,COMPLETE,2025-03-29 12:58:22.738087,2025-03-29 12:58:43.745115,21.007028
1623,copulagan,0,instancehardness,0.5,0.9763580747443754,COMPLETE,2025-03-29 12:58:43.763751,2025-03-29 12:59:00.897079,17.133328
1624,adasyn,0.25,editednn,0,-1.0,COMPLETE,2025-03-29 12:59:00.921002,2025-03-29 12:59:01.014804,0.093802
1625,ctgan,1,editednn,0.0625,0.9805539716227228,COMPLETE,2025-03-29 12:59:01.037969,2025-03-29 12:59:19.742904,18.704935
1626,tvae,auto,clustercentroid,0,0.9869457197202036,COMPLETE,2025-03-29 12:59:19.766341,2025-03-29 12:59:37.849638,18.083297
1627,fastml,1,nearmiss,0.125,0.9848225341252012,COMPLETE,2025-03-29 12:59:37.871782,2025-03-29 12:59:54.689165,16.817383
1628,adasyn,2,editednn,0,-1.0,COMPLETE,2025-03-29 12:59:54.712579,2025-03-29 12:59:54.806386,0.093807
1629,smote,1,random,0,0.991343141164981,COMPLETE,2025-03-29 12:59:54.830505,2025-03-29 13:00:13.723840,18.893335
1630,adasyn,0.5,tomeklinks,auto,-1.0,COMPLETE,2025-03-29 13:00:13.746631,2025-03-29 13:00:13.838001,0.09137
1631,tvae,0.5,onesidedselection,0.25,0.9805080849157983,COMPLETE,2025-03-29 13:00:13.860859,2025-03-29 13:00:31.273969,17.41311
1632,smote,auto,instancehardness,0,0.991343141164981,COMPLETE,2025-03-29 13:00:31.296934,2025-03-29 13:00:50.066408,18.769474
1633,copulagan,0.5,tomeklinks,0.125,0.9826197196288691,COMPLETE,2025-03-29 13:00:50.082670,2025-03-29 13:01:12.276596,22.193926
1634,gaussiancopula,0.25,clustercentroid,0.125,0.9870058877332495,COMPLETE,2025-03-29 13:01:12.299624,2025-03-29 13:01:38.483837,26.184213
1635,smote,0,onesidedselection,0,-1.0,ERROR,,,0.0
1636,smote,1,tomeklinks,0,0.991343141164981,COMPLETE,2025-03-29 13:01:55.521790,2025-03-29 13:02:15.089742,19.567952
1637,smote,2,random,auto,0.9891935575896289,COMPLETE,2025-03-29 13:02:15.113210,2025-03-29 13:02:32.152075,17.038865
1638,random,0.25,condensednn,0.125,0.6002264619994727,COMPLETE,2025-03-29 13:02:32.174552,2025-03-29 13:02:45.868345,13.693793
1639,ctgan,auto,random,0.5,0.9891823765397848,COMPLETE,2025-03-29 13:02:45.882457,2025-03-29 13:03:05.869861,19.987404
1640,gaussiancopula,auto,onesidedselection,auto,0.9783653319196244,COMPLETE,2025-03-29 13:03:05.885326,2025-03-29 13:03:22.604386,16.71906
1641,smote,auto,tomeklinks,0.125,0.9805547907596056,COMPLETE,2025-03-29 13:03:22.629423,2025-03-29 13:03:39.504366,16.874943
1642,random,0.5,tomeklinks,0.25,0.9848926054293577,COMPLETE,2025-03-29 13:03:39.526782,2025-03-29 13:03:55.870595,16.343813
1643,random,1,tomeklinks,0.0625,0.9848926054293577,COMPLETE,2025-03-29 13:03:55.893136,2025-03-29 13:04:12.155050,16.261914
1644,smote,0.5,editednn,0.25,0.9848822012062426,COMPLETE,2025-03-29 13:04:12.178135,2025-03-29 13:04:27.632028,15.453893
1645,random,0.25,condensednn,0.5,0.6002264619994727,COMPLETE,2025-03-29 13:04:27.655568,2025-03-29 13:04:40.304510,12.648942
1646,fastml,auto,onesidedselection,0.5,0.9848589721253914,COMPLETE,2025-03-29 13:04:40.326923,2025-03-29 13:04:56.891367,16.564444
1647,copulagan,0.5,clustercentroid,0.5,0.9739098244963075,COMPLETE,2025-03-29 13:04:56.914657,2025-03-29 13:05:21.888544,24.973887
1648,adasyn,0.25,onesidedselection,auto,-1.0,COMPLETE,2025-03-29 13:05:21.911239,2025-03-29 13:05:21.999300,0.088061
1649,adasyn,2,instancehardness,auto,-1.0,COMPLETE,2025-03-29 13:05:22.022598,2025-03-29 13:05:22.112604,0.090006
1650,gaussiancopula,0.5,random,0.125,0.98916403461858,COMPLETE,2025-03-29 13:05:22.135516,2025-03-29 13:05:39.071234,16.935718
1651,smote,0.5,condensednn,0,0.991343141164981,COMPLETE,2025-03-29 13:05:39.094180,2025-03-29 13:05:57.350829,18.256649
1652,fastml,auto,instancehardness,0.25,0.9848239453080575,COMPLETE,2025-03-29 13:05:57.374457,2025-03-29 13:06:15.244974,17.870517
1653,ctgan,1,onesidedselection,0.5,0.9782982230708627,COMPLETE,2025-03-29 13:06:15.267587,2025-03-29 13:06:31.577865,16.310278
1654,gaussiancopula,0,nearmiss,0,-1.0,ERROR,,,0.0
1655,copulagan,0,tomeklinks,auto,0.984768810218344,COMPLETE,2025-03-29 13:06:48.971669,2025-03-29 13:07:04.931785,15.960116
1656,gaussiancopula,0.5,tomeklinks,0,0.9913421468043316,COMPLETE,2025-03-29 13:07:04.955070,2025-03-29 13:07:20.263741,15.308671
1657,tvae,0.5,clustercentroid,auto,0.9935064935064936,COMPLETE,2025-03-29 13:07:20.285892,2025-03-29 13:07:42.437233,22.151341
1658,ctgan,auto,tomeklinks,0,0.9782971627011856,COMPLETE,2025-03-29 13:07:42.459624,2025-03-29 13:08:00.173679,17.714055
1659,smote,2,onesidedselection,0.0625,0.9804990292603718,COMPLETE,2025-03-29 13:08:00.195816,2025-03-29 13:08:13.398894,13.203078
1660,gaussiancopula,0.5,instancehardness,0.0625,0.9848435926094576,COMPLETE,2025-03-29 13:08:13.421483,2025-03-29 13:08:29.626996,16.205513
1661,tvae,0.25,clustercentroid,0,0.9869457197202036,COMPLETE,2025-03-29 13:08:29.649266,2025-03-29 13:08:45.959509,16.310243
1662,tvae,0.5,clustercentroid,0.125,0.9935064935064936,COMPLETE,2025-03-29 13:08:45.981985,2025-03-29 13:09:08.225121,22.243136
1663,ctgan,0.5,onesidedselection,0,0.9782971627011856,COMPLETE,2025-03-29 13:09:08.247864,2025-03-29 13:09:25.826241,17.578377
1664,copulagan,auto,condensednn,0.125,0.5906562194317295,COMPLETE,2025-03-29 13:09:25.848542,2025-03-29 13:09:39.507043,13.658501
1665,adasyn,0.5,tomeklinks,0.125,-1.0,COMPLETE,2025-03-29 13:09:39.530919,2025-03-29 13:09:39.628394,0.097475
1666,gaussiancopula,0.5,condensednn,auto,0.7541065445177416,COMPLETE,2025-03-29 13:09:39.651169,2025-03-29 13:09:52.429789,12.77862
1667,random,0.25,random,0.125,0.9891668172659909,COMPLETE,2025-03-29 13:09:52.451692,2025-03-29 13:10:09.375270,16.923578
1668,ctgan,1,nearmiss,0,0.9782971627011856,COMPLETE,2025-03-29 13:10:09.388841,2025-03-29 13:10:26.953823,17.564982
1669,random,0.25,condensednn,0.0625,0.6002264619994727,COMPLETE,2025-03-29 13:10:26.975862,2025-03-29 13:10:39.410030,12.434168
1670,fastml,0,tomeklinks,auto,0.984768810218344,COMPLETE,2025-03-29 13:10:39.433443,2025-03-29 13:10:55.678258,16.244815
1671,adasyn,0.5,clustercentroid,0.25,-1.0,COMPLETE,2025-03-29 13:10:55.701041,2025-03-29 13:10:55.794304,0.093263
1672,tvae,0.5,editednn,0,0.9869457197202036,COMPLETE,2025-03-29 13:10:55.816929,2025-03-29 13:11:12.400074,16.583145
1673,fastml,0,instancehardness,0.0625,0.9763580747443754,COMPLETE,2025-03-29 13:11:12.422211,2025-03-29 13:11:28.484097,16.061886
1674,random,auto,onesidedselection,0.125,0.9783747611716287,COMPLETE,2025-03-29 13:11:28.506907,2025-03-29 13:11:42.010344,13.503437
1675,fastml,0.25,nearmiss,0,0.9847832082520709,COMPLETE,2025-03-29 13:11:42.034644,2025-03-29 13:11:57.491759,15.457115
1676,gaussiancopula,0,editednn,0.5,0.9784313187068703,COMPLETE,2025-03-29 13:11:57.504648,2025-03-29 13:12:12.514205,15.009557
1677,random,0.25,nearmiss,0.125,0.984870501399427,COMPLETE,2025-03-29 13:12:12.537984,2025-03-29 13:12:28.365642,15.827658
1678,smote,auto,tomeklinks,0.0625,0.9805547907596056,COMPLETE,2025-03-29 13:12:28.387727,2025-03-29 13:12:44.914961,16.527234
1679,random,2,random,0.25,0.9891668172659909,COMPLETE,2025-03-29 13:12:44.937454,2025-03-29 13:13:02.209560,17.272106
1680,gaussiancopula,auto,nearmiss,auto,0.9806037080590027,COMPLETE,2025-03-29 13:13:02.232816,2025-03-29 13:13:20.686244,18.453428
1681,gaussiancopula,1,nearmiss,0,0.9913421468043316,COMPLETE,2025-03-29 13:13:20.709281,2025-03-29 13:13:36.120312,15.411031
1682,copulagan,0,onesidedselection,0.0625,0.9783357579867517,COMPLETE,2025-03-29 13:13:36.143235,2025-03-29 13:13:49.851352,13.708117
1683,gaussiancopula,auto,random,0.0625,0.98916403461858,COMPLETE,2025-03-29 13:13:49.864813,2025-03-29 13:14:06.585115,16.720302
1684,fastml,auto,tomeklinks,0.125,0.9827175859688069,COMPLETE,2025-03-29 13:14:06.608287,2025-03-29 13:14:22.488052,15.879765
1685,smote,auto,tomeklinks,0.5,0.9805547907596056,COMPLETE,2025-03-29 13:14:22.510775,2025-03-29 13:14:38.814974,16.304199
1686,gaussiancopula,2,instancehardness,0.5,0.9848435926094576,COMPLETE,2025-03-29 13:14:38.837327,2025-03-29 13:14:55.102892,16.265565
1687,gaussiancopula,auto,random,0,0.9913421468043316,COMPLETE,2025-03-29 13:14:55.125640,2025-03-29 13:15:10.434250,15.30861
1688,gaussiancopula,0,condensednn,0.0625,0.6203396548154443,COMPLETE,2025-03-29 13:15:10.457455,2025-03-29 13:15:22.553919,12.096464
1689,smote,auto,clustercentroid,0.5,0.9935066489688338,COMPLETE,2025-03-29 13:15:22.577074,2025-03-29 13:15:45.348356,22.771282
1690,fastml,1,onesidedselection,0.0625,0.9848589721253914,COMPLETE,2025-03-29 13:15:45.371372,2025-03-29 13:16:01.257957,15.886585
1691,ctgan,2,onesidedselection,0.125,0.9782982230708627,COMPLETE,2025-03-29 13:16:01.281267,2025-03-29 13:16:17.751362,16.470095
1692,tvae,0.25,tomeklinks,0,0.9869457197202036,COMPLETE,2025-03-29 13:16:17.773838,2025-03-29 13:16:34.545801,16.771963
1693,smote,0.25,random,0.5,0.9891935575896289,COMPLETE,2025-03-29 13:16:34.569868,2025-03-29 13:16:49.876454,15.306586
1694,adasyn,0.25,random,0.0625,-1.0,COMPLETE,2025-03-29 13:16:49.891004,2025-03-29 13:16:49.981178,0.090174
1695,random,auto,nearmiss,0.0625,0.984870501399427,COMPLETE,2025-03-29 13:16:50.003054,2025-03-29 13:17:05.699642,15.696588
1696,random,1,editednn,0.5,0.9849285252035781,COMPLETE,2025-03-29 13:17:05.721855,2025-03-29 13:17:23.179970,17.458115
1697,fastml,2,instancehardness,auto,0.9848239453080575,COMPLETE,2025-03-29 13:17:23.203278,2025-03-29 13:17:40.323188,17.11991
1698,adasyn,0.25,random,auto,-1.0,COMPLETE,2025-03-29 13:17:40.345825,2025-03-29 13:17:40.438061,0.092236
1699,fastml,2,tomeklinks,0.125,0.9827175859688069,COMPLETE,2025-03-29 13:17:40.460328,2025-03-29 13:17:56.410700,15.950372
1700,random,1,random,0.125,0.9891668172659909,COMPLETE,2025-03-29 13:17:56.433613,2025-03-29 13:18:13.651309,17.217696
1701,smote,auto,random,0.0625,0.9891935575896289,COMPLETE,2025-03-29 13:18:13.665075,2025-03-29 13:18:28.699945,15.03487
1702,smote,0.5,onesidedselection,auto,0.9804990292603718,COMPLETE,2025-03-29 13:18:28.723365,2025-03-29 13:18:41.920922,13.197557
1703,random,0.25,condensednn,0,0.98916403461858,COMPLETE,2025-03-29 13:18:41.944298,2025-03-29 13:18:58.360992,16.416694
1704,copulagan,auto,random,0.125,0.9935066489688338,COMPLETE,2025-03-29 13:18:58.383807,2025-03-29 13:19:16.112270,17.728463
1705,gaussiancopula,0,condensednn,0.5,0.6203396548154443,COMPLETE,2025-03-29 13:19:16.134982,2025-03-29 13:19:28.373822,12.23884
1706,random,0.5,nearmiss,0.0625,0.984870501399427,COMPLETE,2025-03-29 13:19:28.396401,2025-03-29 13:19:44.174565,15.778164
1707,copulagan,0.25,condensednn,0.25,0.5906562194317295,COMPLETE,2025-03-29 13:19:44.187507,2025-03-29 13:19:57.934811,13.747304
1708,random,1,editednn,0.125,0.9849285252035781,COMPLETE,2025-03-29 13:19:57.948334,2025-03-29 13:20:15.121134,17.1728
1709,gaussiancopula,0,condensednn,0.125,0.6203396548154443,COMPLETE,2025-03-29 13:20:15.134119,2025-03-29 13:20:27.287211,12.153092
1710,fastml,1,tomeklinks,0,0.9847832082520709,COMPLETE,2025-03-29 13:20:27.309778,2025-03-29 13:20:43.046685,15.736907
1711,adasyn,auto,clustercentroid,auto,-1.0,COMPLETE,2025-03-29 13:20:43.063070,2025-03-29 13:20:43.156136,0.093066
1712,ctgan,2,condensednn,auto,0.6282040340090724,COMPLETE,2025-03-29 13:20:43.178348,2025-03-29 13:20:56.516182,13.337834
1713,fastml,0.25,tomeklinks,0.125,0.9827175859688069,COMPLETE,2025-03-29 13:20:56.539565,2025-03-29 13:21:12.480224,15.940659
1714,adasyn,0,instancehardness,0.0625,0.9763580747443754,COMPLETE,2025-03-29 13:21:12.503322,2025-03-29 13:21:28.277734,15.774412
1715,tvae,1,condensednn,0.5,0.5908175895849778,COMPLETE,2025-03-29 13:21:28.300842,2025-03-29 13:21:39.868709,11.567867
1716,adasyn,0.25,instancehardness,auto,-1.0,COMPLETE,2025-03-29 13:21:39.892116,2025-03-29 13:21:39.985069,0.092953
1717,adasyn,auto,clustercentroid,0.125,-1.0,COMPLETE,2025-03-29 13:21:40.007847,2025-03-29 13:21:40.104785,0.096938
1718,gaussiancopula,auto,condensednn,auto,0.7541065445177416,COMPLETE,2025-03-29 13:21:40.126854,2025-03-29 13:21:53.102692,12.975838
1719,smote,auto,editednn,0.5,0.9848822012062426,COMPLETE,2025-03-29 13:21:53.125028,2025-03-29 13:22:08.216420,15.091392
1720,smote,0,onesidedselection,0.125,0.9783357579867517,COMPLETE,2025-03-29 13:22:08.241105,2025-03-29 13:22:21.894808,13.653703
1721,tvae,0,editednn,0.5,0.9784313187068703,COMPLETE,2025-03-29 13:22:21.909484,2025-03-29 13:22:36.987425,15.077941
1722,random,0.25,nearmiss,0,0.98916403461858,COMPLETE,2025-03-29 13:22:37.003151,2025-03-29 13:22:53.559231,16.55608
1723,fastml,0.5,clustercentroid,0.25,0.9848321084847547,COMPLETE,2025-03-29 13:22:53.573442,2025-03-29 13:23:17.456034,23.882592
1724,random,0,nearmiss,0.5,0.9892179705155923,COMPLETE,2025-03-29 13:23:17.479911,2025-03-29 13:23:34.059511,16.5796
1725,adasyn,auto,nearmiss,0.125,-1.0,COMPLETE,2025-03-29 13:23:34.082623,2025-03-29 13:23:34.177570,0.094947
1726,random,1,instancehardness,0.25,0.9891907860322813,COMPLETE,2025-03-29 13:23:34.200733,2025-03-29 13:23:49.942704,15.741971
1727,fastml,1,clustercentroid,0.0625,0.9848321084847547,COMPLETE,2025-03-29 13:23:49.966869,2025-03-29 13:24:14.937775,24.970906
1728,adasyn,auto,random,0,-1.0,COMPLETE,2025-03-29 13:24:14.953432,2025-03-29 13:24:15.060879,0.107447
1729,fastml,0,onesidedselection,auto,0.9783357579867517,COMPLETE,2025-03-29 13:24:15.083915,2025-03-29 13:24:29.442841,14.358926
1730,ctgan,0,editednn,0.5,0.9784313187068703,COMPLETE,2025-03-29 13:24:29.465990,2025-03-29 13:24:44.851072,15.385082
1731,fastml,0.5,instancehardness,0,0.9847832082520709,COMPLETE,2025-03-29 13:24:44.875219,2025-03-29 13:25:00.936499,16.06128
1732,fastml,2,editednn,0.25,0.971725977129174,COMPLETE,2025-03-29 13:25:00.950589,2025-03-29 13:25:17.107701,16.157112
1733,adasyn,auto,random,0.0625,-1.0,COMPLETE,2025-03-29 13:25:17.130492,2025-03-29 13:25:17.223546,0.093054
1734,ctgan,0.5,clustercentroid,0.5,0.9782569445361456,COMPLETE,2025-03-29 13:25:17.245878,2025-03-29 13:25:41.226474,23.980596
1735,smote,0.25,clustercentroid,0.125,0.9935066489688338,COMPLETE,2025-03-29 13:25:41.249457,2025-03-29 13:26:04.126580,22.877123
1736,fastml,0.25,onesidedselection,0.25,0.9848589721253914,COMPLETE,2025-03-29 13:26:04.148834,2025-03-29 13:26:20.931025,16.782191
1737,ctgan,2,instancehardness,0.25,0.9892084292555944,COMPLETE,2025-03-29 13:26:20.953916,2025-03-29 13:26:41.442962,20.489046
1738,fastml,2,nearmiss,0,0.9847832082520709,COMPLETE,2025-03-29 13:26:41.466625,2025-03-29 13:26:57.126197,15.659572
1739,fastml,0,nearmiss,0.5,0.9892179705155923,COMPLETE,2025-03-29 13:26:57.138951,2025-03-29 13:27:14.395894,17.256943
1740,random,2,clustercentroid,0.25,0.9913285367830823,COMPLETE,2025-03-29 13:27:14.419453,2025-03-29 13:27:37.558056,23.138603
1741,gaussiancopula,1,condensednn,0.0625,0.7541065445177416,COMPLETE,2025-03-29 13:27:37.581422,2025-03-29 13:27:50.582045,13.000623
1742,gaussiancopula,auto,random,0.5,0.98916403461858,COMPLETE,2025-03-29 13:27:50.606053,2025-03-29 13:28:07.888742,17.282689
1743,copulagan,1,instancehardness,0,0.9848186793619221,COMPLETE,2025-03-29 13:28:07.912228,2025-03-29 13:28:26.175062,18.262834
1744,gaussiancopula,0,instancehardness,0.25,0.9763580747443754,COMPLETE,2025-03-29 13:28:26.198489,2025-03-29 13:28:42.242201,16.043712
1745,random,0,random,0.0625,0.993502999650116,COMPLETE,2025-03-29 13:28:42.264820,2025-03-29 13:28:58.749398,16.484578
1746,adasyn,auto,onesidedselection,0.125,-1.0,COMPLETE,2025-03-29 13:28:58.773499,2025-03-29 13:28:58.867664,0.094165
1747,tvae,1,instancehardness,0.5,0.9826641023852425,COMPLETE,2025-03-29 13:28:58.890217,2025-03-29 13:29:16.419805,17.529588
1748,copulagan,0,clustercentroid,0.25,0.9891626891626891,COMPLETE,2025-03-29 13:29:16.443314,2025-03-29 13:29:39.778977,23.335663
1749,copulagan,1,tomeklinks,0.125,0.9826197196288691,COMPLETE,2025-03-29 13:29:39.804527,2025-03-29 13:30:00.458654,20.654127
1750,random,0.25,instancehardness,0.25,0.9891907860322813,COMPLETE,2025-03-29 13:30:00.482755,2025-03-29 13:30:15.741643,15.258888
1751,adasyn,auto,nearmiss,0.25,-1.0,COMPLETE,2025-03-29 13:30:15.768026,2025-03-29 13:30:15.868344,0.100318
1752,ctgan,0.25,tomeklinks,0,0.9782971627011856,COMPLETE,2025-03-29 13:30:15.892150,2025-03-29 13:30:34.861638,18.969488
1753,random,auto,tomeklinks,auto,0.9848926054293577,COMPLETE,2025-03-29 13:30:34.876228,2025-03-29 13:30:51.760235,16.884007
1754,ctgan,0,editednn,0,-1.0,ERROR,,,0.0
1755,gaussiancopula,1,random,0.0625,0.98916403461858,COMPLETE,2025-03-29 13:31:07.342100,2025-03-29 13:31:24.323688,16.981588
1756,adasyn,0.25,condensednn,0.125,-1.0,COMPLETE,2025-03-29 13:31:24.347575,2025-03-29 13:31:24.441647,0.094072
1757,adasyn,auto,editednn,0.125,-1.0,COMPLETE,2025-03-29 13:31:24.464024,2025-03-29 13:31:24.560050,0.096026
1758,tvae,0.5,condensednn,auto,0.5908175895849778,COMPLETE,2025-03-29 13:31:24.583889,2025-03-29 13:31:36.494869,11.91098
1759,smote,0,editednn,auto,0.9784313187068703,COMPLETE,2025-03-29 13:31:36.518361,2025-03-29 13:31:51.831080,15.312719
1760,random,auto,instancehardness,0.125,0.9891907860322813,COMPLETE,2025-03-29 13:31:51.854511,2025-03-29 13:32:06.901113,15.046602
1761,smote,0.5,random,0,0.991343141164981,COMPLETE,2025-03-29 13:32:06.924436,2025-03-29 13:32:24.889594,17.965158
1762,ctgan,2,editednn,0.5,0.9805539716227228,COMPLETE,2025-03-29 13:32:24.913248,2025-03-29 13:32:42.090213,17.176965
1763,fastml,2,clustercentroid,0.0625,0.9848321084847547,COMPLETE,2025-03-29 13:32:42.110731,2025-03-29 13:33:07.051314,24.940583
1764,random,0.25,condensednn,auto,0.6002264619994727,COMPLETE,2025-03-29 13:33:07.075288,2025-03-29 13:33:20.279286,13.203998
1765,random,2,editednn,0.0625,0.9849285252035781,COMPLETE,2025-03-29 13:33:20.292799,2025-03-29 13:33:39.175335,18.882536
1766,gaussiancopula,0.5,random,auto,0.98916403461858,COMPLETE,2025-03-29 13:33:39.198798,2025-03-29 13:33:56.540198,17.3414
1767,fastml,auto,nearmiss,0.0625,0.9848225341252012,COMPLETE,2025-03-29 13:33:56.565480,2025-03-29 13:34:12.883613,16.318133
1768,copulagan,auto,random,0.25,0.9935066489688338,COMPLETE,2025-03-29 13:34:12.907284,2025-03-29 13:34:31.793867,18.886583
1769,tvae,0,tomeklinks,0,-1.0,ERROR,,,0.0
1770,gaussiancopula,1,nearmiss,0.125,0.9806037080590027,COMPLETE,2025-03-29 13:34:48.037103,2025-03-29 13:35:09.511969,21.474866
1771,adasyn,auto,condensednn,0,-1.0,COMPLETE,2025-03-29 13:35:09.536720,2025-03-29 13:35:09.644916,0.108196
1772,random,0,onesidedselection,0.125,0.9783357579867517,COMPLETE,2025-03-29 13:35:09.670559,2025-03-29 13:35:25.197588,15.527029
1773,copulagan,0.5,tomeklinks,0,0.9848186793619221,COMPLETE,2025-03-29 13:35:25.223858,2025-03-29 13:35:44.489089,19.265231
1774,tvae,auto,random,auto,0.987038663735101,COMPLETE,2025-03-29 13:35:44.514869,2025-03-29 13:36:01.574927,17.060058
1775,adasyn,2,editednn,0.5,-1.0,COMPLETE,2025-03-29 13:36:01.600686,2025-03-29 13:36:01.700379,0.099693
1776,fastml,0,clustercentroid,auto,0.9891626891626891,COMPLETE,2025-03-29 13:36:01.723621,2025-03-29 13:36:25.749821,24.0262
1777,tvae,2,onesidedselection,0.0625,0.9805080849157983,COMPLETE,2025-03-29 13:36:25.787640,2025-03-29 13:36:43.330404,17.542764
1778,tvae,0.25,tomeklinks,auto,0.9805245259790715,COMPLETE,2025-03-29 13:36:43.354844,2025-03-29 13:37:03.370232,20.015388
1779,tvae,0,random,0.25,0.993502999650116,COMPLETE,2025-03-29 13:37:03.394697,2025-03-29 13:37:21.279824,17.885127
1780,ctgan,0,onesidedselection,0.0625,0.9783357579867517,COMPLETE,2025-03-29 13:37:21.305939,2025-03-29 13:37:36.055485,14.749546
1781,gaussiancopula,0.25,editednn,0.25,0.9805140860350166,COMPLETE,2025-03-29 13:37:36.080715,2025-03-29 13:37:52.862271,16.781556
1782,tvae,0.25,nearmiss,0.125,0.9826747146507947,COMPLETE,2025-03-29 13:37:52.887122,2025-03-29 13:38:10.995070,18.107948
1783,adasyn,0.25,editednn,0.125,-1.0,COMPLETE,2025-03-29 13:38:11.018558,2025-03-29 13:38:11.122039,0.103481
1784,random,2,onesidedselection,0.25,0.9783747611716287,COMPLETE,2025-03-29 13:38:11.145393,2025-03-29 13:38:25.873588,14.728195
1785,fastml,0,nearmiss,0.0625,0.9892179705155923,COMPLETE,2025-03-29 13:38:25.898638,2025-03-29 13:38:43.534210,17.635572
1786,tvae,0.25,clustercentroid,0.5,0.9935064935064936,COMPLETE,2025-03-29 13:38:43.564039,2025-03-29 13:39:07.253373,23.689334
1787,random,auto,editednn,auto,0.9849285252035781,COMPLETE,2025-03-29 13:39:07.268211,2025-03-29 13:39:25.782474,18.514263
1788,gaussiancopula,0.25,clustercentroid,auto,0.9870058877332495,COMPLETE,2025-03-29 13:39:25.797675,2025-03-29 13:39:51.542816,25.745141
1789,ctgan,0.5,condensednn,0,0.9782971627011856,COMPLETE,2025-03-29 13:39:51.568498,2025-03-29 13:40:12.392965,20.824467
1790,smote,0.5,clustercentroid,0.125,0.9935066489688338,COMPLETE,2025-03-29 13:40:12.408819,2025-03-29 13:40:37.181880,24.773061
1791,adasyn,0.25,condensednn,0.5,-1.0,COMPLETE,2025-03-29 13:40:37.208198,2025-03-29 13:40:37.315499,0.107301
1792,gaussiancopula,2,clustercentroid,0.5,0.9870058877332495,COMPLETE,2025-03-29 13:40:37.344101,2025-03-29 13:41:04.203239,26.859138
1793,copulagan,auto,onesidedselection,0.125,0.984768810218344,COMPLETE,2025-03-29 13:41:04.228869,2025-03-29 13:41:24.209097,19.980228
1794,fastml,auto,nearmiss,auto,0.9848225341252012,COMPLETE,2025-03-29 13:41:24.224101,2025-03-29 13:41:41.012176,16.788075
1795,smote,2,condensednn,0.25,0.613993656688675,COMPLETE,2025-03-29 13:41:41.036974,2025-03-29 13:41:54.442360,13.405386
1796,ctgan,0.25,instancehardness,0.25,0.9892084292555944,COMPLETE,2025-03-29 13:41:54.467050,2025-03-29 13:42:16.335085,21.868035
1797,gaussiancopula,1,onesidedselection,auto,0.9783653319196244,COMPLETE,2025-03-29 13:42:16.362394,2025-03-29 13:42:33.640520,17.278126
1798,adasyn,0.5,nearmiss,0.125,-1.0,COMPLETE,2025-03-29 13:42:33.664391,2025-03-29 13:42:33.771723,0.107332
1799,copulagan,1,onesidedselection,0.5,0.984768810218344,COMPLETE,2025-03-29 13:42:33.795807,2025-03-29 13:42:53.387545,19.591738
1800,ctgan,1,clustercentroid,0.125,0.9782569445361456,COMPLETE,2025-03-29 13:42:53.414220,2025-03-29 13:43:19.157162,25.742942
1801,gaussiancopula,0.25,editednn,0,0.9913421468043316,COMPLETE,2025-03-29 13:43:19.181856,2025-03-29 13:43:36.214296,17.03244
1802,tvae,2,onesidedselection,0,0.9869457197202036,COMPLETE,2025-03-29 13:43:36.239319,2025-03-29 13:43:54.181465,17.942146
1803,tvae,2,nearmiss,0.125,0.9826747146507947,COMPLETE,2025-03-29 13:43:54.207649,2025-03-29 13:44:12.490046,18.282397
1804,fastml,1,nearmiss,auto,0.9848225341252012,COMPLETE,2025-03-29 13:44:12.515041,2025-03-29 13:44:29.359127,16.844086
1805,gaussiancopula,0.5,random,0,0.9913421468043316,COMPLETE,2025-03-29 13:44:29.383459,2025-03-29 13:44:46.028576,16.645117
1806,tvae,0.5,editednn,0.125,0.9827173545952453,COMPLETE,2025-03-29 13:44:46.054637,2025-03-29 13:45:04.945182,18.890545
1807,ctgan,auto,nearmiss,auto,0.9891604499066595,COMPLETE,2025-03-29 13:45:04.970704,2025-03-29 13:45:25.671799,20.701095
1808,copulagan,0.5,nearmiss,0,0.9848186793619221,COMPLETE,2025-03-29 13:45:25.691813,2025-03-29 13:45:44.774764,19.082951
1809,adasyn,auto,random,0.125,-1.0,COMPLETE,2025-03-29 13:45:44.800523,2025-03-29 13:45:44.907946,0.107423
1810,fastml,2,tomeklinks,0.0625,0.9827175859688069,COMPLETE,2025-03-29 13:45:44.933662,2025-03-29 13:46:02.462432,17.52877
1811,smote,0,instancehardness,0.25,0.9763580747443754,COMPLETE,2025-03-29 13:46:02.488361,2025-03-29 13:46:19.119959,16.631598
1812,smote,0,nearmiss,0,-1.0,ERROR,,,0.0
1813,copulagan,auto,condensednn,0.0625,0.5906562194317295,COMPLETE,2025-03-29 13:46:35.621258,2025-03-29 13:46:50.697414,15.076156
1814,smote,2,nearmiss,0.0625,0.9869494027026645,COMPLETE,2025-03-29 13:46:50.722856,2025-03-29 13:47:06.170344,15.447488
1815,adasyn,0.5,random,0.5,-1.0,COMPLETE,2025-03-29 13:47:06.195395,2025-03-29 13:47:06.295947,0.100552
1816,ctgan,0.25,editednn,auto,0.9805539716227228,COMPLETE,2025-03-29 13:47:06.319780,2025-03-29 13:47:24.474516,18.154736
1817,gaussiancopula,0.25,tomeklinks,auto,0.9848535303080758,COMPLETE,2025-03-29 13:47:24.493048,2025-03-29 13:47:43.307568,18.81452
1818,ctgan,0.25,nearmiss,0.25,0.9891604499066595,COMPLETE,2025-03-29 13:47:43.331654,2025-03-29 13:48:03.929342,20.597688
1819,adasyn,auto,instancehardness,0.5,-1.0,COMPLETE,2025-03-29 13:48:03.945796,2025-03-29 13:48:04.057991,0.112195
1820,tvae,2,clustercentroid,auto,0.9935064935064936,COMPLETE,2025-03-29 13:48:04.073553,2025-03-29 13:48:28.629175,24.555622
1821,random,0.5,random,0.5,0.9891668172659909,COMPLETE,2025-03-29 13:48:28.654401,2025-03-29 13:48:47.405001,18.7506
1822,copulagan,2,instancehardness,0.125,0.9870257379972729,COMPLETE,2025-03-29 13:48:47.419654,2025-03-29 13:49:07.418072,19.998418
1823,fastml,1,editednn,0.5,0.971725977129174,COMPLETE,2025-03-29 13:49:07.433985,2025-03-29 13:49:24.823013,17.389028
1824,gaussiancopula,2,tomeklinks,auto,0.9848535303080758,COMPLETE,2025-03-29 13:49:24.848183,2025-03-29 13:49:44.894390,20.046207
1825,random,2,nearmiss,0.125,0.984870501399427,COMPLETE,2025-03-29 13:49:44.920591,2025-03-29 13:50:02.823532,17.902941
1826,gaussiancopula,0.5,instancehardness,0,0.9913421468043316,COMPLETE,2025-03-29 13:50:02.848164,2025-03-29 13:50:19.364041,16.515877
1827,smote,2,condensednn,0.0625,0.613993656688675,COMPLETE,2025-03-29 13:50:19.389019,2025-03-29 13:50:32.170758,12.781739
1828,random,0.5,condensednn,0.25,0.6002264619994727,COMPLETE,2025-03-29 13:50:32.185767,2025-03-29 13:50:45.702883,13.517116
1829,smote,0.5,editednn,0.5,0.9848822012062426,COMPLETE,2025-03-29 13:50:45.729282,2025-03-29 13:51:02.196535,16.467253
1830,smote,auto,nearmiss,0.5,0.9869494027026645,COMPLETE,2025-03-29 13:51:02.222581,2025-03-29 13:51:17.765654,15.543073
1831,ctgan,auto,clustercentroid,0.125,0.9782569445361456,COMPLETE,2025-03-29 13:51:17.789551,2025-03-29 13:51:43.400724,25.611173
1832,fastml,0.5,tomeklinks,auto,0.9827175859688069,COMPLETE,2025-03-29 13:51:43.425677,2025-03-29 13:52:00.965312,17.539635
1833,tvae,0.25,instancehardness,0.25,0.9826641023852425,COMPLETE,2025-03-29 13:52:00.991333,2025-03-29 13:52:19.829409,18.838076
1834,tvae,0.25,condensednn,auto,0.5908175895849778,COMPLETE,2025-03-29 13:52:19.853884,2025-03-29 13:52:32.526379,12.672495
1835,ctgan,0,nearmiss,0,-1.0,ERROR,,,0.0
1836,smote,auto,condensednn,0.0625,0.613993656688675,COMPLETE,2025-03-29 13:52:49.267984,2025-03-29 13:53:02.161109,12.893125
1837,fastml,0.5,condensednn,0,0.9847832082520709,COMPLETE,2025-03-29 13:53:02.185343,2025-03-29 13:53:19.316162,17.130819
1838,adasyn,0.25,clustercentroid,0.125,-1.0,COMPLETE,2025-03-29 13:53:19.331261,2025-03-29 13:53:19.442685,0.111424
1839,gaussiancopula,auto,condensednn,0.25,0.7541065445177416,COMPLETE,2025-03-29 13:53:19.458020,2025-03-29 13:53:34.206321,14.748301
1840,random,0.5,tomeklinks,0.0625,0.9848926054293577,COMPLETE,2025-03-29 13:53:34.230633,2025-03-29 13:53:50.870174,16.639541
1841,ctgan,0.25,editednn,0.25,0.9805539716227228,COMPLETE,2025-03-29 13:53:50.894374,2025-03-29 13:54:08.955892,18.061518
1842,random,0.5,editednn,0,0.98916403461858,COMPLETE,2025-03-29 13:54:08.980055,2025-03-29 13:54:26.349414,17.369359
1843,ctgan,2,nearmiss,0,0.9782971627011856,COMPLETE,2025-03-29 13:54:26.376154,2025-03-29 13:54:45.037099,18.660945
1844,random,0.5,nearmiss,0.5,0.984870501399427,COMPLETE,2025-03-29 13:54:45.061549,2025-03-29 13:55:02.550143,17.488594
1845,smote,2,clustercentroid,0.0625,0.9935066489688338,COMPLETE,2025-03-29 13:55:02.578267,2025-03-29 13:55:27.906171,25.327904
1846,gaussiancopula,0,tomeklinks,0,-1.0,ERROR,,,0.0
1847,tvae,0.25,tomeklinks,0.5,0.9805245259790715,COMPLETE,2025-03-29 13:55:46.054812,2025-03-29 13:56:07.860571,21.805759
1848,gaussiancopula,0.5,random,0.0625,0.98916403461858,COMPLETE,2025-03-29 13:56:07.887255,2025-03-29 13:56:26.002608,18.115353
1849,gaussiancopula,0.25,clustercentroid,0.5,0.9870058877332495,COMPLETE,2025-03-29 13:56:26.029641,2025-03-29 13:56:52.536294,26.506653
1850,adasyn,0,clustercentroid,0.5,0.9891626891626891,COMPLETE,2025-03-29 13:56:52.564640,2025-03-29 13:57:17.222141,24.657501
1851,tvae,0.5,onesidedselection,0.0625,0.9805080849157983,COMPLETE,2025-03-29 13:57:17.250054,2025-03-29 13:57:35.107460,17.857406
1852,random,auto,nearmiss,0,0.98916403461858,COMPLETE,2025-03-29 13:57:35.132520,2025-03-29 13:57:52.697032,17.564512
1853,adasyn,1,onesidedselection,0.125,-1.0,COMPLETE,2025-03-29 13:57:52.723158,2025-03-29 13:57:52.827619,0.104461
1854,tvae,1,clustercentroid,0.5,0.9935064935064936,COMPLETE,2025-03-29 13:57:52.851368,2025-03-29 13:58:16.612570,23.761202
1855,copulagan,0.25,random,0.25,0.9935066489688338,COMPLETE,2025-03-29 13:58:16.637504,2025-03-29 13:58:36.765524,20.12802
1856,fastml,2,nearmiss,0.25,0.9848225341252012,COMPLETE,2025-03-29 13:58:36.780575,2025-03-29 13:58:54.655129,17.874554
1857,gaussiancopula,0.25,condensednn,0.0625,0.7541065445177416,COMPLETE,2025-03-29 13:58:54.681061,2025-03-29 13:59:09.943284,15.262223
1858,fastml,auto,onesidedselection,0,0.9847832082520709,COMPLETE,2025-03-29 13:59:09.968698,2025-03-29 13:59:27.908724,17.940026
1859,smote,1,tomeklinks,0.5,0.9805547907596056,COMPLETE,2025-03-29 13:59:27.923371,2025-03-29 13:59:46.042216,18.118845
1860,fastml,0.25,nearmiss,0.5,0.9848225341252012,COMPLETE,2025-03-29 13:59:46.067429,2025-03-29 14:00:04.095942,18.028513
1861,adasyn,0.5,onesidedselection,auto,-1.0,COMPLETE,2025-03-29 14:00:04.121077,2025-03-29 14:00:04.222958,0.101881
1862,random,1,clustercentroid,0.25,0.9913285367830823,COMPLETE,2025-03-29 14:00:04.246782,2025-03-29 14:00:29.810043,25.563261
1863,fastml,0,random,0.0625,0.993502999650116,COMPLETE,2025-03-29 14:00:29.824185,2025-03-29 14:00:47.686650,17.862465
1864,smote,0.25,condensednn,auto,0.613993656688675,COMPLETE,2025-03-29 14:00:47.711536,2025-03-29 14:01:00.898379,13.186843
1865,fastml,0,tomeklinks,0.0625,0.984768810218344,COMPLETE,2025-03-29 14:01:00.924625,2025-03-29 14:01:19.182538,18.257913
1866,smote,1,condensednn,0.25,0.613993656688675,COMPLETE,2025-03-29 14:01:19.210606,2025-03-29 14:01:32.547680,13.337074
1867,tvae,0.25,nearmiss,auto,0.9826747146507947,COMPLETE,2025-03-29 14:01:32.573328,2025-03-29 14:01:51.776072,19.202744
1868,copulagan,0.5,instancehardness,0.5,0.9870257379972729,COMPLETE,2025-03-29 14:01:51.801099,2025-03-29 14:02:12.713318,20.912219
1869,copulagan,0.5,tomeklinks,0.25,0.9826197196288691,COMPLETE,2025-03-29 14:02:12.738692,2025-03-29 14:02:36.057357,23.318665
1870,tvae,0,tomeklinks,0.25,0.984768810218344,COMPLETE,2025-03-29 14:02:36.091348,2025-03-29 14:02:54.696341,18.604993
1871,fastml,2,condensednn,0.5,0.6002126634042212,COMPLETE,2025-03-29 14:02:54.720990,2025-03-29 14:03:09.903204,15.182214
1872,tvae,2,nearmiss,0.0625,0.9826747146507947,COMPLETE,2025-03-29 14:03:09.929472,2025-03-29 14:03:29.402504,19.473032
1873,adasyn,0.5,instancehardness,auto,-1.0,COMPLETE,2025-03-29 14:03:29.427838,2025-03-29 14:03:29.537894,0.110056
1874,smote,0.5,nearmiss,0.25,0.9869494027026645,COMPLETE,2025-03-29 14:03:29.562493,2025-03-29 14:03:45.788926,16.226433
1875,fastml,0,random,auto,0.993502999650116,COMPLETE,2025-03-29 14:03:45.815457,2025-03-29 14:04:04.076782,18.261325
1876,fastml,0,condensednn,0.125,0.6203396548154443,COMPLETE,2025-03-29 14:04:04.104072,2025-03-29 14:04:16.835471,12.731399
1877,fastml,2,condensednn,0.125,0.6002126634042212,COMPLETE,2025-03-29 14:04:16.859910,2025-03-29 14:04:30.982978,14.123068
1878,adasyn,auto,condensednn,0.5,-1.0,COMPLETE,2025-03-29 14:04:31.008389,2025-03-29 14:04:31.119640,0.111251
1879,random,2,clustercentroid,0.5,0.9913285367830823,COMPLETE,2025-03-29 14:04:31.146772,2025-03-29 14:04:55.686822,24.54005
1880,smote,0.5,instancehardness,auto,0.9870488319531496,COMPLETE,2025-03-29 14:04:55.712456,2025-03-29 14:05:14.305349,18.592893
1881,smote,auto,editednn,0.0625,0.9848822012062426,COMPLETE,2025-03-29 14:05:14.329703,2025-03-29 14:05:31.060272,16.730569
1882,random,0.5,onesidedselection,auto,0.9783747611716287,COMPLETE,2025-03-29 14:05:31.087604,2025-03-29 14:05:47.594352,16.506748
1883,copulagan,auto,editednn,auto,0.9783033686864364,COMPLETE,2025-03-29 14:05:47.612854,2025-03-29 14:06:09.552062,21.939208
1884,smote,auto,clustercentroid,0.0625,0.9935066489688338,COMPLETE,2025-03-29 14:06:09.571988,2025-03-29 14:06:35.313289,25.741301
1885,adasyn,0.25,tomeklinks,0.0625,-1.0,COMPLETE,2025-03-29 14:06:35.338897,2025-03-29 14:06:35.450236,0.111339
1886,tvae,0.25,instancehardness,0.5,0.9826641023852425,COMPLETE,2025-03-29 14:06:35.475073,2025-03-29 14:06:55.124119,19.649046
1887,smote,0.25,nearmiss,0.0625,0.9869494027026645,COMPLETE,2025-03-29 14:06:55.147915,2025-03-29 14:07:10.602765,15.45485
1888,adasyn,0,condensednn,0.5,0.6203396548154443,COMPLETE,2025-03-29 14:07:10.628823,2025-03-29 14:07:24.139270,13.510447
1889,smote,1,nearmiss,0.125,0.9869494027026645,COMPLETE,2025-03-29 14:07:24.165445,2025-03-29 14:07:39.789115,15.62367
1890,gaussiancopula,auto,onesidedselection,0.0625,0.9783653319196244,COMPLETE,2025-03-29 14:07:39.813562,2025-03-29 14:07:56.644663,16.831101
1891,tvae,0,random,auto,0.993502999650116,COMPLETE,2025-03-29 14:07:56.670525,2025-03-29 14:08:15.517894,18.847369
1892,fastml,2,condensednn,0.25,0.6002126634042212,COMPLETE,2025-03-29 14:08:15.544134,2025-03-29 14:08:30.221363,14.677229
1893,adasyn,1,condensednn,0.0625,-1.0,COMPLETE,2025-03-29 14:08:30.247784,2025-03-29 14:08:30.359093,0.111309
1894,gaussiancopula,0.25,tomeklinks,0.25,0.9848535303080758,COMPLETE,2025-03-29 14:08:30.384531,2025-03-29 14:08:50.250491,19.86596
1895,gaussiancopula,2,nearmiss,0,0.9913421468043316,COMPLETE,2025-03-29 14:08:50.274951,2025-03-29 14:09:06.921432,16.646481
1896,smote,2,instancehardness,0,0.991343141164981,COMPLETE,2025-03-29 14:09:06.947229,2025-03-29 14:09:26.050102,19.102873
1897,smote,0,tomeklinks,0,-1.0,ERROR,,,0.0
1898,fastml,0,editednn,0.0625,0.9784313187068703,COMPLETE,2025-03-29 14:09:43.265071,2025-03-29 14:09:59.810007,16.544936
1899,random,0.5,instancehardness,auto,0.9891907860322813,COMPLETE,2025-03-29 14:09:59.837253,2025-03-29 14:10:15.885650,16.048397
1900,fastml,0.5,nearmiss,0,0.9847832082520709,COMPLETE,2025-03-29 14:10:15.911226,2025-03-29 14:10:32.662457,16.751231
1901,fastml,0.5,clustercentroid,auto,0.9848321084847547,COMPLETE,2025-03-29 14:10:32.677463,2025-03-29 14:10:58.531166,25.853703
1902,copulagan,0.25,nearmiss,0.5,0.9848362611804578,COMPLETE,2025-03-29 14:10:58.556061,2025-03-29 14:11:16.357639,17.801578
1903,ctgan,0.25,tomeklinks,0.5,0.982663952192812,COMPLETE,2025-03-29 14:11:16.381195,2025-03-29 14:11:39.660994,23.279799
1904,gaussiancopula,0.25,tomeklinks,0,0.9913421468043316,COMPLETE,2025-03-29 14:11:39.684821,2025-03-29 14:11:56.074057,16.389236
1905,tvae,1,tomeklinks,auto,0.9805245259790715,COMPLETE,2025-03-29 14:11:56.098884,2025-03-29 14:12:16.214801,20.115917
1906,tvae,1,condensednn,0.125,0.5908175895849778,COMPLETE,2025-03-29 14:12:16.240666,2025-03-29 14:12:28.836510,12.595844
1907,smote,0,random,0.25,0.993502999650116,COMPLETE,2025-03-29 14:12:28.860702,2025-03-29 14:12:46.455297,17.594595
1908,adasyn,0.25,tomeklinks,0,-1.0,COMPLETE,2025-03-29 14:12:46.478730,2025-03-29 14:12:46.583076,0.104346
1909,copulagan,0.5,random,0.125,0.9935066489688338,COMPLETE,2025-03-29 14:12:46.606086,2025-03-29 14:13:05.944017,19.337931
1910,tvae,0.25,onesidedselection,0,0.9869457197202036,COMPLETE,2025-03-29 14:13:05.969142,2025-03-29 14:13:24.030072,18.06093
1911,ctgan,0.5,tomeklinks,0.25,0.982663952192812,COMPLETE,2025-03-29 14:13:24.055771,2025-03-29 14:13:45.334491,21.27872
1912,adasyn,0.5,clustercentroid,0,-1.0,COMPLETE,2025-03-29 14:13:45.350038,2025-03-29 14:13:45.457098,0.10706
1913,fastml,2,editednn,0.5,0.971725977129174,COMPLETE,2025-03-29 14:13:45.481053,2025-03-29 14:14:02.466788,16.985735
1914,tvae,1,condensednn,auto,0.5908175895849778,COMPLETE,2025-03-29 14:14:02.491529,2025-03-29 14:14:14.959071,12.467542
1915,ctgan,1,instancehardness,0.0625,0.9892084292555944,COMPLETE,2025-03-29 14:14:14.986685,2025-03-29 14:14:35.739374,20.752689
1916,smote,1,onesidedselection,0.0625,0.9804990292603718,COMPLETE,2025-03-29 14:14:35.759715,2025-03-29 14:14:49.936456,14.176741
1917,fastml,1,random,0.5,0.991343141164981,COMPLETE,2025-03-29 14:14:49.961383,2025-03-29 14:15:07.823015,17.861632
1918,copulagan,0,onesidedselection,0.125,0.9783357579867517,COMPLETE,2025-03-29 14:15:07.838853,2025-03-29 14:15:22.730655,14.891802
1919,random,0.5,condensednn,0.5,0.6002264619994727,COMPLETE,2025-03-29 14:15:22.756260,2025-03-29 14:15:36.193146,13.436886
1920,fastml,0.25,random,0.0625,0.991343141164981,COMPLETE,2025-03-29 14:15:36.217939,2025-03-29 14:15:53.769483,17.551544
1921,fastml,auto,tomeklinks,auto,0.9827175859688069,COMPLETE,2025-03-29 14:15:53.783551,2025-03-29 14:16:10.686716,16.903165
1922,random,auto,condensednn,0,0.98916403461858,COMPLETE,2025-03-29 14:16:10.711207,2025-03-29 14:16:28.042757,17.33155
1923,fastml,auto,instancehardness,auto,0.9848239453080575,COMPLETE,2025-03-29 14:16:28.067416,2025-03-29 14:16:47.122013,19.054597
1924,ctgan,2,random,0.5,0.9891823765397848,COMPLETE,2025-03-29 14:16:47.150146,2025-03-29 14:17:06.352173,19.202027
1925,adasyn,0,tomeklinks,0.0625,0.984768810218344,COMPLETE,2025-03-29 14:17:06.377425,2025-03-29 14:17:24.054125,17.6767
1926,ctgan,0.5,onesidedselection,0.125,0.9782982230708627,COMPLETE,2025-03-29 14:17:24.079195,2025-03-29 14:17:42.896193,18.816998
1927,copulagan,0,condensednn,auto,0.6203396548154443,COMPLETE,2025-03-29 14:17:42.920705,2025-03-29 14:17:56.207397,13.286692
1928,adasyn,0,onesidedselection,0.125,0.9783357579867517,COMPLETE,2025-03-29 14:17:56.232388,2025-03-29 14:18:10.715325,14.482937
1929,fastml,auto,nearmiss,0.125,0.9848225341252012,COMPLETE,2025-03-29 14:18:10.739399,2025-03-29 14:18:27.141223,16.401824
1930,copulagan,0,condensednn,0,-1.0,ERROR,,,0.0
1931,copulagan,2,onesidedselection,auto,0.984768810218344,COMPLETE,2025-03-29 14:18:43.404625,2025-03-29 14:19:02.347427,18.942802
1932,fastml,0.5,onesidedselection,0.125,0.9848589721253914,COMPLETE,2025-03-29 14:19:02.371957,2025-03-29 14:19:19.648201,17.276244
1933,ctgan,1,editednn,0.25,0.9805539716227228,COMPLETE,2025-03-29 14:19:19.673116,2025-03-29 14:19:37.419118,17.746002
1934,copulagan,auto,random,0.0625,0.9935066489688338,COMPLETE,2025-03-29 14:19:37.435047,2025-03-29 14:19:57.335966,19.900919
1935,gaussiancopula,2,instancehardness,0.0625,0.9848435926094576,COMPLETE,2025-03-29 14:19:57.360979,2025-03-29 14:20:15.857939,18.49696
1936,tvae,0.5,random,auto,0.987038663735101,COMPLETE,2025-03-29 14:20:15.883355,2025-03-29 14:20:33.240995,17.35764
1937,adasyn,1,condensednn,0.5,-1.0,COMPLETE,2025-03-29 14:20:33.266591,2025-03-29 14:20:33.378153,0.111562
1938,tvae,0.25,onesidedselection,0.5,0.9805080849157983,COMPLETE,2025-03-29 14:20:33.402699,2025-03-29 14:20:51.938864,18.536165
1939,gaussiancopula,0,condensednn,auto,0.6203396548154443,COMPLETE,2025-03-29 14:20:51.954888,2025-03-29 14:21:05.684317,13.729429
1940,fastml,2,tomeklinks,0.5,0.9827175859688069,COMPLETE,2025-03-29 14:21:05.712337,2025-03-29 14:21:23.823765,18.111428
1941,ctgan,1,tomeklinks,0,0.9782971627011856,COMPLETE,2025-03-29 14:21:23.848184,2025-03-29 14:21:44.306414,20.45823
1942,smote,0,clustercentroid,0,-1.0,ERROR,,,0.0
1943,gaussiancopula,0.5,nearmiss,0.25,0.9806037080590027,COMPLETE,2025-03-29 14:22:01.990059,2025-03-29 14:22:22.477742,20.487683
1944,adasyn,0.5,random,0,-1.0,COMPLETE,2025-03-29 14:22:22.502032,2025-03-29 14:22:22.604996,0.102964
1945,gaussiancopula,1,condensednn,auto,0.7541065445177416,COMPLETE,2025-03-29 14:22:22.628802,2025-03-29 14:22:36.746038,14.117236
1946,gaussiancopula,0.25,clustercentroid,0.25,0.9870058877332495,COMPLETE,2025-03-29 14:22:36.771485,2025-03-29 14:23:03.247032,26.475547
1947,gaussiancopula,1,tomeklinks,0.0625,0.9848535303080758,COMPLETE,2025-03-29 14:23:03.273709,2025-03-29 14:23:22.277216,19.003507
1948,copulagan,1,instancehardness,auto,0.9870257379972729,COMPLETE,2025-03-29 14:23:22.300350,2025-03-29 14:23:41.906678,19.606328
1949,smote,auto,onesidedselection,0.0625,0.9804990292603718,COMPLETE,2025-03-29 14:23:41.932748,2025-03-29 14:23:55.766150,13.833402
1950,copulagan,2,editednn,0.125,0.9783033686864364,COMPLETE,2025-03-29 14:23:55.790228,2025-03-29 14:24:14.590624,18.800396
1951,random,0.25,random,0.5,0.9891668172659909,COMPLETE,2025-03-29 14:24:14.608869,2025-03-29 14:24:32.412346,17.803477
1952,fastml,auto,editednn,0,0.9847832082520709,COMPLETE,2025-03-29 14:24:32.431459,2025-03-29 14:24:48.651479,16.22002
1953,adasyn,2,nearmiss,0.5,-1.0,COMPLETE,2025-03-29 14:24:48.665500,2025-03-29 14:24:48.764002,0.098502
1954,ctgan,1,editednn,0,0.9782971627011856,COMPLETE,2025-03-29 14:24:48.787652,2025-03-29 14:25:07.246651,18.458999
1955,fastml,0,condensednn,0,-1.0,ERROR,,,0.0
1956,tvae,2,nearmiss,0.25,0.9826747146507947,COMPLETE,2025-03-29 14:25:22.989367,2025-03-29 14:25:40.500265,17.510898
1957,ctgan,0.25,tomeklinks,0.25,0.982663952192812,COMPLETE,2025-03-29 14:25:40.525199,2025-03-29 14:26:01.588163,21.062964
1958,tvae,1,random,0,0.9869457197202036,COMPLETE,2025-03-29 14:26:01.611571,2025-03-29 14:26:19.931784,18.320213
1959,random,0,tomeklinks,0.25,0.984768810218344,COMPLETE,2025-03-29 14:26:19.958818,2025-03-29 14:26:38.054955,18.096137
1960,copulagan,2,tomeklinks,auto,0.9826197196288691,COMPLETE,2025-03-29 14:26:38.070708,2025-03-29 14:27:00.445770,22.375062
1961,copulagan,1,onesidedselection,auto,0.984768810218344,COMPLETE,2025-03-29 14:27:00.470943,2025-03-29 14:27:19.981921,19.510978
1962,fastml,1,tomeklinks,auto,0.9827175859688069,COMPLETE,2025-03-29 14:27:20.017294,2025-03-29 14:27:38.053077,18.035783
1963,copulagan,0.25,instancehardness,0,0.9848186793619221,COMPLETE,2025-03-29 14:27:38.079739,2025-03-29 14:27:57.461463,19.381724
1964,gaussiancopula,1,random,auto,0.98916403461858,COMPLETE,2025-03-29 14:27:57.487659,2025-03-29 14:28:16.908381,19.420722
1965,smote,0.25,clustercentroid,0.25,0.9935066489688338,COMPLETE,2025-03-29 14:28:16.934691,2025-03-29 14:28:42.192839,25.258148
1966,ctgan,0,nearmiss,0.25,0.9892179705155923,COMPLETE,2025-03-29 14:28:42.218338,2025-03-29 14:29:00.390916,18.172578
1967,copulagan,0.25,instancehardness,0.25,0.9870257379972729,COMPLETE,2025-03-29 14:29:00.416140,2025-03-29 14:29:21.880205,21.464065
1968,gaussiancopula,auto,random,0.25,0.98916403461858,COMPLETE,2025-03-29 14:29:21.908177,2025-03-29 14:29:41.079772,19.171595
1969,random,0.25,editednn,auto,0.9849285252035781,COMPLETE,2025-03-29 14:29:41.105720,2025-03-29 14:30:00.501836,19.396116
1970,tvae,auto,clustercentroid,0.125,0.9935064935064936,COMPLETE,2025-03-29 14:30:00.527937,2025-03-29 14:30:24.844917,24.31698
1971,random,0.25,editednn,0.0625,0.9849285252035781,COMPLETE,2025-03-29 14:30:24.869782,2025-03-29 14:30:44.139072,19.26929
1972,fastml,0.25,onesidedselection,0,0.9847832082520709,COMPLETE,2025-03-29 14:30:44.164078,2025-03-29 14:31:01.526106,17.362028
1973,ctgan,1,clustercentroid,0.5,0.9782569445361456,COMPLETE,2025-03-29 14:31:01.543100,2025-03-29 14:31:27.736927,26.193827
1974,random,0.25,onesidedselection,0.25,0.9783747611716287,COMPLETE,2025-03-29 14:31:27.761930,2025-03-29 14:31:43.114894,15.352964
1975,random,2,nearmiss,0.0625,0.984870501399427,COMPLETE,2025-03-29 14:31:43.139914,2025-03-29 14:32:00.944187,17.804273
1976,copulagan,0,clustercentroid,0,-1.0,ERROR,,,0.0
1977,tvae,auto,onesidedselection,0.125,0.9805080849157983,COMPLETE,2025-03-29 14:32:18.174348,2025-03-29 14:32:36.380819,18.206471
1978,copulagan,1,nearmiss,0,0.9848186793619221,COMPLETE,2025-03-29 14:32:36.407165,2025-03-29 14:32:55.947188,19.540023
1979,ctgan,0.25,condensednn,0.125,0.6282040340090724,COMPLETE,2025-03-29 14:32:55.973281,2025-03-29 14:33:11.273144,15.299863
1980,smote,2,random,0.25,0.9891935575896289,COMPLETE,2025-03-29 14:33:11.299534,2025-03-29 14:33:28.411261,17.111727
1981,random,1,condensednn,0.5,0.6002264619994727,COMPLETE,2025-03-29 14:33:28.436590,2025-03-29 14:33:42.114801,13.678211
1982,fastml,1,random,0.125,0.991343141164981,COMPLETE,2025-03-29 14:33:42.133499,2025-03-29 14:34:00.649944,18.516445
1983,random,auto,condensednn,auto,0.6002264619994727,COMPLETE,2025-03-29 14:34:00.664442,2025-03-29 14:34:14.885173,14.220731
1984,smote,0.5,tomeklinks,0.25,0.9805547907596056,COMPLETE,2025-03-29 14:34:14.900787,2025-03-29 14:34:33.851405,18.950618
1985,fastml,0,clustercentroid,0.25,0.9891626891626891,COMPLETE,2025-03-29 14:34:33.880154,2025-03-29 14:34:58.774346,24.894192
1986,copulagan,0.5,onesidedselection,auto,0.984768810218344,COMPLETE,2025-03-29 14:34:58.799517,2025-03-29 14:35:20.294577,21.49506
1987,ctgan,0.25,nearmiss,auto,0.9891604499066595,COMPLETE,2025-03-29 14:35:20.309442,2025-03-29 14:35:41.846636,21.537194
1988,ctgan,0.5,condensednn,0.0625,0.6282040340090724,COMPLETE,2025-03-29 14:35:41.862239,2025-03-29 14:35:56.913160,15.050921
1989,ctgan,0.5,random,auto,0.9891823765397848,COMPLETE,2025-03-29 14:35:56.937048,2025-03-29 14:36:16.994684,20.057636
1990,gaussiancopula,0,onesidedselection,0,-1.0,ERROR,,,0.0
1991,adasyn,1,tomeklinks,0.125,-1.0,COMPLETE,2025-03-29 14:36:33.907059,2025-03-29 14:36:34.022464,0.115405
1992,fastml,0.25,clustercentroid,0.25,0.9848321084847547,COMPLETE,2025-03-29 14:36:34.037583,2025-03-29 14:36:59.583847,25.546264
1993,ctgan,0,nearmiss,0.125,0.9892179705155923,COMPLETE,2025-03-29 14:36:59.619692,2025-03-29 14:37:17.230221,17.610529
1994,smote,1,random,0.0625,0.9891935575896289,COMPLETE,2025-03-29 14:37:17.255065,2025-03-29 14:37:33.890391,16.635326
1995,random,0.25,instancehardness,0.125,0.9891907860322813,COMPLETE,2025-03-29 14:37:33.908238,2025-03-29 14:37:50.024022,16.115784
1996,tvae,1,onesidedselection,0.5,0.9805080849157983,COMPLETE,2025-03-29 14:37:50.038652,2025-03-29 14:38:07.878600,17.839948
1997,copulagan,0.25,condensednn,0.5,0.5906562194317295,COMPLETE,2025-03-29 14:38:07.904450,2025-03-29 14:38:22.804717,14.900267
1998,gaussiancopula,0,tomeklinks,auto,0.984768810218344,COMPLETE,2025-03-29 14:38:22.830528,2025-03-29 14:38:40.364786,17.534258
1999,adasyn,0.5,instancehardness,0.125,-1.0,COMPLETE,2025-03-29 14:38:40.392037,2025-03-29 14:38:40.509804,0.117767
2000,adasyn,0,clustercentroid,0.25,0.9891626891626891,COMPLETE,2025-03-29 14:38:40.533975,2025-03-29 14:39:04.298390,23.764415
2001,adasyn,0.25,editednn,0.0625,-1.0,COMPLETE,2025-03-29 14:39:04.313172,2025-03-29 14:39:04.427784,0.114612
2002,adasyn,1,editednn,0.125,-1.0,COMPLETE,2025-03-29 14:39:04.452016,2025-03-29 14:39:04.557675,0.105659
2003,copulagan,2,onesidedselection,0,0.9848186793619221,COMPLETE,2025-03-29 14:39:04.582306,2025-03-29 14:39:22.649443,18.067137
2004,smote,0.25,nearmiss,0.5,0.9869494027026645,COMPLETE,2025-03-29 14:39:22.673731,2025-03-29 14:39:38.175449,15.501718
2005,random,2,condensednn,0.125,0.6002264619994727,COMPLETE,2025-03-29 14:39:38.200012,2025-03-29 14:39:51.661186,13.461174
2006,smote,auto,random,auto,0.9891935575896289,COMPLETE,2025-03-29 14:39:51.686723,2025-03-29 14:40:08.047057,16.360334
2007,fastml,auto,editednn,0.25,0.971725977129174,COMPLETE,2025-03-29 14:40:08.072306,2025-03-29 14:40:24.242576,16.17027
2008,adasyn,2,onesidedselection,0.25,-1.0,COMPLETE,2025-03-29 14:40:24.265597,2025-03-29 14:40:24.368700,0.103103
2009,gaussiancopula,2,nearmiss,0.0625,0.9806037080590027,COMPLETE,2025-03-29 14:40:24.390935,2025-03-29 14:40:43.024251,18.633316
2010,ctgan,0.25,onesidedselection,0.0625,0.9782982230708627,COMPLETE,2025-03-29 14:40:43.047571,2025-03-29 14:40:59.736243,16.688672
2011,ctgan,auto,tomeklinks,0.0625,0.982663952192812,COMPLETE,2025-03-29 14:40:59.759068,2025-03-29 14:41:19.763876,20.004808
2012,tvae,1,condensednn,0,0.9869457197202036,COMPLETE,2025-03-29 14:41:19.786644,2025-03-29 14:41:36.463668,16.677024
2013,random,1,random,0,0.98916403461858,COMPLETE,2025-03-29 14:41:36.487176,2025-03-29 14:41:52.654883,16.167707
2014,copulagan,1,clustercentroid,0,0.9848186793619221,COMPLETE,2025-03-29 14:41:52.677728,2025-03-29 14:42:09.953564,17.275836
2015,adasyn,auto,nearmiss,0.0625,-1.0,COMPLETE,2025-03-29 14:42:09.977187,2025-03-29 14:42:10.079677,0.10249
2016,random,2,condensednn,0.0625,0.6002264619994727,COMPLETE,2025-03-29 14:42:10.102956,2025-03-29 14:42:22.581663,12.478707
2017,ctgan,0,instancehardness,0.125,0.9763580747443754,COMPLETE,2025-03-29 14:42:22.595910,2025-03-29 14:42:38.464805,15.868895
2018,random,auto,nearmiss,0.25,0.984870501399427,COMPLETE,2025-03-29 14:42:38.489299,2025-03-29 14:42:54.519439,16.03014
2019,random,2,onesidedselection,0.0625,0.9783747611716287,COMPLETE,2025-03-29 14:42:54.543055,2025-03-29 14:43:08.274572,13.731517
2020,adasyn,2,tomeklinks,auto,-1.0,COMPLETE,2025-03-29 14:43:08.298327,2025-03-29 14:43:08.400569,0.102242
2021,fastml,0.25,editednn,0.5,0.971725977129174,COMPLETE,2025-03-29 14:43:08.423522,2025-03-29 14:43:24.542464,16.118942
2022,gaussiancopula,0.25,clustercentroid,0.0625,0.9870058877332495,COMPLETE,2025-03-29 14:43:24.556817,2025-03-29 14:43:48.270158,23.713341
2023,adasyn,0.25,instancehardness,0.5,-1.0,COMPLETE,2025-03-29 14:43:48.293783,2025-03-29 14:43:48.400822,0.107039
2024,adasyn,2,nearmiss,0.0625,-1.0,COMPLETE,2025-03-29 14:43:48.424140,2025-03-29 14:43:48.528677,0.104537
2025,smote,1,tomeklinks,0.25,0.9805547907596056,COMPLETE,2025-03-29 14:43:48.551056,2025-03-29 14:44:05.026808,16.475752
2026,copulagan,0.25,onesidedselection,0.125,0.984768810218344,COMPLETE,2025-03-29 14:44:05.050009,2025-03-29 14:44:22.943510,17.893501
2027,copulagan,0.25,editednn,0,0.9848186793619221,COMPLETE,2025-03-29 14:44:22.966349,2025-03-29 14:44:40.280984,17.314635
2028,smote,0.5,nearmiss,0,0.991343141164981,COMPLETE,2025-03-29 14:44:40.305439,2025-03-29 14:44:57.684971,17.379532
2029,random,1,clustercentroid,0.5,0.9913285367830823,COMPLETE,2025-03-29 14:44:57.708621,2025-03-29 14:45:20.800418,23.091797
2030,smote,2,tomeklinks,0.5,0.9805547907596056,COMPLETE,2025-03-29 14:45:20.825467,2025-03-29 14:45:37.217665,16.392198
2031,fastml,0.5,editednn,0.25,0.971725977129174,COMPLETE,2025-03-29 14:45:37.240742,2025-03-29 14:45:53.195488,15.954746
2032,random,auto,instancehardness,auto,0.9891907860322813,COMPLETE,2025-03-29 14:45:53.218899,2025-03-29 14:46:08.107092,14.888193
2033,random,0.5,clustercentroid,0,0.98916403461858,COMPLETE,2025-03-29 14:46:08.131547,2025-03-29 14:46:24.483341,16.351794
2034,tvae,0.25,random,auto,0.987038663735101,COMPLETE,2025-03-29 14:46:24.507016,2025-03-29 14:46:40.000492,15.493476
2035,ctgan,1,instancehardness,0.5,0.9892084292555944,COMPLETE,2025-03-29 14:46:40.023445,2025-03-29 14:46:59.606359,19.582914
2036,ctgan,0,editednn,auto,0.9784313187068703,COMPLETE,2025-03-29 14:46:59.630367,2025-03-29 14:47:14.596637,14.96627
2037,fastml,1,nearmiss,0.5,0.9848225341252012,COMPLETE,2025-03-29 14:47:14.619852,2025-03-29 14:47:30.626982,16.00713
2038,gaussiancopula,0.25,condensednn,0.25,0.7541065445177416,COMPLETE,2025-03-29 14:47:30.649985,2025-03-29 14:47:43.924187,13.274202
2039,ctgan,0.5,instancehardness,auto,0.9892084292555944,COMPLETE,2025-03-29 14:47:43.947454,2025-03-29 14:48:03.631004,19.68355
2040,fastml,1,editednn,0.25,0.971725977129174,COMPLETE,2025-03-29 14:48:03.654109,2025-03-29 14:48:19.687060,16.032951
2041,gaussiancopula,0,instancehardness,0.125,0.9763580747443754,COMPLETE,2025-03-29 14:48:19.709825,2025-03-29 14:48:35.601818,15.891993
2042,adasyn,auto,onesidedselection,0.5,-1.0,COMPLETE,2025-03-29 14:48:35.625214,2025-03-29 14:48:35.726665,0.101451
2043,ctgan,2,editednn,0.0625,0.9805539716227228,COMPLETE,2025-03-29 14:48:35.750168,2025-03-29 14:48:52.284571,16.534403
2044,ctgan,0,onesidedselection,0.5,0.9783357579867517,COMPLETE,2025-03-29 14:48:52.299292,2025-03-29 14:49:06.166122,13.86683
2045,adasyn,0,random,0,-1.0,ERROR,,,0.0
2046,ctgan,auto,tomeklinks,0.125,0.982663952192812,COMPLETE,2025-03-29 14:49:21.462707,2025-03-29 14:49:41.437628,19.974921
2047,fastml,0.25,editednn,0.125,0.971725977129174,COMPLETE,2025-03-29 14:49:41.460968,2025-03-29 14:49:57.629728,16.16876
2048,smote,1,instancehardness,0.5,0.9870488319531496,COMPLETE,2025-03-29 14:49:57.652907,2025-03-29 14:50:14.709288,17.056381
2049,smote,0.25,random,0.25,0.9891935575896289,COMPLETE,2025-03-29 14:50:14.732284,2025-03-29 14:50:29.986162,15.253878
2050,copulagan,0,nearmiss,0.25,0.9892179705155923,COMPLETE,2025-03-29 14:50:30.009307,2025-03-29 14:50:46.326156,16.316849
2051,copulagan,1,editednn,0.25,0.9783033686864364,COMPLETE,2025-03-29 14:50:46.350567,2025-03-29 14:51:04.428439,18.077872
2052,gaussiancopula,0,nearmiss,0.25,0.9892179705155923,COMPLETE,2025-03-29 14:51:04.451469,2025-03-29 14:51:20.864350,16.412881
2053,smote,2,clustercentroid,0.5,0.9935066489688338,COMPLETE,2025-03-29 14:51:20.878903,2025-03-29 14:51:43.460094,22.581191
2054,gaussiancopula,0.25,clustercentroid,0,0.9913421468043316,COMPLETE,2025-03-29 14:51:43.483405,2025-03-29 14:51:58.931160,15.447755
2055,fastml,auto,condensednn,0.5,0.6002126634042212,COMPLETE,2025-03-29 14:51:58.954933,2025-03-29 14:52:12.088929,13.133996
2056,tvae,0,instancehardness,auto,0.9763580747443754,COMPLETE,2025-03-29 14:52:12.113648,2025-03-29 14:52:27.949723,15.836075
2057,random,auto,clustercentroid,0.5,0.9913285367830823,COMPLETE,2025-03-29 14:52:27.973785,2025-03-29 14:52:50.383589,22.409804
2058,fastml,0.25,condensednn,0.25,0.6002126634042212,COMPLETE,2025-03-29 14:52:50.406512,2025-03-29 14:53:03.520423,13.113911
2059,adasyn,0.25,clustercentroid,0.0625,-1.0,COMPLETE,2025-03-29 14:53:03.543205,2025-03-29 14:53:03.644148,0.100943
2060,tvae,0.5,random,0.0625,0.987038663735101,COMPLETE,2025-03-29 14:53:03.666876,2025-03-29 14:53:19.146015,15.479139
2061,fastml,0.25,instancehardness,0.5,0.9848239453080575,COMPLETE,2025-03-29 14:53:19.169001,2025-03-29 14:53:35.926144,16.757143
2062,copulagan,2,random,0.25,0.9935066489688338,COMPLETE,2025-03-29 14:53:35.949419,2025-03-29 14:53:53.755056,17.805637
2063,ctgan,2,tomeklinks,0,0.9782971627011856,COMPLETE,2025-03-29 14:53:53.778613,2025-03-29 14:54:11.477056,17.698443
2064,ctgan,2,clustercentroid,auto,0.9782569445361456,COMPLETE,2025-03-29 14:54:11.500139,2025-03-29 14:54:35.274638,23.774499
2065,adasyn,2,editednn,auto,-1.0,COMPLETE,2025-03-29 14:54:35.298039,2025-03-29 14:54:35.400024,0.101985
2066,smote,0.5,instancehardness,0.0625,0.9870488319531496,COMPLETE,2025-03-29 14:54:35.422653,2025-03-29 14:54:52.016976,16.594323
2067,gaussiancopula,1,instancehardness,0.125,0.9848435926094576,COMPLETE,2025-03-29 14:54:52.040817,2025-03-29 14:55:08.650399,16.609582
2068,ctgan,auto,clustercentroid,0.5,0.9782569445361456,COMPLETE,2025-03-29 14:55:08.674027,2025-03-29 14:55:32.399838,23.725811
2069,tvae,0.5,instancehardness,0.25,0.9826641023852425,COMPLETE,2025-03-29 14:55:32.422767,2025-03-29 14:55:49.822711,17.399944
2070,gaussiancopula,0.5,condensednn,0.0625,0.7541065445177416,COMPLETE,2025-03-29 14:55:49.846647,2025-03-29 14:56:02.937021,13.090374
2071,fastml,auto,clustercentroid,0.125,0.9848321084847547,COMPLETE,2025-03-29 14:56:02.950874,2025-03-29 14:56:26.504043,23.553169
2072,random,0.5,condensednn,auto,0.6002264619994727,COMPLETE,2025-03-29 14:56:26.517568,2025-03-29 14:56:39.017260,12.499692
2073,adasyn,0,random,auto,0.993502999650116,COMPLETE,2025-03-29 14:56:39.041730,2025-03-29 14:56:56.069980,17.02825
2074,tvae,1,editednn,0.25,0.9827173545952453,COMPLETE,2025-03-29 14:56:56.093142,2025-03-29 14:57:13.103721,17.010579
2075,adasyn,1,clustercentroid,0.125,-1.0,COMPLETE,2025-03-29 14:57:13.117744,2025-03-29 14:57:13.217683,0.099939
2076,random,0,condensednn,0.0625,0.6203396548154443,COMPLETE,2025-03-29 14:57:13.240510,2025-03-29 14:57:25.341939,12.101429
2077,copulagan,auto,instancehardness,0.5,0.9870257379972729,COMPLETE,2025-03-29 14:57:25.364393,2025-03-29 14:57:43.711913,18.34752
2078,smote,1,tomeklinks,0.125,0.9805547907596056,COMPLETE,2025-03-29 14:57:43.735444,2025-03-29 14:58:00.165319,16.429875
2079,adasyn,1,nearmiss,0,-1.0,COMPLETE,2025-03-29 14:58:00.188992,2025-03-29 14:58:00.293920,0.104928
2080,adasyn,auto,onesidedselection,0,-1.0,COMPLETE,2025-03-29 14:58:00.316583,2025-03-29 14:58:00.420375,0.103792
2081,tvae,0.25,clustercentroid,0.125,0.9935064935064936,COMPLETE,2025-03-29 14:58:00.444020,2025-03-29 14:58:22.577313,22.133293
2082,copulagan,0,instancehardness,auto,0.9763580747443754,COMPLETE,2025-03-29 14:58:22.601124,2025-03-29 14:58:38.154033,15.552909
2083,copulagan,0.5,editednn,0.5,0.9783033686864364,COMPLETE,2025-03-29 14:58:38.177811,2025-03-29 14:58:56.313924,18.136113
2084,smote,0.25,instancehardness,0.125,0.9870488319531496,COMPLETE,2025-03-29 14:58:56.337354,2025-03-29 14:59:13.009409,16.672055
2085,tvae,0.25,nearmiss,0.0625,0.9826747146507947,COMPLETE,2025-03-29 14:59:13.032263,2025-03-29 14:59:29.944097,16.911834
2086,smote,0.25,instancehardness,0,0.991343141164981,COMPLETE,2025-03-29 14:59:29.966820,2025-03-29 14:59:47.119224,17.152404
2087,copulagan,1,editednn,0,0.9848186793619221,COMPLETE,2025-03-29 14:59:47.142948,2025-03-29 15:00:04.480810,17.337862
2088,smote,0.5,tomeklinks,0.5,0.9805547907596056,COMPLETE,2025-03-29 15:00:04.505972,2025-03-29 15:00:21.045716,16.539744
2089,tvae,auto,clustercentroid,0.5,0.9935064935064936,COMPLETE,2025-03-29 15:00:21.073510,2025-03-29 15:00:43.357685,22.284175
2090,smote,0.25,nearmiss,0.125,0.9869494027026645,COMPLETE,2025-03-29 15:00:43.388341,2025-03-29 15:00:57.809971,14.42163
2091,copulagan,1,random,auto,0.9935066489688338,COMPLETE,2025-03-29 15:00:57.833457,2025-03-29 15:01:15.651610,17.818153
2092,ctgan,1,random,0.25,0.9891823765397848,COMPLETE,2025-03-29 15:01:15.674397,2025-03-29 15:01:33.022731,17.348334
2093,adasyn,0.25,nearmiss,auto,-1.0,COMPLETE,2025-03-29 15:01:33.046040,2025-03-29 15:01:33.150015,0.103975
2094,adasyn,0,editednn,0.0625,0.9784313187068703,COMPLETE,2025-03-29 15:01:33.172530,2025-03-29 15:01:48.374280,15.20175
2095,random,0.5,tomeklinks,0.5,0.9848926054293577,COMPLETE,2025-03-29 15:01:48.397051,2025-03-29 15:02:04.416207,16.019156
2096,adasyn,1,onesidedselection,auto,-1.0,COMPLETE,2025-03-29 15:02:04.439179,2025-03-29 15:02:04.542652,0.103473
2097,gaussiancopula,0.25,nearmiss,0.25,0.9806037080590027,COMPLETE,2025-03-29 15:02:04.566311,2025-03-29 15:02:22.958008,18.391697
2098,ctgan,0,tomeklinks,0.25,0.984768810218344,COMPLETE,2025-03-29 15:02:22.981200,2025-03-29 15:02:38.737809,15.756609
2099,gaussiancopula,0.5,clustercentroid,0.0625,0.9870058877332495,COMPLETE,2025-03-29 15:02:38.761710,2025-03-29 15:03:02.371291,23.609581
2100,ctgan,2,instancehardness,0.5,0.9892084292555944,COMPLETE,2025-03-29 15:03:02.394969,2025-03-29 15:03:22.017691,19.622722
2101,smote,0.25,clustercentroid,0,0.991343141164981,COMPLETE,2025-03-29 15:03:22.039335,2025-03-29 15:03:39.413381,17.374046
2102,tvae,0,nearmiss,0,-1.0,ERROR,,,0.0
2103,ctgan,0,editednn,0.0625,0.9784313187068703,COMPLETE,2025-03-29 15:03:54.693662,2025-03-29 15:04:10.657508,15.963846
2104,tvae,0.5,nearmiss,0.0625,0.9826747146507947,COMPLETE,2025-03-29 15:04:10.684351,2025-03-29 15:04:28.960394,18.276043
2105,fastml,0.25,clustercentroid,0.5,0.9848321084847547,COMPLETE,2025-03-29 15:04:28.984500,2025-03-29 15:04:52.769932,23.785432
2106,random,0.5,clustercentroid,auto,0.9913285367830823,COMPLETE,2025-03-29 15:04:52.793363,2025-03-29 15:05:16.656414,23.863051
2107,smote,0.25,random,0,0.991343141164981,COMPLETE,2025-03-29 15:05:16.681733,2025-03-29 15:05:34.499805,17.818072
2108,adasyn,0,condensednn,auto,0.6203396548154443,COMPLETE,2025-03-29 15:05:34.524194,2025-03-29 15:05:46.862682,12.338488
2109,smote,0,condensednn,0.25,0.6203396548154443,COMPLETE,2025-03-29 15:05:46.886996,2025-03-29 15:05:59.228151,12.341155
2110,tvae,0.5,nearmiss,auto,0.9826747146507947,COMPLETE,2025-03-29 15:05:59.252469,2025-03-29 15:06:16.626602,17.374133
2111,tvae,0.5,condensednn,0.5,0.5908175895849778,COMPLETE,2025-03-29 15:06:16.651794,2025-03-29 15:06:29.033146,12.381352
2112,copulagan,1,random,0.0625,0.9935066489688338,COMPLETE,2025-03-29 15:06:29.057983,2025-03-29 15:06:47.968242,18.910259
2113,smote,1,condensednn,0.5,0.613993656688675,COMPLETE,2025-03-29 15:06:47.992676,2025-03-29 15:07:00.178636,12.18596
2114,smote,0.5,onesidedselection,0,0.991343141164981,COMPLETE,2025-03-29 15:07:00.202785,2025-03-29 15:07:18.037663,17.834878
2115,tvae,1,onesidedselection,0.25,0.9805080849157983,COMPLETE,2025-03-29 15:07:18.061557,2025-03-29 15:07:34.514084,16.452527
2116,tvae,2,tomeklinks,auto,0.9805245259790715,COMPLETE,2025-03-29 15:07:34.538355,2025-03-29 15:07:54.177993,19.639638
2117,fastml,auto,editednn,0.5,0.971725977129174,COMPLETE,2025-03-29 15:07:54.202509,2025-03-29 15:08:10.778069,16.57556
2118,ctgan,0.5,nearmiss,0.0625,0.9891604499066595,COMPLETE,2025-03-29 15:08:10.802192,2025-03-29 15:08:30.318446,19.516254
2119,random,1,clustercentroid,0,0.98916403461858,COMPLETE,2025-03-29 15:08:30.333933,2025-03-29 15:08:47.139532,16.805599
2120,random,0.25,clustercentroid,0.25,0.9913285367830823,COMPLETE,2025-03-29 15:08:47.163003,2025-03-29 15:09:10.131653,22.96865
2121,adasyn,auto,editednn,auto,-1.0,COMPLETE,2025-03-29 15:09:10.147103,2025-03-29 15:09:10.268705,0.121602
2122,ctgan,0.5,clustercentroid,0.25,0.9782569445361456,COMPLETE,2025-03-29 15:09:10.284398,2025-03-29 15:09:34.931406,24.647008
2123,copulagan,auto,nearmiss,0,0.9848186793619221,COMPLETE,2025-03-29 15:09:34.946953,2025-03-29 15:09:52.698352,17.751399
2124,ctgan,0,random,0.25,0.993502999650116,COMPLETE,2025-03-29 15:09:52.721435,2025-03-29 15:10:09.743504,17.022069
2125,gaussiancopula,0.5,onesidedselection,0.25,0.9783653319196244,COMPLETE,2025-03-29 15:10:09.767073,2025-03-29 15:10:25.623817,15.856744
2126,smote,2,clustercentroid,0,0.991343141164981,COMPLETE,2025-03-29 15:10:25.647770,2025-03-29 15:10:43.616201,17.968431
2127,fastml,1,condensednn,auto,0.6002126634042212,COMPLETE,2025-03-29 15:10:43.640219,2025-03-29 15:10:56.926091,13.285872
2128,gaussiancopula,auto,clustercentroid,0.0625,0.9870058877332495,COMPLETE,2025-03-29 15:10:56.950109,2025-03-29 15:11:20.597882,23.647773
2129,ctgan,0.25,tomeklinks,0.125,0.982663952192812,COMPLETE,2025-03-29 15:11:20.622969,2025-03-29 15:11:40.757017,20.134048
2130,fastml,0.5,clustercentroid,0.0625,0.9848321084847547,COMPLETE,2025-03-29 15:11:40.770968,2025-03-29 15:12:04.652990,23.882022
2131,smote,auto,tomeklinks,0.25,0.9805547907596056,COMPLETE,2025-03-29 15:12:04.676356,2025-03-29 15:12:21.553927,16.877571
2132,ctgan,auto,onesidedselection,0.125,0.9782982230708627,COMPLETE,2025-03-29 15:12:21.577808,2025-03-29 15:12:38.549842,16.972034
2133,fastml,1,editednn,0,0.9847832082520709,COMPLETE,2025-03-29 15:12:38.573995,2025-03-29 15:12:54.631458,16.057463
2134,fastml,auto,condensednn,0.25,0.6002126634042212,COMPLETE,2025-03-29 15:12:54.646167,2025-03-29 15:13:08.121634,13.475467
2135,fastml,0,nearmiss,auto,0.9892179705155923,COMPLETE,2025-03-29 15:13:08.137139,2025-03-29 15:13:24.865129,16.72799
2136,ctgan,auto,clustercentroid,0.0625,0.9782569445361456,COMPLETE,2025-03-29 15:13:24.888316,2025-03-29 15:13:49.364869,24.476553
2137,ctgan,auto,editednn,0.0625,0.9805539716227228,COMPLETE,2025-03-29 15:13:49.388346,2025-03-29 15:14:06.804041,17.415695
2138,ctgan,1,instancehardness,0.25,0.9892084292555944,COMPLETE,2025-03-29 15:14:06.818405,2025-03-29 15:14:27.509483,20.691078
2139,gaussiancopula,1,condensednn,0,0.9913421468043316,COMPLETE,2025-03-29 15:14:27.535268,2025-03-29 15:14:43.627968,16.0927
2140,adasyn,2,editednn,0.0625,-1.0,COMPLETE,2025-03-29 15:14:43.654707,2025-03-29 15:14:43.769603,0.114896
2141,fastml,0.25,instancehardness,0.0625,0.9848239453080575,COMPLETE,2025-03-29 15:14:43.793139,2025-03-29 15:15:01.253889,17.46075
2142,gaussiancopula,1,condensednn,0.25,0.7541065445177416,COMPLETE,2025-03-29 15:15:01.278135,2025-03-29 15:15:14.779464,13.501329
2143,adasyn,2,random,0,-1.0,COMPLETE,2025-03-29 15:15:14.794326,2025-03-29 15:15:14.907271,0.112945
2144,smote,2,clustercentroid,0.125,0.9935066489688338,COMPLETE,2025-03-29 15:15:14.931485,2025-03-29 15:15:38.112831,23.181346
2145,gaussiancopula,0.25,condensednn,0.5,0.7541065445177416,COMPLETE,2025-03-29 15:15:38.138144,2025-03-29 15:15:51.549990,13.411846
2146,fastml,auto,nearmiss,0.25,0.9848225341252012,COMPLETE,2025-03-29 15:15:51.574647,2025-03-29 15:16:07.804352,16.229705
2147,gaussiancopula,auto,nearmiss,0.25,0.9806037080590027,COMPLETE,2025-03-29 15:16:07.828986,2025-03-29 15:16:27.045893,19.216907
2148,adasyn,2,onesidedselection,0.0625,-1.0,COMPLETE,2025-03-29 15:16:27.070108,2025-03-29 15:16:27.178895,0.108787
2149,gaussiancopula,0.25,onesidedselection,auto,0.9783653319196244,COMPLETE,2025-03-29 15:16:27.203368,2025-03-29 15:16:42.996714,15.793346
2150,copulagan,0,editednn,0.25,0.9784313187068703,COMPLETE,2025-03-29 15:16:43.020521,2025-03-29 15:16:58.517834,15.497313
2151,adasyn,1,clustercentroid,0.5,-1.0,COMPLETE,2025-03-29 15:16:58.542169,2025-03-29 15:16:58.651058,0.108889
2152,random,0,condensednn,0.125,0.6203396548154443,COMPLETE,2025-03-29 15:16:58.664614,2025-03-29 15:17:11.271086,12.606472
2153,fastml,0,editednn,0.125,0.9784313187068703,COMPLETE,2025-03-29 15:17:11.294941,2025-03-29 15:17:26.917192,15.622251
2154,gaussiancopula,0.25,random,auto,0.98916403461858,COMPLETE,2025-03-29 15:17:26.941179,2025-03-29 15:17:45.367324,18.426145
2155,gaussiancopula,2,condensednn,0.25,0.7541065445177416,COMPLETE,2025-03-29 15:17:45.392928,2025-03-29 15:17:59.608083,14.215155
2156,tvae,1,nearmiss,auto,0.9826747146507947,COMPLETE,2025-03-29 15:17:59.633179,2025-03-29 15:18:17.161228,17.528049
2157,adasyn,0.25,instancehardness,0.125,-1.0,COMPLETE,2025-03-29 15:18:17.185042,2025-03-29 15:18:17.295234,0.110192
2158,copulagan,2,onesidedselection,0.5,0.984768810218344,COMPLETE,2025-03-29 15:18:17.319042,2025-03-29 15:18:35.594258,18.275216
2159,ctgan,0.5,nearmiss,0,0.9782971627011856,COMPLETE,2025-03-29 15:18:35.611240,2025-03-29 15:18:53.957798,18.346558
2160,random,0,editednn,0.0625,0.9784313187068703,COMPLETE,2025-03-29 15:18:53.974228,2025-03-29 15:19:09.621012,15.646784
2161,gaussiancopula,0.25,nearmiss,0,0.9913421468043316,COMPLETE,2025-03-29 15:19:09.649765,2025-03-29 15:19:25.874061,16.224296
2162,fastml,0.25,editednn,0,0.9847832082520709,COMPLETE,2025-03-29 15:19:25.900712,2025-03-29 15:19:42.862418,16.961706
2163,random,2,condensednn,auto,0.6002264619994727,COMPLETE,2025-03-29 15:19:42.886116,2025-03-29 15:19:56.459394,13.573278
2164,adasyn,2,onesidedselection,auto,-1.0,COMPLETE,2025-03-29 15:19:56.483084,2025-03-29 15:19:56.599993,0.116909
2165,tvae,0.25,random,0.5,0.987038663735101,COMPLETE,2025-03-29 15:19:56.623339,2025-03-29 15:20:13.132654,16.509315
2166,tvae,2,random,auto,0.987038663735101,COMPLETE,2025-03-29 15:20:13.157776,2025-03-29 15:20:29.706964,16.549188
2167,tvae,0.25,condensednn,0.0625,0.5908175895849778,COMPLETE,2025-03-29 15:20:29.730898,2025-03-29 15:20:41.965312,12.234414
2168,copulagan,2,nearmiss,auto,0.9848362611804578,COMPLETE,2025-03-29 15:20:41.989354,2025-03-29 15:20:58.677661,16.688307
2169,fastml,0,editednn,0,-1.0,ERROR,,,0.0
2170,random,2,random,0.0625,0.9891668172659909,COMPLETE,2025-03-29 15:21:15.018676,2025-03-29 15:21:33.095436,18.07676
2171,fastml,1,tomeklinks,0.5,0.9827175859688069,COMPLETE,2025-03-29 15:21:33.119368,2025-03-29 15:21:49.536991,16.417623
2172,ctgan,0,random,0.125,0.993502999650116,COMPLETE,2025-03-29 15:21:49.560653,2025-03-29 15:22:06.777478,17.216825
2173,fastml,0.25,random,0.125,0.991343141164981,COMPLETE,2025-03-29 15:22:06.802929,2025-03-29 15:22:23.994784,17.191855
2174,smote,2,onesidedselection,0,0.991343141164981,COMPLETE,2025-03-29 15:22:24.018712,2025-03-29 15:22:42.037453,18.018741
2175,fastml,2,onesidedselection,0.0625,0.9848589721253914,COMPLETE,2025-03-29 15:22:42.061309,2025-03-29 15:22:58.723928,16.662619
2176,fastml,auto,clustercentroid,0.0625,0.9848321084847547,COMPLETE,2025-03-29 15:22:58.749757,2025-03-29 15:23:23.667163,24.917406
2177,smote,1,condensednn,auto,0.613993656688675,COMPLETE,2025-03-29 15:23:23.691133,2025-03-29 15:23:36.042190,12.351057
2178,adasyn,0.5,editednn,0,-1.0,COMPLETE,2025-03-29 15:23:36.067785,2025-03-29 15:23:36.182191,0.114406
2179,random,0.5,onesidedselection,0,0.98916403461858,COMPLETE,2025-03-29 15:23:36.207289,2025-03-29 15:23:53.342688,17.135399
2180,ctgan,1,nearmiss,0.25,0.9891604499066595,COMPLETE,2025-03-29 15:23:53.367274,2025-03-29 15:24:13.325017,19.957743
2181,adasyn,1,editednn,auto,-1.0,COMPLETE,2025-03-29 15:24:13.339634,2025-03-29 15:24:13.445416,0.105782
2182,fastml,0,nearmiss,0.25,0.9892179705155923,COMPLETE,2025-03-29 15:24:13.469418,2025-03-29 15:24:30.575418,17.106
2183,random,1,instancehardness,0.0625,0.9891907860322813,COMPLETE,2025-03-29 15:24:30.600993,2025-03-29 15:24:46.489491,15.888498
2184,fastml,2,tomeklinks,0.25,0.9827175859688069,COMPLETE,2025-03-29 15:24:46.514756,2025-03-29 15:25:03.507236,16.99248
2185,fastml,0.25,clustercentroid,0.125,0.9848321084847547,COMPLETE,2025-03-29 15:25:03.534318,2025-03-29 15:25:28.285021,24.750703
2186,random,0.5,editednn,0.0625,0.9849285252035781,COMPLETE,2025-03-29 15:25:28.310012,2025-03-29 15:25:46.474789,18.164777
2187,copulagan,0,editednn,0.5,0.9784313187068703,COMPLETE,2025-03-29 15:25:46.498344,2025-03-29 15:26:02.383781,15.885437
2188,smote,2,editednn,auto,0.9848822012062426,COMPLETE,2025-03-29 15:26:02.397636,2025-03-29 15:26:18.207708,15.810072
2189,adasyn,auto,condensednn,auto,-1.0,COMPLETE,2025-03-29 15:26:18.232181,2025-03-29 15:26:18.341357,0.109176
2190,adasyn,auto,condensednn,0.25,-1.0,COMPLETE,2025-03-29 15:26:18.364976,2025-03-29 15:26:18.474200,0.109224
2191,copulagan,1,clustercentroid,0.0625,0.9739098244963075,COMPLETE,2025-03-29 15:26:18.497674,2025-03-29 15:26:44.734442,26.236768
2192,tvae,1,editednn,0,0.9869457197202036,COMPLETE,2025-03-29 15:26:44.759627,2025-03-29 15:27:02.712359,17.952732
2193,copulagan,2,random,0,0.9848186793619221,COMPLETE,2025-03-29 15:27:02.739989,2025-03-29 15:27:20.522503,17.782514
2194,tvae,0.5,onesidedselection,0,0.9869457197202036,COMPLETE,2025-03-29 15:27:20.539659,2025-03-29 15:27:37.755351,17.215692
2195,random,auto,tomeklinks,0.5,0.9848926054293577,COMPLETE,2025-03-29 15:27:37.779462,2025-03-29 15:27:54.755900,16.976438
2196,random,0,onesidedselection,0.0625,0.9783357579867517,COMPLETE,2025-03-29 15:27:54.780079,2025-03-29 15:28:09.009846,14.229767
2197,adasyn,0.5,condensednn,0.125,-1.0,COMPLETE,2025-03-29 15:28:09.034091,2025-03-29 15:28:09.145232,0.111141
2198,random,2,tomeklinks,auto,0.9848926054293577,COMPLETE,2025-03-29 15:28:09.169049,2025-03-29 15:28:25.901612,16.732563
2199,random,auto,condensednn,0.5,0.6002264619994727,COMPLETE,2025-03-29 15:28:25.925486,2025-03-29 15:28:38.828263,12.902777
2200,gaussiancopula,0.25,instancehardness,0.125,0.9848435926094576,COMPLETE,2025-03-29 15:28:38.851986,2025-03-29 15:28:56.263506,17.41152
2201,copulagan,0.5,onesidedselection,0.5,0.984768810218344,COMPLETE,2025-03-29 15:28:56.277656,2025-03-29 15:29:15.807602,19.529946
2202,random,0,onesidedselection,0.25,0.9783357579867517,COMPLETE,2025-03-29 15:29:15.835456,2025-03-29 15:29:31.551690,15.716234
2203,fastml,1,clustercentroid,auto,0.9848321084847547,COMPLETE,2025-03-29 15:29:31.566266,2025-03-29 15:29:56.457104,24.890838
2204,gaussiancopula,0,clustercentroid,0.125,0.9891626891626891,COMPLETE,2025-03-29 15:29:56.480816,2025-03-29 15:30:19.492607,23.011791
2205,fastml,0.5,random,0,0.9847832082520709,COMPLETE,2025-03-29 15:30:19.507217,2025-03-29 15:30:35.890885,16.383668
2206,adasyn,auto,nearmiss,0,-1.0,COMPLETE,2025-03-29 15:30:35.904788,2025-03-29 15:30:36.014484,0.109696
2207,adasyn,0.25,condensednn,0.25,-1.0,COMPLETE,2025-03-29 15:30:36.038187,2025-03-29 15:30:36.148362,0.110175
2208,fastml,2,onesidedselection,0.125,0.9848589721253914,COMPLETE,2025-03-29 15:30:36.172276,2025-03-29 15:30:52.541143,16.368867
2209,fastml,0,instancehardness,0.5,0.9763580747443754,COMPLETE,2025-03-29 15:30:52.564988,2025-03-29 15:31:09.131875,16.566887
2210,gaussiancopula,0.5,tomeklinks,auto,0.9848535303080758,COMPLETE,2025-03-29 15:31:09.156026,2025-03-29 15:31:27.764772,18.608746
2211,copulagan,2,clustercentroid,0.5,0.9739098244963075,COMPLETE,2025-03-29 15:31:27.788778,2025-03-29 15:31:53.235066,25.446288
2212,adasyn,0,onesidedselection,0,-1.0,ERROR,,,0.0
2213,adasyn,auto,random,0.25,-1.0,COMPLETE,2025-03-29 15:32:09.086951,2025-03-29 15:32:09.195910,0.108959
2214,adasyn,0.25,nearmiss,0.5,-1.0,COMPLETE,2025-03-29 15:32:09.220043,2025-03-29 15:32:09.333339,0.113296
2215,tvae,2,clustercentroid,0.25,0.9935064935064936,COMPLETE,2025-03-29 15:32:09.357473,2025-03-29 15:32:32.362249,23.004776
2216,copulagan,auto,tomeklinks,0.125,0.9826197196288691,COMPLETE,2025-03-29 15:32:32.387485,2025-03-29 15:32:52.795879,20.408394
2217,ctgan,0.25,onesidedselection,0,0.9782971627011856,COMPLETE,2025-03-29 15:32:52.820540,2025-03-29 15:33:11.804428,18.983888
2218,smote,auto,nearmiss,auto,0.9869494027026645,COMPLETE,2025-03-29 15:33:11.831367,2025-03-29 15:33:27.556653,15.725286
2219,smote,0.5,instancehardness,0.125,0.9870488319531496,COMPLETE,2025-03-29 15:33:27.571543,2025-03-29 15:33:45.401957,17.830414
2220,gaussiancopula,2,condensednn,auto,0.7541065445177416,COMPLETE,2025-03-29 15:33:45.425899,2025-03-29 15:33:59.041690,13.615791
2221,copulagan,1,nearmiss,0.0625,0.9848362611804578,COMPLETE,2025-03-29 15:33:59.067003,2025-03-29 15:34:15.831941,16.764938
2222,fastml,1,instancehardness,auto,0.9848239453080575,COMPLETE,2025-03-29 15:34:15.856264,2025-03-29 15:34:33.569709,17.713445
2223,gaussiancopula,0.25,nearmiss,0.5,0.9806037080590027,COMPLETE,2025-03-29 15:34:33.595094,2025-03-29 15:34:52.689259,19.094165
2224,fastml,0,condensednn,0.25,0.6203396548154443,COMPLETE,2025-03-29 15:34:52.713837,2025-03-29 15:35:05.457537,12.7437
2225,smote,0.5,onesidedselection,0.125,0.9804990292603718,COMPLETE,2025-03-29 15:35:05.483486,2025-03-29 15:35:19.480438,13.996952
2226,ctgan,1,tomeklinks,0.125,0.982663952192812,COMPLETE,2025-03-29 15:35:19.505565,2025-03-29 15:35:40.201558,20.695993
2227,adasyn,2,nearmiss,0.25,-1.0,COMPLETE,2025-03-29 15:35:40.225910,2025-03-29 15:35:40.343906,0.117996
2228,copulagan,0.25,clustercentroid,0.125,0.9739098244963075,COMPLETE,2025-03-29 15:35:40.368531,2025-03-29 15:36:05.936015,25.567484
2229,adasyn,2,instancehardness,0,-1.0,COMPLETE,2025-03-29 15:36:05.959990,2025-03-29 15:36:06.066821,0.106831
2230,fastml,1,tomeklinks,0.25,0.9827175859688069,COMPLETE,2025-03-29 15:36:06.090298,2025-03-29 15:36:23.282404,17.192106
2231,smote,1,clustercentroid,auto,0.9935066489688338,COMPLETE,2025-03-29 15:36:23.306394,2025-03-29 15:36:46.364660,23.058266
2232,adasyn,1,onesidedselection,0,-1.0,COMPLETE,2025-03-29 15:36:46.396494,2025-03-29 15:36:46.588390,0.191896
2233,tvae,0.5,nearmiss,0,0.9869457197202036,COMPLETE,2025-03-29 15:36:46.617116,2025-03-29 15:37:03.960902,17.343786
2234,copulagan,0.25,condensednn,0.125,0.5906562194317295,COMPLETE,2025-03-29 15:37:03.984877,2025-03-29 15:37:18.132331,14.147454
2235,adasyn,0,tomeklinks,0.125,0.984768810218344,COMPLETE,2025-03-29 15:37:18.157129,2025-03-29 15:37:34.676782,16.519653
2236,random,0.25,clustercentroid,0.5,0.9913285367830823,COMPLETE,2025-03-29 15:37:34.700826,2025-03-29 15:37:57.857809,23.156983
2237,adasyn,auto,instancehardness,0,-1.0,COMPLETE,2025-03-29 15:37:57.881963,2025-03-29 15:37:57.992298,0.110335
2238,fastml,2,nearmiss,0.125,0.9848225341252012,COMPLETE,2025-03-29 15:37:58.015526,2025-03-29 15:38:14.401639,16.386113
2239,tvae,auto,random,0,0.9869457197202036,COMPLETE,2025-03-29 15:38:14.425790,2025-03-29 15:38:31.791174,17.365384
2240,gaussiancopula,0.25,onesidedselection,0.125,0.9783653319196244,COMPLETE,2025-03-29 15:38:31.815143,2025-03-29 15:38:48.119788,16.304645
2241,tvae,auto,condensednn,0,0.9869457197202036,COMPLETE,2025-03-29 15:38:48.143755,2025-03-29 15:39:05.658100,17.514345
2242,copulagan,auto,nearmiss,0.5,0.9848362611804578,COMPLETE,2025-03-29 15:39:05.683069,2025-03-29 15:39:22.113088,16.430019
2243,adasyn,0.25,tomeklinks,0.5,-1.0,COMPLETE,2025-03-29 15:39:22.134104,2025-03-29 15:39:22.243215,0.109111
2244,tvae,2,condensednn,0.25,0.5908175895849778,COMPLETE,2025-03-29 15:39:22.266424,2025-03-29 15:39:34.266272,11.999848
2245,ctgan,0,tomeklinks,0.125,0.984768810218344,COMPLETE,2025-03-29 15:39:34.290842,2025-03-29 15:39:50.840005,16.549163
2246,tvae,0.25,condensednn,0.25,0.5908175895849778,COMPLETE,2025-03-29 15:39:50.866001,2025-03-29 15:40:03.240909,12.374908
2247,ctgan,0.25,onesidedselection,0.125,0.9782982230708627,COMPLETE,2025-03-29 15:40:03.264277,2025-03-29 15:40:20.395499,17.131222
2248,gaussiancopula,auto,instancehardness,auto,0.9848435926094576,COMPLETE,2025-03-29 15:40:20.419818,2025-03-29 15:40:38.245526,17.825708
2249,ctgan,0.5,instancehardness,0,0.9782971627011856,COMPLETE,2025-03-29 15:40:38.270572,2025-03-29 15:40:56.797087,18.526515
2250,copulagan,0.5,condensednn,0.0625,0.5906562194317295,COMPLETE,2025-03-29 15:40:56.822027,2025-03-29 15:41:11.129395,14.307368
2251,ctgan,0.5,nearmiss,0.5,0.9891604499066595,COMPLETE,2025-03-29 15:41:11.153537,2025-03-29 15:41:30.985435,19.831898
2252,gaussiancopula,auto,editednn,0.25,0.9805140860350166,COMPLETE,2025-03-29 15:41:31.000019,2025-03-29 15:41:47.148301,16.148282
2253,adasyn,1,random,0,-1.0,COMPLETE,2025-03-29 15:41:47.171859,2025-03-29 15:41:47.280065,0.108206
2254,random,0.5,onesidedselection,0.125,0.9783747611716287,COMPLETE,2025-03-29 15:41:47.303293,2025-03-29 15:42:01.490702,14.187409
2255,fastml,0.5,instancehardness,0.125,0.9848239453080575,COMPLETE,2025-03-29 15:42:01.515733,2025-03-29 15:42:19.031606,17.515873
2256,adasyn,0,condensednn,0.125,0.6203396548154443,COMPLETE,2025-03-29 15:42:19.056247,2025-03-29 15:42:31.626542,12.570295
2257,ctgan,auto,random,0,0.9782971627011856,COMPLETE,2025-03-29 15:42:31.651956,2025-03-29 15:42:50.276744,18.624788
2258,ctgan,0.5,clustercentroid,0.0625,0.9782569445361456,COMPLETE,2025-03-29 15:42:50.300696,2025-03-29 15:43:15.221916,24.92122
2259,copulagan,auto,onesidedselection,0.0625,0.984768810218344,COMPLETE,2025-03-29 15:43:15.247472,2025-03-29 15:43:33.975758,18.728286
2260,copulagan,2,nearmiss,0.25,0.9848362611804578,COMPLETE,2025-03-29 15:43:33.999371,2025-03-29 15:43:50.692195,16.692824
2261,smote,2,instancehardness,0.25,0.9870488319531496,COMPLETE,2025-03-29 15:43:50.716750,2025-03-29 15:44:08.670543,17.953793
2262,tvae,0.5,condensednn,0.125,0.5908175895849778,COMPLETE,2025-03-29 15:44:08.694512,2025-03-29 15:44:21.165435,12.470923
2263,ctgan,0.5,random,0.25,0.9891823765397848,COMPLETE,2025-03-29 15:44:21.180807,2025-03-29 15:44:39.543142,18.362335
2264,tvae,2,editednn,auto,0.9827173545952453,COMPLETE,2025-03-29 15:44:39.566896,2025-03-29 15:44:57.359515,17.792619
2265,copulagan,auto,editednn,0.0625,0.9783033686864364,COMPLETE,2025-03-29 15:44:57.374621,2025-03-29 15:45:16.162436,18.787815
2266,adasyn,1,tomeklinks,0.5,-1.0,COMPLETE,2025-03-29 15:45:16.187261,2025-03-29 15:45:16.301987,0.114726
2267,random,auto,condensednn,0.125,0.6002264619994727,COMPLETE,2025-03-29 15:45:16.326577,2025-03-29 15:45:29.408234,13.081657
2268,ctgan,0.25,instancehardness,0.5,0.9892084292555944,COMPLETE,2025-03-29 15:45:29.432291,2025-03-29 15:45:50.054420,20.622129
2269,gaussiancopula,0,clustercentroid,0.0625,0.9891626891626891,COMPLETE,2025-03-29 15:45:50.078738,2025-03-29 15:46:13.016193,22.937455
2270,adasyn,auto,random,auto,-1.0,COMPLETE,2025-03-29 15:46:13.035352,2025-03-29 15:46:13.164275,0.128923
2271,fastml,0,condensednn,auto,0.6203396548154443,COMPLETE,2025-03-29 15:46:13.181289,2025-03-29 15:46:25.843269,12.66198
2272,adasyn,auto,nearmiss,0.5,-1.0,COMPLETE,2025-03-29 15:46:25.860190,2025-03-29 15:46:25.990201,0.130011
2273,adasyn,1,random,0.25,-1.0,COMPLETE,2025-03-29 15:46:26.007228,2025-03-29 15:46:26.135500,0.128272
2274,fastml,auto,instancehardness,0.0625,0.9848239453080575,COMPLETE,2025-03-29 15:46:26.153319,2025-03-29 15:46:43.517944,17.364625
2275,ctgan,0,clustercentroid,0,-1.0,ERROR,,,0.0
2276,ctgan,0,onesidedselection,0,-1.0,ERROR,,,0.0
2277,copulagan,2,random,0.125,0.9935066489688338,COMPLETE,2025-03-29 15:47:15.218562,2025-03-29 15:47:33.881275,18.662713
2278,random,auto,nearmiss,auto,0.984870501399427,COMPLETE,2025-03-29 15:47:33.905695,2025-03-29 15:47:50.823697,16.918002
2279,fastml,0,onesidedselection,0,-1.0,ERROR,,,0.0
2280,smote,auto,nearmiss,0.125,0.9869494027026645,COMPLETE,2025-03-29 15:48:06.827282,2025-03-29 15:48:21.773859,14.946577
2281,tvae,0,onesidedselection,0.0625,0.9783357579867517,COMPLETE,2025-03-29 15:48:21.787854,2025-03-29 15:48:36.182805,14.394951
2282,fastml,0.5,condensednn,0.125,0.6002126634042212,COMPLETE,2025-03-29 15:48:36.208530,2025-03-29 15:48:50.126100,13.91757
2283,adasyn,0.5,clustercentroid,0.0625,-1.0,COMPLETE,2025-03-29 15:48:50.150310,2025-03-29 15:48:50.264039,0.113729
2284,tvae,auto,random,0.125,0.987038663735101,COMPLETE,2025-03-29 15:48:50.287407,2025-03-29 15:49:06.522129,16.234722
2285,smote,2,random,0.0625,0.9891935575896289,COMPLETE,2025-03-29 15:49:06.545709,2025-03-29 15:49:22.519192,15.973483
2286,random,0,nearmiss,0,-1.0,ERROR,,,0.0
2287,adasyn,0,onesidedselection,auto,0.9783357579867517,COMPLETE,2025-03-29 15:49:38.535897,2025-03-29 15:49:52.831969,14.296072
2288,gaussiancopula,2,tomeklinks,0,0.9913421468043316,COMPLETE,2025-03-29 15:49:52.856839,2025-03-29 15:50:08.683261,15.826422
2289,ctgan,0.25,onesidedselection,auto,0.9782982230708627,COMPLETE,2025-03-29 15:50:08.707251,2025-03-29 15:50:26.035765,17.328514
2290,gaussiancopula,0.5,nearmiss,0,0.9913421468043316,COMPLETE,2025-03-29 15:50:26.060316,2025-03-29 15:50:42.978986,16.91867
2291,tvae,1,nearmiss,0.5,0.9826747146507947,COMPLETE,2025-03-29 15:50:43.004051,2025-03-29 15:51:01.014090,18.010039
2292,smote,auto,onesidedselection,0,0.991343141164981,COMPLETE,2025-03-29 15:51:01.039935,2025-03-29 15:51:19.230109,18.190174
2293,adasyn,2,condensednn,0.0625,-1.0,COMPLETE,2025-03-29 15:51:19.253006,2025-03-29 15:51:19.366348,0.113342
2294,fastml,2,condensednn,0,0.9847832082520709,COMPLETE,2025-03-29 15:51:19.389005,2025-03-29 15:51:35.040415,15.65141
2295,tvae,0.25,clustercentroid,auto,0.9935064935064936,COMPLETE,2025-03-29 15:51:35.064257,2025-03-29 15:51:57.481100,22.416843
2296,random,0,editednn,0.25,0.9784313187068703,COMPLETE,2025-03-29 15:51:57.508021,2025-03-29 15:52:14.481280,16.973259
2297,adasyn,2,condensednn,0,-1.0,COMPLETE,2025-03-29 15:52:14.506867,2025-03-29 15:52:14.628569,0.121702
2298,smote,auto,condensednn,0.125,0.613993656688675,COMPLETE,2025-03-29 15:52:14.653154,2025-03-29 15:52:27.125725,12.472571
2299,copulagan,1,editednn,0.125,0.9783033686864364,COMPLETE,2025-03-29 15:52:27.151908,2025-03-29 15:52:46.065185,18.913277
2300,fastml,1,instancehardness,0,0.9847832082520709,COMPLETE,2025-03-29 15:52:46.089749,2025-03-29 15:53:02.489951,16.400202
2301,tvae,0.5,clustercentroid,0.25,0.9935064935064936,COMPLETE,2025-03-29 15:53:02.504187,2025-03-29 15:53:25.653494,23.149307
2302,gaussiancopula,auto,nearmiss,0.125,0.9806037080590027,COMPLETE,2025-03-29 15:53:25.678616,2025-03-29 15:53:45.262884,19.584268
2303,random,auto,tomeklinks,0.25,0.9848926054293577,COMPLETE,2025-03-29 15:53:45.288362,2025-03-29 15:54:02.331910,17.043548
2304,tvae,2,tomeklinks,0.5,0.9805245259790715,COMPLETE,2025-03-29 15:54:02.357685,2025-03-29 15:54:21.775710,19.418025
