trial_id,oversampling_method,oversampling_threshold,undersampling_method,undersampling_threshold,value,state,start_time,complete_time,total_time
1,smote,0.25,instancehardness,0.0625,-1.0,COMPLETE,2025-03-29 21:42:35.531154,2025-03-29 21:42:36.550394,1.01924
2,adasyn,1,onesidedselection,0.5,-1.0,COMPLETE,2025-03-29 21:42:36.566105,2025-03-29 21:42:36.765701,0.199596
3,tvae,2,editednn,0.0625,-1.0,COMPLETE,2025-03-29 21:42:36.790239,2025-03-29 21:42:38.719034,1.928795
4,gaussiancopula,2,clustercentroid,0.5,-1.0,COMPLETE,2025-03-29 21:42:38.730912,2025-03-29 21:44:11.551219,92.820307
5,random,0.25,nearmiss,0.25,-1.0,COMPLETE,2025-03-29 21:44:11.564596,2025-03-29 21:44:11.672882,0.108286
6,fastml,2,tomeklinks,auto,0.6082557053829285,COMPLETE,2025-03-29 21:44:11.689935,2025-03-29 21:50:27.626792,375.936857
7,smote,0,condensednn,0.0625,-1.0,COMPLETE,2025-03-29 21:50:27.639733,2025-03-29 21:50:28.151464,0.511731
8,ctgan,0,instancehardness,0,-1.0,ERROR,,,0.0
9,adasyn,0.5,nearmiss,0.25,-1.0,COMPLETE,2025-03-29 21:50:30.120403,2025-03-29 21:50:30.171953,0.05155
10,gaussiancopula,2,onesidedselection,0.25,-1.0,COMPLETE,2025-03-29 21:50:30.184427,2025-03-29 21:51:46.836501,76.652074
11,fastml,auto,nearmiss,auto,-1.0,COMPLETE,2025-03-29 21:51:46.858647,2025-03-29 21:53:03.414172,76.555525
12,random,0,random,0.125,0.575406286923115,COMPLETE,2025-03-29 21:53:03.427252,2025-03-29 21:58:04.248362,300.82111
13,tvae,0,clustercentroid,0,-1.0,ERROR,,,0.0
14,tvae,0.5,clustercentroid,0,-1.0,COMPLETE,2025-03-29 21:58:06.258694,2025-03-29 21:58:08.191828,1.933134
15,adasyn,0.25,instancehardness,0.5,-1.0,COMPLETE,2025-03-29 21:58:08.214676,2025-03-29 21:58:09.628688,1.414012
16,ctgan,0.25,clustercentroid,0.125,-1.0,COMPLETE,2025-03-29 21:58:09.652699,2025-03-29 21:58:11.600708,1.948009
17,adasyn,0.25,tomeklinks,0.25,0.5846166040487628,COMPLETE,2025-03-29 21:58:11.613859,2025-03-29 22:03:12.774554,301.160695
18,copulagan,2,nearmiss,0,-1.0,COMPLETE,2025-03-29 22:03:12.797108,2025-03-29 22:03:27.366128,14.56902
19,adasyn,auto,onesidedselection,0.5,-1.0,COMPLETE,2025-03-29 22:03:27.389533,2025-03-29 22:03:27.442486,0.052953
20,random,0.5,clustercentroid,0.25,-1.0,COMPLETE,2025-03-29 22:03:27.455074,2025-03-29 22:03:28.911483,1.456409
21,ctgan,2,random,0.0625,-1.0,COMPLETE,2025-03-29 22:03:28.933072,2025-03-29 22:03:30.868734,1.935662
22,adasyn,2,onesidedselection,0.125,-1.0,COMPLETE,2025-03-29 22:03:30.880818,2025-03-29 22:03:30.931685,0.050867
23,copulagan,auto,instancehardness,0,-1.0,COMPLETE,2025-03-29 22:03:30.943819,2025-03-29 22:03:46.320843,15.377024
24,smote,0.5,instancehardness,0.0625,-1.0,COMPLETE,2025-03-29 22:03:46.333485,2025-03-29 22:03:46.381203,0.047718
25,random,1,editednn,0.5,-1.0,COMPLETE,2025-03-29 22:03:46.393814,2025-03-29 22:03:46.905468,0.511654
26,fastml,0.25,nearmiss,0,0.5609482745439811,COMPLETE,2025-03-29 22:03:46.918630,2025-03-29 22:08:47.769551,300.850921
27,fastml,1,onesidedselection,0.5,-1.0,COMPLETE,2025-03-29 22:08:47.792428,2025-03-29 22:10:02.954987,75.162559
28,random,0.5,editednn,0.5,0.5237897222650033,COMPLETE,2025-03-29 22:10:02.968761,2025-03-29 22:14:17.811700,254.842939
29,random,0,onesidedselection,0,-1.0,ERROR,,,0.0
30,copulagan,auto,nearmiss,0.125,-1.0,COMPLETE,2025-03-29 22:19:18.677281,2025-03-29 22:19:33.374170,14.696889
31,adasyn,2,clustercentroid,0.125,-1.0,COMPLETE,2025-03-29 22:19:33.396795,2025-03-29 22:19:33.450023,0.053228
32,ctgan,0.25,instancehardness,0.125,-1.0,COMPLETE,2025-03-29 22:19:33.462377,2025-03-29 22:19:35.388782,1.926405
33,tvae,1,onesidedselection,0,-1.0,COMPLETE,2025-03-29 22:19:35.402333,2025-03-29 22:19:37.395848,1.993515
34,smote,1,tomeklinks,auto,-1.0,COMPLETE,2025-03-29 22:19:37.408163,2025-03-29 22:19:37.455332,0.047169
35,fastml,0.5,condensednn,0.25,-1.0,COMPLETE,2025-03-29 22:19:37.467036,2025-03-29 22:20:01.949703,24.482667
36,ctgan,0,clustercentroid,0,-1.0,ERROR,,,0.0
37,adasyn,auto,nearmiss,0,-1.0,COMPLETE,2025-03-29 22:20:04.044269,2025-03-29 22:20:04.097375,0.053106
38,copulagan,0.5,condensednn,0,-1.0,COMPLETE,2025-03-29 22:20:04.109274,2025-03-29 22:20:19.510393,15.401119
39,ctgan,0.25,nearmiss,0.5,-1.0,COMPLETE,2025-03-29 22:20:19.536502,2025-03-29 22:20:21.511616,1.975114
40,random,2,clustercentroid,0,0.5480294443358739,COMPLETE,2025-03-29 22:20:21.534434,2025-03-29 22:25:22.404128,300.869694
41,ctgan,0,nearmiss,auto,-1.0,COMPLETE,2025-03-29 22:25:22.418823,2025-03-29 22:25:24.367643,1.94882
42,smote,2,instancehardness,auto,-1.0,COMPLETE,2025-03-29 22:25:24.381283,2025-03-29 22:25:24.440413,0.05913
43,ctgan,0.25,editednn,0.0625,-1.0,COMPLETE,2025-03-29 22:25:24.453474,2025-03-29 22:25:26.386962,1.933488
44,adasyn,0.5,onesidedselection,auto,-1.0,COMPLETE,2025-03-29 22:25:26.414413,2025-03-29 22:25:26.545532,0.131119
45,copulagan,0.25,instancehardness,0.25,-1.0,COMPLETE,2025-03-29 22:25:26.573105,2025-03-29 22:25:41.258665,14.68556
46,adasyn,0.25,editednn,0.25,0.4908200734394125,COMPLETE,2025-03-29 22:25:41.270398,2025-03-29 22:30:31.532402,290.262004
47,fastml,auto,condensednn,0,0.598686639078316,COMPLETE,2025-03-29 22:30:31.554094,2025-03-29 22:36:44.949054,373.39496
48,smote,2,clustercentroid,0.0625,-1.0,COMPLETE,2025-03-29 22:36:44.970287,2025-03-29 22:36:45.017057,0.04677
49,tvae,1,nearmiss,0,-1.0,COMPLETE,2025-03-29 22:36:45.028971,2025-03-29 22:36:47.024189,1.995218
50,random,0.5,tomeklinks,0.5,0.6244902088976059,COMPLETE,2025-03-29 22:36:47.046468,2025-03-29 22:41:47.990777,300.944309
51,copulagan,2,clustercentroid,0.125,-1.0,COMPLETE,2025-03-29 22:41:48.013006,2025-03-29 22:42:02.585779,14.572773
52,ctgan,auto,editednn,auto,-1.0,COMPLETE,2025-03-29 22:42:02.597387,2025-03-29 22:42:04.578687,1.9813
53,copulagan,0.5,condensednn,0.5,-1.0,COMPLETE,2025-03-29 22:42:04.602259,2025-03-29 22:42:19.963184,15.360925
54,tvae,0.25,condensednn,0.125,-1.0,COMPLETE,2025-03-29 22:42:19.983887,2025-03-29 22:42:21.900552,1.916665
55,ctgan,0.5,nearmiss,0.5,-1.0,COMPLETE,2025-03-29 22:42:21.921878,2025-03-29 22:42:23.917525,1.995647
56,ctgan,0.25,instancehardness,0.25,-1.0,COMPLETE,2025-03-29 22:42:23.939224,2025-03-29 22:42:25.859609,1.920385
57,ctgan,auto,random,0.125,-1.0,COMPLETE,2025-03-29 22:42:25.881735,2025-03-29 22:42:27.897287,2.015552
58,fastml,0,instancehardness,0.25,-1.0,COMPLETE,2025-03-29 22:42:27.910584,2025-03-29 22:42:29.285774,1.37519
59,gaussiancopula,0.25,nearmiss,0.0625,-1.0,COMPLETE,2025-03-29 22:42:29.308569,2025-03-29 22:42:29.426415,0.117846
60,copulagan,auto,editednn,0.25,-1.0,COMPLETE,2025-03-29 22:42:29.447570,2025-03-29 22:42:45.006846,15.559276
61,adasyn,1,condensednn,0.0625,-1.0,COMPLETE,2025-03-29 22:42:45.028901,2025-03-29 22:42:45.159344,0.130443
62,fastml,2,editednn,auto,-1.0,COMPLETE,2025-03-29 22:42:45.181246,2025-03-29 22:44:24.036492,98.855246
63,adasyn,0,onesidedselection,0.0625,-1.0,COMPLETE,2025-03-29 22:44:24.049096,2025-03-29 22:44:24.130183,0.081087
64,random,0.25,random,0.5,0.600434603930576,COMPLETE,2025-03-29 22:44:24.142031,2025-03-29 22:49:25.054425,300.912394
65,copulagan,auto,instancehardness,0.0625,-1.0,COMPLETE,2025-03-29 22:49:25.077246,2025-03-29 22:49:39.683462,14.606216
66,adasyn,0.5,random,0.125,-1.0,COMPLETE,2025-03-29 22:49:39.706250,2025-03-29 22:49:39.758633,0.052383
67,random,0,editednn,0.5,0.4908200734394125,COMPLETE,2025-03-29 22:49:39.770588,2025-03-29 22:54:30.577596,290.807008
68,random,2,editednn,0.5,-1.0,COMPLETE,2025-03-29 22:54:30.611515,2025-03-29 22:54:31.209744,0.598229
69,tvae,auto,onesidedselection,auto,-1.0,COMPLETE,2025-03-29 22:54:31.234701,2025-03-29 22:54:33.228502,1.993801
70,random,2,clustercentroid,0.125,-1.0,COMPLETE,2025-03-29 22:54:33.240932,2025-03-29 22:54:34.757124,1.516192
71,copulagan,0,editednn,0.5,-1.0,COMPLETE,2025-03-29 22:54:34.770386,2025-03-29 22:54:49.339783,14.569397
72,random,2,nearmiss,0.125,0.5819724244637653,COMPLETE,2025-03-29 22:54:49.352457,2025-03-29 22:59:50.244232,300.891775
73,tvae,2,nearmiss,0.5,-1.0,COMPLETE,2025-03-29 22:59:50.256513,2025-03-29 22:59:52.305281,2.048768
74,smote,2,editednn,auto,-1.0,COMPLETE,2025-03-29 22:59:52.317869,2025-03-29 22:59:52.367217,0.049348
75,copulagan,2,random,0.0625,-1.0,COMPLETE,2025-03-29 22:59:52.379635,2025-03-29 23:00:09.732751,17.353116
76,copulagan,auto,condensednn,0.0625,-1.0,COMPLETE,2025-03-29 23:00:09.755025,2025-03-29 23:00:26.398526,16.643501
77,tvae,2,nearmiss,0,-1.0,COMPLETE,2025-03-29 23:00:26.411150,2025-03-29 23:00:28.388695,1.977545
78,copulagan,2,editednn,0,-1.0,COMPLETE,2025-03-29 23:00:28.411430,2025-03-29 23:00:44.803097,16.391667
79,copulagan,0,onesidedselection,0.125,-1.0,COMPLETE,2025-03-29 23:00:44.827410,2025-03-29 23:00:59.943505,15.116095
80,copulagan,1,clustercentroid,0.125,-1.0,COMPLETE,2025-03-29 23:00:59.967463,2025-03-29 23:01:15.464998,15.497535
81,fastml,auto,onesidedselection,0.125,-1.0,COMPLETE,2025-03-29 23:01:15.476896,2025-03-29 23:02:34.436011,78.959115
82,random,1,nearmiss,0.125,-1.0,COMPLETE,2025-03-29 23:02:34.458314,2025-03-29 23:02:34.569802,0.111488
83,smote,0.5,clustercentroid,auto,-1.0,COMPLETE,2025-03-29 23:02:34.592594,2025-03-29 23:02:34.646288,0.053694
84,smote,1,random,0.0625,-1.0,COMPLETE,2025-03-29 23:02:34.658898,2025-03-29 23:02:34.711930,0.053032
85,tvae,0,nearmiss,0.25,-1.0,COMPLETE,2025-03-29 23:02:34.724214,2025-03-29 23:02:36.767239,2.043025
86,smote,2,clustercentroid,auto,-1.0,COMPLETE,2025-03-29 23:02:36.791169,2025-03-29 23:02:36.843904,0.052735
87,smote,0,editednn,0.0625,0.5621046066114229,COMPLETE,2025-03-29 23:02:36.856258,2025-03-29 23:07:37.872488,301.01623
88,gaussiancopula,1,random,0,0.5899929527836505,COMPLETE,2025-03-29 23:07:37.896100,2025-03-29 23:14:01.360380,383.46428
89,copulagan,0,instancehardness,0.0625,-1.0,COMPLETE,2025-03-29 23:14:01.373278,2025-03-29 23:14:17.225144,15.851866
90,ctgan,2,condensednn,0.125,-1.0,COMPLETE,2025-03-29 23:14:17.248373,2025-03-29 23:14:19.313539,2.065166
91,random,0.5,clustercentroid,0.0625,-1.0,COMPLETE,2025-03-29 23:14:19.325505,2025-03-29 23:14:21.203272,1.877767
92,smote,0.5,condensednn,auto,-1.0,COMPLETE,2025-03-29 23:14:21.216876,2025-03-29 23:14:21.271777,0.054901
93,tvae,1,onesidedselection,auto,-1.0,COMPLETE,2025-03-29 23:14:21.283990,2025-03-29 23:14:23.287679,2.003689
94,adasyn,0.25,condensednn,0,0.5609482745439811,COMPLETE,2025-03-29 23:14:23.310708,2025-03-29 23:19:24.123325,300.812617
95,adasyn,0.5,condensednn,0.5,-1.0,COMPLETE,2025-03-29 23:19:24.146406,2025-03-29 23:19:24.209121,0.062715
96,copulagan,1,nearmiss,0.25,-1.0,COMPLETE,2025-03-29 23:19:24.221986,2025-03-29 23:19:40.215027,15.993041
97,smote,0,clustercentroid,0,-1.0,ERROR,,,0.0
98,smote,0,tomeklinks,0,-1.0,ERROR,,,0.0
99,copulagan,0,clustercentroid,0.125,-1.0,COMPLETE,2025-03-29 23:29:41.897270,2025-03-29 23:29:57.847986,15.950716
100,ctgan,1,tomeklinks,0.125,-1.0,COMPLETE,2025-03-29 23:29:57.861016,2025-03-29 23:29:59.906786,2.04577
101,fastml,1,condensednn,auto,-1.0,COMPLETE,2025-03-29 23:29:59.918843,2025-03-29 23:31:21.151560,81.232717
102,adasyn,0.5,random,auto,-1.0,COMPLETE,2025-03-29 23:31:21.163666,2025-03-29 23:31:21.220314,0.056648
103,smote,2,editednn,0.25,-1.0,COMPLETE,2025-03-29 23:31:21.231840,2025-03-29 23:31:21.283452,0.051612
104,ctgan,0,tomeklinks,auto,-1.0,COMPLETE,2025-03-29 23:31:21.295260,2025-03-29 23:31:23.379251,2.083991
105,smote,2,instancehardness,0.25,-1.0,COMPLETE,2025-03-29 23:31:23.390989,2025-03-29 23:31:23.442994,0.052005
106,smote,auto,condensednn,0.0625,-1.0,COMPLETE,2025-03-29 23:31:23.455860,2025-03-29 23:31:23.508757,0.052897
107,fastml,auto,editednn,0.125,0.5390978617137505,COMPLETE,2025-03-29 23:31:23.521751,2025-03-29 23:37:54.254067,390.732316
108,tvae,0.25,editednn,0.25,-1.0,COMPLETE,2025-03-29 23:37:54.266959,2025-03-29 23:37:56.350838,2.083879
109,adasyn,0.25,editednn,0.125,0.5400516795865633,COMPLETE,2025-03-29 23:37:56.427342,2025-03-29 23:42:57.493918,301.066576
110,copulagan,1,tomeklinks,0.25,-1.0,COMPLETE,2025-03-29 23:42:57.506490,2025-03-29 23:43:13.545108,16.038618
111,random,0.25,clustercentroid,0,0.5609482745439811,COMPLETE,2025-03-29 23:43:13.569088,2025-03-29 23:48:14.445259,300.876171
112,random,2,clustercentroid,0.0625,-1.0,COMPLETE,2025-03-29 23:48:14.469122,2025-03-29 23:48:16.275519,1.806397
113,tvae,0.25,condensednn,auto,-1.0,COMPLETE,2025-03-29 23:48:16.298149,2025-03-29 23:48:18.323710,2.025561
114,random,auto,editednn,0.25,0.5497504513114579,COMPLETE,2025-03-29 23:48:18.346978,2025-03-29 23:53:19.435532,301.088554
115,ctgan,1,editednn,0.125,-1.0,COMPLETE,2025-03-29 23:53:19.455730,2025-03-29 23:53:21.486846,2.031116
116,smote,0.25,onesidedselection,0,0.5609482745439811,COMPLETE,2025-03-29 23:53:21.503993,2025-03-29 23:58:22.403347,300.899354
117,ctgan,1,condensednn,0.5,-1.0,COMPLETE,2025-03-29 23:58:22.427439,2025-03-29 23:58:24.460974,2.033535
118,adasyn,auto,onesidedselection,0.125,-1.0,COMPLETE,2025-03-29 23:58:24.483827,2025-03-29 23:58:24.542619,0.058792
119,random,0.5,tomeklinks,0.25,0.6244902088976059,COMPLETE,2025-03-29 23:58:24.555142,2025-03-30 00:03:25.592630,301.037488
120,tvae,0.5,condensednn,0.125,-1.0,COMPLETE,2025-03-30 00:03:25.604659,2025-03-30 00:03:27.569143,1.964484
121,gaussiancopula,0.25,nearmiss,0,0.5609482745439811,COMPLETE,2025-03-30 00:03:27.592028,2025-03-30 00:08:28.480346,300.888318
122,adasyn,0.5,tomeklinks,0.125,-1.0,COMPLETE,2025-03-30 00:08:28.503331,2025-03-30 00:08:28.560586,0.057255
123,tvae,0.25,clustercentroid,0.125,-1.0,COMPLETE,2025-03-30 00:08:28.573638,2025-03-30 00:08:30.583396,2.009758
124,adasyn,1,onesidedselection,0,-1.0,COMPLETE,2025-03-30 00:08:30.605904,2025-03-30 00:08:30.667654,0.06175
125,ctgan,0,editednn,0.5,-1.0,COMPLETE,2025-03-30 00:08:30.679605,2025-03-30 00:08:32.951217,2.271612
126,fastml,0.5,editednn,0.25,0.5547837175744154,COMPLETE,2025-03-30 00:08:32.974184,2025-03-30 00:14:00.269218,327.295034
127,smote,1,nearmiss,auto,-1.0,COMPLETE,2025-03-30 00:14:00.282653,2025-03-30 00:14:00.337476,0.054823
128,smote,1,condensednn,0.0625,-1.0,COMPLETE,2025-03-30 00:14:00.350368,2025-03-30 00:14:00.400938,0.05057
129,ctgan,0.25,nearmiss,0.125,-1.0,COMPLETE,2025-03-30 00:14:00.413709,2025-03-30 00:14:02.475303,2.061594
130,fastml,0,tomeklinks,auto,0.5846166040487628,COMPLETE,2025-03-30 00:14:02.497599,2025-03-30 00:19:03.567217,301.069618
131,copulagan,0,nearmiss,0.125,-1.0,COMPLETE,2025-03-30 00:19:03.579100,2025-03-30 00:19:19.557791,15.978691
132,random,0.5,onesidedselection,0.5,-1.0,COMPLETE,2025-03-30 00:19:19.580791,2025-03-30 00:19:19.729974,0.149183
133,fastml,0.5,nearmiss,0.5,-1.0,COMPLETE,2025-03-30 00:19:19.752282,2025-03-30 00:19:45.836824,26.084542
134,fastml,0.25,tomeklinks,0.25,0.5846166040487628,COMPLETE,2025-03-30 00:19:45.860016,2025-03-30 00:24:46.903955,301.043939
135,gaussiancopula,0,tomeklinks,0.0625,0.6094834130814825,COMPLETE,2025-03-30 00:24:46.927004,2025-03-30 00:29:47.927525,301.000521
136,fastml,0.5,instancehardness,0,0.6087197265154798,COMPLETE,2025-03-30 00:29:47.950694,2025-03-30 00:35:14.933342,326.982648
137,tvae,auto,nearmiss,0.125,-1.0,COMPLETE,2025-03-30 00:35:14.955665,2025-03-30 00:35:16.985824,2.030159
138,gaussiancopula,auto,clustercentroid,auto,-1.0,COMPLETE,2025-03-30 00:35:17.010243,2025-03-30 00:36:38.468062,81.457819
139,random,0.5,condensednn,auto,-1.0,COMPLETE,2025-03-30 00:36:38.480746,2025-03-30 00:36:39.112081,0.631335
140,gaussiancopula,0.5,clustercentroid,0.25,-1.0,COMPLETE,2025-03-30 00:36:39.123935,2025-03-30 00:37:06.694001,27.570066
141,random,0.25,editednn,0.5,0.5535678791492745,COMPLETE,2025-03-30 00:37:06.706114,2025-03-30 00:42:07.619997,300.913883
142,fastml,2,tomeklinks,0.25,0.5898464812281502,COMPLETE,2025-03-30 00:42:07.643240,2025-03-30 00:48:28.574947,380.931707
143,gaussiancopula,auto,nearmiss,0,0.6177521469316116,COMPLETE,2025-03-30 00:48:28.587200,2025-03-30 00:54:50.431205,381.844005
144,smote,auto,editednn,0.125,-1.0,COMPLETE,2025-03-30 00:54:50.455944,2025-03-30 00:54:50.513731,0.057787
145,adasyn,auto,editednn,0.0625,-1.0,COMPLETE,2025-03-30 00:54:50.526439,2025-03-30 00:54:50.590424,0.063985
146,tvae,1,onesidedselection,0.125,-1.0,COMPLETE,2025-03-30 00:54:50.602549,2025-03-30 00:54:52.665398,2.062849
147,smote,auto,clustercentroid,0,-1.0,COMPLETE,2025-03-30 00:54:52.689664,2025-03-30 00:54:52.741888,0.052224
148,tvae,2,random,0.0625,-1.0,COMPLETE,2025-03-30 00:54:52.754095,2025-03-30 00:54:54.787234,2.033139
149,fastml,0.5,condensednn,auto,-1.0,COMPLETE,2025-03-30 00:54:54.810903,2025-03-30 00:55:21.357422,26.546519
150,fastml,0.5,nearmiss,0.25,-1.0,COMPLETE,2025-03-30 00:55:21.369762,2025-03-30 00:55:47.502421,26.132659
151,random,0.5,editednn,auto,0.5237897222650033,COMPLETE,2025-03-30 00:55:47.514832,2025-03-30 01:00:49.332877,301.818045
152,tvae,0.5,condensednn,0.5,-1.0,COMPLETE,2025-03-30 01:00:49.354693,2025-03-30 01:00:51.322604,1.967911
153,fastml,auto,editednn,0.25,0.541000896482624,COMPLETE,2025-03-30 01:00:51.334471,2025-03-30 01:07:15.390068,384.055597
154,ctgan,2,editednn,0.5,-1.0,COMPLETE,2025-03-30 01:07:15.413539,2025-03-30 01:07:17.460401,2.046862
155,copulagan,2,onesidedselection,auto,-1.0,COMPLETE,2025-03-30 01:07:17.485665,2025-03-30 01:07:33.479157,15.993492
156,copulagan,2,instancehardness,0.125,-1.0,COMPLETE,2025-03-30 01:07:33.502129,2025-03-30 01:07:49.362235,15.860106
157,adasyn,0.25,tomeklinks,auto,0.5846166040487628,COMPLETE,2025-03-30 01:07:49.385159,2025-03-30 01:12:50.506186,301.121027
158,ctgan,0.5,editednn,0.125,-1.0,COMPLETE,2025-03-30 01:12:50.518629,2025-03-30 01:12:52.537705,2.019076
159,smote,0.5,random,0.125,-1.0,COMPLETE,2025-03-30 01:12:52.561937,2025-03-30 01:12:52.613925,0.051988
160,random,auto,clustercentroid,0.125,-1.0,COMPLETE,2025-03-30 01:12:52.625671,2025-03-30 01:12:54.148310,1.522639
161,tvae,0,instancehardness,0.0625,-1.0,COMPLETE,2025-03-30 01:12:54.160240,2025-03-30 01:12:56.256858,2.096618
162,tvae,2,clustercentroid,0.125,-1.0,COMPLETE,2025-03-30 01:12:56.279297,2025-03-30 01:12:58.358573,2.079276
163,tvae,2,tomeklinks,0.5,-1.0,COMPLETE,2025-03-30 01:12:58.383552,2025-03-30 01:13:00.449897,2.066345
164,gaussiancopula,2,condensednn,0.0625,-1.0,COMPLETE,2025-03-30 01:13:00.462617,2025-03-30 01:14:21.960049,81.497432
165,fastml,auto,tomeklinks,0.125,0.6014892849518173,COMPLETE,2025-03-30 01:14:21.972149,2025-03-30 01:20:42.127222,380.155073
166,copulagan,0.25,editednn,0.0625,-1.0,COMPLETE,2025-03-30 01:20:42.150025,2025-03-30 01:20:57.998978,15.848953
167,ctgan,1,nearmiss,0.5,-1.0,COMPLETE,2025-03-30 01:20:58.020691,2025-03-30 01:21:00.100437,2.079746
168,copulagan,1,condensednn,0,-1.0,COMPLETE,2025-03-30 01:21:00.125526,2025-03-30 01:21:16.268389,16.142863
169,tvae,2,nearmiss,auto,-1.0,COMPLETE,2025-03-30 01:21:16.291859,2025-03-30 01:21:18.406888,2.115029
170,random,0,editednn,0.25,0.5568892223055765,COMPLETE,2025-03-30 01:21:18.430177,2025-03-30 01:26:19.199737,300.76956
171,gaussiancopula,0.5,condensednn,0.25,-1.0,COMPLETE,2025-03-30 01:26:19.222770,2025-03-30 01:26:46.500458,27.277688
172,random,0,nearmiss,0,-1.0,ERROR,,,0.0
173,tvae,auto,tomeklinks,0.5,-1.0,COMPLETE,2025-03-30 01:31:47.392607,2025-03-30 01:31:49.485317,2.09271
174,fastml,1,clustercentroid,0,0.5870040107163804,COMPLETE,2025-03-30 01:31:49.503097,2025-03-30 01:38:16.081716,386.578619
175,fastml,2,onesidedselection,0,0.6257623639359318,COMPLETE,2025-03-30 01:38:16.104837,2025-03-30 01:44:39.427193,383.322356
176,random,0.25,random,0.0625,0.6266078119822246,COMPLETE,2025-03-30 01:44:39.450962,2025-03-30 01:49:40.355288,300.904326
177,fastml,auto,random,0.0625,-1.0,COMPLETE,2025-03-30 01:49:40.369881,2025-03-30 01:51:05.163406,84.793525
178,fastml,0,tomeklinks,0.25,0.5846166040487628,COMPLETE,2025-03-30 01:51:05.176413,2025-03-30 01:56:06.329867,301.153454
179,gaussiancopula,0.5,onesidedselection,0,0.5775371697198539,COMPLETE,2025-03-30 01:56:06.352681,2025-03-30 02:01:34.131043,327.778362
180,ctgan,2,instancehardness,0,-1.0,COMPLETE,2025-03-30 02:01:34.154694,2025-03-30 02:01:36.290208,2.135514
181,ctgan,2,editednn,auto,-1.0,COMPLETE,2025-03-30 02:01:36.316143,2025-03-30 02:01:38.437813,2.12167
182,smote,0,clustercentroid,0.125,-1.0,COMPLETE,2025-03-30 02:01:38.460242,2025-03-30 02:01:40.377313,1.917071
183,smote,0,tomeklinks,0.25,0.5846166040487628,COMPLETE,2025-03-30 02:01:40.401186,2025-03-30 02:06:41.490251,301.089065
184,ctgan,0.25,editednn,0,-1.0,COMPLETE,2025-03-30 02:06:41.503514,2025-03-30 02:06:43.656379,2.152865
185,adasyn,0.5,clustercentroid,0,-1.0,COMPLETE,2025-03-30 02:06:43.669512,2025-03-30 02:06:43.732352,0.06284
186,tvae,1,instancehardness,0,-1.0,COMPLETE,2025-03-30 02:06:43.744673,2025-03-30 02:06:45.821220,2.076547
187,smote,0,clustercentroid,auto,-1.0,COMPLETE,2025-03-30 02:06:45.834033,2025-03-30 02:06:46.841240,1.007207
188,adasyn,0.25,condensednn,0.125,-1.0,COMPLETE,2025-03-30 02:06:46.863890,2025-03-30 02:06:47.516519,0.652629
189,ctgan,0,editednn,0.125,-1.0,COMPLETE,2025-03-30 02:06:47.529750,2025-03-30 02:06:49.646316,2.116566
190,adasyn,auto,random,0.0625,-1.0,COMPLETE,2025-03-30 02:06:49.670208,2025-03-30 02:06:49.732842,0.062634
191,tvae,0.25,condensednn,0.0625,-1.0,COMPLETE,2025-03-30 02:06:49.745505,2025-03-30 02:06:51.789075,2.04357
192,adasyn,0.25,nearmiss,0.5,-1.0,COMPLETE,2025-03-30 02:06:51.801825,2025-03-30 02:06:51.891750,0.089925
193,ctgan,0.5,clustercentroid,0.0625,-1.0,COMPLETE,2025-03-30 02:06:51.913640,2025-03-30 02:06:54.043636,2.129996
194,random,2,condensednn,0.25,-1.0,COMPLETE,2025-03-30 02:06:54.067113,2025-03-30 02:06:54.894614,0.827501
195,ctgan,auto,onesidedselection,0,-1.0,COMPLETE,2025-03-30 02:06:54.906892,2025-03-30 02:06:57.042625,2.135733
196,smote,0.5,tomeklinks,0,-1.0,COMPLETE,2025-03-30 02:06:57.066080,2025-03-30 02:06:57.124840,0.05876
197,copulagan,1,clustercentroid,0.5,-1.0,COMPLETE,2025-03-30 02:06:57.137955,2025-03-30 02:07:13.825957,16.688002
198,random,0.25,condensednn,auto,-1.0,COMPLETE,2025-03-30 02:07:13.849183,2025-03-30 02:07:14.472724,0.623541
199,copulagan,1,condensednn,0.125,-1.0,COMPLETE,2025-03-30 02:07:14.486329,2025-03-30 02:07:30.938810,16.452481
200,copulagan,2,condensednn,auto,-1.0,COMPLETE,2025-03-30 02:07:30.962347,2025-03-30 02:07:47.477283,16.514936
201,smote,1,editednn,0,-1.0,COMPLETE,2025-03-30 02:07:47.500823,2025-03-30 02:07:47.557326,0.056503
202,ctgan,0.25,instancehardness,0.5,-1.0,COMPLETE,2025-03-30 02:07:47.571278,2025-03-30 02:07:49.659809,2.088531
203,fastml,0.25,random,auto,-1.0,COMPLETE,2025-03-30 02:07:49.684147,2025-03-30 02:07:50.105508,0.421361
204,gaussiancopula,1,random,0.5,-1.0,COMPLETE,2025-03-30 02:07:50.119425,2025-03-30 02:09:16.592377,86.472952
205,fastml,1,tomeklinks,auto,-1.0,COMPLETE,2025-03-30 02:09:16.605780,2025-03-30 02:10:39.788919,83.183139
206,fastml,0.5,random,0.0625,-1.0,COMPLETE,2025-03-30 02:10:39.801213,2025-03-30 02:11:05.940341,26.139128
207,tvae,0.5,instancehardness,0.25,-1.0,COMPLETE,2025-03-30 02:11:05.952949,2025-03-30 02:11:07.950829,1.99788
208,gaussiancopula,auto,condensednn,0.0625,-1.0,COMPLETE,2025-03-30 02:11:07.973891,2025-03-30 02:12:29.810210,81.836319
209,smote,2,tomeklinks,0,-1.0,COMPLETE,2025-03-30 02:12:29.822973,2025-03-30 02:12:29.876729,0.053756
210,tvae,0.5,condensednn,0,-1.0,COMPLETE,2025-03-30 02:12:29.888827,2025-03-30 02:12:31.862037,1.97321
211,random,0.5,nearmiss,0.25,-1.0,COMPLETE,2025-03-30 02:12:31.884739,2025-03-30 02:12:31.993170,0.108431
212,copulagan,0,tomeklinks,0.5,-1.0,COMPLETE,2025-03-30 02:12:32.014280,2025-03-30 02:12:48.820974,16.806694
213,fastml,2,random,0,0.613064196785127,COMPLETE,2025-03-30 02:12:48.832950,2025-03-30 02:19:09.602058,380.769108
214,smote,auto,tomeklinks,0.25,-1.0,COMPLETE,2025-03-30 02:19:09.614732,2025-03-30 02:19:09.672126,0.057394
215,copulagan,0,clustercentroid,auto,-1.0,COMPLETE,2025-03-30 02:19:09.684127,2025-03-30 02:19:26.014749,16.330622
216,tvae,0.5,random,0,-1.0,COMPLETE,2025-03-30 02:19:26.027400,2025-03-30 02:19:28.039686,2.012286
217,fastml,0.5,clustercentroid,0.25,-1.0,COMPLETE,2025-03-30 02:19:28.052500,2025-03-30 02:19:55.816698,27.764198
218,fastml,1,editednn,auto,-1.0,COMPLETE,2025-03-30 02:19:55.829759,2025-03-30 02:21:16.021087,80.191328
219,tvae,1,nearmiss,0.25,-1.0,COMPLETE,2025-03-30 02:21:16.033369,2025-03-30 02:21:17.996512,1.963143
220,copulagan,1,editednn,0.0625,-1.0,COMPLETE,2025-03-30 02:21:18.019861,2025-03-30 02:21:34.468631,16.44877
221,random,0.5,clustercentroid,0.5,-1.0,COMPLETE,2025-03-30 02:21:34.493985,2025-03-30 02:21:37.010688,2.516703
222,random,2,random,0.125,0.5950246360762033,COMPLETE,2025-03-30 02:21:37.031613,2025-03-30 02:26:38.011679,300.980066
223,gaussiancopula,0.25,instancehardness,0.5,-1.0,COMPLETE,2025-03-30 02:26:38.026951,2025-03-30 02:26:39.852298,1.825347
224,gaussiancopula,0,clustercentroid,0.25,-1.0,COMPLETE,2025-03-30 02:26:39.875253,2025-03-30 02:26:41.918411,2.043158
225,copulagan,auto,instancehardness,0.125,-1.0,COMPLETE,2025-03-30 02:26:41.933566,2025-03-30 02:26:58.660248,16.726682
226,random,0.25,instancehardness,0.5,-1.0,COMPLETE,2025-03-30 02:26:58.672644,2025-03-30 02:26:59.828014,1.15537
227,smote,0,random,auto,-1.0,COMPLETE,2025-03-30 02:26:59.851043,2025-03-30 02:27:00.409162,0.558119
228,gaussiancopula,0,editednn,0.0625,0.5589465859615589,COMPLETE,2025-03-30 02:27:00.422900,2025-03-30 02:32:01.558555,301.135655
229,adasyn,2,editednn,auto,-1.0,COMPLETE,2025-03-30 02:32:01.572395,2025-03-30 02:32:01.642003,0.069608
230,tvae,0.5,tomeklinks,0.0625,-1.0,COMPLETE,2025-03-30 02:32:01.656495,2025-03-30 02:32:03.757157,2.100662
231,adasyn,auto,editednn,auto,-1.0,COMPLETE,2025-03-30 02:32:03.780990,2025-03-30 02:32:03.847600,0.06661
232,smote,0.5,editednn,0.5,-1.0,COMPLETE,2025-03-30 02:32:03.861767,2025-03-30 02:32:03.920875,0.059108
233,gaussiancopula,0.5,random,auto,-1.0,COMPLETE,2025-03-30 02:32:03.934263,2025-03-30 02:32:33.351213,29.41695
234,adasyn,0.5,instancehardness,0.25,-1.0,COMPLETE,2025-03-30 02:32:33.364996,2025-03-30 02:32:33.441067,0.076071
235,smote,0,random,0,-1.0,ERROR,,,0.0
236,smote,1,clustercentroid,0.5,-1.0,COMPLETE,2025-03-30 02:37:34.553127,2025-03-30 02:37:34.674311,0.121184
237,random,2,random,0.0625,0.5981718733076482,COMPLETE,2025-03-30 02:37:34.687277,2025-03-30 02:42:35.752641,301.065364
238,tvae,1,onesidedselection,0.5,-1.0,COMPLETE,2025-03-30 02:42:35.776355,2025-03-30 02:42:37.956378,2.180023
239,fastml,2,condensednn,0.0625,-1.0,COMPLETE,2025-03-30 02:42:37.979473,2025-03-30 02:44:02.851032,84.871559
240,adasyn,0,onesidedselection,0,-1.0,ERROR,,,0.0
241,copulagan,2,condensednn,0.0625,-1.0,COMPLETE,2025-03-30 02:49:03.731440,2025-03-30 02:49:19.597749,15.866309
242,tvae,auto,tomeklinks,auto,-1.0,COMPLETE,2025-03-30 02:49:19.626990,2025-03-30 02:49:21.773731,2.146741
243,tvae,auto,condensednn,0.125,-1.0,COMPLETE,2025-03-30 02:49:21.787442,2025-03-30 02:49:23.927808,2.140366
244,ctgan,1,instancehardness,0,-1.0,COMPLETE,2025-03-30 02:49:23.946056,2025-03-30 02:49:26.241000,2.294944
245,tvae,0,onesidedselection,auto,-1.0,COMPLETE,2025-03-30 02:49:26.255907,2025-03-30 02:49:28.490290,2.234383
246,smote,0,onesidedselection,0.25,-1.0,COMPLETE,2025-03-30 02:49:28.507279,2025-03-30 02:49:28.636983,0.129704
247,tvae,0.5,random,0.125,-1.0,COMPLETE,2025-03-30 02:49:28.654473,2025-03-30 02:49:30.933939,2.279466
248,tvae,2,editednn,0.5,-1.0,COMPLETE,2025-03-30 02:49:30.948016,2025-03-30 02:49:33.178132,2.230116
249,gaussiancopula,0.5,nearmiss,0.0625,-1.0,COMPLETE,2025-03-30 02:49:33.196171,2025-03-30 02:50:00.502354,27.306183
250,smote,auto,tomeklinks,0,-1.0,COMPLETE,2025-03-30 02:50:00.527220,2025-03-30 02:50:00.586986,0.059766
251,gaussiancopula,0.25,onesidedselection,0,0.5609482745439811,COMPLETE,2025-03-30 02:50:00.599547,2025-03-30 02:55:01.578298,300.978751
252,fastml,0,nearmiss,0.25,-1.0,COMPLETE,2025-03-30 02:55:01.604631,2025-03-30 02:55:01.737869,0.133238
253,gaussiancopula,1,condensednn,0,0.5899929527836505,COMPLETE,2025-03-30 02:55:01.760743,2025-03-30 03:01:27.393867,385.633124
254,adasyn,0.25,nearmiss,0.125,-1.0,COMPLETE,2025-03-30 03:01:27.418121,2025-03-30 03:01:27.511884,0.093763
255,ctgan,1,onesidedselection,0.5,-1.0,COMPLETE,2025-03-30 03:01:27.616867,2025-03-30 03:01:29.788895,2.172028
256,fastml,1,onesidedselection,0.125,-1.0,COMPLETE,2025-03-30 03:01:29.813695,2025-03-30 03:02:53.800518,83.986823
257,adasyn,0.5,condensednn,0.25,-1.0,COMPLETE,2025-03-30 03:02:53.825579,2025-03-30 03:02:53.892258,0.066679
258,fastml,2,editednn,0.5,-1.0,COMPLETE,2025-03-30 03:02:53.904613,2025-03-30 03:04:16.398928,82.494315
259,copulagan,auto,editednn,0,-1.0,COMPLETE,2025-03-30 03:04:16.412375,2025-03-30 03:04:33.167736,16.755361
260,tvae,2,tomeklinks,0.25,-1.0,COMPLETE,2025-03-30 03:04:33.192251,2025-03-30 03:04:35.324652,2.132401
261,tvae,1,instancehardness,auto,-1.0,COMPLETE,2025-03-30 03:04:35.347997,2025-03-30 03:04:37.429883,2.081886
262,smote,0.25,clustercentroid,0,0.5609482745439811,COMPLETE,2025-03-30 03:04:37.452555,2025-03-30 03:09:38.331307,300.878752
263,smote,2,clustercentroid,0.25,-1.0,COMPLETE,2025-03-30 03:09:38.353750,2025-03-30 03:09:38.414836,0.061086
264,gaussiancopula,0.25,tomeklinks,0,0.5609482745439811,COMPLETE,2025-03-30 03:09:38.429432,2025-03-30 03:14:39.303454,300.874022
265,tvae,0.25,nearmiss,0.125,-1.0,COMPLETE,2025-03-30 03:14:39.327192,2025-03-30 03:14:41.443585,2.116393
266,random,0,condensednn,0.125,-1.0,COMPLETE,2025-03-30 03:14:41.468301,2025-03-30 03:14:41.988276,0.519975
267,adasyn,0.5,instancehardness,0.125,-1.0,COMPLETE,2025-03-30 03:14:42.001634,2025-03-30 03:14:42.067428,0.065794
268,ctgan,auto,instancehardness,auto,-1.0,COMPLETE,2025-03-30 03:14:42.080156,2025-03-30 03:14:44.220305,2.140149
269,gaussiancopula,2,tomeklinks,0.25,0.615886687721313,COMPLETE,2025-03-30 03:14:44.247135,2025-03-30 03:21:09.782710,385.535575
270,ctgan,1,instancehardness,0.5,-1.0,COMPLETE,2025-03-30 03:21:09.796329,2025-03-30 03:21:11.921617,2.125288
271,adasyn,0,random,0.5,0.600434603930576,COMPLETE,2025-03-30 03:21:11.943197,2025-03-30 03:26:12.909397,300.9662
272,ctgan,2,instancehardness,0.0625,-1.0,COMPLETE,2025-03-30 03:26:12.932358,2025-03-30 03:26:15.080729,2.148371
273,tvae,auto,editednn,0.25,-1.0,COMPLETE,2025-03-30 03:26:15.104242,2025-03-30 03:26:17.258672,2.15443
274,adasyn,0.25,condensednn,0.0625,-1.0,COMPLETE,2025-03-30 03:26:17.282362,2025-03-30 03:26:17.919144,0.636782
275,random,2,condensednn,auto,-1.0,COMPLETE,2025-03-30 03:26:17.931809,2025-03-30 03:26:18.615560,0.683751
276,copulagan,0.25,instancehardness,0.0625,-1.0,COMPLETE,2025-03-30 03:26:18.628038,2025-03-30 03:26:35.495050,16.867012
277,adasyn,0.5,tomeklinks,auto,-1.0,COMPLETE,2025-03-30 03:26:35.518935,2025-03-30 03:26:35.586847,0.067912
278,smote,0.25,nearmiss,0.5,-1.0,COMPLETE,2025-03-30 03:26:35.599749,2025-03-30 03:26:35.801260,0.201511
279,fastml,0.5,onesidedselection,0.0625,-1.0,COMPLETE,2025-03-30 03:26:35.823118,2025-03-30 03:27:02.840474,27.017356
280,copulagan,0.25,onesidedselection,auto,-1.0,COMPLETE,2025-03-30 03:27:02.865488,2025-03-30 03:27:19.726387,16.860899
281,adasyn,1,instancehardness,auto,-1.0,COMPLETE,2025-03-30 03:27:19.750309,2025-03-30 03:27:19.819541,0.069232
282,copulagan,0,tomeklinks,0.0625,-1.0,COMPLETE,2025-03-30 03:27:19.834037,2025-03-30 03:27:36.460471,16.626434
283,gaussiancopula,0.5,tomeklinks,0.5,0.5499916930897111,COMPLETE,2025-03-30 03:27:36.474420,2025-03-30 03:33:05.221125,328.746705
284,ctgan,auto,tomeklinks,auto,-1.0,COMPLETE,2025-03-30 03:33:05.246333,2025-03-30 03:33:07.380405,2.134072
285,copulagan,1,onesidedselection,0.25,-1.0,COMPLETE,2025-03-30 03:33:07.394199,2025-03-30 03:33:23.836508,16.442309
286,ctgan,1,editednn,0.5,-1.0,COMPLETE,2025-03-30 03:33:23.849682,2025-03-30 03:33:25.974691,2.125009
287,random,2,onesidedselection,0.125,-1.0,COMPLETE,2025-03-30 03:33:25.999212,2025-03-30 03:33:26.173600,0.174388
288,gaussiancopula,auto,editednn,0.125,0.5430455314978171,COMPLETE,2025-03-30 03:33:26.195867,2025-03-30 03:39:51.358813,385.162946
289,ctgan,0.25,random,auto,-1.0,COMPLETE,2025-03-30 03:39:51.383607,2025-03-30 03:39:53.528097,2.14449
290,random,2,random,auto,-1.0,COMPLETE,2025-03-30 03:39:53.541772,2025-03-30 03:39:53.957076,0.415304
291,ctgan,2,nearmiss,auto,-1.0,COMPLETE,2025-03-30 03:39:53.971262,2025-03-30 03:39:56.239017,2.267755
292,tvae,auto,instancehardness,0.5,-1.0,COMPLETE,2025-03-30 03:39:56.251359,2025-03-30 03:39:58.397179,2.14582
293,copulagan,0.25,editednn,0.125,-1.0,COMPLETE,2025-03-30 03:39:58.421101,2025-03-30 03:40:15.110377,16.689276
294,random,1,tomeklinks,0.25,0.602600212589005,COMPLETE,2025-03-30 03:40:15.125002,2025-03-30 03:45:16.245437,301.120435
295,fastml,auto,tomeklinks,0,0.598686639078316,COMPLETE,2025-03-30 03:45:16.260830,2025-03-30 03:51:40.903476,384.642646
296,fastml,1,random,0.25,-1.0,COMPLETE,2025-03-30 03:51:40.916848,2025-03-30 03:53:00.902778,79.98593
297,random,auto,condensednn,0.125,-1.0,COMPLETE,2025-03-30 03:53:00.915749,2025-03-30 03:53:01.614247,0.698498
298,random,1,clustercentroid,auto,-1.0,COMPLETE,2025-03-30 03:53:01.627391,2025-03-30 03:53:02.609353,0.981962
299,adasyn,0,clustercentroid,0,-1.0,ERROR,,,0.0
300,fastml,1,editednn,0,0.5870040107163804,COMPLETE,2025-03-30 03:58:03.547333,2025-03-30 04:04:25.277661,381.730328
301,tvae,0.25,nearmiss,0.0625,-1.0,COMPLETE,2025-03-30 04:04:25.300409,2025-03-30 04:04:27.474664,2.174255
302,random,0.25,clustercentroid,0.0625,-1.0,COMPLETE,2025-03-30 04:04:27.496207,2025-03-30 04:04:28.930065,1.433858
303,tvae,1,condensednn,0.125,-1.0,COMPLETE,2025-03-30 04:04:28.942011,2025-03-30 04:04:31.185273,2.243262
304,gaussiancopula,0.25,tomeklinks,auto,0.5846166040487628,COMPLETE,2025-03-30 04:04:31.210676,2025-03-30 04:09:32.322830,301.112154
305,smote,2,nearmiss,auto,-1.0,COMPLETE,2025-03-30 04:09:32.337008,2025-03-30 04:09:32.403522,0.066514
306,random,0,tomeklinks,0.5,0.5846166040487628,COMPLETE,2025-03-30 04:09:32.416278,2025-03-30 04:14:33.334562,300.918284
307,random,auto,condensednn,auto,-1.0,COMPLETE,2025-03-30 04:14:33.346981,2025-03-30 04:14:34.068237,0.721256
308,smote,1,random,0,-1.0,COMPLETE,2025-03-30 04:14:34.081909,2025-03-30 04:14:34.144455,0.062546
309,random,1,condensednn,auto,-1.0,COMPLETE,2025-03-30 04:14:34.157416,2025-03-30 04:14:34.700920,0.543504
310,random,auto,instancehardness,0.5,-1.0,COMPLETE,2025-03-30 04:14:34.712923,2025-03-30 04:14:36.440592,1.727669
311,gaussiancopula,0.5,tomeklinks,0.125,0.5970918195387356,COMPLETE,2025-03-30 04:14:36.467607,2025-03-30 04:20:04.243156,327.775549
312,ctgan,0.25,editednn,0.125,-1.0,COMPLETE,2025-03-30 04:20:04.255383,2025-03-30 04:20:06.185867,1.930484
313,tvae,2,random,0.25,-1.0,COMPLETE,2025-03-30 04:20:06.207472,2025-03-30 04:20:08.221506,2.014034
314,adasyn,1,random,0.0625,-1.0,COMPLETE,2025-03-30 04:20:08.234804,2025-03-30 04:20:08.297467,0.062663
315,copulagan,0.5,editednn,auto,-1.0,COMPLETE,2025-03-30 04:20:08.310496,2025-03-30 04:20:23.768998,15.458502
316,tvae,0.5,nearmiss,0.125,-1.0,COMPLETE,2025-03-30 04:20:23.791630,2025-03-30 04:20:25.765015,1.973385
317,ctgan,0,random,0,-1.0,ERROR,,,0.0
318,adasyn,0,nearmiss,0.25,-1.0,COMPLETE,2025-03-30 04:20:27.891431,2025-03-30 04:20:27.949411,0.05798
319,smote,0.5,random,0.5,-1.0,COMPLETE,2025-03-30 04:20:27.962051,2025-03-30 04:20:28.024215,0.062164
320,fastml,auto,editednn,0.0625,0.5718819898494955,COMPLETE,2025-03-30 04:20:28.037367,2025-03-30 04:26:49.451342,381.413975
321,adasyn,2,onesidedselection,0.5,-1.0,COMPLETE,2025-03-30 04:26:49.463100,2025-03-30 04:26:49.524279,0.061179
322,copulagan,auto,clustercentroid,0.0625,-1.0,COMPLETE,2025-03-30 04:26:49.535730,2025-03-30 04:27:04.694394,15.158664
323,ctgan,0.25,onesidedselection,0,-1.0,COMPLETE,2025-03-30 04:27:04.718161,2025-03-30 04:27:06.680614,1.962453
324,tvae,2,random,0,-1.0,COMPLETE,2025-03-30 04:27:06.692554,2025-03-30 04:27:08.678819,1.986265
325,copulagan,2,random,0.125,-1.0,COMPLETE,2025-03-30 04:27:08.701260,2025-03-30 04:27:23.828091,15.126831
326,smote,0.25,clustercentroid,0.5,-1.0,COMPLETE,2025-03-30 04:27:23.850148,2025-03-30 04:27:25.116453,1.266305
327,adasyn,2,onesidedselection,0.25,-1.0,COMPLETE,2025-03-30 04:27:25.139688,2025-03-30 04:27:25.203239,0.063551
328,random,auto,instancehardness,0.125,-1.0,COMPLETE,2025-03-30 04:27:25.216020,2025-03-30 04:27:26.773234,1.557214
329,fastml,0.25,nearmiss,0.125,-1.0,COMPLETE,2025-03-30 04:27:26.796345,2025-03-30 04:27:26.915567,0.119222
330,smote,auto,clustercentroid,0.0625,-1.0,COMPLETE,2025-03-30 04:27:26.937278,2025-03-30 04:27:26.992922,0.055644
331,random,0,condensednn,0,-1.0,ERROR,,,0.0
332,tvae,0.25,instancehardness,0.125,-1.0,COMPLETE,2025-03-30 04:32:27.884546,2025-03-30 04:32:29.833247,1.948701
333,adasyn,0.25,nearmiss,auto,-1.0,COMPLETE,2025-03-30 04:32:29.845602,2025-03-30 04:32:29.930969,0.085367
334,tvae,0.25,clustercentroid,0.0625,-1.0,COMPLETE,2025-03-30 04:32:29.952171,2025-03-30 04:32:32.025344,2.073173
335,ctgan,2,tomeklinks,auto,-1.0,COMPLETE,2025-03-30 04:32:32.037275,2025-03-30 04:32:33.980993,1.943718
336,fastml,0.25,tomeklinks,0,0.5609482745439811,COMPLETE,2025-03-30 04:32:34.004562,2025-03-30 04:37:34.853478,300.848916
337,fastml,0,editednn,auto,0.5610781780412424,COMPLETE,2025-03-30 04:37:34.875967,2025-03-30 04:42:36.100281,301.224314
338,fastml,0.25,clustercentroid,0.125,-1.0,COMPLETE,2025-03-30 04:42:36.122339,2025-03-30 04:42:37.296244,1.173905
339,gaussiancopula,0.5,onesidedselection,0.25,-1.0,COMPLETE,2025-03-30 04:42:37.318226,2025-03-30 04:43:03.435713,26.117487
340,fastml,auto,editednn,auto,0.5400516795865633,COMPLETE,2025-03-30 04:43:03.458182,2025-03-30 04:49:21.107844,377.649662
341,fastml,0,random,0.5,0.600434603930576,COMPLETE,2025-03-30 04:49:21.131155,2025-03-30 04:54:22.074262,300.943107
342,random,0.5,condensednn,0.25,-1.0,COMPLETE,2025-03-30 04:54:22.097817,2025-03-30 04:54:22.610115,0.512298
343,tvae,2,onesidedselection,auto,-1.0,COMPLETE,2025-03-30 04:54:22.623132,2025-03-30 04:54:24.705188,2.082056
344,fastml,2,nearmiss,0.0625,0.5616951941280028,COMPLETE,2025-03-30 04:54:24.727658,2025-03-30 05:00:42.817144,378.089486
345,adasyn,1,onesidedselection,0.0625,-1.0,COMPLETE,2025-03-30 05:00:42.838307,2025-03-30 05:00:42.899552,0.061245
346,tvae,1,editednn,0.5,-1.0,COMPLETE,2025-03-30 05:00:42.911332,2025-03-30 05:00:44.935294,2.023962
347,gaussiancopula,0.5,clustercentroid,auto,-1.0,COMPLETE,2025-03-30 05:00:44.957356,2025-03-30 05:01:10.959282,26.001926
348,fastml,0.5,tomeklinks,0.25,0.5990638037628617,COMPLETE,2025-03-30 05:01:10.980768,2025-03-30 05:06:36.649338,325.66857
349,adasyn,0.25,condensednn,0.25,-1.0,COMPLETE,2025-03-30 05:06:36.661618,2025-03-30 05:06:37.222556,0.560938
350,tvae,auto,onesidedselection,0,-1.0,COMPLETE,2025-03-30 05:06:37.234568,2025-03-30 05:06:39.158135,1.923567
351,random,0.5,nearmiss,0.5,-1.0,COMPLETE,2025-03-30 05:06:39.180009,2025-03-30 05:06:39.281262,0.101253
352,gaussiancopula,0,editednn,0.5,0.4908200734394125,COMPLETE,2025-03-30 05:06:39.302168,2025-03-30 05:11:34.520893,295.218725
353,random,0.25,onesidedselection,0.5,-1.0,COMPLETE,2025-03-30 05:11:34.543161,2025-03-30 05:11:34.680569,0.137408
354,fastml,0.25,clustercentroid,auto,-1.0,COMPLETE,2025-03-30 05:11:34.701735,2025-03-30 05:11:35.676827,0.975092
355,random,0.5,instancehardness,0.5,-1.0,COMPLETE,2025-03-30 05:11:35.688396,2025-03-30 05:11:37.123021,1.434625
356,tvae,0.25,onesidedselection,0,-1.0,COMPLETE,2025-03-30 05:11:37.135278,2025-03-30 05:11:39.194879,2.059601
357,gaussiancopula,0,tomeklinks,0,-1.0,ERROR,,,0.0
358,adasyn,2,tomeklinks,0.125,-1.0,COMPLETE,2025-03-30 05:16:40.233482,2025-03-30 05:16:40.292893,0.059411
359,copulagan,auto,onesidedselection,0,-1.0,COMPLETE,2025-03-30 05:16:40.304216,2025-03-30 05:16:54.875587,14.571371
360,fastml,0.5,condensednn,0,0.6087197265154798,COMPLETE,2025-03-30 05:16:54.897978,2025-03-30 05:22:19.204624,324.306646
361,fastml,1,tomeklinks,0.5,-1.0,COMPLETE,2025-03-30 05:22:19.226603,2025-03-30 05:23:31.895432,72.668829
362,random,0.5,clustercentroid,0.125,-1.0,COMPLETE,2025-03-30 05:23:31.907440,2025-03-30 05:23:33.098746,1.191306
363,gaussiancopula,0.5,condensednn,0.125,-1.0,COMPLETE,2025-03-30 05:23:33.120617,2025-03-30 05:23:57.869631,24.749014
364,random,2,instancehardness,0,0.5480294443358739,COMPLETE,2025-03-30 05:23:57.882170,2025-03-30 05:28:58.685063,300.802893
365,fastml,auto,onesidedselection,0.25,-1.0,COMPLETE,2025-03-30 05:28:58.706515,2025-03-30 05:30:11.271440,72.564925
366,fastml,0.5,tomeklinks,0.0625,0.6281713016736117,COMPLETE,2025-03-30 05:30:11.293107,2025-03-30 05:35:35.807082,324.513975
367,copulagan,auto,nearmiss,auto,-1.0,COMPLETE,2025-03-30 05:35:35.828821,2025-03-30 05:35:51.185346,15.356525
368,copulagan,auto,clustercentroid,auto,-1.0,COMPLETE,2025-03-30 05:35:51.207646,2025-03-30 05:36:06.424440,15.216794
369,ctgan,auto,instancehardness,0.5,-1.0,COMPLETE,2025-03-30 05:36:06.445678,2025-03-30 05:36:08.503283,2.057605
370,gaussiancopula,auto,tomeklinks,0.125,0.5953921710241226,COMPLETE,2025-03-30 05:36:08.526459,2025-03-30 05:42:27.221384,378.694925
371,ctgan,0.5,tomeklinks,0,-1.0,COMPLETE,2025-03-30 05:42:27.233160,2025-03-30 05:42:29.183450,1.95029
372,ctgan,auto,nearmiss,auto,-1.0,COMPLETE,2025-03-30 05:42:29.205315,2025-03-30 05:42:31.231403,2.026088
373,tvae,0.5,tomeklinks,auto,-1.0,COMPLETE,2025-03-30 05:42:31.252860,2025-03-30 05:42:33.160738,1.907878
374,fastml,auto,onesidedselection,auto,-1.0,COMPLETE,2025-03-30 05:42:33.182295,2025-03-30 05:43:48.956146,75.773851
375,gaussiancopula,1,clustercentroid,0,0.5916538368041487,COMPLETE,2025-03-30 05:43:48.968614,2025-03-30 05:50:06.533239,377.564625
376,adasyn,auto,editednn,0.125,-1.0,COMPLETE,2025-03-30 05:50:06.554734,2025-03-30 05:50:06.614288,0.059554
377,gaussiancopula,2,condensednn,0.25,-1.0,COMPLETE,2025-03-30 05:50:06.626033,2025-03-30 05:51:22.426078,75.800045
378,smote,0,random,0.0625,0.6046488981287097,COMPLETE,2025-03-30 05:51:22.437689,2025-03-30 05:56:23.224249,300.78656
379,copulagan,0,nearmiss,auto,-1.0,COMPLETE,2025-03-30 05:56:23.245965,2025-03-30 05:56:38.714071,15.468106
380,fastml,0,instancehardness,0,-1.0,ERROR,,,0.0
381,copulagan,0,clustercentroid,0.5,-1.0,COMPLETE,2025-03-30 06:01:39.555139,2025-03-30 06:01:54.311563,14.756424
382,smote,0.5,instancehardness,auto,-1.0,COMPLETE,2025-03-30 06:01:54.332650,2025-03-30 06:01:54.388615,0.055965
383,tvae,0.5,nearmiss,0,-1.0,COMPLETE,2025-03-30 06:01:54.399949,2025-03-30 06:01:56.496276,2.096327
384,smote,2,tomeklinks,0.5,-1.0,COMPLETE,2025-03-30 06:01:56.508802,2025-03-30 06:01:56.565838,0.057036
385,gaussiancopula,0.25,editednn,auto,0.4908200734394125,COMPLETE,2025-03-30 06:01:56.578023,2025-03-30 06:06:48.072453,291.49443
386,gaussiancopula,0,clustercentroid,0.5,-1.0,COMPLETE,2025-03-30 06:06:48.086758,2025-03-30 06:06:49.292505,1.205747
387,ctgan,1,random,0,-1.0,COMPLETE,2025-03-30 06:06:49.307860,2025-03-30 06:06:51.245531,1.937671
388,tvae,0,clustercentroid,0.125,-1.0,COMPLETE,2025-03-30 06:06:51.259380,2025-03-30 06:06:53.203493,1.944113
389,ctgan,1,nearmiss,0.125,-1.0,COMPLETE,2025-03-30 06:06:53.217622,2025-03-30 06:06:55.159949,1.942327
390,copulagan,1,condensednn,0.5,-1.0,COMPLETE,2025-03-30 06:06:55.172960,2025-03-30 06:07:09.897764,14.724804
391,tvae,1,instancehardness,0.125,-1.0,COMPLETE,2025-03-30 06:07:09.957165,2025-03-30 06:07:11.881202,1.924037
392,adasyn,2,clustercentroid,0.0625,-1.0,COMPLETE,2025-03-30 06:07:11.903355,2025-03-30 06:07:11.962701,0.059346
393,copulagan,auto,tomeklinks,0.25,-1.0,COMPLETE,2025-03-30 06:07:11.974827,2025-03-30 06:07:26.712442,14.737615
394,gaussiancopula,2,random,0.25,0.5500469903256835,COMPLETE,2025-03-30 06:07:26.734259,2025-03-30 06:13:42.513822,375.779563
395,copulagan,0,nearmiss,0,-1.0,ERROR,,,0.0
396,ctgan,auto,tomeklinks,0.0625,-1.0,COMPLETE,2025-03-30 06:13:57.438056,2025-03-30 06:13:59.347875,1.909819
397,smote,0,condensednn,0.25,-1.0,COMPLETE,2025-03-30 06:13:59.369941,2025-03-30 06:13:59.986956,0.617015
398,tvae,1,instancehardness,0.25,-1.0,COMPLETE,2025-03-30 06:13:59.998708,2025-03-30 06:14:01.921728,1.92302
399,adasyn,auto,condensednn,0.5,-1.0,COMPLETE,2025-03-30 06:14:01.943971,2025-03-30 06:14:02.004311,0.06034
400,fastml,0.5,onesidedselection,0.125,-1.0,COMPLETE,2025-03-30 06:14:02.015696,2025-03-30 06:14:25.881860,23.866164
401,adasyn,0,tomeklinks,0.25,0.5846166040487628,COMPLETE,2025-03-30 06:14:25.903611,2025-03-30 06:19:26.812060,300.908449
402,copulagan,0.25,nearmiss,0.5,-1.0,COMPLETE,2025-03-30 06:19:26.833295,2025-03-30 06:19:41.577363,14.744068
403,adasyn,0.25,editednn,auto,0.4908200734394125,COMPLETE,2025-03-30 06:19:41.598422,2025-03-30 06:24:32.348581,290.750159
404,gaussiancopula,auto,instancehardness,0.0625,-1.0,COMPLETE,2025-03-30 06:24:32.371007,2025-03-30 06:25:49.595134,77.224127
405,random,1,editednn,0,0.5712160363323154,COMPLETE,2025-03-30 06:25:49.608421,2025-03-30 06:30:50.406773,300.798352
406,smote,auto,editednn,0.5,-1.0,COMPLETE,2025-03-30 06:30:50.428541,2025-03-30 06:30:50.488446,0.059905
407,random,0,instancehardness,0.125,-1.0,COMPLETE,2025-03-30 06:30:50.499989,2025-03-30 06:30:51.637009,1.13702
408,ctgan,0,instancehardness,0.5,-1.0,COMPLETE,2025-03-30 06:30:51.663403,2025-03-30 06:30:53.679185,2.015782
409,tvae,0.25,tomeklinks,0.25,-1.0,COMPLETE,2025-03-30 06:30:53.695006,2025-03-30 06:30:55.680207,1.985201
410,smote,0.5,nearmiss,0.125,-1.0,COMPLETE,2025-03-30 06:30:55.693303,2025-03-30 06:30:55.768306,0.075003
411,smote,0,random,0.125,0.575406286923115,COMPLETE,2025-03-30 06:30:55.782076,2025-03-30 06:35:56.661701,300.879625
412,gaussiancopula,1,condensednn,auto,-1.0,COMPLETE,2025-03-30 06:35:56.683756,2025-03-30 06:37:14.295492,77.611736
413,tvae,auto,tomeklinks,0.0625,-1.0,COMPLETE,2025-03-30 06:37:14.307344,2025-03-30 06:37:16.292551,1.985207
414,smote,1,instancehardness,0.5,-1.0,COMPLETE,2025-03-30 06:37:16.304722,2025-03-30 06:37:16.361654,0.056932
415,gaussiancopula,1,nearmiss,0.5,-1.0,COMPLETE,2025-03-30 06:37:16.374207,2025-03-30 06:38:31.271045,74.896838
416,ctgan,2,editednn,0.25,-1.0,COMPLETE,2025-03-30 06:38:31.283152,2025-03-30 06:38:33.299747,2.016595
417,adasyn,auto,random,0,-1.0,COMPLETE,2025-03-30 06:38:33.321833,2025-03-30 06:38:33.383109,0.061276
418,adasyn,auto,instancehardness,0.5,-1.0,COMPLETE,2025-03-30 06:38:33.394666,2025-03-30 06:38:33.456097,0.061431
419,ctgan,0.25,instancehardness,auto,-1.0,COMPLETE,2025-03-30 06:38:33.467594,2025-03-30 06:38:35.373756,1.906162
420,ctgan,auto,random,0.0625,-1.0,COMPLETE,2025-03-30 06:38:35.396605,2025-03-30 06:38:37.336857,1.940252
421,adasyn,1,condensednn,0,-1.0,COMPLETE,2025-03-30 06:38:37.359963,2025-03-30 06:38:37.421988,0.062025
422,tvae,0.5,tomeklinks,0,-1.0,COMPLETE,2025-03-30 06:38:37.433792,2025-03-30 06:38:39.454231,2.020439
423,smote,2,onesidedselection,0.125,-1.0,COMPLETE,2025-03-30 06:38:39.465994,2025-03-30 06:38:39.523328,0.057334
424,fastml,0.25,condensednn,auto,-1.0,COMPLETE,2025-03-30 06:38:39.534890,2025-03-30 06:38:40.099968,0.565078
425,copulagan,0.25,onesidedselection,0.25,-1.0,COMPLETE,2025-03-30 06:38:40.111722,2025-03-30 06:38:54.875824,14.764102
426,gaussiancopula,1,instancehardness,0.5,-1.0,COMPLETE,2025-03-30 06:38:54.897656,2025-03-30 06:40:11.236782,76.339126
427,random,1,instancehardness,0.25,-1.0,COMPLETE,2025-03-30 06:40:11.258864,2025-03-30 06:40:12.407201,1.148337
428,random,0.5,nearmiss,0.125,-1.0,COMPLETE,2025-03-30 06:40:12.429904,2025-03-30 06:40:12.534118,0.104214
429,ctgan,0.5,tomeklinks,auto,-1.0,COMPLETE,2025-03-30 06:40:12.555302,2025-03-30 06:40:14.557541,2.002239
430,smote,0,editednn,0.125,0.5439276485788114,COMPLETE,2025-03-30 06:40:14.578443,2025-03-30 06:45:15.568721,300.990278
431,smote,0,editednn,0.25,0.4908200734394125,COMPLETE,2025-03-30 06:45:15.590809,2025-03-30 06:50:05.653857,290.063048
432,smote,0.5,random,0.0625,-1.0,COMPLETE,2025-03-30 06:50:05.677378,2025-03-30 06:50:05.741097,0.063719
433,gaussiancopula,0.25,editednn,0.25,0.4908200734394125,COMPLETE,2025-03-30 06:50:05.754241,2025-03-30 06:54:54.956354,289.202113
434,copulagan,1,instancehardness,0.5,-1.0,COMPLETE,2025-03-30 06:54:54.979288,2025-03-30 06:55:09.561724,14.582436
435,gaussiancopula,0.25,condensednn,0.25,-1.0,COMPLETE,2025-03-30 06:55:09.583292,2025-03-30 06:55:10.258661,0.675369
436,copulagan,1,onesidedselection,0,-1.0,COMPLETE,2025-03-30 06:55:10.270517,2025-03-30 06:55:25.775629,15.505112
437,adasyn,1,condensednn,auto,-1.0,COMPLETE,2025-03-30 06:55:25.798230,2025-03-30 06:55:25.859490,0.06126
438,gaussiancopula,0,nearmiss,auto,-1.0,COMPLETE,2025-03-30 06:55:25.871271,2025-03-30 06:55:25.986286,0.115015
439,copulagan,0,onesidedselection,0.25,-1.0,COMPLETE,2025-03-30 06:55:26.007174,2025-03-30 06:55:40.758219,14.751045
440,random,1,instancehardness,0.0625,-1.0,COMPLETE,2025-03-30 06:55:40.781388,2025-03-30 06:55:42.297216,1.515828
441,tvae,0.25,nearmiss,0.25,-1.0,COMPLETE,2025-03-30 06:55:42.320042,2025-03-30 06:55:44.265097,1.945055
442,smote,auto,random,0.125,-1.0,COMPLETE,2025-03-30 06:55:44.286399,2025-03-30 06:55:44.345088,0.058689
443,adasyn,auto,tomeklinks,0.125,-1.0,COMPLETE,2025-03-30 06:55:44.356958,2025-03-30 06:55:44.495405,0.138447
444,gaussiancopula,1,tomeklinks,auto,-1.0,COMPLETE,2025-03-30 06:55:44.517251,2025-03-30 06:57:02.374805,77.857554
445,random,0.25,editednn,0.25,0.4908200734394125,COMPLETE,2025-03-30 06:57:02.386875,2025-03-30 07:01:54.367885,291.98101
446,ctgan,auto,condensednn,0,-1.0,COMPLETE,2025-03-30 07:01:54.389607,2025-03-30 07:01:56.304168,1.914561
447,adasyn,1,nearmiss,0.125,-1.0,COMPLETE,2025-03-30 07:01:56.322432,2025-03-30 07:01:56.387466,0.065034
448,gaussiancopula,0,instancehardness,0.0625,-1.0,COMPLETE,2025-03-30 07:01:56.399322,2025-03-30 07:01:57.491972,1.09265
449,smote,2,onesidedselection,0,-1.0,COMPLETE,2025-03-30 07:01:57.515609,2025-03-30 07:01:57.576948,0.061339
450,smote,0,clustercentroid,0.0625,-1.0,COMPLETE,2025-03-30 07:01:57.588637,2025-03-30 07:01:59.123970,1.535333
451,adasyn,2,condensednn,auto,-1.0,COMPLETE,2025-03-30 07:01:59.145431,2025-03-30 07:01:59.210114,0.064683
452,gaussiancopula,auto,editednn,0.0625,0.5812946743179301,COMPLETE,2025-03-30 07:01:59.221612,2025-03-30 07:08:17.943573,378.721961
453,fastml,2,onesidedselection,0.25,-1.0,COMPLETE,2025-03-30 07:08:17.957988,2025-03-30 07:09:31.903241,73.945253
454,copulagan,auto,random,0,-1.0,COMPLETE,2025-03-30 07:09:31.915361,2025-03-30 07:09:46.661954,14.746593
455,random,auto,clustercentroid,0.25,-1.0,COMPLETE,2025-03-30 07:09:46.683969,2025-03-30 07:09:47.859501,1.175532
456,random,0.5,editednn,0.25,0.5237897222650033,COMPLETE,2025-03-30 07:09:47.881962,2025-03-30 07:14:04.564693,256.682731
457,ctgan,1,instancehardness,0.25,-1.0,COMPLETE,2025-03-30 07:14:04.586847,2025-03-30 07:14:06.538728,1.951881
458,gaussiancopula,auto,condensednn,auto,-1.0,COMPLETE,2025-03-30 07:14:06.560645,2025-03-30 07:15:25.151946,78.591301
459,adasyn,0,onesidedselection,0.25,-1.0,COMPLETE,2025-03-30 07:15:25.163473,2025-03-30 07:15:25.267123,0.10365
460,random,0.5,tomeklinks,0.125,0.5920601362461827,COMPLETE,2025-03-30 07:15:25.288506,2025-03-30 07:20:26.554074,301.265568
461,copulagan,2,random,0,-1.0,COMPLETE,2025-03-30 07:20:26.599001,2025-03-30 07:20:41.191838,14.592837
462,copulagan,1,clustercentroid,auto,-1.0,COMPLETE,2025-03-30 07:20:41.215260,2025-03-30 07:20:56.022206,14.806946
463,adasyn,auto,random,0.25,-1.0,COMPLETE,2025-03-30 07:20:56.043835,2025-03-30 07:20:56.107411,0.063576
464,tvae,2,condensednn,auto,-1.0,COMPLETE,2025-03-30 07:20:56.119494,2025-03-30 07:20:58.051016,1.931522
465,gaussiancopula,0,condensednn,0.125,-1.0,COMPLETE,2025-03-30 07:20:58.072719,2025-03-30 07:20:58.727466,0.654747
466,gaussiancopula,auto,tomeklinks,0.5,0.6034837684031447,COMPLETE,2025-03-30 07:20:58.739421,2025-03-30 07:27:15.871496,377.132075
467,ctgan,1,onesidedselection,0,-1.0,COMPLETE,2025-03-30 07:27:15.894798,2025-03-30 07:27:18.011880,2.117082
468,ctgan,0.5,condensednn,auto,-1.0,COMPLETE,2025-03-30 07:27:18.033594,2025-03-30 07:27:20.027761,1.994167
469,random,0,condensednn,auto,-1.0,COMPLETE,2025-03-30 07:27:20.049711,2025-03-30 07:27:20.675328,0.625617
470,copulagan,0.5,instancehardness,0,-1.0,COMPLETE,2025-03-30 07:27:20.687372,2025-03-30 07:27:35.325945,14.638573
471,gaussiancopula,0.25,onesidedselection,0.25,-1.0,COMPLETE,2025-03-30 07:27:35.348352,2025-03-30 07:27:35.512083,0.163731
472,gaussiancopula,2,condensednn,0,0.6071011675662839,COMPLETE,2025-03-30 07:27:35.533727,2025-03-30 07:33:52.243556,376.709829
473,copulagan,0.5,clustercentroid,0.25,-1.0,COMPLETE,2025-03-30 07:33:52.265587,2025-03-30 07:34:06.923289,14.657702
474,random,auto,random,0.125,0.5483214800948258,COMPLETE,2025-03-30 07:34:06.935021,2025-03-30 07:39:07.764773,300.829752
475,fastml,0.25,onesidedselection,0.0625,-1.0,COMPLETE,2025-03-30 07:39:07.786574,2025-03-30 07:39:07.940338,0.153764
476,tvae,2,random,0.5,-1.0,COMPLETE,2025-03-30 07:39:07.963603,2025-03-30 07:39:09.882988,1.919385
477,smote,0.25,tomeklinks,0.125,0.6154354765161879,COMPLETE,2025-03-30 07:39:09.905207,2025-03-30 07:44:11.190853,301.285646
478,smote,auto,onesidedselection,0.0625,-1.0,COMPLETE,2025-03-30 07:44:11.202670,2025-03-30 07:44:11.260963,0.058293
479,ctgan,0.25,onesidedselection,0.5,-1.0,COMPLETE,2025-03-30 07:44:11.272288,2025-03-30 07:44:13.206819,1.934531
480,random,0.5,onesidedselection,0.25,-1.0,COMPLETE,2025-03-30 07:44:13.227990,2025-03-30 07:44:13.379850,0.15186
481,random,0.5,nearmiss,auto,-1.0,COMPLETE,2025-03-30 07:44:13.401456,2025-03-30 07:44:13.507364,0.105908
482,adasyn,auto,clustercentroid,0.125,-1.0,COMPLETE,2025-03-30 07:44:13.528700,2025-03-30 07:44:13.592354,0.063654
483,fastml,0.5,tomeklinks,0.125,0.6050371242599679,COMPLETE,2025-03-30 07:44:13.604444,2025-03-30 07:49:38.196144,324.5917
484,copulagan,0.25,editednn,0.25,-1.0,COMPLETE,2025-03-30 07:49:38.212044,2025-03-30 07:49:53.882121,15.670077
485,adasyn,2,tomeklinks,auto,-1.0,COMPLETE,2025-03-30 07:49:53.905524,2025-03-30 07:49:53.969030,0.063506
486,tvae,2,instancehardness,0.125,-1.0,COMPLETE,2025-03-30 07:49:53.980794,2025-03-30 07:49:56.021782,2.040988
487,ctgan,2,tomeklinks,0.5,-1.0,COMPLETE,2025-03-30 07:49:56.034121,2025-03-30 07:49:58.122312,2.088191
488,adasyn,2,instancehardness,0.125,-1.0,COMPLETE,2025-03-30 07:49:58.145857,2025-03-30 07:49:58.211550,0.065693
489,smote,auto,nearmiss,auto,-1.0,COMPLETE,2025-03-30 07:49:58.223300,2025-03-30 07:49:58.281288,0.057988
490,ctgan,1,editednn,auto,-1.0,COMPLETE,2025-03-30 07:49:58.293462,2025-03-30 07:50:00.241998,1.948536
491,gaussiancopula,2,onesidedselection,0,0.6106449106449107,COMPLETE,2025-03-30 07:50:00.264718,2025-03-30 07:56:17.060367,376.795649
492,copulagan,0.25,instancehardness,0,-1.0,COMPLETE,2025-03-30 07:56:17.082043,2025-03-30 07:56:32.468397,15.386354
493,tvae,2,nearmiss,0.125,-1.0,COMPLETE,2025-03-30 07:56:32.489535,2025-03-30 07:56:34.407115,1.91758
494,copulagan,0.25,instancehardness,0.5,-1.0,COMPLETE,2025-03-30 07:56:34.428478,2025-03-30 07:56:49.416281,14.987803
495,smote,auto,nearmiss,0.25,-1.0,COMPLETE,2025-03-30 07:56:49.437944,2025-03-30 07:56:49.500160,0.062216
496,fastml,auto,condensednn,0.125,-1.0,COMPLETE,2025-03-30 07:56:49.511774,2025-03-30 07:58:03.331769,73.819995
497,smote,0.5,random,0.25,-1.0,COMPLETE,2025-03-30 07:58:03.343113,2025-03-30 07:58:03.402408,0.059295
498,copulagan,2,clustercentroid,0.5,-1.0,COMPLETE,2025-03-30 07:58:03.414089,2025-03-30 07:58:18.972081,15.557992
499,random,0.5,random,0,0.6100117161795625,COMPLETE,2025-03-30 07:58:18.984370,2025-03-30 08:03:19.884278,300.899908
500,copulagan,0.25,editednn,0,-1.0,COMPLETE,2025-03-30 08:03:19.906240,2025-03-30 08:03:34.588308,14.682068
501,copulagan,0.25,tomeklinks,auto,-1.0,COMPLETE,2025-03-30 08:03:34.601050,2025-03-30 08:03:49.481770,14.88072
502,smote,auto,nearmiss,0.5,-1.0,COMPLETE,2025-03-30 08:03:49.503461,2025-03-30 08:03:49.562392,0.058931
503,random,1,condensednn,0.0625,-1.0,COMPLETE,2025-03-30 08:03:49.574533,2025-03-30 08:03:50.204774,0.630241
504,adasyn,0.5,tomeklinks,0.5,-1.0,COMPLETE,2025-03-30 08:03:50.216142,2025-03-30 08:03:50.277780,0.061638
505,copulagan,1,condensednn,0.25,-1.0,COMPLETE,2025-03-30 08:03:50.289231,2025-03-30 08:04:04.983567,14.694336
506,adasyn,0.5,editednn,0,-1.0,COMPLETE,2025-03-30 08:04:05.005697,2025-03-30 08:04:05.069736,0.064039
507,gaussiancopula,auto,nearmiss,0.5,0.5898891389514046,COMPLETE,2025-03-30 08:04:05.081264,2025-03-30 08:10:22.874551,377.793287
508,random,auto,clustercentroid,0,0.6114929154640838,COMPLETE,2025-03-30 08:10:22.896511,2025-03-30 08:15:23.822396,300.925885
509,tvae,0.25,random,0.5,-1.0,COMPLETE,2025-03-30 08:15:23.844071,2025-03-30 08:15:25.880316,2.036245
510,tvae,2,tomeklinks,0.0625,-1.0,COMPLETE,2025-03-30 08:15:25.903222,2025-03-30 08:15:27.816973,1.913751
511,fastml,auto,tomeklinks,0.5,0.6162139450851872,COMPLETE,2025-03-30 08:15:27.828497,2025-03-30 08:21:42.594136,374.765639
512,tvae,0.25,clustercentroid,0,-1.0,COMPLETE,2025-03-30 08:21:42.606871,2025-03-30 08:21:44.610613,2.003742
513,random,1,random,auto,-1.0,COMPLETE,2025-03-30 08:21:44.634382,2025-03-30 08:21:44.968213,0.333831
514,smote,1,clustercentroid,0.125,-1.0,COMPLETE,2025-03-30 08:21:44.980378,2025-03-30 08:21:45.040967,0.060589
515,gaussiancopula,0.5,tomeklinks,0.25,0.5499916930897111,COMPLETE,2025-03-30 08:21:45.053040,2025-03-30 08:27:10.548892,325.495852
516,gaussiancopula,1,clustercentroid,0.125,-1.0,COMPLETE,2025-03-30 08:27:10.569864,2025-03-30 08:28:28.934051,78.364187
517,adasyn,1,instancehardness,0.0625,-1.0,COMPLETE,2025-03-30 08:28:28.945794,2025-03-30 08:28:29.009947,0.064153
518,tvae,1,random,0.0625,-1.0,COMPLETE,2025-03-30 08:28:29.021521,2025-03-30 08:28:30.935685,1.914164
519,smote,0.5,onesidedselection,0,-1.0,COMPLETE,2025-03-30 08:28:30.957086,2025-03-30 08:28:31.015802,0.058716
520,smote,2,condensednn,0,-1.0,COMPLETE,2025-03-30 08:28:31.027006,2025-03-30 08:28:31.085094,0.058088
521,smote,0.5,clustercentroid,0.125,-1.0,COMPLETE,2025-03-30 08:28:31.097025,2025-03-30 08:28:31.154476,0.057451
522,random,0.25,condensednn,0.0625,-1.0,COMPLETE,2025-03-30 08:28:31.166340,2025-03-30 08:28:31.728017,0.561677
523,ctgan,0,tomeklinks,0.125,-1.0,COMPLETE,2025-03-30 08:28:31.739368,2025-03-30 08:28:33.676790,1.937422
524,smote,auto,tomeklinks,0.5,-1.0,COMPLETE,2025-03-30 08:28:33.698618,2025-03-30 08:28:33.756768,0.05815
525,ctgan,0.25,random,0,-1.0,COMPLETE,2025-03-30 08:28:33.767982,2025-03-30 08:28:35.707954,1.939972
526,random,auto,nearmiss,0.125,0.5819724244637653,COMPLETE,2025-03-30 08:28:35.719959,2025-03-30 08:33:36.656396,300.936437
527,adasyn,0,tomeklinks,0.0625,0.6094834130814825,COMPLETE,2025-03-30 08:33:36.669061,2025-03-30 08:38:37.527160,300.858099
528,ctgan,2,tomeklinks,0.125,-1.0,COMPLETE,2025-03-30 08:38:37.548688,2025-03-30 08:38:39.490639,1.941951
529,fastml,2,nearmiss,0.5,0.5622190413205171,COMPLETE,2025-03-30 08:38:39.505333,2025-03-30 08:44:52.602604,373.097271
530,adasyn,0,condensednn,0.25,-1.0,COMPLETE,2025-03-30 08:44:52.624835,2025-03-30 08:44:53.212404,0.587569
531,smote,0.25,editednn,0.5,0.4908200734394125,COMPLETE,2025-03-30 08:44:53.228493,2025-03-30 08:49:48.012629,294.784136
532,tvae,1,clustercentroid,auto,-1.0,COMPLETE,2025-03-30 08:49:48.033690,2025-03-30 08:49:49.955837,1.922147
533,ctgan,1,onesidedselection,0.125,-1.0,COMPLETE,2025-03-30 08:49:49.976621,2025-03-30 08:49:51.884355,1.907734
534,fastml,1,tomeklinks,0,0.5870040107163804,COMPLETE,2025-03-30 08:49:51.896231,2025-03-30 08:56:07.187740,375.291509
535,ctgan,0.25,random,0.0625,-1.0,COMPLETE,2025-03-30 08:56:07.209285,2025-03-30 08:56:09.146126,1.936841
536,fastml,2,editednn,0.0625,-1.0,COMPLETE,2025-03-30 08:56:09.168008,2025-03-30 08:57:22.906048,73.73804
537,random,0.5,tomeklinks,auto,0.6244902088976059,COMPLETE,2025-03-30 08:57:22.917698,2025-03-30 09:02:23.871619,300.953921
538,fastml,2,nearmiss,0.25,0.5683767013940322,COMPLETE,2025-03-30 09:02:23.892729,2025-03-30 09:07:37.793068,313.900339
539,copulagan,2,onesidedselection,0.25,-1.0,COMPLETE,2025-03-30 09:07:37.805287,2025-03-30 09:07:52.627655,14.822368
540,fastml,0.5,nearmiss,0,0.6087197265154798,COMPLETE,2025-03-30 09:07:52.639038,2025-03-30 09:13:17.789088,325.15005
541,tvae,0.5,onesidedselection,0,-1.0,COMPLETE,2025-03-30 09:13:17.926173,2025-03-30 09:13:19.833598,1.907425
542,adasyn,0.25,random,0.5,0.600434603930576,COMPLETE,2025-03-30 09:13:19.845321,2025-03-30 09:18:20.685841,300.84052
543,smote,2,editednn,0,-1.0,COMPLETE,2025-03-30 09:18:20.707264,2025-03-30 09:18:20.769125,0.061861
544,tvae,2,onesidedselection,0,-1.0,COMPLETE,2025-03-30 09:18:20.780568,2025-03-30 09:18:22.709069,1.928501
545,adasyn,2,random,0.25,-1.0,COMPLETE,2025-03-30 09:18:22.721092,2025-03-30 09:18:22.784026,0.062934
546,tvae,auto,random,auto,-1.0,COMPLETE,2025-03-30 09:18:22.795498,2025-03-30 09:18:24.728345,1.932847
547,adasyn,0.25,condensednn,auto,-1.0,COMPLETE,2025-03-30 09:18:24.751729,2025-03-30 09:18:25.424994,0.673265
548,copulagan,auto,instancehardness,0.5,-1.0,COMPLETE,2025-03-30 09:18:25.437543,2025-03-30 09:18:40.824634,15.387091
549,random,auto,random,0.5,0.5844697904837144,COMPLETE,2025-03-30 09:18:40.846859,2025-03-30 09:23:41.696959,300.8501
550,ctgan,0.5,condensednn,0.125,-1.0,COMPLETE,2025-03-30 09:23:41.718916,2025-03-30 09:23:43.760912,2.041996
551,adasyn,auto,tomeklinks,0.0625,-1.0,COMPLETE,2025-03-30 09:23:43.783453,2025-03-30 09:23:43.847590,0.064137
552,gaussiancopula,0.25,editednn,0,0.5609482745439811,COMPLETE,2025-03-30 09:23:43.859618,2025-03-30 09:28:44.659316,300.799698
553,gaussiancopula,2,clustercentroid,0.125,-1.0,COMPLETE,2025-03-30 09:28:44.673149,2025-03-30 09:30:08.704411,84.031262
554,smote,2,nearmiss,0.25,-1.0,COMPLETE,2025-03-30 09:30:08.726953,2025-03-30 09:30:08.788832,0.061879
555,random,1,instancehardness,auto,-1.0,COMPLETE,2025-03-30 09:30:08.800945,2025-03-30 09:30:10.412394,1.611449
556,smote,0.5,instancehardness,0,-1.0,COMPLETE,2025-03-30 09:30:10.435447,2025-03-30 09:30:10.500983,0.065536
557,fastml,0.25,editednn,0.5,0.4908200734394125,COMPLETE,2025-03-30 09:30:10.512795,2025-03-30 09:35:02.922748,292.409953
558,gaussiancopula,auto,onesidedselection,0.25,-1.0,COMPLETE,2025-03-30 09:35:02.944087,2025-03-30 09:36:18.926096,75.982009
559,adasyn,0.5,nearmiss,0.0625,-1.0,COMPLETE,2025-03-30 09:36:18.939247,2025-03-30 09:36:19.007328,0.068081
560,ctgan,0,editednn,0,-1.0,ERROR,,,0.0
561,fastml,0.5,clustercentroid,0,0.6087197265154798,COMPLETE,2025-03-30 09:36:20.999966,2025-03-30 09:41:45.574587,324.574621
562,gaussiancopula,0.5,nearmiss,0,0.6065321477428182,COMPLETE,2025-03-30 09:41:45.596746,2025-03-30 09:47:11.307231,325.710485
563,fastml,0,editednn,0.5,0.4908200734394125,COMPLETE,2025-03-30 09:47:11.329071,2025-03-30 09:52:03.288156,291.959085
564,smote,1,random,0.125,-1.0,COMPLETE,2025-03-30 09:52:03.313760,2025-03-30 09:52:03.457337,0.143577
565,copulagan,0,random,0,-1.0,ERROR,,,0.0
566,adasyn,0.5,editednn,0.25,-1.0,COMPLETE,2025-03-30 09:52:18.174463,2025-03-30 09:52:18.257868,0.083405
567,gaussiancopula,auto,instancehardness,auto,-1.0,COMPLETE,2025-03-30 09:52:18.274539,2025-03-30 09:53:38.363306,80.088767
568,copulagan,0.25,random,0.0625,-1.0,COMPLETE,2025-03-30 09:53:38.386458,2025-03-30 09:53:53.789012,15.402554
569,tvae,1,condensednn,0.0625,-1.0,COMPLETE,2025-03-30 09:53:53.800871,2025-03-30 09:53:55.798449,1.997578
570,tvae,2,onesidedselection,0.0625,-1.0,COMPLETE,2025-03-30 09:53:55.810982,2025-03-30 09:53:57.741955,1.930973
571,adasyn,2,nearmiss,0.5,-1.0,COMPLETE,2025-03-30 09:53:57.764995,2025-03-30 09:53:57.915153,0.150158
572,tvae,0.5,condensednn,0.0625,-1.0,COMPLETE,2025-03-30 09:53:57.936881,2025-03-30 09:53:59.855689,1.918808
573,random,0,tomeklinks,0.25,0.5846166040487628,COMPLETE,2025-03-30 09:53:59.877873,2025-03-30 09:59:00.790498,300.912625
574,ctgan,auto,instancehardness,0,-1.0,COMPLETE,2025-03-30 09:59:00.813043,2025-03-30 09:59:02.777622,1.964579
575,fastml,2,instancehardness,0.125,-1.0,COMPLETE,2025-03-30 09:59:02.789527,2025-03-30 10:00:16.573353,73.783826
576,copulagan,0.5,editednn,0.0625,-1.0,COMPLETE,2025-03-30 10:00:16.596106,2025-03-30 10:00:31.464647,14.868541
577,gaussiancopula,2,random,0.125,0.5835998988188408,COMPLETE,2025-03-30 10:00:31.486259,2025-03-30 10:06:49.018284,377.532025
578,random,2,instancehardness,0.125,-1.0,COMPLETE,2025-03-30 10:06:49.030611,2025-03-30 10:06:50.321376,1.290765
579,ctgan,1,onesidedselection,auto,-1.0,COMPLETE,2025-03-30 10:06:50.334592,2025-03-30 10:06:52.479090,2.144498
580,copulagan,2,nearmiss,0.0625,-1.0,COMPLETE,2025-03-30 10:06:52.502394,2025-03-30 10:07:07.273788,14.771394
581,fastml,0.25,random,0.5,0.600434603930576,COMPLETE,2025-03-30 10:07:07.295423,2025-03-30 10:12:08.257742,300.962319
582,copulagan,0,random,0.5,-1.0,COMPLETE,2025-03-30 10:12:08.280738,2025-03-30 10:12:22.981556,14.700818
583,gaussiancopula,0,instancehardness,0,-1.0,ERROR,,,0.0
584,adasyn,0.5,editednn,auto,-1.0,COMPLETE,2025-03-30 10:17:23.876811,2025-03-30 10:17:23.947916,0.071105
585,smote,1,tomeklinks,0.5,-1.0,COMPLETE,2025-03-30 10:17:23.960603,2025-03-30 10:17:24.025222,0.064619
586,copulagan,0,random,auto,-1.0,COMPLETE,2025-03-30 10:17:24.037428,2025-03-30 10:17:39.677478,15.64005
587,tvae,auto,condensednn,0,-1.0,COMPLETE,2025-03-30 10:17:39.689697,2025-03-30 10:17:41.625237,1.93554
588,copulagan,0,instancehardness,0,-1.0,ERROR,,,0.0
589,adasyn,auto,nearmiss,auto,-1.0,COMPLETE,2025-03-30 10:17:56.577982,2025-03-30 10:17:56.646287,0.068305
590,tvae,0,editednn,auto,-1.0,COMPLETE,2025-03-30 10:17:56.658864,2025-03-30 10:17:58.622254,1.96339
591,copulagan,0.25,random,0.25,-1.0,COMPLETE,2025-03-30 10:17:58.644573,2025-03-30 10:18:13.624990,14.980417
592,gaussiancopula,1,clustercentroid,0.5,-1.0,COMPLETE,2025-03-30 10:18:13.647095,2025-03-30 10:19:30.586970,76.939875
593,tvae,0.5,nearmiss,0.25,-1.0,COMPLETE,2025-03-30 10:19:30.608667,2025-03-30 10:19:32.551364,1.942697
594,ctgan,2,condensednn,0,-1.0,COMPLETE,2025-03-30 10:19:32.573255,2025-03-30 10:19:34.503263,1.930008
595,random,auto,condensednn,0,0.6114929154640838,COMPLETE,2025-03-30 10:19:34.524731,2025-03-30 10:24:35.427840,300.903109
596,random,0.25,onesidedselection,auto,-1.0,COMPLETE,2025-03-30 10:24:35.450734,2025-03-30 10:24:35.605616,0.154882
597,tvae,auto,instancehardness,0.125,-1.0,COMPLETE,2025-03-30 10:24:35.649220,2025-03-30 10:24:37.760725,2.111505
598,smote,0.5,clustercentroid,0.5,-1.0,COMPLETE,2025-03-30 10:24:37.772824,2025-03-30 10:24:37.836503,0.063679
599,tvae,1,random,auto,-1.0,COMPLETE,2025-03-30 10:24:37.849238,2025-03-30 10:24:39.793661,1.944423
600,tvae,0,instancehardness,0.125,-1.0,COMPLETE,2025-03-30 10:24:39.815413,2025-03-30 10:24:41.790679,1.975266
601,fastml,0.25,tomeklinks,0.125,0.6056277481064057,COMPLETE,2025-03-30 10:24:41.813268,2025-03-30 10:29:43.062879,301.249611
602,smote,2,random,auto,-1.0,COMPLETE,2025-03-30 10:29:43.075738,2025-03-30 10:29:43.138407,0.062669
603,copulagan,0.25,nearmiss,auto,-1.0,COMPLETE,2025-03-30 10:29:43.150932,2025-03-30 10:29:57.876214,14.725282
604,fastml,0.5,onesidedselection,0,0.6087197265154798,COMPLETE,2025-03-30 10:29:57.887901,2025-03-30 10:35:22.688238,324.800337
605,adasyn,auto,clustercentroid,0,-1.0,COMPLETE,2025-03-30 10:35:22.710190,2025-03-30 10:35:22.777195,0.067005
606,copulagan,0.5,nearmiss,auto,-1.0,COMPLETE,2025-03-30 10:35:22.788956,2025-03-30 10:35:37.537883,14.748927
607,fastml,0.25,condensednn,0.5,-1.0,COMPLETE,2025-03-30 10:35:37.559749,2025-03-30 10:35:38.159523,0.599774
608,adasyn,1,clustercentroid,0.5,-1.0,COMPLETE,2025-03-30 10:35:38.171615,2025-03-30 10:35:38.239059,0.067444
609,smote,0.5,nearmiss,0.5,-1.0,COMPLETE,2025-03-30 10:35:38.250660,2025-03-30 10:35:38.312950,0.06229
610,smote,auto,instancehardness,auto,-1.0,COMPLETE,2025-03-30 10:35:38.324689,2025-03-30 10:35:38.388400,0.063711
611,ctgan,auto,editednn,0.0625,-1.0,COMPLETE,2025-03-30 10:35:38.399999,2025-03-30 10:35:40.439612,2.039613
612,fastml,0,condensednn,0.5,-1.0,COMPLETE,2025-03-30 10:35:40.462188,2025-03-30 10:35:41.057319,0.595131
613,copulagan,2,condensednn,0.5,-1.0,COMPLETE,2025-03-30 10:35:41.070083,2025-03-30 10:35:55.894646,14.824563
614,random,2,tomeklinks,0.5,0.6078640471405329,COMPLETE,2025-03-30 10:35:55.917902,2025-03-30 10:40:56.823083,300.905181
615,adasyn,0,random,0.25,0.6070401399521722,COMPLETE,2025-03-30 10:40:56.845316,2025-03-30 10:45:57.813180,300.967864
616,random,auto,onesidedselection,0.5,-1.0,COMPLETE,2025-03-30 10:45:57.834528,2025-03-30 10:45:57.999500,0.164972
617,tvae,0.25,clustercentroid,auto,-1.0,COMPLETE,2025-03-30 10:45:58.020827,2025-03-30 10:46:00.111388,2.090561
618,copulagan,1,onesidedselection,0.125,-1.0,COMPLETE,2025-03-30 10:46:00.126711,2025-03-30 10:46:14.803188,14.676477
619,gaussiancopula,0,random,0.5,0.600434603930576,COMPLETE,2025-03-30 10:46:14.826043,2025-03-30 10:51:15.773293,300.94725
620,tvae,0.5,onesidedselection,0.25,-1.0,COMPLETE,2025-03-30 10:51:15.795998,2025-03-30 10:51:17.918671,2.122673
621,adasyn,0,random,0.125,0.575406286923115,COMPLETE,2025-03-30 10:51:17.941080,2025-03-30 10:56:18.698924,300.757844
622,gaussiancopula,0.5,tomeklinks,0.0625,0.6201491926526126,COMPLETE,2025-03-30 10:56:18.720827,2025-03-30 11:01:08.054672,289.333845
623,copulagan,1,onesidedselection,0.0625,-1.0,COMPLETE,2025-03-30 11:01:08.077007,2025-03-30 11:01:22.853659,14.776652
624,random,0,clustercentroid,0.0625,-1.0,COMPLETE,2025-03-30 11:01:22.875156,2025-03-30 11:01:24.355293,1.480137
625,smote,1,random,0.25,-1.0,COMPLETE,2025-03-30 11:01:24.367960,2025-03-30 11:01:24.432403,0.064443
626,ctgan,0.5,instancehardness,0.25,-1.0,COMPLETE,2025-03-30 11:01:24.444359,2025-03-30 11:01:26.355818,1.911459
627,ctgan,auto,editednn,0.25,-1.0,COMPLETE,2025-03-30 11:01:26.379630,2025-03-30 11:01:28.294772,1.915142
628,gaussiancopula,1,random,0.125,-1.0,COMPLETE,2025-03-30 11:01:28.315867,2025-03-30 11:02:46.651131,78.335264
629,random,0.25,condensednn,0,0.5609482745439811,COMPLETE,2025-03-30 11:02:46.662953,2025-03-30 11:07:47.455287,300.792334
630,random,0,editednn,0.0625,0.5586881880287423,COMPLETE,2025-03-30 11:07:47.476636,2025-03-30 11:12:48.400975,300.924339
631,ctgan,0.25,nearmiss,0.25,-1.0,COMPLETE,2025-03-30 11:12:48.413294,2025-03-30 11:12:50.330227,1.916933
632,adasyn,auto,clustercentroid,0.25,-1.0,COMPLETE,2025-03-30 11:12:50.342140,2025-03-30 11:12:50.410240,0.0681
633,ctgan,0.5,random,0.0625,-1.0,COMPLETE,2025-03-30 11:12:50.422957,2025-03-30 11:12:52.421726,1.998769
634,copulagan,1,instancehardness,0.0625,-1.0,COMPLETE,2025-03-30 11:12:52.444560,2025-03-30 11:13:07.901044,15.456484
635,ctgan,auto,random,0.5,-1.0,COMPLETE,2025-03-30 11:13:07.913694,2025-03-30 11:13:09.887638,1.973944
636,tvae,1,tomeklinks,0.125,-1.0,COMPLETE,2025-03-30 11:13:09.910374,2025-03-30 11:13:11.848558,1.938184
637,adasyn,auto,nearmiss,0.0625,-1.0,COMPLETE,2025-03-30 11:13:11.860475,2025-03-30 11:13:11.928991,0.068516
638,ctgan,0.25,clustercentroid,0.0625,-1.0,COMPLETE,2025-03-30 11:13:11.941406,2025-03-30 11:13:13.898496,1.95709
639,adasyn,auto,onesidedselection,0.0625,-1.0,COMPLETE,2025-03-30 11:13:13.921783,2025-03-30 11:13:13.990439,0.068656
640,ctgan,1,nearmiss,0.25,-1.0,COMPLETE,2025-03-30 11:13:14.002409,2025-03-30 11:13:15.923144,1.920735
641,ctgan,0,condensednn,auto,-1.0,COMPLETE,2025-03-30 11:13:15.934801,2025-03-30 11:13:17.969132,2.034331
642,tvae,auto,instancehardness,0,-1.0,COMPLETE,2025-03-30 11:13:17.990797,2025-03-30 11:13:19.952432,1.961635
643,tvae,0.5,nearmiss,auto,-1.0,COMPLETE,2025-03-30 11:13:19.975370,2025-03-30 11:13:22.026150,2.05078
644,copulagan,2,instancehardness,0.25,-1.0,COMPLETE,2025-03-30 11:13:22.047489,2025-03-30 11:13:37.233088,15.185599
645,ctgan,0.25,nearmiss,0.0625,-1.0,COMPLETE,2025-03-30 11:13:37.245485,2025-03-30 11:13:39.289366,2.043881
646,random,0.5,instancehardness,0,0.6100117161795625,COMPLETE,2025-03-30 11:13:39.311447,2025-03-30 11:18:40.143437,300.83199
647,tvae,0.25,onesidedselection,0.25,-1.0,COMPLETE,2025-03-30 11:18:40.165622,2025-03-30 11:18:42.137242,1.97162
648,adasyn,0.25,onesidedselection,0.0625,-1.0,COMPLETE,2025-03-30 11:18:42.159198,2025-03-30 11:18:42.280616,0.121418
649,tvae,2,tomeklinks,0.125,-1.0,COMPLETE,2025-03-30 11:18:42.302074,2025-03-30 11:18:44.303647,2.001573
650,tvae,1,tomeklinks,0.25,-1.0,COMPLETE,2025-03-30 11:18:44.326215,2025-03-30 11:18:46.253121,1.926906
651,adasyn,0.5,editednn,0.125,-1.0,COMPLETE,2025-03-30 11:18:46.274468,2025-03-30 11:18:46.341196,0.066728
652,gaussiancopula,auto,tomeklinks,auto,0.6068854516648529,COMPLETE,2025-03-30 11:18:46.353649,2025-03-30 11:25:04.373083,378.019434
653,adasyn,0,nearmiss,0.5,-1.0,COMPLETE,2025-03-30 11:25:04.385738,2025-03-30 11:25:04.448957,0.063219
654,ctgan,0.25,condensednn,0.5,-1.0,COMPLETE,2025-03-30 11:25:04.460595,2025-03-30 11:25:06.368123,1.907528
655,copulagan,1,random,0.0625,-1.0,COMPLETE,2025-03-30 11:25:06.390200,2025-03-30 11:25:21.824080,15.43388
656,gaussiancopula,0.5,onesidedselection,auto,-1.0,COMPLETE,2025-03-30 11:25:21.847047,2025-03-30 11:25:46.612447,24.7654
657,adasyn,0,clustercentroid,0.0625,-1.0,COMPLETE,2025-03-30 11:25:46.634717,2025-03-30 11:25:47.698478,1.063761
658,random,0,tomeklinks,0.125,0.6022593464821901,COMPLETE,2025-03-30 11:25:47.719881,2025-03-30 11:30:48.941025,301.221144
659,gaussiancopula,0.25,condensednn,0,0.5609482745439811,COMPLETE,2025-03-30 11:30:48.953777,2025-03-30 11:35:49.783554,300.829777
660,ctgan,2,random,0.5,-1.0,COMPLETE,2025-03-30 11:35:49.805336,2025-03-30 11:35:51.805910,2.000574
661,random,1,tomeklinks,0.5,0.602600212589005,COMPLETE,2025-03-30 11:35:51.828163,2025-03-30 11:40:52.894329,301.066166
662,gaussiancopula,0.25,random,auto,-1.0,COMPLETE,2025-03-30 11:40:52.907106,2025-03-30 11:40:53.324939,0.417833
663,adasyn,1,instancehardness,0.25,-1.0,COMPLETE,2025-03-30 11:40:53.337363,2025-03-30 11:40:53.411016,0.073653
664,smote,2,condensednn,0.0625,-1.0,COMPLETE,2025-03-30 11:40:53.423325,2025-03-30 11:40:53.490635,0.06731
665,smote,0.25,random,auto,-1.0,COMPLETE,2025-03-30 11:40:53.502884,2025-03-30 11:40:53.980185,0.477301
666,smote,auto,tomeklinks,0.0625,-1.0,COMPLETE,2025-03-30 11:40:53.992283,2025-03-30 11:40:54.058867,0.066584
667,copulagan,auto,clustercentroid,0.25,-1.0,COMPLETE,2025-03-30 11:40:54.071167,2025-03-30 11:41:09.306821,15.235654
668,adasyn,2,tomeklinks,0.0625,-1.0,COMPLETE,2025-03-30 11:41:09.328448,2025-03-30 11:41:09.395859,0.067411
669,gaussiancopula,auto,clustercentroid,0.0625,-1.0,COMPLETE,2025-03-30 11:41:09.407883,2025-03-30 11:42:25.940265,76.532382
670,copulagan,1,instancehardness,0,-1.0,COMPLETE,2025-03-30 11:42:25.962016,2025-03-30 11:42:41.317579,15.355563
671,smote,auto,editednn,auto,-1.0,COMPLETE,2025-03-30 11:42:41.329228,2025-03-30 11:42:41.392368,0.06314
672,ctgan,auto,clustercentroid,0.5,-1.0,COMPLETE,2025-03-30 11:42:41.403896,2025-03-30 11:42:43.297018,1.893122
673,fastml,auto,instancehardness,0.25,-1.0,COMPLETE,2025-03-30 11:42:43.318280,2025-03-30 11:44:00.107016,76.788736
674,gaussiancopula,2,editednn,0.125,-1.0,COMPLETE,2025-03-30 11:44:00.124882,2025-03-30 11:45:16.452637,76.327755
675,copulagan,1,tomeklinks,0.0625,-1.0,COMPLETE,2025-03-30 11:45:16.465432,2025-03-30 11:45:32.060527,15.595095
676,random,2,clustercentroid,0.25,-1.0,COMPLETE,2025-03-30 11:45:32.072953,2025-03-30 11:45:33.418973,1.34602
677,smote,2,random,0.5,-1.0,COMPLETE,2025-03-30 11:45:33.440568,2025-03-30 11:45:33.505659,0.065091
678,random,0.25,tomeklinks,auto,0.5846166040487628,COMPLETE,2025-03-30 11:45:33.517210,2025-03-30 11:50:34.588133,301.070923
679,fastml,2,instancehardness,0,0.6215918521099035,COMPLETE,2025-03-30 11:50:34.603906,2025-03-30 11:56:49.941901,375.337995
680,tvae,0,condensednn,auto,-1.0,COMPLETE,2025-03-30 11:56:49.954782,2025-03-30 11:56:51.886232,1.93145
681,tvae,0.25,instancehardness,auto,-1.0,COMPLETE,2025-03-30 11:56:51.898943,2025-03-30 11:56:53.870167,1.971224
682,copulagan,auto,editednn,0.0625,-1.0,COMPLETE,2025-03-30 11:56:53.892727,2025-03-30 11:57:09.221330,15.328603
683,ctgan,auto,tomeklinks,0.25,-1.0,COMPLETE,2025-03-30 11:57:09.244024,2025-03-30 11:57:11.417243,2.173219
684,adasyn,0.25,onesidedselection,0,0.5609482745439811,COMPLETE,2025-03-30 11:57:11.441006,2025-03-30 12:02:12.276015,300.835009
685,gaussiancopula,1,instancehardness,0.125,-1.0,COMPLETE,2025-03-30 12:02:12.295078,2025-03-30 12:03:29.643119,77.348041
686,smote,0.25,condensednn,0.0625,-1.0,COMPLETE,2025-03-30 12:03:29.666415,2025-03-30 12:03:30.195444,0.529029
687,gaussiancopula,0.25,nearmiss,auto,-1.0,COMPLETE,2025-03-30 12:03:30.207243,2025-03-30 12:03:30.333419,0.126176
688,copulagan,auto,onesidedselection,0.5,-1.0,COMPLETE,2025-03-30 12:03:30.354618,2025-03-30 12:03:45.844294,15.489676
689,gaussiancopula,0.25,instancehardness,0,0.5609482745439811,COMPLETE,2025-03-30 12:03:45.867560,2025-03-30 12:08:46.710818,300.843258
690,gaussiancopula,0.25,clustercentroid,0.25,-1.0,COMPLETE,2025-03-30 12:08:46.732103,2025-03-30 12:08:48.206024,1.473921
691,random,0,random,0.25,0.6070401399521722,COMPLETE,2025-03-30 12:08:48.227753,2025-03-30 12:13:49.623563,301.39581
692,adasyn,2,random,auto,-1.0,COMPLETE,2025-03-30 12:13:49.645576,2025-03-30 12:13:49.716989,0.071413
693,copulagan,0.5,random,auto,-1.0,COMPLETE,2025-03-30 12:13:49.728840,2025-03-30 12:14:04.555596,14.826756
694,gaussiancopula,1,nearmiss,0.25,-1.0,COMPLETE,2025-03-30 12:14:04.568604,2025-03-30 12:15:19.872540,75.303936
695,fastml,auto,random,0.25,-1.0,COMPLETE,2025-03-30 12:15:19.884878,2025-03-30 12:16:33.510185,73.625307
696,tvae,2,instancehardness,0.0625,-1.0,COMPLETE,2025-03-30 12:16:33.521989,2025-03-30 12:16:35.433747,1.911758
697,adasyn,0.5,condensednn,0,-1.0,COMPLETE,2025-03-30 12:16:35.454759,2025-03-30 12:16:35.524719,0.06996
698,smote,0.25,editednn,0,0.5609482745439811,COMPLETE,2025-03-30 12:16:35.536383,2025-03-30 12:21:36.412999,300.876616
699,smote,0.25,tomeklinks,auto,0.5846166040487628,COMPLETE,2025-03-30 12:21:36.434154,2025-03-30 12:26:37.371760,300.937606
700,gaussiancopula,0,tomeklinks,0.125,0.6067892940022995,COMPLETE,2025-03-30 12:26:37.384492,2025-03-30 12:31:38.690342,301.30585
701,smote,0,instancehardness,0.5,-1.0,COMPLETE,2025-03-30 12:31:38.712217,2025-03-30 12:31:40.141406,1.429189
702,smote,auto,condensednn,0.25,-1.0,COMPLETE,2025-03-30 12:31:40.166717,2025-03-30 12:31:40.245996,0.079279
703,random,1,editednn,0.125,-1.0,COMPLETE,2025-03-30 12:31:40.257915,2025-03-30 12:31:40.798620,0.540705
704,adasyn,0.5,tomeklinks,0.25,-1.0,COMPLETE,2025-03-30 12:31:40.810473,2025-03-30 12:31:40.883185,0.072712
705,fastml,0.5,random,0.5,-1.0,COMPLETE,2025-03-30 12:31:40.895064,2025-03-30 12:32:05.490558,24.595494
706,adasyn,0.25,editednn,0,0.5838479577877662,COMPLETE,2025-03-30 12:32:05.502366,2025-03-30 12:37:06.461704,300.959338
707,random,1,clustercentroid,0,0.5712160363323154,COMPLETE,2025-03-30 12:37:06.483613,2025-03-30 12:42:07.389436,300.905823
708,fastml,0.5,random,0,0.6087197265154798,COMPLETE,2025-03-30 12:42:07.411167,2025-03-30 12:47:32.094329,324.683162
709,adasyn,1,clustercentroid,auto,-1.0,COMPLETE,2025-03-30 12:47:32.116140,2025-03-30 12:47:32.187283,0.071143
710,gaussiancopula,auto,clustercentroid,0,0.6177521469316116,COMPLETE,2025-03-30 12:47:32.200843,2025-03-30 12:53:49.164633,376.96379
711,gaussiancopula,0,instancehardness,auto,-1.0,COMPLETE,2025-03-30 12:53:49.186325,2025-03-30 12:53:50.680793,1.494468
712,gaussiancopula,0,random,auto,-1.0,COMPLETE,2025-03-30 12:53:50.696699,2025-03-30 12:53:51.248517,0.551818
713,smote,0,instancehardness,0.125,-1.0,COMPLETE,2025-03-30 12:53:51.260591,2025-03-30 12:53:52.218772,0.958181
714,fastml,0,onesidedselection,0.5,-1.0,COMPLETE,2025-03-30 12:53:52.242954,2025-03-30 12:53:52.490313,0.247359
715,smote,0.25,editednn,0.125,0.5439276485788114,COMPLETE,2025-03-30 12:53:52.502246,2025-03-30 12:58:53.334522,300.832276
716,copulagan,0,nearmiss,0.5,-1.0,COMPLETE,2025-03-30 12:58:53.356337,2025-03-30 12:59:08.629813,15.273476
717,smote,0.25,instancehardness,0.5,-1.0,COMPLETE,2025-03-30 12:59:08.651913,2025-03-30 12:59:09.710664,1.058751
718,tvae,2,condensednn,0.25,-1.0,COMPLETE,2025-03-30 12:59:09.734926,2025-03-30 12:59:11.721254,1.986328
719,adasyn,2,condensednn,0,-1.0,COMPLETE,2025-03-30 12:59:11.743468,2025-03-30 12:59:11.893739,0.150271
720,tvae,0.5,editednn,0.0625,-1.0,COMPLETE,2025-03-30 12:59:11.916082,2025-03-30 12:59:13.938111,2.022029
721,copulagan,2,nearmiss,auto,-1.0,COMPLETE,2025-03-30 12:59:13.961614,2025-03-30 12:59:28.552704,14.59109
722,fastml,2,instancehardness,0.0625,-1.0,COMPLETE,2025-03-30 12:59:28.574131,2025-03-30 13:00:42.632738,74.058607
723,adasyn,1,condensednn,0.5,-1.0,COMPLETE,2025-03-30 13:00:42.655925,2025-03-30 13:00:42.729744,0.073819
724,tvae,1,onesidedselection,0.0625,-1.0,COMPLETE,2025-03-30 13:00:42.742139,2025-03-30 13:00:44.681205,1.939066
725,ctgan,0.25,instancehardness,0.0625,-1.0,COMPLETE,2025-03-30 13:00:44.694161,2025-03-30 13:00:46.825385,2.131224
726,tvae,0,tomeklinks,0.5,-1.0,COMPLETE,2025-03-30 13:00:46.847123,2025-03-30 13:00:48.808758,1.961635
727,copulagan,auto,condensednn,0,-1.0,COMPLETE,2025-03-30 13:00:48.830686,2025-03-30 13:01:04.290240,15.459554
728,tvae,0.5,editednn,0.125,-1.0,COMPLETE,2025-03-30 13:01:04.312944,2025-03-30 13:01:06.333779,2.020835
729,tvae,2,onesidedselection,0.5,-1.0,COMPLETE,2025-03-30 13:01:06.357680,2025-03-30 13:01:08.413952,2.056272
730,smote,2,onesidedselection,0.5,-1.0,COMPLETE,2025-03-30 13:01:08.428558,2025-03-30 13:01:08.497778,0.06922
731,ctgan,0,tomeklinks,0.25,-1.0,COMPLETE,2025-03-30 13:01:08.510221,2025-03-30 13:01:10.468598,1.958377
732,fastml,auto,random,0.5,-1.0,COMPLETE,2025-03-30 13:01:10.491039,2025-03-30 13:02:24.038395,73.547356
733,ctgan,1,instancehardness,0.125,-1.0,COMPLETE,2025-03-30 13:02:24.050667,2025-03-30 13:02:25.987221,1.936554
734,fastml,0.25,clustercentroid,0.25,-1.0,COMPLETE,2025-03-30 13:02:26.008559,2025-03-30 13:02:27.357835,1.349276
735,gaussiancopula,2,onesidedselection,0.0625,-1.0,COMPLETE,2025-03-30 13:02:27.370333,2025-03-30 13:03:44.305647,76.935314
736,tvae,2,clustercentroid,0.25,-1.0,COMPLETE,2025-03-30 13:03:44.328813,2025-03-30 13:03:46.273527,1.944714
737,copulagan,auto,clustercentroid,0.5,-1.0,COMPLETE,2025-03-30 13:03:46.285510,2025-03-30 13:04:00.841150,14.55564
738,gaussiancopula,auto,tomeklinks,0.25,0.6068854516648529,COMPLETE,2025-03-30 13:04:00.853372,2025-03-30 13:10:19.245860,378.392488
739,ctgan,1,condensednn,0.25,-1.0,COMPLETE,2025-03-30 13:10:19.259113,2025-03-30 13:10:21.311007,2.051894
740,ctgan,1,condensednn,0.125,-1.0,COMPLETE,2025-03-30 13:10:21.333082,2025-03-30 13:10:23.278988,1.945906
741,smote,2,condensednn,0.5,-1.0,COMPLETE,2025-03-30 13:10:23.300954,2025-03-30 13:10:23.368385,0.067431
742,fastml,2,tomeklinks,0,0.597090630682362,COMPLETE,2025-03-30 13:10:23.380314,2025-03-30 13:16:40.539705,377.159391
743,smote,1,clustercentroid,0.25,-1.0,COMPLETE,2025-03-30 13:16:40.552965,2025-03-30 13:16:40.619636,0.066671
744,smote,auto,onesidedselection,0.25,-1.0,COMPLETE,2025-03-30 13:16:40.631518,2025-03-30 13:16:40.698378,0.06686
745,gaussiancopula,0,onesidedselection,auto,-1.0,COMPLETE,2025-03-30 13:16:40.710058,2025-03-30 13:16:40.882921,0.172863
746,ctgan,0.25,clustercentroid,0.5,-1.0,COMPLETE,2025-03-30 13:16:40.905278,2025-03-30 13:16:42.845496,1.940218
747,copulagan,2,editednn,0.5,-1.0,COMPLETE,2025-03-30 13:16:42.867935,2025-03-30 13:16:57.569693,14.701758
748,random,0.5,instancehardness,0.0625,-1.0,COMPLETE,2025-03-30 13:16:57.591868,2025-03-30 13:16:58.913588,1.32172
749,smote,1,instancehardness,0,-1.0,COMPLETE,2025-03-30 13:16:58.937263,2025-03-30 13:16:59.009168,0.071905
750,tvae,1,clustercentroid,0,-1.0,COMPLETE,2025-03-30 13:16:59.022067,2025-03-30 13:17:01.082840,2.060773
751,gaussiancopula,2,onesidedselection,0.125,-1.0,COMPLETE,2025-03-30 13:17:01.096068,2025-03-30 13:18:20.650031,79.553963
752,ctgan,1,condensednn,0.0625,-1.0,COMPLETE,2025-03-30 13:18:20.672527,2025-03-30 13:18:22.596953,1.924426
753,fastml,auto,random,0,0.598686639078316,COMPLETE,2025-03-30 13:18:22.619482,2025-03-30 13:24:37.243084,374.623602
754,adasyn,0,condensednn,0.125,-1.0,COMPLETE,2025-03-30 13:24:37.266502,2025-03-30 13:24:37.749901,0.483399
755,random,0,instancehardness,0.5,-1.0,COMPLETE,2025-03-30 13:24:37.763462,2025-03-30 13:24:38.835265,1.071803
756,ctgan,0,tomeklinks,0.5,-1.0,COMPLETE,2025-03-30 13:24:38.858306,2025-03-30 13:24:40.899006,2.0407
757,ctgan,2,condensednn,0.5,-1.0,COMPLETE,2025-03-30 13:24:40.921427,2025-03-30 13:24:42.946843,2.025416
758,ctgan,auto,editednn,0.5,-1.0,COMPLETE,2025-03-30 13:24:42.969319,2025-03-30 13:24:44.908063,1.938744
759,adasyn,0,instancehardness,0.25,-1.0,COMPLETE,2025-03-30 13:24:44.920473,2025-03-30 13:24:45.889870,0.969397
760,gaussiancopula,0.25,random,0.125,0.575406286923115,COMPLETE,2025-03-30 13:24:45.913574,2025-03-30 13:29:46.853151,300.939577
761,random,1,condensednn,0.25,-1.0,COMPLETE,2025-03-30 13:29:46.875851,2025-03-30 13:29:47.501278,0.625427
762,copulagan,2,editednn,0.0625,-1.0,COMPLETE,2025-03-30 13:29:47.513252,2025-03-30 13:30:02.746511,15.233259
763,ctgan,0.5,condensednn,0.5,-1.0,COMPLETE,2025-03-30 13:30:02.767850,2025-03-30 13:30:04.794120,2.02627
764,random,0,onesidedselection,0.25,-1.0,COMPLETE,2025-03-30 13:30:04.816361,2025-03-30 13:30:04.922573,0.106212
765,copulagan,0,editednn,auto,-1.0,COMPLETE,2025-03-30 13:30:04.944258,2025-03-30 13:30:19.785433,14.841175
766,random,0,editednn,auto,0.4908200734394125,COMPLETE,2025-03-30 13:30:19.797809,2025-03-30 13:35:14.097704,294.299895
767,random,1,clustercentroid,0.0625,-1.0,COMPLETE,2025-03-30 13:35:14.119803,2025-03-30 13:35:15.773024,1.653221
768,tvae,2,condensednn,0.5,-1.0,COMPLETE,2025-03-30 13:35:15.795460,2025-03-30 13:35:17.830981,2.035521
769,tvae,0,onesidedselection,0,-1.0,ERROR,,,0.0
770,smote,0,nearmiss,0.25,-1.0,COMPLETE,2025-03-30 13:35:19.814141,2025-03-30 13:35:19.880254,0.066113
771,adasyn,2,instancehardness,0.5,-1.0,COMPLETE,2025-03-30 13:35:19.893029,2025-03-30 13:35:19.966054,0.073025
772,gaussiancopula,auto,editednn,auto,0.530464622525058,COMPLETE,2025-03-30 13:35:19.977895,2025-03-30 13:41:39.884465,379.90657
773,ctgan,1,editednn,0,-1.0,COMPLETE,2025-03-30 13:41:39.906691,2025-03-30 13:41:41.852757,1.946066
774,gaussiancopula,2,tomeklinks,0.0625,0.640179243123017,COMPLETE,2025-03-30 13:41:41.875858,2025-03-30 13:47:58.930474,377.054616
775,ctgan,2,nearmiss,0,-1.0,COMPLETE,2025-03-30 13:47:58.953558,2025-03-30 13:48:00.890749,1.937191
776,tvae,0.25,condensednn,0,-1.0,COMPLETE,2025-03-30 13:48:00.913900,2025-03-30 13:48:02.838417,1.924517
777,adasyn,auto,tomeklinks,auto,-1.0,COMPLETE,2025-03-30 13:48:02.860962,2025-03-30 13:48:02.933248,0.072286
778,gaussiancopula,0,random,0,-1.0,ERROR,,,0.0
779,tvae,0.5,tomeklinks,0.25,-1.0,COMPLETE,2025-03-30 13:53:03.817082,2025-03-30 13:53:05.745803,1.928721
780,smote,1,condensednn,0,-1.0,COMPLETE,2025-03-30 13:53:05.758389,2025-03-30 13:53:05.828895,0.070506
781,random,2,random,0.5,0.5977177524194713,COMPLETE,2025-03-30 13:53:05.841491,2025-03-30 13:58:07.337866,301.496375
782,gaussiancopula,1,clustercentroid,0.0625,-1.0,COMPLETE,2025-03-30 13:58:07.349820,2025-03-30 13:59:26.249122,78.899302
783,copulagan,0.5,random,0.25,-1.0,COMPLETE,2025-03-30 13:59:26.261921,2025-03-30 13:59:41.712218,15.450297
784,tvae,2,onesidedselection,0.125,-1.0,COMPLETE,2025-03-30 13:59:41.734116,2025-03-30 13:59:43.713636,1.97952
785,fastml,0.25,onesidedselection,0.5,-1.0,COMPLETE,2025-03-30 13:59:43.736214,2025-03-30 13:59:43.904648,0.168434
786,ctgan,2,clustercentroid,0.125,-1.0,COMPLETE,2025-03-30 13:59:43.926388,2025-03-30 13:59:45.965614,2.039226
787,fastml,1,nearmiss,0.125,-1.0,COMPLETE,2025-03-30 13:59:45.987463,2025-03-30 14:01:01.560225,75.572762
788,random,1,nearmiss,auto,-1.0,COMPLETE,2025-03-30 14:01:01.582477,2025-03-30 14:01:01.697417,0.11494
789,fastml,0.25,onesidedselection,auto,-1.0,COMPLETE,2025-03-30 14:01:01.719048,2025-03-30 14:01:01.886712,0.167664
790,ctgan,0,condensednn,0.0625,-1.0,COMPLETE,2025-03-30 14:01:01.908485,2025-03-30 14:01:03.837553,1.929068
791,gaussiancopula,0.5,clustercentroid,0,0.6045195261079421,COMPLETE,2025-03-30 14:01:03.859872,2025-03-30 14:06:29.695951,325.836079
792,ctgan,0.25,tomeklinks,0.5,-1.0,COMPLETE,2025-03-30 14:06:29.717916,2025-03-30 14:06:31.751038,2.033122
793,gaussiancopula,0,condensednn,0.0625,-1.0,COMPLETE,2025-03-30 14:06:31.773432,2025-03-30 14:06:32.260583,0.487151
794,gaussiancopula,auto,nearmiss,auto,-1.0,COMPLETE,2025-03-30 14:06:32.272408,2025-03-30 14:07:50.551561,78.279153
795,ctgan,auto,condensednn,0.125,-1.0,COMPLETE,2025-03-30 14:07:50.563603,2025-03-30 14:07:52.485440,1.921837
796,ctgan,1,tomeklinks,auto,-1.0,COMPLETE,2025-03-30 14:07:52.507916,2025-03-30 14:07:54.419884,1.911968
797,random,auto,tomeklinks,0.25,0.6146488828089375,COMPLETE,2025-03-30 14:07:54.441005,2025-03-30 14:12:55.499356,301.058351
798,random,auto,nearmiss,0.0625,0.5936530208106767,COMPLETE,2025-03-30 14:12:55.511094,2025-03-30 14:17:56.873911,301.362817
799,random,2,nearmiss,auto,-1.0,COMPLETE,2025-03-30 14:17:56.885715,2025-03-30 14:17:57.403444,0.517729
800,random,auto,random,0.25,0.557856203817036,COMPLETE,2025-03-30 14:17:57.415428,2025-03-30 14:22:58.294459,300.879031
801,copulagan,2,random,0.5,-1.0,COMPLETE,2025-03-30 14:22:58.315992,2025-03-30 14:23:13.888809,15.572817
802,fastml,0.25,condensednn,0.0625,-1.0,COMPLETE,2025-03-30 14:23:13.909840,2025-03-30 14:23:14.477519,0.567679
803,adasyn,0.25,nearmiss,0.25,-1.0,COMPLETE,2025-03-30 14:23:14.490065,2025-03-30 14:23:14.587924,0.097859
804,ctgan,0,nearmiss,0,-1.0,ERROR,,,0.0
805,smote,0.5,editednn,auto,-1.0,COMPLETE,2025-03-30 14:23:16.549932,2025-03-30 14:23:16.617631,0.067699
806,smote,0.5,random,0,-1.0,COMPLETE,2025-03-30 14:23:16.629297,2025-03-30 14:23:16.699000,0.069703
807,gaussiancopula,0.5,editednn,0.0625,0.5648679485888788,COMPLETE,2025-03-30 14:23:16.713342,2025-03-30 14:28:42.775216,326.061874
808,tvae,0.25,clustercentroid,0.5,-1.0,COMPLETE,2025-03-30 14:28:42.787938,2025-03-30 14:28:44.695420,1.907482
809,random,2,random,0,0.5480294443358739,COMPLETE,2025-03-30 14:28:44.707229,2025-03-30 14:33:45.530335,300.823106
810,adasyn,auto,nearmiss,0.125,-1.0,COMPLETE,2025-03-30 14:33:45.551592,2025-03-30 14:33:45.627000,0.075408
811,adasyn,1,onesidedselection,auto,-1.0,COMPLETE,2025-03-30 14:33:45.638996,2025-03-30 14:33:45.714616,0.07562
812,tvae,0.25,nearmiss,0.5,-1.0,COMPLETE,2025-03-30 14:33:45.727114,2025-03-30 14:33:47.816628,2.089514
813,random,auto,nearmiss,0,0.6114929154640838,COMPLETE,2025-03-30 14:33:47.839594,2025-03-30 14:38:48.685035,300.845441
814,tvae,1,condensednn,0.5,-1.0,COMPLETE,2025-03-30 14:38:48.706443,2025-03-30 14:38:50.659610,1.953167
815,gaussiancopula,auto,tomeklinks,0.0625,0.6393191458241919,COMPLETE,2025-03-30 14:38:50.672028,2025-03-30 14:45:06.903329,376.231301
816,gaussiancopula,0,condensednn,0.25,-1.0,COMPLETE,2025-03-30 14:45:06.945152,2025-03-30 14:45:07.634970,0.689818
817,adasyn,0,onesidedselection,0.5,-1.0,COMPLETE,2025-03-30 14:45:07.647554,2025-03-30 14:45:07.761616,0.114062
818,gaussiancopula,1,editednn,0.25,-1.0,COMPLETE,2025-03-30 14:45:07.783062,2025-03-30 14:46:23.118359,75.335297
819,gaussiancopula,auto,editednn,0.5,0.5131222564677315,COMPLETE,2025-03-30 14:46:23.130817,2025-03-30 14:52:38.440275,375.309458
820,gaussiancopula,2,random,0.5,0.5775842315291594,COMPLETE,2025-03-30 14:52:38.452336,2025-03-30 14:58:05.083474,326.631138
821,copulagan,0.25,onesidedselection,0.125,-1.0,COMPLETE,2025-03-30 14:58:05.095809,2025-03-30 14:58:20.318592,15.222783
822,ctgan,auto,nearmiss,0.125,-1.0,COMPLETE,2025-03-30 14:58:20.339699,2025-03-30 14:58:22.239406,1.899707
823,adasyn,auto,onesidedselection,0.25,-1.0,COMPLETE,2025-03-30 14:58:22.251244,2025-03-30 14:58:22.329457,0.078213
824,fastml,0,editednn,0.25,0.4908200734394125,COMPLETE,2025-03-30 14:58:22.342044,2025-03-30 15:03:15.837397,293.495353
825,smote,auto,instancehardness,0.0625,-1.0,COMPLETE,2025-03-30 15:03:15.859116,2025-03-30 15:03:15.926360,0.067244
826,tvae,0.25,onesidedselection,0.125,-1.0,COMPLETE,2025-03-30 15:03:15.937981,2025-03-30 15:03:17.901433,1.963452
827,fastml,0.25,random,0.125,0.575406286923115,COMPLETE,2025-03-30 15:03:17.923038,2025-03-30 15:08:18.750820,300.827782
828,fastml,auto,nearmiss,0,0.598686639078316,COMPLETE,2025-03-30 15:08:18.772572,2025-03-30 15:14:33.031020,374.258448
829,fastml,auto,clustercentroid,0.0625,-1.0,COMPLETE,2025-03-30 15:14:33.053081,2025-03-30 15:15:47.873832,74.820751
830,random,0.5,random,0.5,0.6042611281751256,COMPLETE,2025-03-30 15:15:47.886072,2025-03-30 15:20:48.844537,300.958465
831,fastml,0.5,tomeklinks,0.5,0.6063929562637573,COMPLETE,2025-03-30 15:20:48.866749,2025-03-30 15:26:15.804341,326.937592
832,ctgan,0.25,editednn,0.5,-1.0,COMPLETE,2025-03-30 15:26:15.817970,2025-03-30 15:26:17.763128,1.945158
833,fastml,0,clustercentroid,0.5,-1.0,COMPLETE,2025-03-30 15:26:17.786722,2025-03-30 15:26:18.989121,1.202399
834,random,1,nearmiss,0,0.5712160363323154,COMPLETE,2025-03-30 15:26:19.001142,2025-03-30 15:31:19.845387,300.844245
835,adasyn,0.5,clustercentroid,0.125,-1.0,COMPLETE,2025-03-30 15:31:19.868754,2025-03-30 15:31:19.946949,0.078195
836,tvae,0.5,tomeklinks,0.5,-1.0,COMPLETE,2025-03-30 15:31:19.959922,2025-03-30 15:31:21.878072,1.91815
837,copulagan,0.5,editednn,0.5,-1.0,COMPLETE,2025-03-30 15:31:21.900186,2025-03-30 15:31:37.551811,15.651625
838,adasyn,2,random,0.0625,-1.0,COMPLETE,2025-03-30 15:31:37.563652,2025-03-30 15:31:37.639602,0.07595
839,random,1,tomeklinks,0,0.5712160363323154,COMPLETE,2025-03-30 15:31:37.652405,2025-03-30 15:36:38.578897,300.926492
840,copulagan,auto,condensednn,0.25,-1.0,COMPLETE,2025-03-30 15:36:38.601758,2025-03-30 15:36:53.659158,15.0574
841,tvae,0,random,0.25,-1.0,COMPLETE,2025-03-30 15:36:53.674351,2025-03-30 15:36:55.688183,2.013832
842,smote,1,onesidedselection,auto,-1.0,COMPLETE,2025-03-30 15:36:55.713319,2025-03-30 15:36:55.792914,0.079595
843,fastml,2,random,auto,-1.0,COMPLETE,2025-03-30 15:36:55.805862,2025-03-30 15:38:25.485037,89.679175
844,gaussiancopula,auto,nearmiss,0.0625,0.5825172829738388,COMPLETE,2025-03-30 15:38:25.498097,2025-03-30 15:45:01.791278,396.293181
845,gaussiancopula,0,editednn,0,-1.0,ERROR,,,0.0
846,random,0.25,condensednn,0.125,-1.0,COMPLETE,2025-03-30 15:50:02.736081,2025-03-30 15:50:03.316491,0.58041
847,ctgan,auto,tomeklinks,0,-1.0,COMPLETE,2025-03-30 15:50:03.330638,2025-03-30 15:50:05.326285,1.995647
848,copulagan,0.25,clustercentroid,0.25,-1.0,COMPLETE,2025-03-30 15:50:05.349907,2025-03-30 15:50:20.654079,15.304172
849,copulagan,2,onesidedselection,0,-1.0,COMPLETE,2025-03-30 15:50:20.666443,2025-03-30 15:50:35.936283,15.26984
850,ctgan,0.5,random,0,-1.0,COMPLETE,2025-03-30 15:50:35.958899,2025-03-30 15:50:37.988552,2.029653
851,gaussiancopula,1,condensednn,0.125,-1.0,COMPLETE,2025-03-30 15:50:38.010855,2025-03-30 15:51:58.387187,80.376332
852,smote,0.5,editednn,0.25,-1.0,COMPLETE,2025-03-30 15:51:58.400550,2025-03-30 15:51:58.475960,0.07541
853,copulagan,auto,nearmiss,0.25,-1.0,COMPLETE,2025-03-30 15:51:58.488621,2025-03-30 15:52:14.475707,15.987086
854,smote,auto,onesidedselection,0.5,-1.0,COMPLETE,2025-03-30 15:52:14.488161,2025-03-30 15:52:14.561172,0.073011
855,smote,2,tomeklinks,auto,-1.0,COMPLETE,2025-03-30 15:52:14.573956,2025-03-30 15:52:14.650038,0.076082
856,ctgan,2,onesidedselection,0.0625,-1.0,COMPLETE,2025-03-30 15:52:14.663181,2025-03-30 15:52:16.747202,2.084021
857,ctgan,0.5,random,0.125,-1.0,COMPLETE,2025-03-30 15:52:16.759682,2025-03-30 15:52:18.821134,2.061452
858,fastml,0,onesidedselection,0.25,-1.0,COMPLETE,2025-03-30 15:52:18.844062,2025-03-30 15:52:19.130832,0.28677
859,adasyn,0.25,onesidedselection,auto,-1.0,COMPLETE,2025-03-30 15:52:19.143729,2025-03-30 15:52:19.298206,0.154477
860,random,2,instancehardness,0.5,-1.0,COMPLETE,2025-03-30 15:52:19.322299,2025-03-30 15:52:21.103880,1.781581
861,fastml,auto,random,0.125,-1.0,COMPLETE,2025-03-30 15:52:21.117199,2025-03-30 15:53:40.767009,79.64981
862,adasyn,1,condensednn,0.125,-1.0,COMPLETE,2025-03-30 15:53:40.780732,2025-03-30 15:53:40.911538,0.130806
863,random,0.5,random,0.0625,0.6214550532042947,COMPLETE,2025-03-30 15:53:40.934147,2025-03-30 15:58:42.162729,301.228582
864,ctgan,0,editednn,0.0625,-1.0,COMPLETE,2025-03-30 15:58:42.177081,2025-03-30 15:58:44.339997,2.162916
865,adasyn,auto,tomeklinks,0.5,-1.0,COMPLETE,2025-03-30 15:58:44.355444,2025-03-30 15:58:44.441562,0.086118
866,ctgan,0.25,clustercentroid,auto,-1.0,COMPLETE,2025-03-30 15:58:44.454805,2025-03-30 15:58:46.573573,2.118768
867,random,0.25,random,0.125,0.575406286923115,COMPLETE,2025-03-30 15:58:46.588044,2025-03-30 16:03:47.587215,300.999171
868,adasyn,1,random,0.125,-1.0,COMPLETE,2025-03-30 16:03:47.611136,2025-03-30 16:03:47.691674,0.080538
869,random,0.5,instancehardness,0.25,-1.0,COMPLETE,2025-03-30 16:03:47.704049,2025-03-30 16:03:49.107936,1.403887
870,copulagan,1,editednn,0.5,-1.0,COMPLETE,2025-03-30 16:03:49.132850,2025-03-30 16:04:04.810951,15.678101
871,random,0.25,clustercentroid,0.25,-1.0,COMPLETE,2025-03-30 16:04:04.835293,2025-03-30 16:04:06.613317,1.778024
872,random,auto,condensednn,0.5,-1.0,COMPLETE,2025-03-30 16:04:06.637840,2025-03-30 16:04:07.433530,0.79569
873,copulagan,auto,nearmiss,0,-1.0,COMPLETE,2025-03-30 16:04:07.446257,2025-03-30 16:04:22.723167,15.27691
874,smote,1,condensednn,0.5,-1.0,COMPLETE,2025-03-30 16:04:22.735496,2025-03-30 16:04:22.811848,0.076352
875,smote,auto,clustercentroid,0.25,-1.0,COMPLETE,2025-03-30 16:04:22.824337,2025-03-30 16:04:22.898144,0.073807
876,copulagan,0.5,editednn,0,-1.0,COMPLETE,2025-03-30 16:04:22.910310,2025-03-30 16:04:39.324636,16.414326
877,copulagan,0.5,onesidedselection,0,-1.0,COMPLETE,2025-03-30 16:04:39.348995,2025-03-30 16:04:55.186171,15.837176
878,tvae,0,instancehardness,0.25,-1.0,COMPLETE,2025-03-30 16:04:55.209984,2025-03-30 16:04:57.440597,2.230613
879,copulagan,2,tomeklinks,0,-1.0,COMPLETE,2025-03-30 16:04:57.464300,2025-03-30 16:05:14.362660,16.89836
880,ctgan,0.5,editednn,0,-1.0,COMPLETE,2025-03-30 16:05:14.375219,2025-03-30 16:05:16.384874,2.009655
881,random,2,condensednn,0,0.5480294443358739,COMPLETE,2025-03-30 16:05:16.407741,2025-03-30 16:10:17.359003,300.951262
882,gaussiancopula,2,random,0,0.6212422561017341,COMPLETE,2025-03-30 16:10:17.381741,2025-03-30 16:16:40.930885,383.549144
883,tvae,1,instancehardness,0.0625,-1.0,COMPLETE,2025-03-30 16:16:40.943604,2025-03-30 16:16:42.970504,2.0269
884,fastml,0.5,condensednn,0.125,-1.0,COMPLETE,2025-03-30 16:16:42.992776,2025-03-30 16:17:08.747143,25.754367
885,smote,0.5,condensednn,0.125,-1.0,COMPLETE,2025-03-30 16:17:08.759411,2025-03-30 16:17:08.833383,0.073972
886,random,2,tomeklinks,0.25,0.6088262034644464,COMPLETE,2025-03-30 16:17:08.846157,2025-03-30 16:22:09.958969,301.112812
887,copulagan,0.5,onesidedselection,0.25,-1.0,COMPLETE,2025-03-30 16:22:09.981096,2025-03-30 16:22:25.041431,15.060335
888,gaussiancopula,1,editednn,0.0625,-1.0,COMPLETE,2025-03-30 16:22:25.065543,2025-03-30 16:23:42.165513,77.09997
889,fastml,auto,instancehardness,0.0625,-1.0,COMPLETE,2025-03-30 16:23:42.177851,2025-03-30 16:24:58.503580,76.325729
890,adasyn,1,onesidedselection,0.25,-1.0,COMPLETE,2025-03-30 16:24:58.526002,2025-03-30 16:24:58.673937,0.147935
891,gaussiancopula,0.25,instancehardness,auto,-1.0,COMPLETE,2025-03-30 16:24:58.695814,2025-03-30 16:24:59.782688,1.086874
892,gaussiancopula,0.25,clustercentroid,0.125,-1.0,COMPLETE,2025-03-30 16:24:59.804582,2025-03-30 16:25:01.236171,1.431589
893,ctgan,0.5,editednn,0.0625,-1.0,COMPLETE,2025-03-30 16:25:01.258748,2025-03-30 16:25:03.406979,2.148231
894,tvae,0,tomeklinks,0.25,-1.0,COMPLETE,2025-03-30 16:25:03.430677,2025-03-30 16:25:05.579059,2.148382
895,adasyn,0.25,clustercentroid,0.5,-1.0,COMPLETE,2025-03-30 16:25:05.601209,2025-03-30 16:25:07.067229,1.46602
896,ctgan,2,nearmiss,0.0625,-1.0,COMPLETE,2025-03-30 16:25:07.090608,2025-03-30 16:25:09.136693,2.046085
897,ctgan,1,clustercentroid,0.25,-1.0,COMPLETE,2025-03-30 16:25:09.148793,2025-03-30 16:25:11.130387,1.981594
898,smote,auto,tomeklinks,auto,-1.0,COMPLETE,2025-03-30 16:25:11.152248,2025-03-30 16:25:11.223353,0.071105
899,ctgan,auto,condensednn,0.0625,-1.0,COMPLETE,2025-03-30 16:25:11.235457,2025-03-30 16:25:13.228118,1.992661
900,smote,0.5,onesidedselection,0.5,-1.0,COMPLETE,2025-03-30 16:25:13.250054,2025-03-30 16:25:13.320958,0.070904
901,tvae,auto,condensednn,0.0625,-1.0,COMPLETE,2025-03-30 16:25:13.332769,2025-03-30 16:25:15.372933,2.040164
902,fastml,2,onesidedselection,auto,-1.0,COMPLETE,2025-03-30 16:25:15.394926,2025-03-30 16:26:30.189459,74.794533
903,ctgan,2,instancehardness,0.5,-1.0,COMPLETE,2025-03-30 16:26:30.211151,2025-03-30 16:26:32.192759,1.981608
904,ctgan,auto,nearmiss,0,-1.0,COMPLETE,2025-03-30 16:26:32.215016,2025-03-30 16:26:34.167273,1.952257
905,tvae,auto,condensednn,0.5,-1.0,COMPLETE,2025-03-30 16:26:34.189926,2025-03-30 16:26:36.148441,1.958515
906,tvae,0.5,editednn,0.25,-1.0,COMPLETE,2025-03-30 16:26:36.171186,2025-03-30 16:26:38.151605,1.980419
907,ctgan,1,tomeklinks,0.25,-1.0,COMPLETE,2025-03-30 16:26:38.163854,2025-03-30 16:26:40.236597,2.072743
908,fastml,0,clustercentroid,0.0625,-1.0,COMPLETE,2025-03-30 16:26:40.258572,2025-03-30 16:26:41.366731,1.108159
909,tvae,1,editednn,0.25,-1.0,COMPLETE,2025-03-30 16:26:41.388278,2025-03-30 16:26:43.346771,1.958493
910,copulagan,1,clustercentroid,0.25,-1.0,COMPLETE,2025-03-30 16:26:43.369319,2025-03-30 16:26:58.247668,14.878349
911,random,0.25,onesidedselection,0.125,-1.0,COMPLETE,2025-03-30 16:26:58.270491,2025-03-30 16:26:58.432551,0.16206
912,smote,0,random,0.25,0.6070401399521722,COMPLETE,2025-03-30 16:26:58.453946,2025-03-30 16:31:59.749525,301.295579
913,adasyn,0.25,onesidedselection,0.125,-1.0,COMPLETE,2025-03-30 16:31:59.771676,2025-03-30 16:31:59.916465,0.144789
914,gaussiancopula,1,editednn,0,0.5899929527836505,COMPLETE,2025-03-30 16:31:59.968957,2025-03-30 16:38:16.078297,376.10934
915,smote,0,tomeklinks,0.125,0.6116151960272188,COMPLETE,2025-03-30 16:38:16.149852,2025-03-30 16:43:17.457799,301.307947
916,ctgan,1,nearmiss,0,-1.0,COMPLETE,2025-03-30 16:43:17.469534,2025-03-30 16:43:19.983785,2.514251
917,ctgan,2,clustercentroid,auto,-1.0,COMPLETE,2025-03-30 16:43:20.007094,2025-03-30 16:43:22.035307,2.028213
918,copulagan,2,tomeklinks,0.5,-1.0,COMPLETE,2025-03-30 16:43:22.058409,2025-03-30 16:43:36.986408,14.927999
919,copulagan,auto,onesidedselection,0.0625,-1.0,COMPLETE,2025-03-30 16:43:37.008787,2025-03-30 16:43:52.517902,15.509115
920,ctgan,0,instancehardness,0.0625,-1.0,COMPLETE,2025-03-30 16:43:52.530563,2025-03-30 16:43:54.536136,2.005573
921,adasyn,2,instancehardness,auto,-1.0,COMPLETE,2025-03-30 16:43:54.548370,2025-03-30 16:43:54.627603,0.079233
922,smote,0.25,editednn,0.25,0.4908200734394125,COMPLETE,2025-03-30 16:43:54.640004,2025-03-30 16:48:49.347545,294.707541
923,gaussiancopula,0.5,nearmiss,0.25,-1.0,COMPLETE,2025-03-30 16:48:49.369403,2025-03-30 16:49:13.902091,24.532688
924,tvae,0.5,clustercentroid,0.5,-1.0,COMPLETE,2025-03-30 16:49:13.925107,2025-03-30 16:49:15.920238,1.995131
925,gaussiancopula,0.25,clustercentroid,0,0.5609482745439811,COMPLETE,2025-03-30 16:49:15.941996,2025-03-30 16:54:16.746838,300.804842
926,fastml,0.5,nearmiss,0.0625,-1.0,COMPLETE,2025-03-30 16:54:16.768881,2025-03-30 16:54:40.730025,23.961144
927,gaussiancopula,0.25,editednn,0.125,0.5439276485788114,COMPLETE,2025-03-30 16:54:40.751678,2025-03-30 16:59:41.651374,300.899696
928,smote,0.5,clustercentroid,0.25,-1.0,COMPLETE,2025-03-30 16:59:41.664379,2025-03-30 16:59:41.737018,0.072639
929,copulagan,0,onesidedselection,0.0625,-1.0,COMPLETE,2025-03-30 16:59:41.748591,2025-03-30 16:59:57.322870,15.574279
930,ctgan,1,random,0.5,-1.0,COMPLETE,2025-03-30 16:59:57.344996,2025-03-30 16:59:59.302261,1.957265
931,smote,auto,editednn,0,-1.0,COMPLETE,2025-03-30 16:59:59.324070,2025-03-30 16:59:59.397092,0.073022
932,fastml,2,onesidedselection,0.125,-1.0,COMPLETE,2025-03-30 16:59:59.409046,2025-03-30 17:01:13.937455,74.528409
933,adasyn,2,random,0.125,-1.0,COMPLETE,2025-03-30 17:01:13.959845,2025-03-30 17:01:14.037352,0.077507
934,smote,2,editednn,0.0625,-1.0,COMPLETE,2025-03-30 17:01:14.048886,2025-03-30 17:01:14.123022,0.074136
935,random,auto,editednn,0.0625,0.5393033323265881,COMPLETE,2025-03-30 17:01:14.135659,2025-03-30 17:06:14.979235,300.843576
936,copulagan,auto,random,0.25,-1.0,COMPLETE,2025-03-30 17:06:15.001182,2025-03-30 17:06:29.755957,14.754775
937,ctgan,2,tomeklinks,0,-1.0,COMPLETE,2025-03-30 17:06:29.767846,2025-03-30 17:06:31.723110,1.955264
938,random,2,condensednn,0.5,-1.0,COMPLETE,2025-03-30 17:06:31.744733,2025-03-30 17:06:32.462370,0.717637
939,smote,0.25,editednn,0.0625,0.5543526686269268,COMPLETE,2025-03-30 17:06:32.474784,2025-03-30 17:11:33.434537,300.959753
940,tvae,0.5,random,0.5,-1.0,COMPLETE,2025-03-30 17:11:33.456192,2025-03-30 17:11:35.507226,2.051034
941,gaussiancopula,0,nearmiss,0,-1.0,ERROR,,,0.0
942,random,0,random,0.0625,0.5758783851807107,COMPLETE,2025-03-30 17:16:36.381492,2025-03-30 17:21:37.217960,300.836468
943,ctgan,2,clustercentroid,0,-1.0,COMPLETE,2025-03-30 17:21:37.239621,2025-03-30 17:21:39.379065,2.139444
944,smote,auto,onesidedselection,0.125,-1.0,COMPLETE,2025-03-30 17:21:39.390697,2025-03-30 17:21:39.461592,0.070895
945,copulagan,2,instancehardness,0,-1.0,COMPLETE,2025-03-30 17:21:39.473969,2025-03-30 17:21:55.184132,15.710163
946,smote,auto,instancehardness,0,-1.0,COMPLETE,2025-03-30 17:21:55.195690,2025-03-30 17:21:55.267575,0.071885
947,smote,0,tomeklinks,auto,0.5846166040487628,COMPLETE,2025-03-30 17:21:55.279183,2025-03-30 17:26:56.235374,300.956191
948,copulagan,0,clustercentroid,0,-1.0,ERROR,,,0.0
949,copulagan,0,random,0.0625,-1.0,COMPLETE,2025-03-30 17:27:11.755344,2025-03-30 17:27:27.383716,15.628372
950,ctgan,0.5,random,0.25,-1.0,COMPLETE,2025-03-30 17:27:27.395526,2025-03-30 17:27:29.445638,2.050112
951,gaussiancopula,1,tomeklinks,0.5,-1.0,COMPLETE,2025-03-30 17:27:29.467256,2025-03-30 17:28:47.526277,78.059021
952,smote,2,nearmiss,0.125,-1.0,COMPLETE,2025-03-30 17:28:47.538982,2025-03-30 17:28:47.610954,0.071972
953,fastml,2,condensednn,0.5,-1.0,COMPLETE,2025-03-30 17:28:47.623272,2025-03-30 17:30:03.191111,75.567839
954,smote,0.25,clustercentroid,auto,-1.0,COMPLETE,2025-03-30 17:30:03.202889,2025-03-30 17:30:04.116665,0.913776
955,random,0.25,random,0,0.5609482745439811,COMPLETE,2025-03-30 17:30:04.129155,2025-03-30 17:35:04.951699,300.822544
956,random,auto,tomeklinks,0.0625,0.5853143841515934,COMPLETE,2025-03-30 17:35:04.973579,2025-03-30 17:40:05.939041,300.965462
957,gaussiancopula,0.25,clustercentroid,0.0625,-1.0,COMPLETE,2025-03-30 17:40:05.960527,2025-03-30 17:40:07.351984,1.391457
958,fastml,2,clustercentroid,0.5,-1.0,COMPLETE,2025-03-30 17:40:07.376953,2025-03-30 17:41:22.383663,75.00671
959,fastml,1,onesidedselection,0,0.5870040107163804,COMPLETE,2025-03-30 17:41:22.407065,2025-03-30 17:47:36.272376,373.865311
960,copulagan,0,random,0.25,-1.0,COMPLETE,2025-03-30 17:47:36.294081,2025-03-30 17:47:51.946634,15.652553
961,tvae,2,instancehardness,auto,-1.0,COMPLETE,2025-03-30 17:47:51.968240,2025-03-30 17:47:53.947165,1.978925
962,adasyn,auto,instancehardness,0.0625,-1.0,COMPLETE,2025-03-30 17:47:53.969085,2025-03-30 17:47:54.047563,0.078478
963,ctgan,auto,onesidedselection,0.5,-1.0,COMPLETE,2025-03-30 17:47:54.060282,2025-03-30 17:47:56.044166,1.983884
964,copulagan,2,nearmiss,0.5,-1.0,COMPLETE,2025-03-30 17:47:56.067083,2025-03-30 17:48:11.686472,15.619389
965,smote,0.25,tomeklinks,0,0.5609482745439811,COMPLETE,2025-03-30 17:48:11.710267,2025-03-30 17:53:12.562522,300.852255
966,ctgan,1,instancehardness,0.0625,-1.0,COMPLETE,2025-03-30 17:53:12.584004,2025-03-30 17:53:14.551552,1.967548
967,copulagan,1,random,0.5,-1.0,COMPLETE,2025-03-30 17:53:14.564022,2025-03-30 17:53:29.410914,14.846892
968,adasyn,0.5,editednn,0.0625,-1.0,COMPLETE,2025-03-30 17:53:29.422732,2025-03-30 17:53:29.501271,0.078539
969,adasyn,0.25,nearmiss,0.0625,-1.0,COMPLETE,2025-03-30 17:53:29.513056,2025-03-30 17:53:29.613202,0.100146
970,gaussiancopula,1,onesidedselection,0,0.5899929527836505,COMPLETE,2025-03-30 17:53:29.635570,2025-03-30 17:59:50.696359,381.060789
971,tvae,0.5,instancehardness,auto,-1.0,COMPLETE,2025-03-30 17:59:50.715495,2025-03-30 17:59:52.701464,1.985969
972,fastml,2,condensednn,0,0.6203317473989308,COMPLETE,2025-03-30 17:59:52.723942,2025-03-30 18:06:07.723749,374.999807
973,adasyn,auto,nearmiss,0.25,-1.0,COMPLETE,2025-03-30 18:06:07.735794,2025-03-30 18:06:07.813605,0.077811
974,gaussiancopula,1,condensednn,0.0625,-1.0,COMPLETE,2025-03-30 18:06:07.825119,2025-03-30 18:07:26.112065,78.286946
975,tvae,auto,onesidedselection,0.125,-1.0,COMPLETE,2025-03-30 18:07:26.124004,2025-03-30 18:07:28.062190,1.938186
976,ctgan,auto,editednn,0,-1.0,COMPLETE,2025-03-30 18:07:28.084032,2025-03-30 18:07:30.119427,2.035395
977,fastml,1,random,0,0.5870040107163804,COMPLETE,2025-03-30 18:07:30.131216,2025-03-30 18:13:46.129250,375.998034
978,fastml,0.25,instancehardness,0.5,-1.0,COMPLETE,2025-03-30 18:13:46.151742,2025-03-30 18:13:47.801251,1.649509
979,ctgan,0.5,nearmiss,0.25,-1.0,COMPLETE,2025-03-30 18:13:47.828080,2025-03-30 18:13:49.894928,2.066848
980,adasyn,0,tomeklinks,0.5,0.5846166040487628,COMPLETE,2025-03-30 18:13:49.917768,2025-03-30 18:18:51.043720,301.125952
981,ctgan,0,editednn,0.25,-1.0,COMPLETE,2025-03-30 18:18:51.056489,2025-03-30 18:18:53.086988,2.030499
982,fastml,0,condensednn,0.0625,-1.0,COMPLETE,2025-03-30 18:18:53.110295,2025-03-30 18:18:53.698654,0.588359
983,gaussiancopula,0.5,tomeklinks,0,0.6070021729134343,COMPLETE,2025-03-30 18:18:53.712269,2025-03-30 18:24:20.486907,326.774638
984,adasyn,auto,editednn,0,-1.0,COMPLETE,2025-03-30 18:24:20.499452,2025-03-30 18:24:20.578003,0.078551
985,random,0.25,instancehardness,0.25,-1.0,COMPLETE,2025-03-30 18:24:20.590130,2025-03-30 18:24:21.889307,1.299177
986,tvae,1,tomeklinks,0,-1.0,COMPLETE,2025-03-30 18:24:21.913768,2025-03-30 18:24:23.888522,1.974754
987,gaussiancopula,2,clustercentroid,auto,-1.0,COMPLETE,2025-03-30 18:24:23.911434,2025-03-30 18:25:43.006463,79.095029
988,ctgan,0.25,condensednn,0.0625,-1.0,COMPLETE,2025-03-30 18:25:43.028944,2025-03-30 18:25:45.023133,1.994189
989,gaussiancopula,2,nearmiss,auto,-1.0,COMPLETE,2025-03-30 18:25:45.045315,2025-03-30 18:27:02.100266,77.054951
990,fastml,2,clustercentroid,0,0.6158696600557065,COMPLETE,2025-03-30 18:27:02.112348,2025-03-30 18:33:17.944796,375.832448
991,random,0,clustercentroid,0.125,-1.0,COMPLETE,2025-03-30 18:33:17.966786,2025-03-30 18:33:19.324036,1.35725
992,adasyn,1,tomeklinks,0.125,-1.0,COMPLETE,2025-03-30 18:33:19.346358,2025-03-30 18:33:19.425705,0.079347
993,ctgan,0.5,editednn,auto,-1.0,COMPLETE,2025-03-30 18:33:19.437632,2025-03-30 18:33:21.411982,1.97435
994,fastml,1,clustercentroid,0.5,-1.0,COMPLETE,2025-03-30 18:33:21.434355,2025-03-30 18:34:37.321112,75.886757
995,tvae,0.5,nearmiss,0.5,-1.0,COMPLETE,2025-03-30 18:34:37.343940,2025-03-30 18:34:39.292740,1.9488
996,ctgan,0,instancehardness,0.25,-1.0,COMPLETE,2025-03-30 18:34:39.316631,2025-03-30 18:34:41.409829,2.093198
997,smote,0.5,condensednn,0.0625,-1.0,COMPLETE,2025-03-30 18:34:41.432730,2025-03-30 18:34:41.507095,0.074365
998,tvae,auto,random,0.125,-1.0,COMPLETE,2025-03-30 18:34:41.518801,2025-03-30 18:34:43.522617,2.003816
999,ctgan,0.25,instancehardness,0,-1.0,COMPLETE,2025-03-30 18:34:43.544134,2025-03-30 18:34:45.538602,1.994468
1000,copulagan,2,onesidedselection,0.0625,-1.0,COMPLETE,2025-03-30 18:34:45.559786,2025-03-30 18:35:01.176680,15.616894
1001,ctgan,0.5,tomeklinks,0.25,-1.0,COMPLETE,2025-03-30 18:35:01.198280,2025-03-30 18:35:03.257846,2.059566
1002,random,1,clustercentroid,0.125,-1.0,COMPLETE,2025-03-30 18:35:03.280855,2025-03-30 18:35:04.325287,1.044432
1003,copulagan,0.25,random,0,-1.0,COMPLETE,2025-03-30 18:35:04.347785,2025-03-30 18:35:19.313286,14.965501
1004,tvae,2,clustercentroid,0.0625,-1.0,COMPLETE,2025-03-30 18:35:19.336393,2025-03-30 18:35:21.282490,1.946097
1005,gaussiancopula,0.5,random,0.125,-1.0,COMPLETE,2025-03-30 18:35:21.298748,2025-03-30 18:35:46.780744,25.481996
1006,adasyn,0,clustercentroid,0.125,-1.0,COMPLETE,2025-03-30 18:35:46.793462,2025-03-30 18:35:47.862590,1.069128
1007,adasyn,2,random,0,-1.0,COMPLETE,2025-03-30 18:35:47.884992,2025-03-30 18:35:47.966710,0.081718
1008,tvae,0,condensednn,0.25,-1.0,COMPLETE,2025-03-30 18:35:47.982827,2025-03-30 18:35:50.092547,2.10972
1009,adasyn,0.5,instancehardness,0.0625,-1.0,COMPLETE,2025-03-30 18:35:50.115080,2025-03-30 18:35:50.196303,0.081223
1010,fastml,0.25,nearmiss,0.0625,-1.0,COMPLETE,2025-03-30 18:35:50.209060,2025-03-30 18:35:50.343798,0.134738
1011,fastml,auto,instancehardness,auto,-1.0,COMPLETE,2025-03-30 18:35:50.365163,2025-03-30 18:37:08.406140,78.040977
1012,random,auto,editednn,auto,0.5497504513114579,COMPLETE,2025-03-30 18:37:08.429403,2025-03-30 18:42:09.539416,301.110013
1013,ctgan,0,editednn,auto,-1.0,COMPLETE,2025-03-30 18:42:09.561828,2025-03-30 18:42:11.527019,1.965191
1014,gaussiancopula,0,random,0.25,0.6070401399521722,COMPLETE,2025-03-30 18:42:11.550650,2025-03-30 18:47:13.076974,301.526324
1015,smote,auto,condensednn,0.125,-1.0,COMPLETE,2025-03-30 18:47:13.098911,2025-03-30 18:47:13.178681,0.07977
1016,adasyn,0,editednn,0,-1.0,ERROR,,,0.0
1017,tvae,1,condensednn,0.25,-1.0,COMPLETE,2025-03-30 18:52:14.150802,2025-03-30 18:52:16.131126,1.980324
1018,smote,0.25,nearmiss,auto,-1.0,COMPLETE,2025-03-30 18:52:16.143434,2025-03-30 18:52:16.246137,0.102703
1019,copulagan,1,editednn,0,-1.0,COMPLETE,2025-03-30 18:52:16.267527,2025-03-30 18:52:31.152042,14.884515
1020,fastml,1,nearmiss,0.25,-1.0,COMPLETE,2025-03-30 18:52:31.164625,2025-03-30 18:53:46.627463,75.462838
1021,fastml,0,editednn,0,-1.0,ERROR,,,0.0
1022,random,2,condensednn,0.0625,-1.0,COMPLETE,2025-03-30 18:58:47.563972,2025-03-30 18:58:48.186219,0.622247
1023,tvae,0,instancehardness,0.5,-1.0,COMPLETE,2025-03-30 18:58:48.198330,2025-03-30 18:58:50.201139,2.002809
1024,gaussiancopula,0.5,random,0.5,-1.0,COMPLETE,2025-03-30 18:58:50.224812,2025-03-30 18:59:15.603247,25.378435
1025,gaussiancopula,0,tomeklinks,auto,0.5846166040487628,COMPLETE,2025-03-30 18:59:15.617530,2025-03-30 19:04:16.707823,301.090293
1026,adasyn,0,condensednn,auto,-1.0,COMPLETE,2025-03-30 19:04:16.720506,2025-03-30 19:04:17.289417,0.568911
1027,ctgan,0.25,condensednn,auto,-1.0,COMPLETE,2025-03-30 19:04:17.301586,2025-03-30 19:04:19.438052,2.136466
1028,random,auto,onesidedselection,0.125,-1.0,COMPLETE,2025-03-30 19:04:19.450086,2025-03-30 19:04:19.709330,0.259244
1029,copulagan,auto,tomeklinks,0.5,-1.0,COMPLETE,2025-03-30 19:04:19.730888,2025-03-30 19:04:34.595757,14.864869
1030,tvae,0,nearmiss,0.125,-1.0,COMPLETE,2025-03-30 19:04:34.617357,2025-03-30 19:04:36.565851,1.948494
1031,smote,auto,nearmiss,0.125,-1.0,COMPLETE,2025-03-30 19:04:36.588330,2025-03-30 19:04:36.663969,0.075639
1032,gaussiancopula,0,random,0.0625,0.5758783851807107,COMPLETE,2025-03-30 19:04:36.676270,2025-03-30 19:09:37.529428,300.853158
1033,random,0.5,random,auto,-1.0,COMPLETE,2025-03-30 19:09:37.551657,2025-03-30 19:09:37.941916,0.390259
1034,ctgan,0.5,onesidedselection,0.0625,-1.0,COMPLETE,2025-03-30 19:09:37.953815,2025-03-30 19:09:40.001009,2.047194
1035,tvae,0.25,editednn,0.5,-1.0,COMPLETE,2025-03-30 19:09:40.024124,2025-03-30 19:09:42.000730,1.976606
1036,random,2,editednn,0.25,-1.0,COMPLETE,2025-03-30 19:09:42.023711,2025-03-30 19:09:42.474311,0.4506
1037,tvae,2,instancehardness,0.25,-1.0,COMPLETE,2025-03-30 19:09:42.486282,2025-03-30 19:09:44.496015,2.009733
1038,ctgan,0.25,nearmiss,auto,-1.0,COMPLETE,2025-03-30 19:09:44.518636,2025-03-30 19:09:46.525034,2.006398
1039,ctgan,0.5,random,0.5,-1.0,COMPLETE,2025-03-30 19:09:46.547892,2025-03-30 19:09:48.690368,2.142476
1040,smote,0,nearmiss,0.5,-1.0,COMPLETE,2025-03-30 19:09:48.713315,2025-03-30 19:09:48.792648,0.079333
1041,ctgan,0.5,nearmiss,auto,-1.0,COMPLETE,2025-03-30 19:09:48.804874,2025-03-30 19:09:50.909795,2.104921
1042,fastml,1,nearmiss,0.5,-1.0,COMPLETE,2025-03-30 19:09:50.932016,2025-03-30 19:11:03.256370,72.324354
1043,smote,2,onesidedselection,auto,-1.0,COMPLETE,2025-03-30 19:11:03.279288,2025-03-30 19:11:03.353723,0.074435
1044,ctgan,2,condensednn,0.0625,-1.0,COMPLETE,2025-03-30 19:11:03.365510,2025-03-30 19:11:05.491570,2.12606
1045,tvae,1,nearmiss,0.0625,-1.0,COMPLETE,2025-03-30 19:11:05.503578,2025-03-30 19:11:07.463454,1.959876
1046,tvae,auto,nearmiss,0.0625,-1.0,COMPLETE,2025-03-30 19:11:07.486678,2025-03-30 19:11:09.481088,1.99441
1047,ctgan,0.5,tomeklinks,0.0625,-1.0,COMPLETE,2025-03-30 19:11:09.503126,2025-03-30 19:11:11.479649,1.976523
1048,tvae,0,editednn,0.0625,-1.0,COMPLETE,2025-03-30 19:11:11.502718,2025-03-30 19:11:13.739211,2.236493
1049,ctgan,0,condensednn,0.5,-1.0,COMPLETE,2025-03-30 19:11:13.761289,2025-03-30 19:11:15.716592,1.955303
1050,random,2,random,0.25,0.6107766205355019,COMPLETE,2025-03-30 19:11:15.733418,2025-03-30 19:16:16.761156,301.027738
1051,gaussiancopula,1,tomeklinks,0.0625,0.591068181507458,COMPLETE,2025-03-30 19:16:16.785043,2025-03-30 19:22:35.306605,378.521562
1052,copulagan,0.5,tomeklinks,0.0625,-1.0,COMPLETE,2025-03-30 19:22:35.329171,2025-03-30 19:22:50.383266,15.054095
1053,fastml,0.5,editednn,0.125,0.5227879232471146,COMPLETE,2025-03-30 19:22:50.406769,2025-03-30 19:28:14.579874,324.173105
1054,fastml,0.25,clustercentroid,0.0625,-1.0,COMPLETE,2025-03-30 19:28:14.601951,2025-03-30 19:28:15.828117,1.226166
1055,adasyn,0.25,onesidedselection,0.25,-1.0,COMPLETE,2025-03-30 19:28:15.840391,2025-03-30 19:28:15.983892,0.143501
1056,smote,0.5,onesidedselection,0.125,-1.0,COMPLETE,2025-03-30 19:28:16.005872,2025-03-30 19:28:16.082102,0.07623
1057,ctgan,2,nearmiss,0.125,-1.0,COMPLETE,2025-03-30 19:28:16.094841,2025-03-30 19:28:18.030710,1.935869
1058,adasyn,0.5,condensednn,0.0625,-1.0,COMPLETE,2025-03-30 19:28:18.043288,2025-03-30 19:28:18.125717,0.082429
1059,copulagan,0.5,clustercentroid,0.0625,-1.0,COMPLETE,2025-03-30 19:28:18.152038,2025-03-30 19:28:33.010185,14.858147
1060,smote,0.25,clustercentroid,0.125,-1.0,COMPLETE,2025-03-30 19:28:33.033402,2025-03-30 19:28:34.365870,1.332468
1061,tvae,0,tomeklinks,0,-1.0,ERROR,,,0.0
1062,tvae,auto,instancehardness,auto,-1.0,COMPLETE,2025-03-30 19:28:36.333316,2025-03-30 19:28:38.269940,1.936624
1063,smote,2,condensednn,0.25,-1.0,COMPLETE,2025-03-30 19:28:38.292724,2025-03-30 19:28:38.384056,0.091332
1064,tvae,auto,onesidedselection,0.5,-1.0,COMPLETE,2025-03-30 19:28:38.399847,2025-03-30 19:28:40.351576,1.951729
1065,copulagan,0.25,onesidedselection,0.0625,-1.0,COMPLETE,2025-03-30 19:28:40.363635,2025-03-30 19:28:54.959685,14.59605
1066,random,auto,editednn,0,0.6114929154640838,COMPLETE,2025-03-30 19:28:54.982791,2025-03-30 19:33:55.791736,300.808945
1067,gaussiancopula,1,clustercentroid,0.25,-1.0,COMPLETE,2025-03-30 19:33:55.813695,2025-03-30 19:35:13.608922,77.795227
1068,copulagan,1,condensednn,auto,-1.0,COMPLETE,2025-03-30 19:35:13.623712,2025-03-30 19:35:28.457636,14.833924
1069,random,0,instancehardness,0.25,-1.0,COMPLETE,2025-03-30 19:35:28.469956,2025-03-30 19:35:30.311705,1.841749
1070,tvae,1,instancehardness,0.5,-1.0,COMPLETE,2025-03-30 19:35:30.334749,2025-03-30 19:35:32.327747,1.992998
1071,smote,2,instancehardness,0.0625,-1.0,COMPLETE,2025-03-30 19:35:32.340139,2025-03-30 19:35:32.418092,0.077953
1072,tvae,1,editednn,0,-1.0,COMPLETE,2025-03-30 19:35:32.430252,2025-03-30 19:35:34.368448,1.938196
1073,copulagan,0.5,clustercentroid,0,-1.0,COMPLETE,2025-03-30 19:35:34.390593,2025-03-30 19:35:49.867688,15.477095
1074,copulagan,auto,random,auto,-1.0,COMPLETE,2025-03-30 19:35:49.889670,2025-03-30 19:36:04.668426,14.778756
1075,smote,1,tomeklinks,0.25,-1.0,COMPLETE,2025-03-30 19:36:04.692492,2025-03-30 19:36:04.770731,0.078239
1076,adasyn,0,onesidedselection,auto,-1.0,COMPLETE,2025-03-30 19:36:04.782960,2025-03-30 19:36:05.095536,0.312576
1077,adasyn,2,editednn,0.125,-1.0,COMPLETE,2025-03-30 19:36:05.107669,2025-03-30 19:36:05.194656,0.086987
1078,copulagan,2,random,0.25,-1.0,COMPLETE,2025-03-30 19:36:05.216634,2025-03-30 19:36:20.897455,15.680821
1079,ctgan,0,nearmiss,0.5,-1.0,COMPLETE,2025-03-30 19:36:20.921023,2025-03-30 19:36:22.976638,2.055615
1080,gaussiancopula,1,onesidedselection,0.25,-1.0,COMPLETE,2025-03-30 19:36:22.988808,2025-03-30 19:37:37.572505,74.583697
1081,random,1,tomeklinks,0.125,0.5888355906139763,COMPLETE,2025-03-30 19:37:37.586355,2025-03-30 19:42:38.620740,301.034385
1082,fastml,0.25,editednn,0,0.5609482745439811,COMPLETE,2025-03-30 19:42:38.643854,2025-03-30 19:47:39.514222,300.870368
1083,fastml,0.5,editednn,0,0.6087197265154798,COMPLETE,2025-03-30 19:47:39.537031,2025-03-30 19:53:04.444088,324.907057
1084,smote,0.5,tomeklinks,auto,-1.0,COMPLETE,2025-03-30 19:53:04.467227,2025-03-30 19:53:04.547571,0.080344
1085,adasyn,0.25,tomeklinks,0.0625,0.6094834130814825,COMPLETE,2025-03-30 19:53:04.560436,2025-03-30 19:58:05.408963,300.848527
1086,fastml,1,nearmiss,auto,-1.0,COMPLETE,2025-03-30 19:58:05.430719,2025-03-30 19:59:19.610187,74.179468
1087,adasyn,0,editednn,0.25,0.4908200734394125,COMPLETE,2025-03-30 19:59:19.633235,2025-03-30 20:04:11.964385,292.33115
1088,tvae,2,editednn,0.25,-1.0,COMPLETE,2025-03-30 20:04:11.986351,2025-03-30 20:04:13.946247,1.959896
1089,fastml,0.25,onesidedselection,0,0.5609482745439811,COMPLETE,2025-03-30 20:04:13.968271,2025-03-30 20:09:14.785959,300.817688
1090,ctgan,0.5,onesidedselection,0.125,-1.0,COMPLETE,2025-03-30 20:09:14.807901,2025-03-30 20:09:16.805543,1.997642
1091,smote,1,instancehardness,0.125,-1.0,COMPLETE,2025-03-30 20:09:16.828378,2025-03-30 20:09:16.905099,0.076721
1092,gaussiancopula,1,clustercentroid,auto,-1.0,COMPLETE,2025-03-30 20:09:16.917463,2025-03-30 20:10:31.315344,74.397881
1093,adasyn,2,condensednn,0.25,-1.0,COMPLETE,2025-03-30 20:10:31.337701,2025-03-30 20:10:31.418954,0.081253
1094,ctgan,2,editednn,0,-1.0,COMPLETE,2025-03-30 20:10:31.430880,2025-03-30 20:10:33.445853,2.014973
1095,adasyn,0.25,editednn,0.5,0.4908200734394125,COMPLETE,2025-03-30 20:10:33.467443,2025-03-30 20:15:25.297665,291.830222
1096,random,0,random,auto,-1.0,COMPLETE,2025-03-30 20:15:25.319647,2025-03-30 20:15:25.658523,0.338876
1097,tvae,1,tomeklinks,0.0625,-1.0,COMPLETE,2025-03-30 20:15:25.674082,2025-03-30 20:15:27.616872,1.94279
1098,tvae,0.5,onesidedselection,0.0625,-1.0,COMPLETE,2025-03-30 20:15:27.630068,2025-03-30 20:15:29.595100,1.965032
1099,adasyn,0,editednn,0.125,0.5358329378262933,COMPLETE,2025-03-30 20:15:29.617527,2025-03-30 20:20:30.635914,301.018387
1100,fastml,0.25,condensednn,0,0.5609482745439811,COMPLETE,2025-03-30 20:20:30.649412,2025-03-30 20:25:31.475059,300.825647
1101,fastml,1,instancehardness,auto,-1.0,COMPLETE,2025-03-30 20:25:31.497010,2025-03-30 20:26:45.729646,74.232636
1102,copulagan,0,onesidedselection,0,-1.0,ERROR,,,0.0
1103,adasyn,0,tomeklinks,0.125,0.6067892940022995,COMPLETE,2025-03-30 20:27:00.615567,2025-03-30 20:32:01.917001,301.301434
1104,tvae,2,instancehardness,0,-1.0,COMPLETE,2025-03-30 20:32:01.940648,2025-03-30 20:32:04.007295,2.066647
1105,gaussiancopula,0.5,editednn,0.125,0.5478682170542637,COMPLETE,2025-03-30 20:32:04.019965,2025-03-30 20:37:30.086837,326.066872
1106,gaussiancopula,0.5,condensednn,0.5,-1.0,COMPLETE,2025-03-30 20:37:30.110328,2025-03-30 20:37:55.385434,25.275106
1107,random,1,onesidedselection,auto,-1.0,COMPLETE,2025-03-30 20:37:55.398230,2025-03-30 20:37:55.571527,0.173297
1108,adasyn,0.5,nearmiss,0.125,-1.0,COMPLETE,2025-03-30 20:37:55.593896,2025-03-30 20:37:55.680113,0.086217
1109,gaussiancopula,0.5,condensednn,auto,-1.0,COMPLETE,2025-03-30 20:37:55.701859,2025-03-30 20:38:21.637663,25.935804
1110,adasyn,2,tomeklinks,0.5,-1.0,COMPLETE,2025-03-30 20:38:21.650371,2025-03-30 20:38:21.735860,0.085489
1111,fastml,auto,clustercentroid,0.5,-1.0,COMPLETE,2025-03-30 20:38:21.757684,2025-03-30 20:39:36.853971,75.096287
1112,fastml,2,onesidedselection,0.5,-1.0,COMPLETE,2025-03-30 20:39:36.876768,2025-03-30 20:40:51.057148,74.18038
1113,copulagan,0.25,onesidedselection,0.5,-1.0,COMPLETE,2025-03-30 20:40:51.079648,2025-03-30 20:41:06.614500,15.534852
1114,ctgan,1,editednn,0.25,-1.0,COMPLETE,2025-03-30 20:41:06.637382,2025-03-30 20:41:08.579162,1.94178
1115,fastml,auto,instancehardness,0.125,-1.0,COMPLETE,2025-03-30 20:41:08.602079,2025-03-30 20:42:24.083695,75.481616
1116,random,1,onesidedselection,0.25,-1.0,COMPLETE,2025-03-30 20:42:24.097231,2025-03-30 20:42:24.363137,0.265906
1117,copulagan,0.5,condensednn,0.125,-1.0,COMPLETE,2025-03-30 20:42:24.375526,2025-03-30 20:42:39.062629,14.687103
1118,fastml,1,clustercentroid,auto,-1.0,COMPLETE,2025-03-30 20:42:39.074885,2025-03-30 20:43:51.857218,72.782333
1119,tvae,1,clustercentroid,0.0625,-1.0,COMPLETE,2025-03-30 20:43:51.879235,2025-03-30 20:43:53.843073,1.963838
1120,ctgan,2,onesidedselection,0.25,-1.0,COMPLETE,2025-03-30 20:43:53.865646,2025-03-30 20:43:55.842836,1.97719
1121,adasyn,1,nearmiss,0.25,-1.0,COMPLETE,2025-03-30 20:43:55.865299,2025-03-30 20:43:55.947540,0.082241
1122,adasyn,2,clustercentroid,auto,-1.0,COMPLETE,2025-03-30 20:43:55.959745,2025-03-30 20:43:56.043715,0.08397
1123,smote,0.25,clustercentroid,0.0625,-1.0,COMPLETE,2025-03-30 20:43:56.066094,2025-03-30 20:43:57.297187,1.231093
1124,adasyn,0,tomeklinks,auto,0.5846166040487628,COMPLETE,2025-03-30 20:43:57.320079,2025-03-30 20:48:58.313412,300.993333
1125,smote,1,condensednn,0.25,-1.0,COMPLETE,2025-03-30 20:48:58.326453,2025-03-30 20:48:58.404646,0.078193
1126,tvae,0.5,random,0.25,-1.0,COMPLETE,2025-03-30 20:48:58.417190,2025-03-30 20:49:00.394758,1.977568
1127,smote,2,condensednn,0.125,-1.0,COMPLETE,2025-03-30 20:49:00.417517,2025-03-30 20:49:00.497089,0.079572
1128,gaussiancopula,0.5,instancehardness,auto,-1.0,COMPLETE,2025-03-30 20:49:00.509374,2025-03-30 20:49:26.882443,26.373069
1129,adasyn,0.25,editednn,0.0625,0.5621046066114229,COMPLETE,2025-03-30 20:49:26.906389,2025-03-30 20:54:28.071178,301.164789
1130,random,1,onesidedselection,0.0625,-1.0,COMPLETE,2025-03-30 20:54:28.083727,2025-03-30 20:54:28.255062,0.171335
1131,random,1,editednn,0.0625,-1.0,COMPLETE,2025-03-30 20:54:28.278586,2025-03-30 20:54:28.959891,0.681305
1132,tvae,2,clustercentroid,0,-1.0,COMPLETE,2025-03-30 20:54:28.972442,2025-03-30 20:54:30.931766,1.959324
1133,tvae,0.5,clustercentroid,0.0625,-1.0,COMPLETE,2025-03-30 20:54:30.955183,2025-03-30 20:54:33.106738,2.151555
1134,ctgan,0.5,editednn,0.25,-1.0,COMPLETE,2025-03-30 20:54:33.118762,2025-03-30 20:54:35.197856,2.079094
1135,adasyn,auto,tomeklinks,0.25,-1.0,COMPLETE,2025-03-30 20:54:35.216174,2025-03-30 20:54:35.320841,0.104667
1136,gaussiancopula,auto,onesidedselection,auto,-1.0,COMPLETE,2025-03-30 20:54:35.340040,2025-03-30 20:55:52.151074,76.811034
1137,fastml,0.25,nearmiss,0.25,-1.0,COMPLETE,2025-03-30 20:55:52.173535,2025-03-30 20:55:52.310758,0.137223
1138,tvae,2,nearmiss,0.25,-1.0,COMPLETE,2025-03-30 20:55:52.332601,2025-03-30 20:55:54.292254,1.959653
1139,tvae,0,instancehardness,0,-1.0,ERROR,,,0.0
1140,gaussiancopula,0.5,onesidedselection,0.5,-1.0,COMPLETE,2025-03-30 20:55:56.367704,2025-03-30 20:56:20.914762,24.547058
1141,random,auto,clustercentroid,0.0625,-1.0,COMPLETE,2025-03-30 20:56:20.937023,2025-03-30 20:56:22.696474,1.759451
1142,tvae,0.25,instancehardness,0.0625,-1.0,COMPLETE,2025-03-30 20:56:22.709594,2025-03-30 20:56:24.681053,1.971459
1143,copulagan,0.25,tomeklinks,0,-1.0,COMPLETE,2025-03-30 20:56:24.693487,2025-03-30 20:56:39.459634,14.766147
1144,adasyn,auto,clustercentroid,auto,-1.0,COMPLETE,2025-03-30 20:56:39.486500,2025-03-30 20:56:39.569043,0.082543
1145,random,0.25,nearmiss,auto,-1.0,COMPLETE,2025-03-30 20:56:39.594761,2025-03-30 20:56:39.725517,0.130756
1146,tvae,2,tomeklinks,0,-1.0,COMPLETE,2025-03-30 20:56:39.747253,2025-03-30 20:56:41.746385,1.999132
1147,copulagan,0,instancehardness,0.25,-1.0,COMPLETE,2025-03-30 20:56:41.758506,2025-03-30 20:56:56.411015,14.652509
1148,fastml,0.5,instancehardness,0.0625,-1.0,COMPLETE,2025-03-30 20:56:56.423407,2025-03-30 20:57:21.306164,24.882757
1149,fastml,0,onesidedselection,auto,-1.0,COMPLETE,2025-03-30 20:57:21.329487,2025-03-30 20:57:21.603737,0.27425
1150,ctgan,2,tomeklinks,0.25,-1.0,COMPLETE,2025-03-30 20:57:21.616832,2025-03-30 20:57:23.703839,2.087007
1151,random,0,random,0,-1.0,ERROR,,,0.0
1152,ctgan,auto,condensednn,0.5,-1.0,COMPLETE,2025-03-30 21:02:24.655277,2025-03-30 21:02:26.620033,1.964756
1153,tvae,auto,editednn,0.5,-1.0,COMPLETE,2025-03-30 21:02:26.643633,2025-03-30 21:02:28.623415,1.979782
1154,tvae,1,condensednn,auto,-1.0,COMPLETE,2025-03-30 21:02:28.645402,2025-03-30 21:02:30.617403,1.972001
1155,tvae,0.25,tomeklinks,0.0625,-1.0,COMPLETE,2025-03-30 21:02:30.641240,2025-03-30 21:02:32.740522,2.099282
1156,tvae,0.5,editednn,0,-1.0,COMPLETE,2025-03-30 21:02:32.763816,2025-03-30 21:02:34.807424,2.043608
1157,smote,0.5,tomeklinks,0.5,-1.0,COMPLETE,2025-03-30 21:02:34.820706,2025-03-30 21:02:34.903647,0.082941
1158,copulagan,0.5,random,0,-1.0,COMPLETE,2025-03-30 21:02:34.917057,2025-03-30 21:02:49.787436,14.870379
1159,copulagan,1,onesidedselection,auto,-1.0,COMPLETE,2025-03-30 21:02:49.810001,2025-03-30 21:03:04.609315,14.799314
1160,ctgan,0.25,onesidedselection,auto,-1.0,COMPLETE,2025-03-30 21:03:04.631649,2025-03-30 21:03:06.592903,1.961254
1161,tvae,1,random,0,-1.0,COMPLETE,2025-03-30 21:03:06.615337,2025-03-30 21:03:08.645671,2.030334
1162,copulagan,1,editednn,auto,-1.0,COMPLETE,2025-03-30 21:03:08.667228,2025-03-30 21:03:23.295535,14.628307
1163,fastml,2,clustercentroid,auto,-1.0,COMPLETE,2025-03-30 21:03:23.317685,2025-03-30 21:04:37.325907,74.008222
1164,copulagan,0.25,instancehardness,auto,-1.0,COMPLETE,2025-03-30 21:04:37.348532,2025-03-30 21:04:51.975311,14.626779
1165,random,0.25,editednn,0.125,0.5475135790750408,COMPLETE,2025-03-30 21:04:51.998337,2025-03-30 21:09:52.959832,300.961495
1166,fastml,0,random,0.25,0.6070401399521722,COMPLETE,2025-03-30 21:09:52.972085,2025-03-30 21:14:54.555544,301.583459
1167,gaussiancopula,0.5,instancehardness,0,0.6148407913265794,COMPLETE,2025-03-30 21:14:54.577535,2025-03-30 21:20:20.023366,325.445831
1168,copulagan,auto,nearmiss,0.0625,-1.0,COMPLETE,2025-03-30 21:20:20.046587,2025-03-30 21:20:34.761560,14.714973
1169,fastml,2,nearmiss,auto,-1.0,COMPLETE,2025-03-30 21:20:34.774204,2025-03-30 21:21:47.593366,72.819162
1170,tvae,auto,nearmiss,0.25,-1.0,COMPLETE,2025-03-30 21:21:47.606200,2025-03-30 21:21:49.553333,1.947133
1171,tvae,auto,instancehardness,0.25,-1.0,COMPLETE,2025-03-30 21:21:49.574848,2025-03-30 21:21:51.529218,1.95437
1172,smote,0.5,editednn,0.0625,-1.0,COMPLETE,2025-03-30 21:21:51.551979,2025-03-30 21:21:51.630787,0.078808
1173,ctgan,0,onesidedselection,0.0625,-1.0,COMPLETE,2025-03-30 21:21:51.642816,2025-03-30 21:21:53.595990,1.953174
1174,random,2,onesidedselection,0,0.5480294443358739,COMPLETE,2025-03-30 21:21:53.617608,2025-03-30 21:26:54.492885,300.875277
1175,ctgan,auto,instancehardness,0.0625,-1.0,COMPLETE,2025-03-30 21:26:54.514847,2025-03-30 21:26:56.456623,1.941776
1176,fastml,1,nearmiss,0.0625,-1.0,COMPLETE,2025-03-30 21:26:56.479860,2025-03-30 21:28:11.403316,74.923456
1177,gaussiancopula,0.5,nearmiss,auto,-1.0,COMPLETE,2025-03-30 21:28:11.426401,2025-03-30 21:28:37.100858,25.674457
1178,tvae,1,random,0.125,-1.0,COMPLETE,2025-03-30 21:28:37.112926,2025-03-30 21:28:39.074180,1.961254
1179,smote,0.25,random,0.5,0.593031038884219,COMPLETE,2025-03-30 21:28:39.096870,2025-03-30 21:33:39.976686,300.879816
1180,smote,0.5,nearmiss,0.25,-1.0,COMPLETE,2025-03-30 21:33:39.998253,2025-03-30 21:33:40.092080,0.093827
1181,fastml,2,instancehardness,0.25,-1.0,COMPLETE,2025-03-30 21:33:40.103870,2025-03-30 21:34:55.900282,75.796412
1182,tvae,0.5,onesidedselection,auto,-1.0,COMPLETE,2025-03-30 21:34:55.923113,2025-03-30 21:34:58.078367,2.155254
1183,random,0.25,instancehardness,0,0.5609482745439811,COMPLETE,2025-03-30 21:34:58.090900,2025-03-30 21:39:58.947521,300.856621
1184,gaussiancopula,0.25,onesidedselection,0.0625,-1.0,COMPLETE,2025-03-30 21:39:58.969861,2025-03-30 21:39:59.139699,0.169838
1185,ctgan,0,onesidedselection,0.25,-1.0,COMPLETE,2025-03-30 21:39:59.161499,2025-03-30 21:40:01.154206,1.992707
1186,adasyn,0.5,random,0.25,-1.0,COMPLETE,2025-03-30 21:40:01.176420,2025-03-30 21:40:01.418259,0.241839
1187,ctgan,0,onesidedselection,0.5,-1.0,COMPLETE,2025-03-30 21:40:01.439671,2025-03-30 21:40:03.486446,2.046775
1188,random,0,condensednn,0.25,-1.0,COMPLETE,2025-03-30 21:40:03.509847,2025-03-30 21:40:04.155673,0.645826
1189,copulagan,0,editednn,0.0625,-1.0,COMPLETE,2025-03-30 21:40:04.167803,2025-03-30 21:40:19.677816,15.510013
1190,copulagan,0,condensednn,0.125,-1.0,COMPLETE,2025-03-30 21:40:19.700379,2025-03-30 21:40:35.189057,15.488678
1191,fastml,0.5,onesidedselection,0.25,-1.0,COMPLETE,2025-03-30 21:40:35.210773,2025-03-30 21:40:59.024374,23.813601
1192,copulagan,auto,clustercentroid,0.125,-1.0,COMPLETE,2025-03-30 21:40:59.047039,2025-03-30 21:41:14.954287,15.907248
1193,smote,0.5,editednn,0,-1.0,COMPLETE,2025-03-30 21:41:14.967443,2025-03-30 21:41:15.050842,0.083399
1194,gaussiancopula,0,clustercentroid,auto,-1.0,COMPLETE,2025-03-30 21:41:15.073248,2025-03-30 21:41:16.001567,0.928319
1195,copulagan,2,onesidedselection,0.5,-1.0,COMPLETE,2025-03-30 21:41:16.024756,2025-03-30 21:41:30.962993,14.938237
1196,copulagan,1,clustercentroid,0.0625,-1.0,COMPLETE,2025-03-30 21:41:30.986488,2025-03-30 21:41:46.246300,15.259812
1197,smote,2,random,0,-1.0,COMPLETE,2025-03-30 21:41:46.267971,2025-03-30 21:41:46.347298,0.079327
1198,gaussiancopula,0.5,clustercentroid,0.125,-1.0,COMPLETE,2025-03-30 21:41:46.359747,2025-03-30 21:42:12.731100,26.371353
1199,smote,1,random,auto,-1.0,COMPLETE,2025-03-30 21:42:12.753970,2025-03-30 21:42:12.837541,0.083571
1200,fastml,2,editednn,0.25,-1.0,COMPLETE,2025-03-30 21:42:12.861309,2025-03-30 21:43:25.295121,72.433812
1201,tvae,auto,random,0,-1.0,COMPLETE,2025-03-30 21:43:25.308958,2025-03-30 21:43:27.331397,2.022439
1202,adasyn,1,onesidedselection,0.125,-1.0,COMPLETE,2025-03-30 21:43:27.353370,2025-03-30 21:43:27.442477,0.089107
1203,ctgan,0.25,onesidedselection,0.125,-1.0,COMPLETE,2025-03-30 21:43:27.464934,2025-03-30 21:43:29.498705,2.033771
1204,smote,auto,nearmiss,0.0625,-1.0,COMPLETE,2025-03-30 21:43:29.521572,2025-03-30 21:43:29.606520,0.084948
1205,smote,0,instancehardness,0.25,-1.0,COMPLETE,2025-03-30 21:43:29.628703,2025-03-30 21:43:30.701442,1.072739
1206,gaussiancopula,0.25,clustercentroid,auto,-1.0,COMPLETE,2025-03-30 21:43:30.724718,2025-03-30 21:43:31.727328,1.00261
1207,smote,0.5,onesidedselection,0.25,-1.0,COMPLETE,2025-03-30 21:43:31.750452,2025-03-30 21:43:31.834773,0.084321
1208,gaussiancopula,1,random,0.0625,-1.0,COMPLETE,2025-03-30 21:43:31.847491,2025-03-30 21:44:46.975182,75.127691
1209,fastml,1,tomeklinks,0.0625,0.6066311717953461,COMPLETE,2025-03-30 21:44:46.987544,2025-03-30 21:50:59.738025,372.750481
1210,copulagan,2,editednn,0.25,-1.0,COMPLETE,2025-03-30 21:50:59.760421,2025-03-30 21:51:14.641622,14.881201
1211,random,0.5,onesidedselection,0.0625,-1.0,COMPLETE,2025-03-30 21:51:14.664714,2025-03-30 21:51:14.827389,0.162675
1212,fastml,0.25,instancehardness,auto,-1.0,COMPLETE,2025-03-30 21:51:14.849433,2025-03-30 21:51:15.981906,1.132473
1213,adasyn,1,instancehardness,0.5,-1.0,COMPLETE,2025-03-30 21:51:16.005600,2025-03-30 21:51:16.164531,0.158931
1214,gaussiancopula,1,instancehardness,auto,-1.0,COMPLETE,2025-03-30 21:51:16.186687,2025-03-30 21:52:32.255865,76.069178
1215,ctgan,0,tomeklinks,0,-1.0,ERROR,,,0.0
1216,fastml,0.25,onesidedselection,0.25,-1.0,COMPLETE,2025-03-30 21:52:34.265832,2025-03-30 21:52:34.446182,0.18035
1217,ctgan,2,clustercentroid,0.0625,-1.0,COMPLETE,2025-03-30 21:52:34.467906,2025-03-30 21:52:36.544192,2.076286
1218,copulagan,2,instancehardness,0.5,-1.0,COMPLETE,2025-03-30 21:52:36.556128,2025-03-30 21:52:51.091426,14.535298
1219,smote,0,random,0.5,0.600434603930576,COMPLETE,2025-03-30 21:52:51.113537,2025-03-30 21:57:51.988367,300.87483
1220,tvae,0.25,onesidedselection,auto,-1.0,COMPLETE,2025-03-30 21:57:52.010250,2025-03-30 21:57:53.947513,1.937263
1221,copulagan,0,condensednn,auto,-1.0,COMPLETE,2025-03-30 21:57:53.970661,2025-03-30 21:58:08.605512,14.634851
1222,ctgan,1,onesidedselection,0.0625,-1.0,COMPLETE,2025-03-30 21:58:08.628015,2025-03-30 21:58:10.580937,1.952922
1223,tvae,auto,nearmiss,0,-1.0,COMPLETE,2025-03-30 21:58:10.593024,2025-03-30 21:58:12.559392,1.966368
1224,smote,0.25,instancehardness,auto,-1.0,COMPLETE,2025-03-30 21:58:12.582515,2025-03-30 21:58:13.693164,1.110649
1225,tvae,1,nearmiss,0.125,-1.0,COMPLETE,2025-03-30 21:58:13.716283,2025-03-30 21:58:15.798773,2.08249
1226,ctgan,0,nearmiss,0.25,-1.0,COMPLETE,2025-03-30 21:58:15.811819,2025-03-30 21:58:17.804744,1.992925
1227,random,auto,instancehardness,0.25,-1.0,COMPLETE,2025-03-30 21:58:17.828107,2025-03-30 21:58:18.914445,1.086338
1228,random,0.5,condensednn,0.0625,-1.0,COMPLETE,2025-03-30 21:58:18.936583,2025-03-30 21:58:19.554744,0.618161
1229,smote,0,condensednn,0.125,-1.0,COMPLETE,2025-03-30 21:58:19.566834,2025-03-30 21:58:20.141480,0.574646
1230,fastml,0,tomeklinks,0.0625,0.6094834130814825,COMPLETE,2025-03-30 21:58:20.154297,2025-03-30 22:03:21.154088,300.999791
1231,gaussiancopula,1,condensednn,0.25,-1.0,COMPLETE,2025-03-30 22:03:21.176224,2025-03-30 22:04:37.274684,76.09846
1232,copulagan,2,condensednn,0.125,-1.0,COMPLETE,2025-03-30 22:04:37.287099,2025-03-30 22:04:52.001493,14.714394
1233,adasyn,1,editednn,0.125,-1.0,COMPLETE,2025-03-30 22:04:52.023636,2025-03-30 22:04:52.112224,0.088588
1234,adasyn,auto,clustercentroid,0.5,-1.0,COMPLETE,2025-03-30 22:04:52.133850,2025-03-30 22:04:52.219984,0.086134
1235,fastml,2,instancehardness,0.5,-1.0,COMPLETE,2025-03-30 22:04:52.241278,2025-03-30 22:06:08.941447,76.700169
1236,adasyn,2,clustercentroid,0.25,-1.0,COMPLETE,2025-03-30 22:06:08.965463,2025-03-30 22:06:09.126205,0.160742
1237,smote,0.25,onesidedselection,0.25,-1.0,COMPLETE,2025-03-30 22:06:09.148387,2025-03-30 22:06:09.313774,0.165387
1238,tvae,0,onesidedselection,0.0625,-1.0,COMPLETE,2025-03-30 22:06:09.335774,2025-03-30 22:06:11.314956,1.979182
1239,copulagan,2,clustercentroid,auto,-1.0,COMPLETE,2025-03-30 22:06:11.337302,2025-03-30 22:06:27.077801,15.740499
1240,ctgan,0.5,condensednn,0.25,-1.0,COMPLETE,2025-03-30 22:06:27.090835,2025-03-30 22:06:29.326535,2.2357
1241,copulagan,2,nearmiss,0.25,-1.0,COMPLETE,2025-03-30 22:06:29.349347,2025-03-30 22:06:45.182130,15.832783
1242,random,1,editednn,0.25,-1.0,COMPLETE,2025-03-30 22:06:45.204071,2025-03-30 22:06:45.659957,0.455886
1243,copulagan,2,tomeklinks,0.25,-1.0,COMPLETE,2025-03-30 22:06:45.672682,2025-03-30 22:07:00.577179,14.904497
1244,smote,1,editednn,0.0625,-1.0,COMPLETE,2025-03-30 22:07:00.599087,2025-03-30 22:07:00.680353,0.081266
1245,adasyn,0,instancehardness,0.5,-1.0,COMPLETE,2025-03-30 22:07:00.706852,2025-03-30 22:07:01.482704,0.775852
1246,copulagan,0.25,condensednn,auto,-1.0,COMPLETE,2025-03-30 22:07:01.506409,2025-03-30 22:07:16.215141,14.708732
1247,copulagan,1,nearmiss,0.125,-1.0,COMPLETE,2025-03-30 22:07:16.238269,2025-03-30 22:07:31.085415,14.847146
1248,smote,2,tomeklinks,0.125,-1.0,COMPLETE,2025-03-30 22:07:31.107245,2025-03-30 22:07:31.191394,0.084149
1249,fastml,0.25,condensednn,0.125,-1.0,COMPLETE,2025-03-30 22:07:31.213890,2025-03-30 22:07:31.770628,0.556738
1250,random,2,tomeklinks,0,0.5480294443358739,COMPLETE,2025-03-30 22:07:31.782820,2025-03-30 22:12:32.689674,300.906854
1251,gaussiancopula,0.5,editednn,0,0.6147541108979304,COMPLETE,2025-03-30 22:12:32.712222,2025-03-30 22:17:58.108457,325.396235
1252,ctgan,1,editednn,0.0625,-1.0,COMPLETE,2025-03-30 22:17:58.130919,2025-03-30 22:18:00.156476,2.025557
1253,gaussiancopula,0.5,condensednn,0.0625,-1.0,COMPLETE,2025-03-30 22:18:00.179168,2025-03-30 22:18:26.318465,26.139297
1254,tvae,2,nearmiss,0.0625,-1.0,COMPLETE,2025-03-30 22:18:26.331915,2025-03-30 22:18:28.315170,1.983255
1255,adasyn,0.5,nearmiss,0,-1.0,COMPLETE,2025-03-30 22:18:28.337797,2025-03-30 22:18:28.427720,0.089923
1256,random,auto,nearmiss,0.5,0.5665364535796429,COMPLETE,2025-03-30 22:18:28.450255,2025-03-30 22:23:29.641907,301.191652
1257,fastml,0.25,editednn,0.125,0.5439276485788114,COMPLETE,2025-03-30 22:23:29.663768,2025-03-30 22:28:30.678386,301.014618
1258,fastml,1,condensednn,0.25,-1.0,COMPLETE,2025-03-30 22:28:30.692440,2025-03-30 22:29:46.921899,76.229459
1259,copulagan,0.5,nearmiss,0.25,-1.0,COMPLETE,2025-03-30 22:29:46.934434,2025-03-30 22:30:01.878759,14.944325
1260,fastml,auto,onesidedselection,0,0.598686639078316,COMPLETE,2025-03-30 22:30:01.891017,2025-03-30 22:36:16.394501,374.503484
1261,fastml,auto,instancehardness,0,0.598686639078316,COMPLETE,2025-03-30 22:36:16.417076,2025-03-30 22:42:29.209277,372.792201
1262,ctgan,0.25,tomeklinks,0.0625,-1.0,COMPLETE,2025-03-30 22:42:29.231621,2025-03-30 22:42:31.213407,1.981786
1263,ctgan,auto,clustercentroid,0.0625,-1.0,COMPLETE,2025-03-30 22:42:31.235166,2025-03-30 22:42:33.310448,2.075282
1264,ctgan,0.25,condensednn,0.25,-1.0,COMPLETE,2025-03-30 22:42:33.333012,2025-03-30 22:42:35.475361,2.142349
1265,ctgan,0,random,auto,-1.0,COMPLETE,2025-03-30 22:42:35.487495,2025-03-30 22:42:37.474325,1.98683
1266,random,2,condensednn,0.125,-1.0,COMPLETE,2025-03-30 22:42:37.497248,2025-03-30 22:42:38.155990,0.658742
1267,smote,auto,random,0.5,-1.0,COMPLETE,2025-03-30 22:42:38.168048,2025-03-30 22:42:38.249632,0.081584
1268,fastml,0,editednn,0.125,0.5439276485788114,COMPLETE,2025-03-30 22:42:38.262205,2025-03-30 22:47:39.235267,300.973062
1269,fastml,auto,clustercentroid,auto,-1.0,COMPLETE,2025-03-30 22:47:39.247634,2025-03-30 22:48:55.667731,76.420097
1270,tvae,0,clustercentroid,0.0625,-1.0,COMPLETE,2025-03-30 22:48:55.690974,2025-03-30 22:48:57.822715,2.131741
1271,fastml,1,condensednn,0.125,-1.0,COMPLETE,2025-03-30 22:48:57.844478,2025-03-30 22:50:12.854267,75.009789
1272,adasyn,0,editednn,auto,0.4908200734394125,COMPLETE,2025-03-30 22:50:12.866605,2025-03-30 22:55:04.892805,292.0262
1273,random,auto,tomeklinks,0,0.6114929154640838,COMPLETE,2025-03-30 22:55:04.913407,2025-03-30 23:00:05.791833,300.878426
1274,copulagan,1,nearmiss,auto,-1.0,COMPLETE,2025-03-30 23:00:05.815521,2025-03-30 23:00:21.567968,15.752447
1275,adasyn,0.25,tomeklinks,0,0.5609482745439811,COMPLETE,2025-03-30 23:00:21.589876,2025-03-30 23:05:22.403111,300.813235
1276,smote,0,nearmiss,auto,-1.0,COMPLETE,2025-03-30 23:05:22.426148,2025-03-30 23:05:22.515192,0.089044
1277,gaussiancopula,0,clustercentroid,0,-1.0,ERROR,,,0.0
1278,fastml,1,clustercentroid,0.25,-1.0,COMPLETE,2025-03-30 23:10:23.431981,2025-03-30 23:11:37.267575,73.835594
1279,ctgan,2,tomeklinks,0.0625,-1.0,COMPLETE,2025-03-30 23:11:37.290609,2025-03-30 23:11:39.347380,2.056771
1280,adasyn,0,random,0,-1.0,ERROR,,,0.0
1281,copulagan,0.5,clustercentroid,0.5,-1.0,COMPLETE,2025-03-30 23:16:40.221249,2025-03-30 23:16:55.219761,14.998512
1282,random,2,clustercentroid,0.5,-1.0,COMPLETE,2025-03-30 23:16:55.233144,2025-03-30 23:16:56.627224,1.39408
1283,smote,2,clustercentroid,0,-1.0,COMPLETE,2025-03-30 23:16:56.650882,2025-03-30 23:16:56.736588,0.085706
1284,smote,1,nearmiss,0.0625,-1.0,COMPLETE,2025-03-30 23:16:56.758643,2025-03-30 23:16:56.844223,0.08558
1285,gaussiancopula,0.5,random,0.25,-1.0,COMPLETE,2025-03-30 23:16:56.866494,2025-03-30 23:17:21.465925,24.599431
1286,gaussiancopula,2,instancehardness,0.0625,-1.0,COMPLETE,2025-03-30 23:17:21.478750,2025-03-30 23:18:38.023312,76.544562
1287,fastml,0.25,random,0.25,0.6070401399521722,COMPLETE,2025-03-30 23:18:38.046892,2025-03-30 23:23:39.377630,301.330738
1288,copulagan,0.5,nearmiss,0.125,-1.0,COMPLETE,2025-03-30 23:23:39.399909,2025-03-30 23:23:54.429107,15.029198
1289,tvae,auto,clustercentroid,0.25,-1.0,COMPLETE,2025-03-30 23:23:54.442225,2025-03-30 23:23:56.421396,1.979171
1290,smote,0,instancehardness,auto,-1.0,COMPLETE,2025-03-30 23:23:56.443057,2025-03-30 23:23:57.512628,1.069571
1291,gaussiancopula,auto,random,0.125,-1.0,COMPLETE,2025-03-30 23:23:57.536758,2025-03-30 23:25:13.206279,75.669521
1292,copulagan,0,editednn,0.25,-1.0,COMPLETE,2025-03-30 23:25:13.218797,2025-03-30 23:25:28.754022,15.535225
1293,smote,2,instancehardness,0,-1.0,COMPLETE,2025-03-30 23:25:28.778409,2025-03-30 23:25:28.866736,0.088327
1294,adasyn,2,nearmiss,0.0625,-1.0,COMPLETE,2025-03-30 23:25:28.888593,2025-03-30 23:25:29.053744,0.165151
1295,smote,1,instancehardness,auto,-1.0,COMPLETE,2025-03-30 23:25:29.076070,2025-03-30 23:25:29.163255,0.087185
1296,tvae,0.5,instancehardness,0,-1.0,COMPLETE,2025-03-30 23:25:29.184843,2025-03-30 23:25:31.157212,1.972369
1297,adasyn,2,editednn,0.25,-1.0,COMPLETE,2025-03-30 23:25:31.180225,2025-03-30 23:25:31.271413,0.091188
1298,random,0.25,tomeklinks,0.125,0.6172961505795824,COMPLETE,2025-03-30 23:25:31.293800,2025-03-30 23:30:32.698941,301.405141
1299,ctgan,auto,tomeklinks,0.125,-1.0,COMPLETE,2025-03-30 23:30:32.722168,2025-03-30 23:30:34.780127,2.057959
1300,gaussiancopula,2,instancehardness,0.25,-1.0,COMPLETE,2025-03-30 23:30:34.793244,2025-03-30 23:31:53.965713,79.172469
1301,adasyn,2,clustercentroid,0.5,-1.0,COMPLETE,2025-03-30 23:31:53.978904,2025-03-30 23:31:54.166578,0.187674
1302,adasyn,0.25,instancehardness,auto,-1.0,COMPLETE,2025-03-30 23:31:54.189382,2025-03-30 23:31:55.042337,0.852955
1303,gaussiancopula,auto,nearmiss,0.125,0.6021105172773524,COMPLETE,2025-03-30 23:31:55.064485,2025-03-30 23:38:12.245996,377.181511
1304,tvae,2,editednn,auto,-1.0,COMPLETE,2025-03-30 23:38:12.258830,2025-03-30 23:38:14.246108,1.987278
1305,gaussiancopula,2,clustercentroid,0.25,-1.0,COMPLETE,2025-03-30 23:38:14.269365,2025-03-30 23:39:43.898129,89.628764
1306,ctgan,1,clustercentroid,0.0625,-1.0,COMPLETE,2025-03-30 23:39:43.911026,2025-03-30 23:39:46.092769,2.181743
1307,gaussiancopula,auto,instancehardness,0.5,-1.0,COMPLETE,2025-03-30 23:39:46.116226,2025-03-30 23:41:12.843042,86.726816
1308,adasyn,1,nearmiss,0,-1.0,COMPLETE,2025-03-30 23:41:12.857990,2025-03-30 23:41:13.015019,0.157029
1309,tvae,0,random,0.125,-1.0,COMPLETE,2025-03-30 23:41:13.040793,2025-03-30 23:41:15.130422,2.089629
1310,ctgan,0.25,clustercentroid,0,-1.0,COMPLETE,2025-03-30 23:41:15.145441,2025-03-30 23:41:17.576364,2.430923
1311,fastml,1,instancehardness,0,0.5870040107163804,COMPLETE,2025-03-30 23:41:17.590362,2025-03-30 23:47:37.901093,380.310731
1312,tvae,auto,clustercentroid,auto,-1.0,COMPLETE,2025-03-30 23:47:37.924173,2025-03-30 23:47:39.952394,2.028221
1313,adasyn,auto,condensednn,0,-1.0,COMPLETE,2025-03-30 23:47:39.994241,2025-03-30 23:47:40.088629,0.094388
1314,ctgan,0,clustercentroid,0.25,-1.0,COMPLETE,2025-03-30 23:47:40.111579,2025-03-30 23:47:42.110474,1.998895
1315,ctgan,auto,condensednn,auto,-1.0,COMPLETE,2025-03-30 23:47:42.123928,2025-03-30 23:47:44.221044,2.097116
1316,ctgan,auto,condensednn,0.25,-1.0,COMPLETE,2025-03-30 23:47:44.235690,2025-03-30 23:47:46.444783,2.209093
1317,tvae,0.25,random,0.125,-1.0,COMPLETE,2025-03-30 23:47:46.467180,2025-03-30 23:47:48.626021,2.158841
1318,smote,1,nearmiss,0.5,-1.0,COMPLETE,2025-03-30 23:47:48.648819,2025-03-30 23:47:48.735869,0.08705
1319,copulagan,0,editednn,0,-1.0,ERROR,,,0.0
1320,fastml,0,tomeklinks,0.125,0.6176398837256507,COMPLETE,2025-03-30 23:48:04.372353,2025-03-30 23:53:05.857530,301.485177
1321,random,0.5,condensednn,0.125,-1.0,COMPLETE,2025-03-30 23:53:05.880988,2025-03-30 23:53:06.484631,0.603643
1322,ctgan,2,clustercentroid,0.5,-1.0,COMPLETE,2025-03-30 23:53:06.515021,2025-03-30 23:53:08.724422,2.209401
1323,smote,0,onesidedselection,0,-1.0,ERROR,,,0.0
1324,random,0.5,nearmiss,0.0625,-1.0,COMPLETE,2025-03-30 23:58:09.711942,2025-03-30 23:58:09.855873,0.143931
1325,tvae,0,random,0,-1.0,ERROR,,,0.0
1326,smote,1,random,0.5,-1.0,COMPLETE,2025-03-30 23:58:12.012027,2025-03-30 23:58:12.099592,0.087565
1327,tvae,0,onesidedselection,0.25,-1.0,COMPLETE,2025-03-30 23:58:12.122365,2025-03-30 23:58:14.163767,2.041402
1328,ctgan,0.5,clustercentroid,0.5,-1.0,COMPLETE,2025-03-30 23:58:14.187136,2025-03-30 23:58:16.408660,2.221524
1329,random,0.25,instancehardness,0.125,-1.0,COMPLETE,2025-03-30 23:58:16.421261,2025-03-30 23:58:17.672051,1.25079
1330,smote,0.25,nearmiss,0.0625,-1.0,COMPLETE,2025-03-30 23:58:17.696208,2025-03-30 23:58:17.822056,0.125848
1331,gaussiancopula,1,instancehardness,0,0.5858299720428584,COMPLETE,2025-03-30 23:58:17.846258,2025-03-31 00:04:40.669179,382.822921
1332,copulagan,2,editednn,0.125,-1.0,COMPLETE,2025-03-31 00:04:40.682899,2025-03-31 00:04:56.014903,15.332004
1333,tvae,0.25,tomeklinks,0.5,-1.0,COMPLETE,2025-03-31 00:04:56.038754,2025-03-31 00:04:58.062833,2.024079
1334,smote,auto,random,0.25,-1.0,COMPLETE,2025-03-31 00:04:58.086673,2025-03-31 00:04:58.179393,0.09272
1335,random,0.25,editednn,0.0625,0.5543526686269268,COMPLETE,2025-03-31 00:04:58.202335,2025-03-31 00:09:59.292724,301.090389
1336,random,2,editednn,0.125,-1.0,COMPLETE,2025-03-31 00:09:59.306570,2025-03-31 00:10:00.094249,0.787679
1337,gaussiancopula,0.5,editednn,0.25,0.5570656733447432,COMPLETE,2025-03-31 00:10:00.151858,2025-03-31 00:15:30.489449,330.337591
1338,tvae,auto,tomeklinks,0.125,-1.0,COMPLETE,2025-03-31 00:15:30.508829,2025-03-31 00:15:32.649827,2.140998
1339,smote,0.25,instancehardness,0,0.5609482745439811,COMPLETE,2025-03-31 00:15:32.664886,2025-03-31 00:20:33.611647,300.946761
1340,smote,0.25,onesidedselection,0.5,-1.0,COMPLETE,2025-03-31 00:20:33.636053,2025-03-31 00:20:33.807614,0.171561
1341,random,0.25,tomeklinks,0,0.5609482745439811,COMPLETE,2025-03-31 00:20:33.832079,2025-03-31 00:25:34.779635,300.947556
1342,ctgan,0.25,editednn,0.25,-1.0,COMPLETE,2025-03-31 00:25:34.804225,2025-03-31 00:25:36.872330,2.068105
1343,gaussiancopula,0.25,editednn,0.5,0.5610781780412424,COMPLETE,2025-03-31 00:25:36.897488,2025-03-31 00:30:37.875051,300.977563
1344,smote,0.25,onesidedselection,auto,-1.0,COMPLETE,2025-03-31 00:30:37.900613,2025-03-31 00:30:38.086319,0.185706
1345,copulagan,0.5,instancehardness,auto,-1.0,COMPLETE,2025-03-31 00:30:38.112378,2025-03-31 00:30:54.880726,16.768348
1346,ctgan,0,clustercentroid,0.0625,-1.0,COMPLETE,2025-03-31 00:30:54.904964,2025-03-31 00:30:57.050779,2.145815
1347,copulagan,0.5,onesidedselection,0.0625,-1.0,COMPLETE,2025-03-31 00:30:57.074603,2025-03-31 00:31:12.765550,15.690947
1348,tvae,auto,random,0.5,-1.0,COMPLETE,2025-03-31 00:31:12.778726,2025-03-31 00:31:14.869667,2.090941
1349,adasyn,0,clustercentroid,auto,-1.0,COMPLETE,2025-03-31 00:31:14.894553,2025-03-31 00:31:15.799737,0.905184
1350,copulagan,0.25,condensednn,0.5,-1.0,COMPLETE,2025-03-31 00:31:15.814203,2025-03-31 00:31:31.775272,15.961069
1351,smote,0.25,tomeklinks,0.25,0.5846166040487628,COMPLETE,2025-03-31 00:31:31.798537,2025-03-31 00:36:32.864525,301.065988
1352,gaussiancopula,1,onesidedselection,0.0625,-1.0,COMPLETE,2025-03-31 00:36:32.886497,2025-03-31 00:37:51.270443,78.383946
1353,smote,1,tomeklinks,0.125,-1.0,COMPLETE,2025-03-31 00:37:51.293934,2025-03-31 00:37:51.384222,0.090288
1354,adasyn,auto,onesidedselection,auto,-1.0,COMPLETE,2025-03-31 00:37:51.407787,2025-03-31 00:37:51.501634,0.093847
1355,fastml,1,instancehardness,0.5,-1.0,COMPLETE,2025-03-31 00:37:51.524085,2025-03-31 00:39:09.421007,77.896922
1356,fastml,0.25,nearmiss,0.5,-1.0,COMPLETE,2025-03-31 00:39:09.447191,2025-03-31 00:39:09.606078,0.158887
1357,smote,auto,condensednn,auto,-1.0,COMPLETE,2025-03-31 00:39:09.629894,2025-03-31 00:39:09.719711,0.089817
1358,fastml,0.25,clustercentroid,0.5,-1.0,COMPLETE,2025-03-31 00:39:09.742851,2025-03-31 00:39:11.298682,1.555831
1359,copulagan,0,tomeklinks,0,-1.0,ERROR,,,0.0
1360,adasyn,1,random,0.5,-1.0,COMPLETE,2025-03-31 00:39:26.644710,2025-03-31 00:39:26.750570,0.10586
1361,ctgan,0.5,condensednn,0.0625,-1.0,COMPLETE,2025-03-31 00:39:26.764610,2025-03-31 00:39:28.758562,1.993952
1362,random,0,onesidedselection,0.0625,-1.0,COMPLETE,2025-03-31 00:39:28.772898,2025-03-31 00:39:28.909061,0.136163
1363,smote,auto,clustercentroid,0.5,-1.0,COMPLETE,2025-03-31 00:39:28.926170,2025-03-31 00:39:29.030930,0.10476
1364,gaussiancopula,2,clustercentroid,0.0625,-1.0,COMPLETE,2025-03-31 00:39:29.047592,2025-03-31 00:40:50.532303,81.484711
1365,copulagan,0.5,tomeklinks,auto,-1.0,COMPLETE,2025-03-31 00:40:50.557513,2025-03-31 00:41:06.613026,16.055513
1366,smote,0,tomeklinks,0.0625,0.6094834130814825,COMPLETE,2025-03-31 00:41:06.636040,2025-03-31 00:46:07.653758,301.017718
1367,gaussiancopula,0.5,tomeklinks,auto,0.5499916930897111,COMPLETE,2025-03-31 00:46:07.676767,2025-03-31 00:51:34.392522,326.715755
1368,random,0.5,onesidedselection,0,0.6100117161795625,COMPLETE,2025-03-31 00:51:34.416930,2025-03-31 00:56:35.315440,300.89851
1369,copulagan,0.25,nearmiss,0.0625,-1.0,COMPLETE,2025-03-31 00:56:35.338783,2025-03-31 00:56:50.824454,15.485671
1370,tvae,0,condensednn,0.125,-1.0,COMPLETE,2025-03-31 00:56:50.848084,2025-03-31 00:56:52.870848,2.022764
1371,ctgan,auto,instancehardness,0.25,-1.0,COMPLETE,2025-03-31 00:56:52.894081,2025-03-31 00:56:54.983297,2.089216
1372,fastml,auto,clustercentroid,0,0.598686639078316,COMPLETE,2025-03-31 00:56:55.006662,2025-03-31 01:03:13.806298,378.799636
1373,gaussiancopula,0,onesidedselection,0,-1.0,ERROR,,,0.0
1374,fastml,auto,condensednn,0.5,-1.0,COMPLETE,2025-03-31 01:08:14.910911,2025-03-31 01:09:33.694731,78.78382
1375,fastml,auto,onesidedselection,0.5,-1.0,COMPLETE,2025-03-31 01:09:33.709260,2025-03-31 01:10:53.527068,79.817808
1376,smote,1,nearmiss,0,-1.0,COMPLETE,2025-03-31 01:10:53.551571,2025-03-31 01:10:53.641869,0.090298
1377,random,0,nearmiss,auto,-1.0,COMPLETE,2025-03-31 01:10:53.664209,2025-03-31 01:10:53.751780,0.087571
1378,gaussiancopula,0.25,condensednn,auto,-1.0,COMPLETE,2025-03-31 01:10:53.774172,2025-03-31 01:10:54.420809,0.646637
1379,random,0,instancehardness,0.0625,-1.0,COMPLETE,2025-03-31 01:10:54.435476,2025-03-31 01:10:55.676904,1.241428
1380,ctgan,0,onesidedselection,0.125,-1.0,COMPLETE,2025-03-31 01:10:55.701790,2025-03-31 01:10:57.785560,2.08377
1381,gaussiancopula,2,editednn,auto,-1.0,COMPLETE,2025-03-31 01:10:57.799359,2025-03-31 01:12:18.920996,81.121637
1382,fastml,auto,instancehardness,0.5,-1.0,COMPLETE,2025-03-31 01:12:18.935732,2025-03-31 01:13:38.805565,79.869833
1383,gaussiancopula,0,instancehardness,0.25,-1.0,COMPLETE,2025-03-31 01:13:38.819687,2025-03-31 01:13:39.984236,1.164549
1384,tvae,0.25,editednn,0.125,-1.0,COMPLETE,2025-03-31 01:13:39.998165,2025-03-31 01:13:42.162075,2.16391
1385,copulagan,0.25,tomeklinks,0.0625,-1.0,COMPLETE,2025-03-31 01:13:42.185935,2025-03-31 01:13:57.831051,15.645116
1386,fastml,0,clustercentroid,0.25,-1.0,COMPLETE,2025-03-31 01:13:57.853342,2025-03-31 01:13:59.376818,1.523476
1387,ctgan,0.25,onesidedselection,0.25,-1.0,COMPLETE,2025-03-31 01:13:59.401032,2025-03-31 01:14:01.442130,2.041098
1388,random,auto,condensednn,0.0625,-1.0,COMPLETE,2025-03-31 01:14:01.465235,2025-03-31 01:14:02.113892,0.648657
1389,fastml,1,tomeklinks,0.25,-1.0,COMPLETE,2025-03-31 01:14:02.127564,2025-03-31 01:15:20.177396,78.049832
1390,ctgan,2,random,0,-1.0,COMPLETE,2025-03-31 01:15:20.191786,2025-03-31 01:15:22.216904,2.025118
1391,fastml,0.5,instancehardness,0.125,-1.0,COMPLETE,2025-03-31 01:15:22.240786,2025-03-31 01:15:49.184024,26.943238
1392,copulagan,0,editednn,0.125,-1.0,COMPLETE,2025-03-31 01:15:49.209992,2025-03-31 01:16:05.200141,15.990149
1393,gaussiancopula,2,instancehardness,0.5,-1.0,COMPLETE,2025-03-31 01:16:05.221158,2025-03-31 01:17:25.213829,79.992671
1394,tvae,1,tomeklinks,0.5,-1.0,COMPLETE,2025-03-31 01:17:25.239474,2025-03-31 01:17:27.488190,2.248716
1395,copulagan,1,random,0,-1.0,COMPLETE,2025-03-31 01:17:27.513337,2025-03-31 01:17:43.686174,16.172837
1396,smote,2,nearmiss,0.0625,-1.0,COMPLETE,2025-03-31 01:17:43.710422,2025-03-31 01:17:43.801196,0.090774
1397,ctgan,1,onesidedselection,0.25,-1.0,COMPLETE,2025-03-31 01:17:43.825094,2025-03-31 01:17:45.925549,2.100455
1398,gaussiancopula,2,tomeklinks,0,0.6071011675662839,COMPLETE,2025-03-31 01:17:45.952306,2025-03-31 01:24:06.638654,380.686348
1399,adasyn,0,condensednn,0.5,-1.0,COMPLETE,2025-03-31 01:24:06.661676,2025-03-31 01:24:07.230148,0.568472
1400,random,0,instancehardness,0,-1.0,ERROR,,,0.0
1401,adasyn,0.25,instancehardness,0.25,-1.0,COMPLETE,2025-03-31 01:29:08.065692,2025-03-31 01:29:09.260143,1.194451
1402,adasyn,0.5,onesidedselection,0.125,-1.0,COMPLETE,2025-03-31 01:29:09.284858,2025-03-31 01:29:09.461140,0.176282
1403,adasyn,0,random,0.0625,0.5758783851807107,COMPLETE,2025-03-31 01:29:09.485703,2025-03-31 01:34:10.459105,300.973402
1404,copulagan,1,tomeklinks,0,-1.0,COMPLETE,2025-03-31 01:34:10.473237,2025-03-31 01:34:26.818941,16.345704
1405,ctgan,1,random,auto,-1.0,COMPLETE,2025-03-31 01:34:26.834956,2025-03-31 01:34:29.079430,2.244474
1406,tvae,1,editednn,auto,-1.0,COMPLETE,2025-03-31 01:34:29.103488,2025-03-31 01:34:31.378566,2.275078
1407,ctgan,0,nearmiss,0.0625,-1.0,COMPLETE,2025-03-31 01:34:31.403128,2025-03-31 01:34:33.667614,2.264486
1408,smote,0,condensednn,auto,-1.0,COMPLETE,2025-03-31 01:34:33.693661,2025-03-31 01:34:34.427947,0.734286
1409,fastml,0.25,editednn,0.0625,0.5621046066114229,COMPLETE,2025-03-31 01:34:34.441228,2025-03-31 01:39:35.517387,301.076159
1410,random,2,onesidedselection,0.5,-1.0,COMPLETE,2025-03-31 01:39:35.540335,2025-03-31 01:39:35.725458,0.185123
1411,ctgan,2,onesidedselection,0.125,-1.0,COMPLETE,2025-03-31 01:39:35.749102,2025-03-31 01:39:37.760528,2.011426
1412,copulagan,0.5,condensednn,auto,-1.0,COMPLETE,2025-03-31 01:39:37.783515,2025-03-31 01:39:52.670543,14.887028
1413,gaussiancopula,auto,instancehardness,0.25,-1.0,COMPLETE,2025-03-31 01:39:52.701954,2025-03-31 01:41:14.950968,82.249014
1414,copulagan,0.5,instancehardness,0.25,-1.0,COMPLETE,2025-03-31 01:41:14.975133,2025-03-31 01:41:30.635152,15.660019
1415,gaussiancopula,2,random,0.0625,0.5773681225184345,COMPLETE,2025-03-31 01:41:30.648462,2025-03-31 01:47:52.783702,382.13524
1416,ctgan,auto,onesidedselection,0.25,-1.0,COMPLETE,2025-03-31 01:47:52.807096,2025-03-31 01:47:54.931210,2.124114
1417,smote,auto,condensednn,0,-1.0,COMPLETE,2025-03-31 01:47:54.953496,2025-03-31 01:47:55.042873,0.089377
1418,gaussiancopula,0.5,instancehardness,0.25,-1.0,COMPLETE,2025-03-31 01:47:55.065190,2025-03-31 01:48:26.022470,30.95728
1419,ctgan,0.25,tomeklinks,0,-1.0,COMPLETE,2025-03-31 01:48:26.070843,2025-03-31 01:48:28.206915,2.136072
1420,gaussiancopula,0,onesidedselection,0.25,-1.0,COMPLETE,2025-03-31 01:48:28.233670,2025-03-31 01:48:28.510737,0.277067
1421,fastml,2,nearmiss,0,0.6120208391531815,COMPLETE,2025-03-31 01:48:28.524562,2025-03-31 01:54:49.164609,380.640047
1422,random,0.25,nearmiss,0.125,-1.0,COMPLETE,2025-03-31 01:54:49.188228,2025-03-31 01:54:49.329116,0.140888
1423,fastml,0.5,editednn,0.5,0.5697431628600663,COMPLETE,2025-03-31 01:54:49.341894,2025-03-31 02:00:15.852660,326.510766
1424,fastml,auto,clustercentroid,0.25,-1.0,COMPLETE,2025-03-31 02:00:15.866355,2025-03-31 02:01:36.704115,80.83776
1425,random,0.5,editednn,0,0.6100117161795625,COMPLETE,2025-03-31 02:01:36.727324,2025-03-31 02:06:37.713874,300.98655
1426,smote,auto,instancehardness,0.25,-1.0,COMPLETE,2025-03-31 02:06:37.738679,2025-03-31 02:06:37.839054,0.100375
1427,gaussiancopula,0,instancehardness,0.5,-1.0,COMPLETE,2025-03-31 02:06:37.863637,2025-03-31 02:06:39.146732,1.283095
1428,random,0.25,condensednn,0.5,-1.0,COMPLETE,2025-03-31 02:06:39.161212,2025-03-31 02:06:39.984415,0.823203
1429,ctgan,0.5,nearmiss,0,-1.0,COMPLETE,2025-03-31 02:06:39.998019,2025-03-31 02:06:42.136500,2.138481
1430,tvae,0.25,condensednn,0.25,-1.0,COMPLETE,2025-03-31 02:06:42.161356,2025-03-31 02:06:44.328241,2.166885
1431,tvae,0,nearmiss,0.5,-1.0,COMPLETE,2025-03-31 02:06:44.351029,2025-03-31 02:06:46.390015,2.038986
1432,fastml,0.5,tomeklinks,auto,0.605723035697196,COMPLETE,2025-03-31 02:06:46.413599,2025-03-31 02:12:13.035636,326.622037
1433,copulagan,0.25,editednn,auto,-1.0,COMPLETE,2025-03-31 02:12:13.049868,2025-03-31 02:12:29.044526,15.994658
1434,smote,0.5,instancehardness,0.5,-1.0,COMPLETE,2025-03-31 02:12:29.067695,2025-03-31 02:12:29.160554,0.092859
1435,ctgan,2,onesidedselection,auto,-1.0,COMPLETE,2025-03-31 02:12:29.183636,2025-03-31 02:12:31.261489,2.077853
1436,copulagan,0.5,tomeklinks,0.25,-1.0,COMPLETE,2025-03-31 02:12:31.285377,2025-03-31 02:12:47.756477,16.4711
1437,gaussiancopula,0,random,0.125,0.575406286923115,COMPLETE,2025-03-31 02:12:47.771655,2025-03-31 02:17:48.726769,300.955114
1438,tvae,auto,onesidedselection,0.25,-1.0,COMPLETE,2025-03-31 02:17:48.741241,2025-03-31 02:17:50.807777,2.066536
1439,tvae,2,condensednn,0.125,-1.0,COMPLETE,2025-03-31 02:17:50.822704,2025-03-31 02:17:52.926164,2.10346
1440,tvae,0,tomeklinks,0.125,-1.0,COMPLETE,2025-03-31 02:17:52.949867,2025-03-31 02:17:55.209557,2.25969
1441,fastml,0,clustercentroid,0,-1.0,ERROR,,,0.0
1442,fastml,auto,nearmiss,0.25,0.6080153696432765,COMPLETE,2025-03-31 02:22:56.209537,2025-03-31 02:29:12.879495,376.669958
1443,random,2,instancehardness,auto,-1.0,COMPLETE,2025-03-31 02:29:12.893247,2025-03-31 02:29:14.390108,1.496861
1444,copulagan,1,tomeklinks,auto,-1.0,COMPLETE,2025-03-31 02:29:14.406538,2025-03-31 02:29:30.181224,15.774686
1445,adasyn,1,tomeklinks,0.25,-1.0,COMPLETE,2025-03-31 02:29:30.204217,2025-03-31 02:29:30.376535,0.172318
1446,copulagan,0.25,clustercentroid,0.5,-1.0,COMPLETE,2025-03-31 02:29:30.399840,2025-03-31 02:29:46.096809,15.696969
1447,gaussiancopula,0.25,random,0.5,0.600434603930576,COMPLETE,2025-03-31 02:29:46.111065,2025-03-31 02:34:47.155334,301.044269
1448,adasyn,1,nearmiss,auto,-1.0,COMPLETE,2025-03-31 02:34:47.182337,2025-03-31 02:34:47.292223,0.109886
1449,adasyn,1,random,auto,-1.0,COMPLETE,2025-03-31 02:34:47.317647,2025-03-31 02:34:47.428159,0.110512
1450,fastml,auto,condensednn,auto,-1.0,COMPLETE,2025-03-31 02:34:47.455016,2025-03-31 02:36:18.901877,91.446861
1451,tvae,2,condensednn,0.0625,-1.0,COMPLETE,2025-03-31 02:36:18.916228,2025-03-31 02:36:21.038415,2.122187
1452,tvae,auto,editednn,0.0625,-1.0,COMPLETE,2025-03-31 02:36:21.062479,2025-03-31 02:36:23.137024,2.074545
1453,copulagan,auto,tomeklinks,auto,-1.0,COMPLETE,2025-03-31 02:36:23.160853,2025-03-31 02:36:39.354057,16.193204
1454,tvae,0.5,instancehardness,0.125,-1.0,COMPLETE,2025-03-31 02:36:39.377811,2025-03-31 02:36:41.428158,2.050347
1455,tvae,auto,tomeklinks,0.25,-1.0,COMPLETE,2025-03-31 02:36:41.452802,2025-03-31 02:36:43.630430,2.177628
1456,ctgan,0.25,clustercentroid,0.25,-1.0,COMPLETE,2025-03-31 02:36:43.654744,2025-03-31 02:36:45.958206,2.303462
1457,random,0,editednn,0.125,0.5439276485788114,COMPLETE,2025-03-31 02:36:45.972650,2025-03-31 02:41:47.067868,301.095218
1458,gaussiancopula,0.5,instancehardness,0.125,-1.0,COMPLETE,2025-03-31 02:41:47.081716,2025-03-31 02:42:18.641449,31.559733
1459,gaussiancopula,1,editednn,auto,-1.0,COMPLETE,2025-03-31 02:42:18.660112,2025-03-31 02:43:44.957910,86.297798
1460,adasyn,0.25,random,0.125,0.572585902071404,COMPLETE,2025-03-31 02:43:44.983118,2025-03-31 02:48:45.996110,301.012992
1461,smote,0.5,clustercentroid,0,-1.0,COMPLETE,2025-03-31 02:48:46.020102,2025-03-31 02:48:46.120685,0.100583
1462,smote,0.5,nearmiss,0.0625,-1.0,COMPLETE,2025-03-31 02:48:46.143587,2025-03-31 02:48:46.237503,0.093916
1463,fastml,0.5,clustercentroid,0.125,-1.0,COMPLETE,2025-03-31 02:48:46.260167,2025-03-31 02:49:12.896931,26.636764
1464,adasyn,auto,editednn,0.5,-1.0,COMPLETE,2025-03-31 02:49:12.913970,2025-03-31 02:49:13.013716,0.099746
1465,adasyn,0.5,instancehardness,0,-1.0,COMPLETE,2025-03-31 02:49:13.037666,2025-03-31 02:49:13.136915,0.099249
1466,smote,2,clustercentroid,0.5,-1.0,COMPLETE,2025-03-31 02:49:13.160071,2025-03-31 02:49:13.253544,0.093473
1467,gaussiancopula,1,editednn,0.125,-1.0,COMPLETE,2025-03-31 02:49:13.276942,2025-03-31 02:50:34.754268,81.477326
1468,random,0,onesidedselection,auto,-1.0,COMPLETE,2025-03-31 02:50:34.777698,2025-03-31 02:50:34.917096,0.139398
1469,adasyn,2,instancehardness,0.25,-1.0,COMPLETE,2025-03-31 02:50:34.940330,2025-03-31 02:50:35.037646,0.097316
1470,adasyn,auto,instancehardness,0.25,-1.0,COMPLETE,2025-03-31 02:50:35.060669,2025-03-31 02:50:35.164975,0.104306
1471,gaussiancopula,auto,random,0,0.6247288911176582,COMPLETE,2025-03-31 02:50:35.188918,2025-03-31 02:56:56.057093,380.868175
1472,gaussiancopula,0.25,condensednn,0.5,-1.0,COMPLETE,2025-03-31 02:56:56.072880,2025-03-31 02:56:56.979869,0.906989
1473,copulagan,auto,instancehardness,0.25,-1.0,COMPLETE,2025-03-31 02:56:57.005628,2025-03-31 02:57:13.466153,16.460525
1474,ctgan,0,random,0.125,-1.0,COMPLETE,2025-03-31 02:57:13.491286,2025-03-31 02:57:15.793280,2.301994
1475,copulagan,0.5,editednn,0.125,-1.0,COMPLETE,2025-03-31 02:57:15.817105,2025-03-31 02:57:32.585296,16.768191
1476,copulagan,0.5,instancehardness,0.0625,-1.0,COMPLETE,2025-03-31 02:57:32.599110,2025-03-31 02:57:48.691790,16.09268
1477,smote,0.25,instancehardness,0.25,-1.0,COMPLETE,2025-03-31 02:57:48.716510,2025-03-31 02:57:50.284391,1.567881
1478,ctgan,1,tomeklinks,0.5,-1.0,COMPLETE,2025-03-31 02:57:50.312085,2025-03-31 02:57:52.585333,2.273248
1479,gaussiancopula,auto,editednn,0.25,0.5131222564677315,COMPLETE,2025-03-31 02:57:52.610851,2025-03-31 03:04:19.451150,386.840299
1480,copulagan,0.5,tomeklinks,0.125,-1.0,COMPLETE,2025-03-31 03:04:19.477355,2025-03-31 03:04:34.955934,15.478579
1481,tvae,0,onesidedselection,0.125,-1.0,COMPLETE,2025-03-31 03:04:34.970655,2025-03-31 03:04:37.057940,2.087285
1482,adasyn,0.25,instancehardness,0.125,-1.0,COMPLETE,2025-03-31 03:04:37.071329,2025-03-31 03:04:38.309090,1.237761
1483,gaussiancopula,0.25,clustercentroid,0.5,-1.0,COMPLETE,2025-03-31 03:04:38.333319,2025-03-31 03:04:39.695299,1.36198
1484,ctgan,auto,tomeklinks,0.5,-1.0,COMPLETE,2025-03-31 03:04:39.718133,2025-03-31 03:04:41.764962,2.046829
1485,tvae,0.25,nearmiss,0,-1.0,COMPLETE,2025-03-31 03:04:41.789706,2025-03-31 03:04:43.926023,2.136317
1486,random,0,condensednn,0.5,-1.0,COMPLETE,2025-03-31 03:04:43.949639,2025-03-31 03:04:44.529067,0.579428
1487,copulagan,2,random,auto,-1.0,COMPLETE,2025-03-31 03:04:44.542619,2025-03-31 03:05:00.758789,16.21617
1488,tvae,2,instancehardness,0.5,-1.0,COMPLETE,2025-03-31 03:05:00.772110,2025-03-31 03:05:03.064130,2.29202
1489,fastml,1,instancehardness,0.25,-1.0,COMPLETE,2025-03-31 03:05:03.077781,2025-03-31 03:06:21.163066,78.085285
1490,ctgan,0,instancehardness,auto,-1.0,COMPLETE,2025-03-31 03:06:21.186767,2025-03-31 03:06:23.220334,2.033567
1491,fastml,0.5,random,0.25,-1.0,COMPLETE,2025-03-31 03:06:23.233584,2025-03-31 03:06:48.660101,25.426517
1492,copulagan,0.25,nearmiss,0,-1.0,COMPLETE,2025-03-31 03:06:48.674047,2025-03-31 03:07:04.496334,15.822287
1493,smote,auto,onesidedselection,auto,-1.0,COMPLETE,2025-03-31 03:07:04.510678,2025-03-31 03:07:04.604072,0.093394
1494,smote,0.25,condensednn,0.5,-1.0,COMPLETE,2025-03-31 03:07:04.626753,2025-03-31 03:07:05.241808,0.615055
1495,tvae,auto,clustercentroid,0.0625,-1.0,COMPLETE,2025-03-31 03:07:05.255536,2025-03-31 03:07:07.273468,2.017932
1496,gaussiancopula,0.25,nearmiss,0.25,-1.0,COMPLETE,2025-03-31 03:07:07.295857,2025-03-31 03:07:07.449631,0.153774
1497,random,0.5,editednn,0.125,0.5623752984659668,COMPLETE,2025-03-31 03:07:07.472317,2025-03-31 03:12:08.820208,301.347891
1498,fastml,0.25,tomeklinks,0.0625,0.6094834130814825,COMPLETE,2025-03-31 03:12:08.846037,2025-03-31 03:17:09.933123,301.087086
1499,random,0.5,nearmiss,0,0.6100117161795625,COMPLETE,2025-03-31 03:17:09.952134,2025-03-31 03:22:11.029833,301.077699
1500,tvae,1,editednn,0.125,-1.0,COMPLETE,2025-03-31 03:22:11.055366,2025-03-31 03:22:13.122471,2.067105
1501,gaussiancopula,0.25,random,0.25,0.6070401399521722,COMPLETE,2025-03-31 03:22:13.146509,2025-03-31 03:27:14.267305,301.120796
1502,fastml,0,onesidedselection,0.0625,-1.0,COMPLETE,2025-03-31 03:27:14.281426,2025-03-31 03:27:14.479117,0.197691
1503,ctgan,2,nearmiss,0.25,-1.0,COMPLETE,2025-03-31 03:27:14.503986,2025-03-31 03:27:16.505424,2.001438
1504,gaussiancopula,1,onesidedselection,0.5,-1.0,COMPLETE,2025-03-31 03:27:16.529125,2025-03-31 03:28:45.513232,88.984107
1505,ctgan,1,clustercentroid,0.125,-1.0,COMPLETE,2025-03-31 03:28:45.528302,2025-03-31 03:28:47.628922,2.10062
1506,copulagan,0,tomeklinks,0.25,-1.0,COMPLETE,2025-03-31 03:28:47.652985,2025-03-31 03:29:04.442470,16.789485
1507,gaussiancopula,0,nearmiss,0.125,-1.0,COMPLETE,2025-03-31 03:29:04.455626,2025-03-31 03:29:04.617673,0.162047
1508,fastml,0.5,editednn,auto,0.5589424761111979,COMPLETE,2025-03-31 03:29:04.641447,2025-03-31 03:34:36.879059,332.237612
1509,random,1,onesidedselection,0.5,-1.0,COMPLETE,2025-03-31 03:34:36.894140,2025-03-31 03:34:37.112769,0.218629
1510,gaussiancopula,auto,clustercentroid,0.125,-1.0,COMPLETE,2025-03-31 03:34:37.138011,2025-03-31 03:36:13.276890,96.138879
1511,adasyn,2,condensednn,0.0625,-1.0,COMPLETE,2025-03-31 03:36:13.292811,2025-03-31 03:36:13.395017,0.102206
1512,random,2,nearmiss,0,0.5480294443358739,COMPLETE,2025-03-31 03:36:13.418120,2025-03-31 03:41:14.344152,300.926032
1513,gaussiancopula,1,condensednn,0.5,-1.0,COMPLETE,2025-03-31 03:41:14.373347,2025-03-31 03:42:43.119402,88.746055
1514,adasyn,0.25,clustercentroid,0.125,-1.0,COMPLETE,2025-03-31 03:42:43.132930,2025-03-31 03:42:45.560669,2.427739
1515,gaussiancopula,auto,condensednn,0.5,-1.0,COMPLETE,2025-03-31 03:42:45.584106,2025-03-31 03:44:18.761216,93.17711
1516,ctgan,2,editednn,0.125,-1.0,COMPLETE,2025-03-31 03:44:18.785247,2025-03-31 03:44:20.918628,2.133381
1517,tvae,auto,random,0.0625,-1.0,COMPLETE,2025-03-31 03:44:20.943206,2025-03-31 03:44:22.976693,2.033487
1518,random,1,nearmiss,0.5,-1.0,COMPLETE,2025-03-31 03:44:23.000415,2025-03-31 03:44:23.243547,0.243132
1519,gaussiancopula,0.5,clustercentroid,0.0625,-1.0,COMPLETE,2025-03-31 03:44:23.259702,2025-03-31 03:44:51.928519,28.668817
1520,ctgan,auto,random,0.25,-1.0,COMPLETE,2025-03-31 03:44:51.952759,2025-03-31 03:44:54.074152,2.121393
1521,ctgan,0.5,onesidedselection,auto,-1.0,COMPLETE,2025-03-31 03:44:54.089484,2025-03-31 03:44:56.307813,2.218329
1522,copulagan,1,editednn,0.25,-1.0,COMPLETE,2025-03-31 03:44:56.333293,2025-03-31 03:45:12.789833,16.45654
1523,tvae,0.25,random,0.0625,-1.0,COMPLETE,2025-03-31 03:45:12.813247,2025-03-31 03:45:14.981770,2.168523
1524,gaussiancopula,1,onesidedselection,0.125,-1.0,COMPLETE,2025-03-31 03:45:15.008531,2025-03-31 03:46:36.794226,81.785695
1525,copulagan,0,condensednn,0.0625,-1.0,COMPLETE,2025-03-31 03:46:36.817351,2025-03-31 03:46:52.678123,15.860772
1526,adasyn,2,tomeklinks,0.25,-1.0,COMPLETE,2025-03-31 03:46:52.692347,2025-03-31 03:46:52.795205,0.102858
1527,gaussiancopula,0.5,condensednn,0,0.6372589942357385,COMPLETE,2025-03-31 03:46:52.818627,2025-03-31 03:52:20.145460,327.326833
1528,random,0,clustercentroid,0.5,-1.0,COMPLETE,2025-03-31 03:52:20.160387,2025-03-31 03:52:21.384817,1.22443
1529,random,auto,onesidedselection,0.25,-1.0,COMPLETE,2025-03-31 03:52:21.411965,2025-03-31 03:52:21.627881,0.215916
1530,gaussiancopula,0,editednn,0.25,0.5610781780412424,COMPLETE,2025-03-31 03:52:21.651070,2025-03-31 03:57:23.209948,301.558878
1531,smote,2,onesidedselection,0.25,-1.0,COMPLETE,2025-03-31 03:57:23.234688,2025-03-31 03:57:23.331680,0.096992
1532,adasyn,1,nearmiss,0.0625,-1.0,COMPLETE,2025-03-31 03:57:23.355577,2025-03-31 03:57:23.454759,0.099182
1533,fastml,1,instancehardness,0.125,-1.0,COMPLETE,2025-03-31 03:57:23.477916,2025-03-31 03:58:41.640093,78.162177
1534,random,auto,tomeklinks,0.5,0.6249177629220476,COMPLETE,2025-03-31 03:58:41.667690,2025-03-31 04:03:43.080479,301.412789
1535,random,0,onesidedselection,0.5,-1.0,COMPLETE,2025-03-31 04:03:43.099250,2025-03-31 04:03:43.276098,0.176848
1536,gaussiancopula,auto,tomeklinks,0,0.6057094669721259,COMPLETE,2025-03-31 04:03:43.293526,2025-03-31 04:10:14.784225,391.490699
1537,smote,0.25,random,0.125,0.575406286923115,COMPLETE,2025-03-31 04:10:14.798442,2025-03-31 04:15:15.678285,300.879843
1538,gaussiancopula,2,tomeklinks,0.5,0.6051894918173987,COMPLETE,2025-03-31 04:15:15.701928,2025-03-31 04:21:37.124998,381.42307
1539,gaussiancopula,1,tomeklinks,0.25,-1.0,COMPLETE,2025-03-31 04:21:37.138559,2025-03-31 04:22:59.053080,81.914521
1540,random,0.25,instancehardness,auto,-1.0,COMPLETE,2025-03-31 04:22:59.066875,2025-03-31 04:23:00.646495,1.57962
1541,tvae,0,editednn,0,-1.0,ERROR,,,0.0
1542,smote,0,onesidedselection,0.125,-1.0,COMPLETE,2025-03-31 04:23:02.991105,2025-03-31 04:23:03.206471,0.215366
1543,adasyn,1,clustercentroid,0.125,-1.0,COMPLETE,2025-03-31 04:23:03.229948,2025-03-31 04:23:03.334812,0.104864
1544,tvae,auto,editednn,0.125,-1.0,COMPLETE,2025-03-31 04:23:03.358474,2025-03-31 04:23:05.416060,2.057586
1545,adasyn,2,editednn,0.0625,-1.0,COMPLETE,2025-03-31 04:23:05.440099,2025-03-31 04:23:05.544118,0.104019
1546,smote,0,editednn,auto,0.5555972326414939,COMPLETE,2025-03-31 04:23:05.558182,2025-03-31 04:28:06.487223,300.929041
1547,random,auto,tomeklinks,auto,0.617941018736001,COMPLETE,2025-03-31 04:28:06.512185,2025-03-31 04:33:07.818912,301.306727
1548,copulagan,auto,tomeklinks,0.0625,-1.0,COMPLETE,2025-03-31 04:33:07.842541,2025-03-31 04:33:24.142516,16.299975
1549,tvae,0.5,editednn,0.5,-1.0,COMPLETE,2025-03-31 04:33:24.163165,2025-03-31 04:33:26.362030,2.198865
1550,ctgan,0.25,condensednn,0,-1.0,COMPLETE,2025-03-31 04:33:26.380399,2025-03-31 04:33:28.628788,2.248389
1551,smote,0.5,condensednn,0,-1.0,COMPLETE,2025-03-31 04:33:28.643323,2025-03-31 04:33:28.753875,0.110552
1552,random,0.5,editednn,0.0625,0.5778146917681801,COMPLETE,2025-03-31 04:33:28.768253,2025-03-31 04:38:29.977931,301.209678
1553,fastml,0,editednn,0.0625,0.5543526686269268,COMPLETE,2025-03-31 04:38:29.992408,2025-03-31 04:43:31.137574,301.145166
1554,tvae,1,nearmiss,auto,-1.0,COMPLETE,2025-03-31 04:43:31.151362,2025-03-31 04:43:33.245397,2.094035
1555,tvae,1,clustercentroid,0.125,-1.0,COMPLETE,2025-03-31 04:43:33.268905,2025-03-31 04:43:35.397207,2.128302
1556,adasyn,auto,instancehardness,0,-1.0,COMPLETE,2025-03-31 04:43:35.422774,2025-03-31 04:43:35.524463,0.101689
1557,ctgan,0,random,0.25,-1.0,COMPLETE,2025-03-31 04:43:35.547854,2025-03-31 04:43:37.769846,2.221992
1558,adasyn,auto,condensednn,0.0625,-1.0,COMPLETE,2025-03-31 04:43:37.796301,2025-03-31 04:43:37.913623,0.117322
1559,tvae,0.5,clustercentroid,0.25,-1.0,COMPLETE,2025-03-31 04:43:37.936837,2025-03-31 04:43:40.011123,2.074286
1560,tvae,2,clustercentroid,0.5,-1.0,COMPLETE,2025-03-31 04:43:40.039114,2025-03-31 04:43:42.090018,2.050904
1561,adasyn,0,editednn,0.5,0.5610781780412424,COMPLETE,2025-03-31 04:43:42.114239,2025-03-31 04:48:43.217644,301.103405
1562,smote,2,instancehardness,0.125,-1.0,COMPLETE,2025-03-31 04:48:43.242243,2025-03-31 04:48:43.338196,0.095953
1563,fastml,0,condensednn,auto,-1.0,COMPLETE,2025-03-31 04:48:43.361772,2025-03-31 04:48:44.006586,0.644814
1564,ctgan,0.25,random,0.125,-1.0,COMPLETE,2025-03-31 04:48:44.021963,2025-03-31 04:48:46.221377,2.199414
1565,gaussiancopula,auto,onesidedselection,0.125,-1.0,COMPLETE,2025-03-31 04:48:46.245542,2025-03-31 04:50:07.064241,80.818699
1566,random,0.5,onesidedselection,0.125,-1.0,COMPLETE,2025-03-31 04:50:07.089450,2025-03-31 04:50:07.274247,0.184797
1567,gaussiancopula,0.5,nearmiss,0.5,-1.0,COMPLETE,2025-03-31 04:50:07.297844,2025-03-31 04:50:33.008387,25.710543
1568,adasyn,2,nearmiss,auto,-1.0,COMPLETE,2025-03-31 04:50:33.022802,2025-03-31 04:50:33.124033,0.101231
1569,tvae,auto,random,0.25,-1.0,COMPLETE,2025-03-31 04:50:33.147841,2025-03-31 04:50:35.148644,2.000803
1570,random,0,tomeklinks,auto,0.5846166040487628,COMPLETE,2025-03-31 04:50:35.172192,2025-03-31 04:55:36.276098,301.103906
1571,adasyn,0.5,clustercentroid,auto,-1.0,COMPLETE,2025-03-31 04:55:36.290452,2025-03-31 04:55:36.389927,0.099475
1572,gaussiancopula,2,tomeklinks,0.125,0.5951115661514959,COMPLETE,2025-03-31 04:55:36.412651,2025-03-31 05:01:58.529175,382.116524
1573,gaussiancopula,auto,condensednn,0,0.6177521469316116,COMPLETE,2025-03-31 05:01:58.545647,2025-03-31 05:08:24.721687,386.17604
1574,random,0,clustercentroid,auto,-1.0,COMPLETE,2025-03-31 05:08:24.735005,2025-03-31 05:08:25.656605,0.9216
1575,tvae,0.5,instancehardness,0.5,-1.0,COMPLETE,2025-03-31 05:08:25.680812,2025-03-31 05:08:27.834946,2.154134
1576,gaussiancopula,0,onesidedselection,0.0625,-1.0,COMPLETE,2025-03-31 05:08:27.857222,2025-03-31 05:08:28.042113,0.184891
1577,copulagan,auto,onesidedselection,auto,-1.0,COMPLETE,2025-03-31 05:08:28.064399,2025-03-31 05:08:43.903174,15.838775
1578,copulagan,0,condensednn,0.5,-1.0,COMPLETE,2025-03-31 05:08:43.926606,2025-03-31 05:08:59.666804,15.740198
1579,tvae,auto,tomeklinks,0,-1.0,COMPLETE,2025-03-31 05:08:59.679512,2025-03-31 05:09:01.732036,2.052524
1580,random,0.5,condensednn,0,0.6100117161795625,COMPLETE,2025-03-31 05:09:01.751584,2025-03-31 05:14:02.639172,300.887588
1581,adasyn,0,nearmiss,0,-1.0,ERROR,,,0.0
1582,adasyn,0,clustercentroid,0.5,-1.0,COMPLETE,2025-03-31 05:19:03.513059,2025-03-31 05:19:04.628006,1.114947
1583,ctgan,1,clustercentroid,0,-1.0,COMPLETE,2025-03-31 05:19:04.650239,2025-03-31 05:19:06.745620,2.095381
1584,gaussiancopula,2,editednn,0.5,-1.0,COMPLETE,2025-03-31 05:19:06.767540,2025-03-31 05:20:22.172506,75.404966
1585,fastml,0.5,clustercentroid,auto,-1.0,COMPLETE,2025-03-31 05:20:22.185143,2025-03-31 05:20:47.931691,25.746548
1586,copulagan,0.5,onesidedselection,0.125,-1.0,COMPLETE,2025-03-31 05:20:47.954405,2025-03-31 05:21:02.539399,14.584994
1587,random,1,nearmiss,0.25,-1.0,COMPLETE,2025-03-31 05:21:02.562924,2025-03-31 05:21:02.713142,0.150218
1588,random,0,tomeklinks,0,-1.0,ERROR,,,0.0
1589,random,1,onesidedselection,0,0.5712160363323154,COMPLETE,2025-03-31 05:26:03.589894,2025-03-31 05:31:04.454589,300.864695
1590,copulagan,0.25,tomeklinks,0.25,-1.0,COMPLETE,2025-03-31 05:31:04.476834,2025-03-31 05:31:19.780282,15.303448
1591,fastml,0,random,0.125,0.575406286923115,COMPLETE,2025-03-31 05:31:19.804242,2025-03-31 05:36:20.666020,300.861778
1592,gaussiancopula,0,onesidedselection,0.5,-1.0,COMPLETE,2025-03-31 05:36:20.688822,2025-03-31 05:36:20.893027,0.204205
1593,copulagan,auto,instancehardness,auto,-1.0,COMPLETE,2025-03-31 05:36:20.916233,2025-03-31 05:36:35.887415,14.971182
1594,adasyn,0.5,instancehardness,auto,-1.0,COMPLETE,2025-03-31 05:36:35.911426,2025-03-31 05:36:36.009736,0.09831
1595,adasyn,auto,condensednn,auto,-1.0,COMPLETE,2025-03-31 05:36:36.031684,2025-03-31 05:36:36.130848,0.099164
1596,tvae,0,tomeklinks,auto,-1.0,COMPLETE,2025-03-31 05:36:36.152720,2025-03-31 05:36:38.101018,1.948298
1597,random,1,instancehardness,0.125,-1.0,COMPLETE,2025-03-31 05:36:38.124841,2025-03-31 05:36:39.763283,1.638442
1598,gaussiancopula,1,onesidedselection,auto,-1.0,COMPLETE,2025-03-31 05:36:39.789396,2025-03-31 05:37:55.015242,75.225846
1599,random,2,editednn,0,0.5480294443358739,COMPLETE,2025-03-31 05:37:55.038329,2025-03-31 05:42:55.906008,300.867679
1600,gaussiancopula,0,clustercentroid,0.125,-1.0,COMPLETE,2025-03-31 05:42:55.928890,2025-03-31 05:42:57.576354,1.647464
1601,fastml,1,editednn,0.125,-1.0,COMPLETE,2025-03-31 05:42:57.599307,2025-03-31 05:44:11.503583,73.904276
1602,fastml,2,random,0.25,0.5972647633453079,COMPLETE,2025-03-31 05:44:11.526664,2025-03-31 05:50:26.421256,374.894592
1603,adasyn,2,clustercentroid,0,-1.0,COMPLETE,2025-03-31 05:50:26.434451,2025-03-31 05:50:26.531305,0.096854
1604,copulagan,0.25,random,0.5,-1.0,COMPLETE,2025-03-31 05:50:26.553989,2025-03-31 05:50:41.346099,14.79211
1605,ctgan,0.5,instancehardness,0.0625,-1.0,COMPLETE,2025-03-31 05:50:41.368240,2025-03-31 05:50:43.416874,2.048634
1606,tvae,0.5,clustercentroid,0.125,-1.0,COMPLETE,2025-03-31 05:50:43.440552,2025-03-31 05:50:45.471719,2.031167
1607,gaussiancopula,0,tomeklinks,0.5,0.5846166040487628,COMPLETE,2025-03-31 05:50:45.485461,2025-03-31 05:55:46.544436,301.058975
1608,adasyn,auto,tomeklinks,0,-1.0,COMPLETE,2025-03-31 05:55:46.567537,2025-03-31 05:55:46.664743,0.097206
1609,smote,1,condensednn,0.125,-1.0,COMPLETE,2025-03-31 05:55:46.686905,2025-03-31 05:55:46.778893,0.091988
1610,copulagan,auto,editednn,auto,-1.0,COMPLETE,2025-03-31 05:55:46.800950,2025-03-31 05:56:01.446783,14.645833
1611,random,0.25,random,auto,-1.0,COMPLETE,2025-03-31 05:56:01.459573,2025-03-31 05:56:01.868571,0.408998
1612,gaussiancopula,0.25,instancehardness,0.125,-1.0,COMPLETE,2025-03-31 05:56:01.890823,2025-03-31 05:56:03.226920,1.336097
1613,copulagan,0.25,condensednn,0.25,-1.0,COMPLETE,2025-03-31 05:56:03.251948,2025-03-31 05:56:18.306424,15.054476
1614,copulagan,0.25,clustercentroid,0.0625,-1.0,COMPLETE,2025-03-31 05:56:18.319975,2025-03-31 05:56:33.599436,15.279461
1615,gaussiancopula,0.25,random,0.0625,0.5758783851807107,COMPLETE,2025-03-31 05:56:33.612766,2025-03-31 06:01:34.502842,300.890076
1616,gaussiancopula,1,random,0.25,-1.0,COMPLETE,2025-03-31 06:01:34.525095,2025-03-31 06:02:58.129982,83.604887
1617,smote,0,onesidedselection,0.5,-1.0,COMPLETE,2025-03-31 06:02:58.142512,2025-03-31 06:02:58.283049,0.140537
1618,ctgan,0.5,instancehardness,0.5,-1.0,COMPLETE,2025-03-31 06:02:58.306920,2025-03-31 06:03:00.304449,1.997529
1619,adasyn,0,condensednn,0.0625,-1.0,COMPLETE,2025-03-31 06:03:00.327445,2025-03-31 06:03:00.810158,0.482713
1620,ctgan,2,random,0.25,-1.0,COMPLETE,2025-03-31 06:03:00.822987,2025-03-31 06:03:03.008358,2.185371
1621,tvae,auto,condensednn,auto,-1.0,COMPLETE,2025-03-31 06:03:03.031501,2025-03-31 06:03:05.185881,2.15438
1622,fastml,2,random,0.125,0.581274317423492,COMPLETE,2025-03-31 06:03:05.208836,2025-03-31 06:09:56.670639,411.461803
1623,ctgan,1,tomeklinks,0.0625,-1.0,COMPLETE,2025-03-31 06:09:56.686839,2025-03-31 06:09:58.644975,1.958136
1624,random,0.5,instancehardness,0.125,-1.0,COMPLETE,2025-03-31 06:09:58.667513,2025-03-31 06:09:59.899238,1.231725
1625,copulagan,0.25,nearmiss,0.125,-1.0,COMPLETE,2025-03-31 06:09:59.923213,2025-03-31 06:10:14.710603,14.78739
1626,fastml,auto,onesidedselection,0.0625,-1.0,COMPLETE,2025-03-31 06:10:14.723873,2025-03-31 06:11:31.976266,77.252393
1627,ctgan,auto,clustercentroid,0.125,-1.0,COMPLETE,2025-03-31 06:11:31.989479,2025-03-31 06:11:34.119530,2.130051
1628,fastml,0.5,clustercentroid,0.0625,-1.0,COMPLETE,2025-03-31 06:11:34.142905,2025-03-31 06:12:01.083376,26.940471
1629,tvae,0,editednn,0.25,-1.0,COMPLETE,2025-03-31 06:12:01.105977,2025-03-31 06:12:03.259817,2.15384
1630,copulagan,0,instancehardness,0.125,-1.0,COMPLETE,2025-03-31 06:12:03.283036,2025-03-31 06:12:18.080638,14.797602
1631,smote,0.25,nearmiss,0.25,-1.0,COMPLETE,2025-03-31 06:12:18.103439,2025-03-31 06:12:18.226915,0.123476
1632,adasyn,1,editednn,0.0625,-1.0,COMPLETE,2025-03-31 06:12:18.249027,2025-03-31 06:12:18.346174,0.097147
1633,fastml,auto,nearmiss,0.0625,0.6007729291364616,COMPLETE,2025-03-31 06:12:18.368306,2025-03-31 06:18:33.186249,374.817943
1634,gaussiancopula,2,instancehardness,0,0.6253414018271899,COMPLETE,2025-03-31 06:18:33.200527,2025-03-31 06:24:49.946229,376.745702
1635,random,1,clustercentroid,0.25,-1.0,COMPLETE,2025-03-31 06:24:49.968710,2025-03-31 06:24:51.322890,1.35418
1636,random,0,editednn,0,-1.0,ERROR,,,0.0
1637,ctgan,2,random,0.125,-1.0,COMPLETE,2025-03-31 06:29:52.226566,2025-03-31 06:29:54.236626,2.01006
1638,gaussiancopula,0.25,tomeklinks,0.125,0.5989110372831302,COMPLETE,2025-03-31 06:29:54.260603,2025-03-31 06:34:55.497607,301.237004
1639,random,auto,tomeklinks,0.125,0.597066704947842,COMPLETE,2025-03-31 06:34:55.511809,2025-03-31 06:39:56.628238,301.116429
1640,adasyn,0.5,nearmiss,0.5,-1.0,COMPLETE,2025-03-31 06:39:56.641565,2025-03-31 06:39:56.739610,0.098045
1641,random,auto,editednn,0.5,0.5497504513114579,COMPLETE,2025-03-31 06:39:56.762195,2025-03-31 06:44:57.627393,300.865198
1642,fastml,2,clustercentroid,0.0625,-1.0,COMPLETE,2025-03-31 06:44:57.640406,2025-03-31 06:46:13.101069,75.460663
1643,adasyn,2,onesidedselection,auto,-1.0,COMPLETE,2025-03-31 06:46:13.113388,2025-03-31 06:46:13.211371,0.097983
1644,gaussiancopula,2,editednn,0,0.618950155147225,COMPLETE,2025-03-31 06:46:13.233986,2025-03-31 06:52:32.589442,379.355456
1645,random,2,nearmiss,0.25,0.5880184676949085,COMPLETE,2025-03-31 06:52:32.602164,2025-03-31 06:57:33.615920,301.013756
1646,smote,auto,random,0,-1.0,COMPLETE,2025-03-31 06:57:33.638473,2025-03-31 06:57:33.730681,0.092208
1647,smote,0.5,nearmiss,auto,-1.0,COMPLETE,2025-03-31 06:57:33.752423,2025-03-31 06:57:33.844368,0.091945
1648,adasyn,0.25,instancehardness,0,0.5609482745439811,COMPLETE,2025-03-31 06:57:33.866621,2025-03-31 07:02:34.738914,300.872293
1649,ctgan,2,nearmiss,0.5,-1.0,COMPLETE,2025-03-31 07:02:34.762093,2025-03-31 07:02:36.839694,2.077601
1650,tvae,0.5,onesidedselection,0.125,-1.0,COMPLETE,2025-03-31 07:02:36.862446,2025-03-31 07:02:38.839887,1.977441
1651,random,0.5,random,0.25,0.5866349117399833,COMPLETE,2025-03-31 07:02:38.863002,2025-03-31 07:07:39.835394,300.972392
1652,random,0.5,tomeklinks,0,0.6100117161795625,COMPLETE,2025-03-31 07:07:39.858224,2025-03-31 07:12:40.764961,300.906737
1653,smote,0.5,instancehardness,0.125,-1.0,COMPLETE,2025-03-31 07:12:40.787360,2025-03-31 07:12:40.881247,0.093887
1654,adasyn,0,condensednn,0,-1.0,ERROR,,,0.0
1655,random,0,nearmiss,0.0625,-1.0,COMPLETE,2025-03-31 07:17:41.820317,2025-03-31 07:17:41.916634,0.096317
1656,smote,0,condensednn,0,-1.0,ERROR,,,0.0
1657,tvae,0.25,random,0,-1.0,COMPLETE,2025-03-31 07:22:42.806263,2025-03-31 07:22:44.782757,1.976494
1658,adasyn,2,condensednn,0.5,-1.0,COMPLETE,2025-03-31 07:22:44.806334,2025-03-31 07:22:44.905711,0.099377
1659,ctgan,0,condensednn,0.25,-1.0,COMPLETE,2025-03-31 07:22:44.927574,2025-03-31 07:22:46.956862,2.029288
1660,random,1,condensednn,0.5,-1.0,COMPLETE,2025-03-31 07:22:46.969372,2025-03-31 07:22:47.649360,0.679988
1661,copulagan,0,tomeklinks,0.125,-1.0,COMPLETE,2025-03-31 07:22:47.661838,2025-03-31 07:23:03.289972,15.628134
1662,fastml,0,random,0.0625,0.5758783851807107,COMPLETE,2025-03-31 07:23:03.313170,2025-03-31 07:28:04.286001,300.972831
1663,smote,0.5,nearmiss,0,-1.0,COMPLETE,2025-03-31 07:28:04.308048,2025-03-31 07:28:04.405315,0.097267
1664,ctgan,auto,onesidedselection,0.0625,-1.0,COMPLETE,2025-03-31 07:28:04.418052,2025-03-31 07:28:06.416511,1.998459
1665,random,0.25,tomeklinks,0.25,0.5846166040487628,COMPLETE,2025-03-31 07:28:06.433174,2025-03-31 07:33:07.520799,301.087625
1666,copulagan,0.5,editednn,0.25,-1.0,COMPLETE,2025-03-31 07:33:07.533281,2025-03-31 07:33:22.278317,14.745036
1667,smote,0.5,tomeklinks,0.25,-1.0,COMPLETE,2025-03-31 07:33:22.290815,2025-03-31 07:33:22.389368,0.098553
1668,fastml,1,clustercentroid,0.0625,-1.0,COMPLETE,2025-03-31 07:33:22.411122,2025-03-31 07:34:36.183702,73.77258
1669,ctgan,0.25,random,0.5,-1.0,COMPLETE,2025-03-31 07:34:36.207213,2025-03-31 07:34:38.196708,1.989495
1670,tvae,1,onesidedselection,0.25,-1.0,COMPLETE,2025-03-31 07:34:38.219742,2025-03-31 07:34:40.306452,2.08671
1671,gaussiancopula,2,instancehardness,0.125,-1.0,COMPLETE,2025-03-31 07:34:40.329765,2025-03-31 07:35:56.585617,76.255852
1672,copulagan,auto,random,0.5,-1.0,COMPLETE,2025-03-31 07:35:56.600128,2025-03-31 07:36:11.398765,14.798637
1673,adasyn,1,clustercentroid,0.25,-1.0,COMPLETE,2025-03-31 07:36:11.422474,2025-03-31 07:36:11.595043,0.172569
1674,gaussiancopula,1,nearmiss,0.125,-1.0,COMPLETE,2025-03-31 07:36:11.617431,2025-03-31 07:37:28.246871,76.62944
1675,fastml,2,random,0.5,0.549160593541599,COMPLETE,2025-03-31 07:37:28.269411,2025-03-31 07:43:42.561102,374.291691
1676,copulagan,2,tomeklinks,0.0625,-1.0,COMPLETE,2025-03-31 07:43:42.583582,2025-03-31 07:43:58.193407,15.609825
1677,adasyn,0,tomeklinks,0,-1.0,ERROR,,,0.0
1678,gaussiancopula,0.25,onesidedselection,0.5,-1.0,COMPLETE,2025-03-31 07:48:59.100787,2025-03-31 07:48:59.299189,0.198402
1679,smote,0.5,condensednn,0.5,-1.0,COMPLETE,2025-03-31 07:48:59.321471,2025-03-31 07:48:59.416601,0.09513
1680,fastml,0,condensednn,0.125,-1.0,COMPLETE,2025-03-31 07:48:59.440067,2025-03-31 07:49:00.112650,0.672583
1681,smote,1,tomeklinks,0.0625,-1.0,COMPLETE,2025-03-31 07:49:00.126284,2025-03-31 07:49:00.222553,0.096269
1682,smote,1,nearmiss,0.125,-1.0,COMPLETE,2025-03-31 07:49:00.244612,2025-03-31 07:49:00.337560,0.092948
1683,copulagan,1,condensednn,0.0625,-1.0,COMPLETE,2025-03-31 07:49:00.362597,2025-03-31 07:49:15.324279,14.961682
1684,random,0,tomeklinks,0.0625,0.6094834130814825,COMPLETE,2025-03-31 07:49:15.349055,2025-03-31 07:54:16.245008,300.895953
1685,ctgan,0.5,onesidedselection,0.25,-1.0,COMPLETE,2025-03-31 07:54:16.267804,2025-03-31 07:54:18.276625,2.008821
1686,ctgan,0.25,editednn,auto,-1.0,COMPLETE,2025-03-31 07:54:18.299761,2025-03-31 07:54:20.280884,1.981123
1687,tvae,0.5,instancehardness,0.0625,-1.0,COMPLETE,2025-03-31 07:54:20.294298,2025-03-31 07:54:22.280519,1.986221
1688,fastml,0,condensednn,0.25,-1.0,COMPLETE,2025-03-31 07:54:22.305589,2025-03-31 07:54:23.028936,0.723347
1689,gaussiancopula,1,editednn,0.5,-1.0,COMPLETE,2025-03-31 07:54:23.041488,2025-03-31 07:55:40.638224,77.596736
1690,copulagan,0,clustercentroid,0.25,-1.0,COMPLETE,2025-03-31 07:55:40.660649,2025-03-31 07:55:55.763142,15.102493
1691,adasyn,0,instancehardness,0.125,-1.0,COMPLETE,2025-03-31 07:55:55.786581,2025-03-31 07:55:57.092186,1.305605
1692,copulagan,0.5,clustercentroid,0.125,-1.0,COMPLETE,2025-03-31 07:55:57.116580,2025-03-31 07:56:12.168707,15.052127
1693,gaussiancopula,0.25,onesidedselection,0.125,-1.0,COMPLETE,2025-03-31 07:56:12.191578,2025-03-31 07:56:12.468453,0.276875
1694,random,0.25,instancehardness,0.0625,-1.0,COMPLETE,2025-03-31 07:56:12.482101,2025-03-31 07:56:13.496046,1.013945
1695,adasyn,0.5,onesidedselection,0.25,-1.0,COMPLETE,2025-03-31 07:56:13.521033,2025-03-31 07:56:13.620583,0.09955
1696,random,0.25,tomeklinks,0.5,0.5846166040487628,COMPLETE,2025-03-31 07:56:13.643461,2025-03-31 08:01:14.736330,301.092869
1697,adasyn,2,editednn,0,-1.0,COMPLETE,2025-03-31 08:01:14.749700,2025-03-31 08:01:14.851007,0.101307
1698,smote,2,clustercentroid,0.125,-1.0,COMPLETE,2025-03-31 08:01:14.873454,2025-03-31 08:01:14.968726,0.095272
1699,gaussiancopula,2,nearmiss,0.25,0.6102883818438887,COMPLETE,2025-03-31 08:01:14.990390,2025-03-31 08:06:55.218377,340.227987
1700,tvae,0.5,nearmiss,0.0625,-1.0,COMPLETE,2025-03-31 08:06:55.241478,2025-03-31 08:06:57.297862,2.056384
1701,adasyn,0.25,clustercentroid,0.0625,-1.0,COMPLETE,2025-03-31 08:06:57.320116,2025-03-31 08:06:59.011770,1.691654
1702,ctgan,1,nearmiss,0.0625,-1.0,COMPLETE,2025-03-31 08:06:59.035690,2025-03-31 08:07:01.018326,1.982636
1703,fastml,0.5,onesidedselection,0.5,-1.0,COMPLETE,2025-03-31 08:07:01.031360,2025-03-31 08:07:28.303654,27.272294
1704,random,auto,random,auto,-1.0,COMPLETE,2025-03-31 08:07:28.316730,2025-03-31 08:07:28.740476,0.423746
1705,adasyn,2,instancehardness,0,-1.0,COMPLETE,2025-03-31 08:07:28.762231,2025-03-31 08:07:28.865217,0.102986
1706,gaussiancopula,0,nearmiss,0.0625,-1.0,COMPLETE,2025-03-31 08:07:28.887364,2025-03-31 08:07:29.156706,0.269342
1707,fastml,2,clustercentroid,0.125,-1.0,COMPLETE,2025-03-31 08:07:29.170784,2025-03-31 08:08:52.120059,82.949275
1708,ctgan,0.5,condensednn,0,-1.0,COMPLETE,2025-03-31 08:08:52.144094,2025-03-31 08:08:54.120617,1.976523
1709,tvae,2,onesidedselection,0.25,-1.0,COMPLETE,2025-03-31 08:08:54.143296,2025-03-31 08:08:56.289069,2.145773
1710,smote,0.5,instancehardness,0.25,-1.0,COMPLETE,2025-03-31 08:08:56.312770,2025-03-31 08:08:56.408749,0.095979
1711,tvae,0.5,random,0.0625,-1.0,COMPLETE,2025-03-31 08:08:56.432046,2025-03-31 08:08:58.412189,1.980143
1712,tvae,0.25,tomeklinks,0,-1.0,COMPLETE,2025-03-31 08:08:58.424856,2025-03-31 08:09:00.409898,1.985042
1713,smote,2,editednn,0.125,-1.0,COMPLETE,2025-03-31 08:09:00.432748,2025-03-31 08:09:00.526522,0.093774
1714,tvae,2,editednn,0.125,-1.0,COMPLETE,2025-03-31 08:09:00.539115,2025-03-31 08:09:02.547164,2.008049
1715,adasyn,1,nearmiss,0.5,-1.0,COMPLETE,2025-03-31 08:09:02.569913,2025-03-31 08:09:02.671488,0.101575
1716,gaussiancopula,0.25,random,0,0.5609482745439811,COMPLETE,2025-03-31 08:09:02.693793,2025-03-31 08:14:03.645111,300.951318
1717,copulagan,1,editednn,0.125,-1.0,COMPLETE,2025-03-31 08:14:03.667821,2025-03-31 08:14:18.284512,14.616691
1718,ctgan,2,instancehardness,0.25,-1.0,COMPLETE,2025-03-31 08:14:18.307263,2025-03-31 08:14:20.330066,2.022803
1719,random,1,clustercentroid,0.5,-1.0,COMPLETE,2025-03-31 08:14:20.343322,2025-03-31 08:14:21.804115,1.460793
1720,gaussiancopula,0,condensednn,0,-1.0,ERROR,,,0.0
1721,ctgan,0,condensednn,0,-1.0,ERROR,,,0.0
1722,random,0.5,condensednn,0.5,-1.0,COMPLETE,2025-03-31 08:19:24.766223,2025-03-31 08:19:25.334830,0.568607
1723,tvae,0,clustercentroid,0.25,-1.0,COMPLETE,2025-03-31 08:19:25.348126,2025-03-31 08:19:27.402402,2.054276
1724,random,2,nearmiss,0.0625,0.5936530208106767,COMPLETE,2025-03-31 08:19:27.426610,2025-03-31 08:24:28.952023,301.525413
1725,tvae,0,random,0.5,-1.0,COMPLETE,2025-03-31 08:24:28.974872,2025-03-31 08:24:30.941850,1.966978
1726,fastml,0.5,onesidedselection,auto,-1.0,COMPLETE,2025-03-31 08:24:30.964834,2025-03-31 08:24:56.113488,25.148654
1727,gaussiancopula,0.25,condensednn,0.0625,-1.0,COMPLETE,2025-03-31 08:24:56.137210,2025-03-31 08:24:56.755277,0.618067
1728,adasyn,0.25,nearmiss,0,0.5838479577877662,COMPLETE,2025-03-31 08:24:56.768425,2025-03-31 08:29:57.722952,300.954527
1729,random,0.5,clustercentroid,0,0.6100117161795625,COMPLETE,2025-03-31 08:29:57.736345,2025-03-31 08:34:58.607143,300.870798
1730,fastml,0.5,nearmiss,auto,-1.0,COMPLETE,2025-03-31 08:34:58.621109,2025-03-31 08:35:23.331516,24.710407
1731,smote,1,clustercentroid,0,-1.0,COMPLETE,2025-03-31 08:35:23.354908,2025-03-31 08:35:23.449594,0.094686
1732,copulagan,1,clustercentroid,0,-1.0,COMPLETE,2025-03-31 08:35:23.471500,2025-03-31 08:35:38.095654,14.624154
1733,adasyn,2,onesidedselection,0,-1.0,COMPLETE,2025-03-31 08:35:38.119470,2025-03-31 08:35:38.219736,0.100266
1734,copulagan,auto,random,0.125,-1.0,COMPLETE,2025-03-31 08:35:38.241860,2025-03-31 08:35:53.862801,15.620941
1735,gaussiancopula,auto,random,auto,-1.0,COMPLETE,2025-03-31 08:35:53.886761,2025-03-31 08:37:09.164083,75.277322
1736,fastml,0.5,instancehardness,0.5,-1.0,COMPLETE,2025-03-31 08:37:09.177026,2025-03-31 08:37:35.242595,26.065569
1737,smote,1,onesidedselection,0.5,-1.0,COMPLETE,2025-03-31 08:37:35.258867,2025-03-31 08:37:35.366684,0.107817
1738,adasyn,0,instancehardness,auto,-1.0,COMPLETE,2025-03-31 08:37:35.390214,2025-03-31 08:37:36.381796,0.991582
1739,random,2,instancehardness,0.0625,-1.0,COMPLETE,2025-03-31 08:37:36.404668,2025-03-31 08:37:37.687530,1.282862
1740,random,auto,random,0,0.6114929154640838,COMPLETE,2025-03-31 08:37:37.710915,2025-03-31 08:42:38.633727,300.922812
1741,ctgan,auto,nearmiss,0.25,-1.0,COMPLETE,2025-03-31 08:42:38.646710,2025-03-31 08:42:40.616429,1.969719
1742,gaussiancopula,auto,instancehardness,0,0.6144149132521225,COMPLETE,2025-03-31 08:42:40.638465,2025-03-31 08:48:58.257302,377.618837
1743,adasyn,2,nearmiss,0.25,-1.0,COMPLETE,2025-03-31 08:48:58.270883,2025-03-31 08:48:58.370924,0.100041
1744,tvae,1,tomeklinks,auto,-1.0,COMPLETE,2025-03-31 08:48:58.392801,2025-03-31 08:49:00.377803,1.985002
1745,gaussiancopula,0.25,instancehardness,0.25,-1.0,COMPLETE,2025-03-31 08:49:00.401142,2025-03-31 08:49:01.561912,1.16077
1746,ctgan,1,condensednn,0,-1.0,COMPLETE,2025-03-31 08:49:01.585734,2025-03-31 08:49:03.563395,1.977661
1747,gaussiancopula,auto,random,0.25,-1.0,COMPLETE,2025-03-31 08:49:03.586407,2025-03-31 08:50:19.705105,76.118698
1748,adasyn,0,nearmiss,0.125,-1.0,COMPLETE,2025-03-31 08:50:19.718050,2025-03-31 08:50:19.814493,0.096443
1749,smote,2,nearmiss,0,-1.0,COMPLETE,2025-03-31 08:50:19.838066,2025-03-31 08:50:19.935655,0.097589
1750,smote,0,editednn,0,-1.0,ERROR,,,0.0
1751,fastml,0.5,random,auto,-1.0,COMPLETE,2025-03-31 08:55:20.829712,2025-03-31 08:55:46.031237,25.201525
1752,random,auto,random,0.0625,0.6099103836568892,COMPLETE,2025-03-31 08:55:46.044050,2025-03-31 09:00:47.130174,301.086124
1753,fastml,0,instancehardness,auto,-1.0,COMPLETE,2025-03-31 09:00:47.144153,2025-03-31 09:00:48.396888,1.252735
1754,copulagan,0.25,tomeklinks,0.125,-1.0,COMPLETE,2025-03-31 09:00:48.420831,2025-03-31 09:01:03.096666,14.675835
1755,tvae,0.25,condensednn,0.5,-1.0,COMPLETE,2025-03-31 09:01:03.119937,2025-03-31 09:01:05.243167,2.12323
1756,tvae,0.25,onesidedselection,0.5,-1.0,COMPLETE,2025-03-31 09:01:05.266598,2025-03-31 09:01:07.221487,1.954889
1757,fastml,0.25,tomeklinks,0.5,0.5846166040487628,COMPLETE,2025-03-31 09:01:07.245018,2025-03-31 09:06:08.531661,301.286643
1758,gaussiancopula,2,condensednn,0.125,-1.0,COMPLETE,2025-03-31 09:06:08.545895,2025-03-31 09:07:27.960284,79.414389
1759,gaussiancopula,auto,condensednn,0.125,-1.0,COMPLETE,2025-03-31 09:07:27.974447,2025-03-31 09:08:47.182130,79.207683
1760,smote,1,editednn,auto,-1.0,COMPLETE,2025-03-31 09:08:47.195063,2025-03-31 09:08:47.294789,0.099726
1761,random,0.25,random,0.25,0.6070401399521722,COMPLETE,2025-03-31 09:08:47.318535,2025-03-31 09:13:48.730152,301.411617
1762,gaussiancopula,auto,random,0.5,-1.0,COMPLETE,2025-03-31 09:13:48.743625,2025-03-31 09:15:06.013470,77.269845
1763,adasyn,1,clustercentroid,0.0625,-1.0,COMPLETE,2025-03-31 09:15:06.026467,2025-03-31 09:15:06.128188,0.101721
1764,fastml,0.25,tomeklinks,auto,0.5846166040487628,COMPLETE,2025-03-31 09:15:06.150701,2025-03-31 09:20:07.250600,301.099899
1765,adasyn,2,nearmiss,0,-1.0,COMPLETE,2025-03-31 09:20:07.263420,2025-03-31 09:20:07.369084,0.105664
1766,fastml,1,editednn,0.0625,-1.0,COMPLETE,2025-03-31 09:20:07.391314,2025-03-31 09:21:21.511977,74.120663
1767,smote,0.25,condensednn,0.25,-1.0,COMPLETE,2025-03-31 09:21:21.524956,2025-03-31 09:21:22.233773,0.708817
1768,copulagan,0.5,nearmiss,0,-1.0,COMPLETE,2025-03-31 09:21:22.257638,2025-03-31 09:21:37.662908,15.40527
1769,random,2,nearmiss,0.5,0.5665364535796429,COMPLETE,2025-03-31 09:21:37.685098,2025-03-31 09:26:38.891223,301.206125
1770,random,0,condensednn,0.0625,-1.0,COMPLETE,2025-03-31 09:26:38.904205,2025-03-31 09:26:39.476513,0.572308
1771,adasyn,auto,instancehardness,auto,-1.0,COMPLETE,2025-03-31 09:26:39.501493,2025-03-31 09:26:39.607392,0.105899
1772,random,0,random,0.5,0.600434603930576,COMPLETE,2025-03-31 09:26:39.630638,2025-03-31 09:31:40.517949,300.887311
1773,tvae,0.5,onesidedselection,0.5,-1.0,COMPLETE,2025-03-31 09:31:40.530566,2025-03-31 09:31:42.508890,1.978324
1774,random,0,instancehardness,auto,-1.0,COMPLETE,2025-03-31 09:31:42.530350,2025-03-31 09:31:43.935871,1.405521
1775,copulagan,auto,onesidedselection,0.125,-1.0,COMPLETE,2025-03-31 09:31:43.961188,2025-03-31 09:31:58.643106,14.681918
1776,fastml,2,clustercentroid,0.25,-1.0,COMPLETE,2025-03-31 09:31:58.666581,2025-03-31 09:33:12.440740,73.774159
1777,copulagan,auto,condensednn,auto,-1.0,COMPLETE,2025-03-31 09:33:12.454028,2025-03-31 09:33:27.769738,15.31571
1778,gaussiancopula,0.25,tomeklinks,0.5,0.5846166040487628,COMPLETE,2025-03-31 09:33:27.782791,2025-03-31 09:38:28.811062,301.028271
1779,random,1,random,0.125,0.5962022945325872,COMPLETE,2025-03-31 09:38:28.833360,2025-03-31 09:43:29.936870,301.10351
1780,smote,0.5,tomeklinks,0.0625,-1.0,COMPLETE,2025-03-31 09:43:29.950158,2025-03-31 09:43:30.047151,0.096993
1781,tvae,0,clustercentroid,auto,-1.0,COMPLETE,2025-03-31 09:43:30.069481,2025-03-31 09:43:32.062359,1.992878
1782,adasyn,0.5,condensednn,auto,-1.0,COMPLETE,2025-03-31 09:43:32.075246,2025-03-31 09:43:32.178009,0.102763
1783,adasyn,0.25,random,0,0.5609482745439811,COMPLETE,2025-03-31 09:43:32.200735,2025-03-31 09:48:33.112459,300.911724
1784,ctgan,0,random,0.0625,-1.0,COMPLETE,2025-03-31 09:48:33.135358,2025-03-31 09:48:35.242337,2.106979
1785,fastml,2,tomeklinks,0.125,0.5994422386084326,COMPLETE,2025-03-31 09:48:35.265320,2025-03-31 09:54:51.381702,376.116382
1786,fastml,1,condensednn,0.0625,-1.0,COMPLETE,2025-03-31 09:54:51.394948,2025-03-31 09:56:07.290413,75.895465
1787,adasyn,2,condensednn,0.125,-1.0,COMPLETE,2025-03-31 09:56:07.314494,2025-03-31 09:56:07.416975,0.102481
1788,smote,0.5,tomeklinks,0.125,-1.0,COMPLETE,2025-03-31 09:56:07.439378,2025-03-31 09:56:07.541051,0.101673
1789,fastml,auto,tomeklinks,0.0625,0.6132859813460342,COMPLETE,2025-03-31 09:56:07.563992,2025-03-31 10:02:27.640133,380.076141
1790,fastml,0.5,condensednn,0.0625,-1.0,COMPLETE,2025-03-31 10:02:27.653509,2025-03-31 10:02:51.872067,24.218558
1791,fastml,2,nearmiss,0.125,0.5921719693727112,COMPLETE,2025-03-31 10:02:51.884615,2025-03-31 10:09:07.302161,375.417546
1792,gaussiancopula,auto,editednn,0,0.6177521469316116,COMPLETE,2025-03-31 10:09:07.317733,2025-03-31 10:15:25.280545,377.962812
1793,gaussiancopula,0.5,random,0.0625,-1.0,COMPLETE,2025-03-31 10:15:25.295134,2025-03-31 10:15:50.303388,25.008254
1794,gaussiancopula,0,onesidedselection,0.125,-1.0,COMPLETE,2025-03-31 10:15:50.325757,2025-03-31 10:15:50.520477,0.19472
1795,copulagan,0.25,clustercentroid,0.125,-1.0,COMPLETE,2025-03-31 10:15:50.543147,2025-03-31 10:16:05.968016,15.424869
1796,copulagan,2,clustercentroid,0.0625,-1.0,COMPLETE,2025-03-31 10:16:05.991437,2025-03-31 10:16:21.604802,15.613365
1797,fastml,0,instancehardness,0.0625,-1.0,COMPLETE,2025-03-31 10:16:21.629575,2025-03-31 10:16:23.133132,1.503557
1798,smote,0.25,tomeklinks,0.0625,0.6094834130814825,COMPLETE,2025-03-31 10:16:23.150218,2025-03-31 10:21:24.244634,301.094416
1799,fastml,0,nearmiss,auto,-1.0,COMPLETE,2025-03-31 10:21:24.268541,2025-03-31 10:21:24.427862,0.159321
1800,copulagan,auto,condensednn,0.5,-1.0,COMPLETE,2025-03-31 10:21:24.441079,2025-03-31 10:21:39.287505,14.846426
1801,gaussiancopula,0.25,tomeklinks,0.25,0.5846166040487628,COMPLETE,2025-03-31 10:21:39.312844,2025-03-31 10:26:40.359980,301.047136
1802,copulagan,0.5,clustercentroid,auto,-1.0,COMPLETE,2025-03-31 10:26:40.373209,2025-03-31 10:26:55.794313,15.421104
1803,tvae,auto,onesidedselection,0.0625,-1.0,COMPLETE,2025-03-31 10:26:55.817501,2025-03-31 10:26:57.879769,2.062268
1804,gaussiancopula,0.5,onesidedselection,0.0625,-1.0,COMPLETE,2025-03-31 10:26:57.902195,2025-03-31 10:27:23.188503,25.286308
1805,copulagan,0,onesidedselection,auto,-1.0,COMPLETE,2025-03-31 10:27:23.213241,2025-03-31 10:27:38.491258,15.278017
1806,gaussiancopula,0.25,onesidedselection,auto,-1.0,COMPLETE,2025-03-31 10:27:38.514784,2025-03-31 10:27:38.730015,0.215231
1807,gaussiancopula,1,tomeklinks,0,0.5868933096727997,COMPLETE,2025-03-31 10:27:38.743471,2025-03-31 10:33:55.184571,376.4411
1808,copulagan,0.5,condensednn,0.0625,-1.0,COMPLETE,2025-03-31 10:33:55.197766,2025-03-31 10:34:10.510559,15.312793
1809,fastml,0,random,auto,-1.0,COMPLETE,2025-03-31 10:34:10.533754,2025-03-31 10:34:11.096249,0.562495
1810,random,2,instancehardness,0.25,-1.0,COMPLETE,2025-03-31 10:34:11.120146,2025-03-31 10:34:12.684692,1.564546
1811,gaussiancopula,0,nearmiss,0.25,-1.0,COMPLETE,2025-03-31 10:34:12.708603,2025-03-31 10:34:12.873826,0.165223
1812,random,auto,onesidedselection,0,0.6114929154640838,COMPLETE,2025-03-31 10:34:12.897023,2025-03-31 10:39:13.855334,300.958311
1813,copulagan,0.5,random,0.0625,-1.0,COMPLETE,2025-03-31 10:39:13.878608,2025-03-31 10:39:28.756243,14.877635
1814,copulagan,1,instancehardness,auto,-1.0,COMPLETE,2025-03-31 10:39:28.777287,2025-03-31 10:39:43.687972,14.910685
1815,fastml,0.5,tomeklinks,0,0.6087197265154798,COMPLETE,2025-03-31 10:39:43.711001,2025-03-31 10:45:09.189981,325.47898
1816,smote,1,clustercentroid,0.0625,-1.0,COMPLETE,2025-03-31 10:45:09.212735,2025-03-31 10:45:09.312362,0.099627
1817,ctgan,0.5,instancehardness,0,-1.0,COMPLETE,2025-03-31 10:45:09.335131,2025-03-31 10:45:11.318439,1.983308
1818,copulagan,0.25,random,auto,-1.0,COMPLETE,2025-03-31 10:45:11.331150,2025-03-31 10:45:26.150253,14.819103
1819,gaussiancopula,2,nearmiss,0,0.6230356971959039,COMPLETE,2025-03-31 10:45:26.174812,2025-03-31 10:51:43.375149,377.200337
1820,tvae,auto,nearmiss,0.5,-1.0,COMPLETE,2025-03-31 10:51:43.388290,2025-03-31 10:51:45.363851,1.975561
1821,smote,auto,editednn,0.0625,-1.0,COMPLETE,2025-03-31 10:51:45.385855,2025-03-31 10:51:45.484105,0.09825
1822,tvae,0.25,tomeklinks,0.125,-1.0,COMPLETE,2025-03-31 10:51:45.506429,2025-03-31 10:51:47.484154,1.977725
1823,random,auto,condensednn,0.25,-1.0,COMPLETE,2025-03-31 10:51:47.507569,2025-03-31 10:51:48.247954,0.740385
1824,smote,2,tomeklinks,0.25,-1.0,COMPLETE,2025-03-31 10:51:48.260750,2025-03-31 10:51:48.358722,0.097972
1825,smote,0.25,random,0,0.5609482745439811,COMPLETE,2025-03-31 10:51:48.381909,2025-03-31 10:56:49.238249,300.85634
1826,copulagan,0.25,editednn,0.5,-1.0,COMPLETE,2025-03-31 10:56:49.261121,2025-03-31 10:57:04.024117,14.762996
1827,random,auto,clustercentroid,auto,-1.0,COMPLETE,2025-03-31 10:57:04.046626,2025-03-31 10:57:05.019227,0.972601
1828,adasyn,0.5,tomeklinks,0.0625,-1.0,COMPLETE,2025-03-31 10:57:05.042437,2025-03-31 10:57:05.145568,0.103131
1829,tvae,0,nearmiss,0,-1.0,ERROR,,,0.0
1830,fastml,0.25,random,0.0625,0.6043647997136369,COMPLETE,2025-03-31 10:57:07.172130,2025-03-31 11:02:08.289971,301.117841
1831,random,1,nearmiss,0.0625,-1.0,COMPLETE,2025-03-31 11:02:08.306393,2025-03-31 11:02:08.471739,0.165346
1832,random,1,condensednn,0,0.5712160363323154,COMPLETE,2025-03-31 11:02:08.494396,2025-03-31 11:07:09.395669,300.901273
1833,gaussiancopula,2,nearmiss,0.125,0.6007049296804573,COMPLETE,2025-03-31 11:07:09.418798,2025-03-31 11:13:26.385888,376.96709
1834,random,2,onesidedselection,0.25,-1.0,COMPLETE,2025-03-31 11:13:26.404024,2025-03-31 11:13:26.612470,0.208446
1835,adasyn,1,editednn,0.25,-1.0,COMPLETE,2025-03-31 11:13:26.627685,2025-03-31 11:13:26.746344,0.118659
1836,smote,1,onesidedselection,0,-1.0,COMPLETE,2025-03-31 11:13:26.760649,2025-03-31 11:13:26.875271,0.114622
1837,copulagan,2,tomeklinks,0.125,-1.0,COMPLETE,2025-03-31 11:13:26.890362,2025-03-31 11:13:41.757265,14.866903
1838,adasyn,2,editednn,0.5,-1.0,COMPLETE,2025-03-31 11:13:41.780163,2025-03-31 11:13:41.884421,0.104258
1839,smote,1,editednn,0.125,-1.0,COMPLETE,2025-03-31 11:13:41.906489,2025-03-31 11:13:42.005595,0.099106
1840,gaussiancopula,1,instancehardness,0.0625,-1.0,COMPLETE,2025-03-31 11:13:42.027839,2025-03-31 11:14:58.610015,76.582176
1841,gaussiancopula,auto,instancehardness,0.125,-1.0,COMPLETE,2025-03-31 11:14:58.634519,2025-03-31 11:16:16.592793,77.958274
1842,adasyn,0.5,nearmiss,auto,-1.0,COMPLETE,2025-03-31 11:16:16.616422,2025-03-31 11:16:16.779163,0.162741
1843,ctgan,0,instancehardness,0.125,-1.0,COMPLETE,2025-03-31 11:16:16.801953,2025-03-31 11:16:18.791858,1.989905
1844,adasyn,0.5,tomeklinks,0,-1.0,COMPLETE,2025-03-31 11:16:18.805484,2025-03-31 11:16:18.908035,0.102551
1845,copulagan,0,condensednn,0.25,-1.0,COMPLETE,2025-03-31 11:16:18.930166,2025-03-31 11:16:33.706249,14.776083
1846,gaussiancopula,2,editednn,0.25,-1.0,COMPLETE,2025-03-31 11:16:33.719091,2025-03-31 11:17:50.523379,76.804288
1847,ctgan,0.5,nearmiss,0.125,-1.0,COMPLETE,2025-03-31 11:17:50.545889,2025-03-31 11:17:52.609186,2.063297
1848,fastml,1,editednn,0.25,-1.0,COMPLETE,2025-03-31 11:17:52.631126,2025-03-31 11:19:06.986271,74.355145
1849,adasyn,0,onesidedselection,0.125,-1.0,COMPLETE,2025-03-31 11:19:06.999854,2025-03-31 11:19:07.141950,0.142096
1850,gaussiancopula,0.5,instancehardness,0.0625,-1.0,COMPLETE,2025-03-31 11:19:07.164191,2025-03-31 11:19:33.555934,26.391743
1851,smote,0.5,onesidedselection,0.0625,-1.0,COMPLETE,2025-03-31 11:19:33.579512,2025-03-31 11:19:33.680509,0.100997
1852,adasyn,0.25,random,auto,-1.0,COMPLETE,2025-03-31 11:19:33.702979,2025-03-31 11:19:34.128555,0.425576
1853,copulagan,0.5,nearmiss,0.5,-1.0,COMPLETE,2025-03-31 11:19:34.152739,2025-03-31 11:19:49.682166,15.529427
1854,adasyn,0.5,onesidedselection,0.5,-1.0,COMPLETE,2025-03-31 11:19:49.695661,2025-03-31 11:19:49.802819,0.107158
1855,copulagan,1,instancehardness,0.125,-1.0,COMPLETE,2025-03-31 11:19:49.825410,2025-03-31 11:20:05.460843,15.635433
1856,random,0,nearmiss,0.5,-1.0,COMPLETE,2025-03-31 11:20:05.483394,2025-03-31 11:20:05.583603,0.100209
1857,fastml,auto,editednn,0,0.598686639078316,COMPLETE,2025-03-31 11:20:05.606497,2025-03-31 11:26:19.563919,373.957422
1858,copulagan,2,instancehardness,0.0625,-1.0,COMPLETE,2025-03-31 11:26:19.587440,2025-03-31 11:26:34.276251,14.688811
1859,adasyn,0,nearmiss,auto,-1.0,COMPLETE,2025-03-31 11:26:34.298957,2025-03-31 11:26:34.398046,0.099089
1860,adasyn,0,instancehardness,0.0625,-1.0,COMPLETE,2025-03-31 11:26:34.420460,2025-03-31 11:26:35.537736,1.117276
1861,copulagan,0.25,nearmiss,0.25,-1.0,COMPLETE,2025-03-31 11:26:35.563186,2025-03-31 11:26:50.515886,14.9527
1862,gaussiancopula,auto,clustercentroid,0.5,-1.0,COMPLETE,2025-03-31 11:26:50.539500,2025-03-31 11:28:06.817278,76.277778
1863,ctgan,1,condensednn,auto,-1.0,COMPLETE,2025-03-31 11:28:06.840333,2025-03-31 11:28:08.824261,1.983928
1864,copulagan,0,random,0.125,-1.0,COMPLETE,2025-03-31 11:28:08.846778,2025-03-31 11:28:23.404713,14.557935
1865,smote,auto,clustercentroid,0.125,-1.0,COMPLETE,2025-03-31 11:28:23.427810,2025-03-31 11:28:23.527861,0.100051
1866,smote,1,editednn,0.25,-1.0,COMPLETE,2025-03-31 11:28:23.550506,2025-03-31 11:28:23.649621,0.099115
1867,gaussiancopula,0.5,random,0,0.6045195261079421,COMPLETE,2025-03-31 11:28:23.662824,2025-03-31 11:33:49.362100,325.699276
1868,fastml,2,editednn,0.125,-1.0,COMPLETE,2025-03-31 11:33:49.385289,2025-03-31 11:35:06.453787,77.068498
1869,gaussiancopula,auto,clustercentroid,0.25,-1.0,COMPLETE,2025-03-31 11:35:06.481801,2025-03-31 11:36:26.431264,79.949463
1870,tvae,1,random,0.5,-1.0,COMPLETE,2025-03-31 11:36:26.444251,2025-03-31 11:36:28.516487,2.072236
1871,gaussiancopula,0.5,clustercentroid,0.5,-1.0,COMPLETE,2025-03-31 11:36:28.540042,2025-03-31 11:36:54.548702,26.00866
1872,ctgan,0,condensednn,0.125,-1.0,COMPLETE,2025-03-31 11:36:54.561478,2025-03-31 11:36:56.531338,1.96986
1873,copulagan,1,nearmiss,0.0625,-1.0,COMPLETE,2025-03-31 11:36:56.544253,2025-03-31 11:37:11.290820,14.746567
1874,gaussiancopula,0.5,editednn,0.5,0.5570656733447432,COMPLETE,2025-03-31 11:37:11.304359,2025-03-31 11:42:32.105754,320.801395
1875,tvae,auto,editednn,auto,-1.0,COMPLETE,2025-03-31 11:42:32.130425,2025-03-31 11:42:34.127501,1.997076
1876,random,0,clustercentroid,0.25,-1.0,COMPLETE,2025-03-31 11:42:34.150765,2025-03-31 11:42:35.455431,1.304666
1877,smote,auto,tomeklinks,0.125,-1.0,COMPLETE,2025-03-31 11:42:35.479949,2025-03-31 11:42:35.587399,0.10745
1878,fastml,1,tomeklinks,0.125,-1.0,COMPLETE,2025-03-31 11:42:35.610386,2025-03-31 11:43:48.758286,73.1479
1879,tvae,0,tomeklinks,0.0625,-1.0,COMPLETE,2025-03-31 11:43:48.785316,2025-03-31 11:43:50.777443,1.992127
1880,copulagan,2,clustercentroid,0.25,-1.0,COMPLETE,2025-03-31 11:43:50.800849,2025-03-31 11:44:05.552704,14.751855
1881,tvae,0.25,instancehardness,0,-1.0,COMPLETE,2025-03-31 11:44:05.576176,2025-03-31 11:44:07.539239,1.963063
1882,adasyn,auto,random,0.5,-1.0,COMPLETE,2025-03-31 11:44:07.561922,2025-03-31 11:44:07.668680,0.106758
1883,adasyn,0.5,clustercentroid,0.0625,-1.0,COMPLETE,2025-03-31 11:44:07.691880,2025-03-31 11:44:07.800677,0.108797
1884,adasyn,auto,onesidedselection,0,-1.0,COMPLETE,2025-03-31 11:44:07.822811,2025-03-31 11:44:07.926783,0.103972
1885,ctgan,0.5,clustercentroid,0.25,-1.0,COMPLETE,2025-03-31 11:44:07.948449,2025-03-31 11:44:09.906940,1.958491
1886,adasyn,0.5,condensednn,0.125,-1.0,COMPLETE,2025-03-31 11:44:09.919571,2025-03-31 11:44:10.027688,0.108117
1887,copulagan,0,condensednn,0,-1.0,ERROR,,,0.0
1888,adasyn,1,condensednn,0.25,-1.0,COMPLETE,2025-03-31 11:44:25.458600,2025-03-31 11:44:25.561998,0.103398
1889,fastml,0.5,clustercentroid,0.5,-1.0,COMPLETE,2025-03-31 11:44:25.584148,2025-03-31 11:44:50.613512,25.029364
1890,copulagan,1,instancehardness,0.25,-1.0,COMPLETE,2025-03-31 11:44:50.626164,2025-03-31 11:45:05.738898,15.112734
1891,tvae,0,editednn,0.125,-1.0,COMPLETE,2025-03-31 11:45:05.761837,2025-03-31 11:45:07.912862,2.151025
1892,smote,2,random,0.25,-1.0,COMPLETE,2025-03-31 11:45:07.926471,2025-03-31 11:45:08.027943,0.101472
1893,fastml,auto,nearmiss,0.125,0.5743411753054408,COMPLETE,2025-03-31 11:45:08.050388,2025-03-31 11:50:49.612167,341.561779
1894,smote,0,clustercentroid,0.25,-1.0,COMPLETE,2025-03-31 11:50:49.635536,2025-03-31 11:50:50.965788,1.330252
1895,copulagan,0.25,onesidedselection,0,-1.0,COMPLETE,2025-03-31 11:50:50.983864,2025-03-31 11:51:05.928418,14.944554
1896,smote,auto,onesidedselection,0,-1.0,COMPLETE,2025-03-31 11:51:05.950372,2025-03-31 11:51:06.050478,0.100106
1897,ctgan,0.25,random,0.25,-1.0,COMPLETE,2025-03-31 11:51:06.072682,2025-03-31 11:51:08.131989,2.059307
1898,ctgan,0,onesidedselection,auto,-1.0,COMPLETE,2025-03-31 11:51:08.154224,2025-03-31 11:51:10.126312,1.972088
1899,gaussiancopula,0.5,onesidedselection,0.125,-1.0,COMPLETE,2025-03-31 11:51:10.148598,2025-03-31 11:51:34.813891,24.665293
1900,smote,0,nearmiss,0.0625,-1.0,COMPLETE,2025-03-31 11:51:34.839412,2025-03-31 11:51:34.941878,0.102466
1901,smote,0.25,editednn,auto,0.4908200734394125,COMPLETE,2025-03-31 11:51:34.963971,2025-03-31 11:56:27.914823,292.950852
1902,adasyn,0.5,onesidedselection,0.0625,-1.0,COMPLETE,2025-03-31 11:56:27.928734,2025-03-31 11:56:28.040788,0.112054
1903,copulagan,0.25,condensednn,0.0625,-1.0,COMPLETE,2025-03-31 11:56:28.063662,2025-03-31 11:56:42.830380,14.766718
1904,random,auto,instancehardness,auto,-1.0,COMPLETE,2025-03-31 11:56:42.844305,2025-03-31 11:56:44.570932,1.726627
1905,gaussiancopula,1,instancehardness,0.25,-1.0,COMPLETE,2025-03-31 11:56:44.595520,2025-03-31 11:58:00.623216,76.027696
1906,adasyn,1,editednn,auto,-1.0,COMPLETE,2025-03-31 11:58:00.636989,2025-03-31 11:58:00.814204,0.177215
1907,tvae,2,condensednn,0,-1.0,COMPLETE,2025-03-31 11:58:00.837998,2025-03-31 11:58:02.827493,1.989495
1908,smote,0.25,random,0.0625,0.5758783851807107,COMPLETE,2025-03-31 11:58:02.840829,2025-03-31 12:03:03.715526,300.874697
1909,fastml,0.25,condensednn,0.25,-1.0,COMPLETE,2025-03-31 12:03:03.738882,2025-03-31 12:03:04.449917,0.711035
1910,copulagan,auto,tomeklinks,0.125,-1.0,COMPLETE,2025-03-31 12:03:04.463375,2025-03-31 12:03:19.076972,14.613597
1911,gaussiancopula,0,instancehardness,0.125,-1.0,COMPLETE,2025-03-31 12:03:19.089667,2025-03-31 12:03:20.248708,1.159041
1912,fastml,1,condensednn,0,0.5870040107163804,COMPLETE,2025-03-31 12:03:20.272897,2025-03-31 12:09:34.837362,374.564465
1913,fastml,2,editednn,0,0.6131008652279214,COMPLETE,2025-03-31 12:09:34.860606,2025-03-31 12:15:49.603433,374.742827
1914,adasyn,0,instancehardness,0,-1.0,ERROR,,,0.0
1915,copulagan,2,onesidedselection,0.125,-1.0,COMPLETE,2025-03-31 12:20:50.501970,2025-03-31 12:21:05.448255,14.946285
1916,ctgan,auto,clustercentroid,auto,-1.0,COMPLETE,2025-03-31 12:21:05.472927,2025-03-31 12:21:07.603989,2.131062
1917,ctgan,1,clustercentroid,auto,-1.0,COMPLETE,2025-03-31 12:21:07.616996,2025-03-31 12:21:09.597137,1.980141
1918,smote,0.25,random,0.25,0.6070401399521722,COMPLETE,2025-03-31 12:21:09.620112,2025-03-31 12:26:11.354630,301.734518
1919,smote,0,nearmiss,0.125,-1.0,COMPLETE,2025-03-31 12:26:11.367709,2025-03-31 12:26:11.468006,0.100297
1920,adasyn,1,clustercentroid,0,-1.0,COMPLETE,2025-03-31 12:26:11.490893,2025-03-31 12:26:11.598501,0.107608
1921,random,0.5,onesidedselection,auto,-1.0,COMPLETE,2025-03-31 12:26:11.620976,2025-03-31 12:26:11.821758,0.200782
1922,tvae,0.5,tomeklinks,0.125,-1.0,COMPLETE,2025-03-31 12:26:11.847049,2025-03-31 12:26:14.009471,2.162422
1923,adasyn,0.25,tomeklinks,0.5,0.5846166040487628,COMPLETE,2025-03-31 12:26:14.023903,2025-03-31 12:31:15.023398,300.999495
1924,copulagan,1,nearmiss,0.5,-1.0,COMPLETE,2025-03-31 12:31:15.045550,2025-03-31 12:31:29.875775,14.830225
1925,adasyn,2,instancehardness,0.0625,-1.0,COMPLETE,2025-03-31 12:31:29.898066,2025-03-31 12:31:30.001804,0.103738
1926,random,2,onesidedselection,0.0625,-1.0,COMPLETE,2025-03-31 12:31:30.023746,2025-03-31 12:31:30.207848,0.184102
1927,ctgan,0.25,tomeklinks,0.25,-1.0,COMPLETE,2025-03-31 12:31:30.230016,2025-03-31 12:31:32.208617,1.978601
1928,fastml,1,onesidedselection,0.25,-1.0,COMPLETE,2025-03-31 12:31:32.221285,2025-03-31 12:32:48.298905,76.07762
1929,copulagan,2,condensednn,0,-1.0,COMPLETE,2025-03-31 12:32:48.321184,2025-03-31 12:33:03.195818,14.874634
1930,fastml,0,onesidedselection,0,-1.0,ERROR,,,0.0
1931,fastml,0.5,instancehardness,0.25,-1.0,COMPLETE,2025-03-31 12:38:04.109562,2025-03-31 12:38:29.572944,25.463382
1932,fastml,0,random,0,-1.0,ERROR,,,0.0
1933,ctgan,0,random,0.5,-1.0,COMPLETE,2025-03-31 12:43:30.632911,2025-03-31 12:43:32.629800,1.996889
1934,copulagan,0.5,onesidedselection,0.5,-1.0,COMPLETE,2025-03-31 12:43:32.653196,2025-03-31 12:43:47.529844,14.876648
1935,gaussiancopula,0,tomeklinks,0.25,0.5846166040487628,COMPLETE,2025-03-31 12:43:47.552730,2025-03-31 12:48:48.677266,301.124536
1936,adasyn,0.5,random,0.5,-1.0,COMPLETE,2025-03-31 12:48:48.690402,2025-03-31 12:48:48.798581,0.108179
1937,fastml,1,onesidedselection,auto,-1.0,COMPLETE,2025-03-31 12:48:48.821578,2025-03-31 12:50:02.474982,73.653404
1938,random,1,tomeklinks,0.0625,0.5951287204517179,COMPLETE,2025-03-31 12:50:02.497863,2025-03-31 12:55:03.627665,301.129802
1939,tvae,1,condensednn,0,-1.0,COMPLETE,2025-03-31 12:55:03.650712,2025-03-31 12:55:05.646429,1.995717
1940,copulagan,2,condensednn,0.25,-1.0,COMPLETE,2025-03-31 12:55:05.668786,2025-03-31 12:55:21.079636,15.41085
1941,smote,auto,nearmiss,0,-1.0,COMPLETE,2025-03-31 12:55:21.103010,2025-03-31 12:55:21.203520,0.10051
1942,tvae,0.25,random,auto,-1.0,COMPLETE,2025-03-31 12:55:21.226036,2025-03-31 12:55:23.193510,1.967474
1943,ctgan,2,clustercentroid,0.25,-1.0,COMPLETE,2025-03-31 12:55:23.215684,2025-03-31 12:55:25.183369,1.967685
1944,gaussiancopula,0.5,editednn,auto,0.5570656733447432,COMPLETE,2025-03-31 12:55:25.207088,2025-03-31 13:00:47.220502,322.013414
1945,smote,0,nearmiss,0,-1.0,ERROR,,,0.0
1946,tvae,0.25,clustercentroid,0.25,-1.0,COMPLETE,2025-03-31 13:05:48.181383,2025-03-31 13:05:50.151525,1.970142
1947,copulagan,0.5,instancehardness,0.5,-1.0,COMPLETE,2025-03-31 13:05:50.173889,2025-03-31 13:06:05.520506,15.346617
1948,gaussiancopula,2,nearmiss,0.5,0.5595348837209303,COMPLETE,2025-03-31 13:06:05.533360,2025-03-31 13:11:26.260009,320.726649
1949,smote,auto,instancehardness,0.125,-1.0,COMPLETE,2025-03-31 13:11:26.282519,2025-03-31 13:11:26.383146,0.100627
1950,copulagan,1,nearmiss,0,-1.0,COMPLETE,2025-03-31 13:11:26.405372,2025-03-31 13:11:41.221707,14.816335
1951,fastml,0.5,random,0.125,-1.0,COMPLETE,2025-03-31 13:11:41.244817,2025-03-31 13:12:05.439005,24.194188
1952,tvae,0.25,editednn,0.0625,-1.0,COMPLETE,2025-03-31 13:12:05.461010,2025-03-31 13:12:07.471531,2.010521
1953,tvae,0.25,onesidedselection,0.0625,-1.0,COMPLETE,2025-03-31 13:12:07.495566,2025-03-31 13:12:09.504796,2.00923
1954,tvae,auto,clustercentroid,0,-1.0,COMPLETE,2025-03-31 13:12:09.527575,2025-03-31 13:12:11.530204,2.002629
1955,fastml,1,random,0.5,-1.0,COMPLETE,2025-03-31 13:12:11.552357,2025-03-31 13:13:23.823136,72.270779
1956,adasyn,auto,random,0.125,-1.0,COMPLETE,2025-03-31 13:13:23.845381,2025-03-31 13:13:23.950620,0.105239
1957,adasyn,1,instancehardness,0,-1.0,COMPLETE,2025-03-31 13:13:23.973714,2025-03-31 13:13:24.080224,0.10651
1958,adasyn,0.25,instancehardness,0.0625,-1.0,COMPLETE,2025-03-31 13:13:24.102100,2025-03-31 13:13:25.560202,1.458102
1959,ctgan,auto,nearmiss,0.0625,-1.0,COMPLETE,2025-03-31 13:13:25.584444,2025-03-31 13:13:27.647511,2.063067
1960,copulagan,0,instancehardness,auto,-1.0,COMPLETE,2025-03-31 13:13:27.671287,2025-03-31 13:13:42.476097,14.80481
1961,tvae,auto,nearmiss,auto,-1.0,COMPLETE,2025-03-31 13:13:42.500513,2025-03-31 13:13:44.467670,1.967157
1962,fastml,0.25,instancehardness,0.0625,-1.0,COMPLETE,2025-03-31 13:13:44.489747,2025-03-31 13:13:45.576064,1.086317
1963,smote,1,clustercentroid,auto,-1.0,COMPLETE,2025-03-31 13:13:45.599926,2025-03-31 13:13:45.702730,0.102804
1964,adasyn,0.5,editednn,0.5,-1.0,COMPLETE,2025-03-31 13:13:45.724940,2025-03-31 13:13:45.908468,0.183528
1965,smote,0.25,nearmiss,0,0.5609482745439811,COMPLETE,2025-03-31 13:13:45.930981,2025-03-31 13:18:46.828077,300.897096
1966,fastml,auto,nearmiss,0.5,0.5367698372281635,COMPLETE,2025-03-31 13:18:46.851008,2025-03-31 13:25:02.065447,375.214439
1967,ctgan,2,onesidedselection,0.5,-1.0,COMPLETE,2025-03-31 13:25:02.078574,2025-03-31 13:25:04.153241,2.074667
1968,copulagan,0.5,onesidedselection,auto,-1.0,COMPLETE,2025-03-31 13:25:04.176285,2025-03-31 13:25:19.546662,15.370377
1969,fastml,0.5,nearmiss,0.125,-1.0,COMPLETE,2025-03-31 13:25:19.569619,2025-03-31 13:25:44.247400,24.677781
1970,adasyn,0,random,auto,-1.0,COMPLETE,2025-03-31 13:25:44.270799,2025-03-31 13:25:44.644528,0.373729
1971,random,0.25,clustercentroid,auto,-1.0,COMPLETE,2025-03-31 13:25:44.666885,2025-03-31 13:25:45.624113,0.957228
1972,adasyn,auto,condensednn,0.125,-1.0,COMPLETE,2025-03-31 13:25:45.650246,2025-03-31 13:25:45.762055,0.111809
1973,gaussiancopula,0,condensednn,0.5,-1.0,COMPLETE,2025-03-31 13:25:45.784378,2025-03-31 13:25:46.549117,0.764739
1974,smote,1,nearmiss,0.25,-1.0,COMPLETE,2025-03-31 13:25:46.571896,2025-03-31 13:25:46.673694,0.101798
1975,fastml,2,onesidedselection,0.0625,-1.0,COMPLETE,2025-03-31 13:25:46.696075,2025-03-31 13:27:00.889594,74.193519
1976,fastml,1,nearmiss,0,0.5870040107163804,COMPLETE,2025-03-31 13:27:00.913509,2025-03-31 13:33:15.666748,374.753239
1977,gaussiancopula,2,onesidedselection,0.5,-1.0,COMPLETE,2025-03-31 13:33:15.679829,2025-03-31 13:34:32.377987,76.698158
1978,ctgan,0.25,tomeklinks,auto,-1.0,COMPLETE,2025-03-31 13:34:32.390809,2025-03-31 13:34:34.453399,2.06259
1979,gaussiancopula,auto,random,0.0625,-1.0,COMPLETE,2025-03-31 13:34:34.466080,2025-03-31 13:35:53.209879,78.743799
1980,fastml,2,tomeklinks,0.5,0.593011514590518,COMPLETE,2025-03-31 13:35:53.222971,2025-03-31 13:42:08.042300,374.819329
1981,smote,0,clustercentroid,0.5,-1.0,COMPLETE,2025-03-31 13:42:08.065910,2025-03-31 13:42:09.390661,1.324751
1982,tvae,0,instancehardness,auto,-1.0,COMPLETE,2025-03-31 13:42:09.413295,2025-03-31 13:42:11.406976,1.993681
1983,smote,1,editednn,0.5,-1.0,COMPLETE,2025-03-31 13:42:11.429304,2025-03-31 13:42:11.533252,0.103948
1984,random,0.25,condensednn,0.25,-1.0,COMPLETE,2025-03-31 13:42:11.555573,2025-03-31 13:42:12.254383,0.69881
1985,smote,auto,condensednn,0.5,-1.0,COMPLETE,2025-03-31 13:42:12.277548,2025-03-31 13:42:12.382118,0.10457
1986,ctgan,2,onesidedselection,0,-1.0,COMPLETE,2025-03-31 13:42:12.413973,2025-03-31 13:42:14.412092,1.998119
1987,random,1,tomeklinks,auto,0.602600212589005,COMPLETE,2025-03-31 13:42:14.425136,2025-03-31 13:47:15.454507,301.029371
1988,random,2,tomeklinks,0.125,0.5884842021792926,COMPLETE,2025-03-31 13:47:15.477331,2025-03-31 13:52:16.417064,300.939733
1989,adasyn,0.25,clustercentroid,0,0.5609482745439811,COMPLETE,2025-03-31 13:52:16.439625,2025-03-31 13:57:17.347247,300.907622
1990,ctgan,1,nearmiss,auto,-1.0,COMPLETE,2025-03-31 13:57:17.370020,2025-03-31 13:57:19.376461,2.006441
1991,adasyn,auto,instancehardness,0.125,-1.0,COMPLETE,2025-03-31 13:57:19.390927,2025-03-31 13:57:19.501036,0.110109
1992,fastml,1,instancehardness,0.0625,-1.0,COMPLETE,2025-03-31 13:57:19.523316,2025-03-31 13:58:34.218876,74.69556
1993,smote,0.5,random,auto,-1.0,COMPLETE,2025-03-31 13:58:34.244088,2025-03-31 13:58:34.356676,0.112588
1994,copulagan,0,clustercentroid,0.0625,-1.0,COMPLETE,2025-03-31 13:58:34.382222,2025-03-31 13:58:49.235271,14.853049
1995,copulagan,1,tomeklinks,0.5,-1.0,COMPLETE,2025-03-31 13:58:49.248531,2025-03-31 13:59:03.884430,14.635899
1996,random,0.5,random,0.125,0.5973389022703769,COMPLETE,2025-03-31 13:59:03.906717,2025-03-31 14:04:05.037200,301.130483
1997,ctgan,auto,clustercentroid,0.25,-1.0,COMPLETE,2025-03-31 14:04:05.050881,2025-03-31 14:04:07.104649,2.053768
1998,smote,0.5,editednn,0.125,-1.0,COMPLETE,2025-03-31 14:04:07.127115,2025-03-31 14:04:07.229853,0.102738
1999,smote,0,instancehardness,0,-1.0,ERROR,,,0.0
2000,copulagan,auto,onesidedselection,0.25,-1.0,COMPLETE,2025-03-31 14:09:08.074426,2025-03-31 14:09:23.512274,15.437848
2001,adasyn,0.25,clustercentroid,auto,-1.0,COMPLETE,2025-03-31 14:09:23.534449,2025-03-31 14:09:24.566066,1.031617
2002,random,0.25,onesidedselection,0.25,-1.0,COMPLETE,2025-03-31 14:09:24.588590,2025-03-31 14:09:24.784434,0.195844
2003,tvae,0,condensednn,0.5,-1.0,COMPLETE,2025-03-31 14:09:24.806933,2025-03-31 14:09:26.771486,1.964553
2004,adasyn,1,editednn,0.5,-1.0,COMPLETE,2025-03-31 14:09:26.795485,2025-03-31 14:09:26.908508,0.113023
2005,adasyn,1,random,0,-1.0,COMPLETE,2025-03-31 14:09:26.931792,2025-03-31 14:09:27.043197,0.111405
2006,copulagan,2,tomeklinks,auto,-1.0,COMPLETE,2025-03-31 14:09:27.065895,2025-03-31 14:09:41.673133,14.607238
2007,ctgan,0,tomeklinks,0.0625,-1.0,COMPLETE,2025-03-31 14:09:41.695766,2025-03-31 14:09:43.661320,1.965554
2008,random,auto,nearmiss,0.25,0.5880184676949085,COMPLETE,2025-03-31 14:09:43.683591,2025-03-31 14:14:44.822576,301.138985
2009,random,0.25,onesidedselection,0,0.5609482745439811,COMPLETE,2025-03-31 14:14:44.835419,2025-03-31 14:19:45.740681,300.905262
2010,tvae,2,random,auto,-1.0,COMPLETE,2025-03-31 14:19:45.763522,2025-03-31 14:19:47.737595,1.974073
2011,smote,auto,random,auto,-1.0,COMPLETE,2025-03-31 14:19:47.761173,2025-03-31 14:19:47.867438,0.106265
2012,adasyn,auto,clustercentroid,0.0625,-1.0,COMPLETE,2025-03-31 14:19:47.890102,2025-03-31 14:19:47.998974,0.108872
2013,ctgan,0.25,onesidedselection,0.0625,-1.0,COMPLETE,2025-03-31 14:19:48.021900,2025-03-31 14:19:50.001177,1.979277
2014,ctgan,0.25,tomeklinks,0.125,-1.0,COMPLETE,2025-03-31 14:19:50.024247,2025-03-31 14:19:51.991694,1.967447
2015,random,0.25,clustercentroid,0.125,-1.0,COMPLETE,2025-03-31 14:19:52.014610,2025-03-31 14:19:53.204531,1.189921
2016,ctgan,2,editednn,0.0625,-1.0,COMPLETE,2025-03-31 14:19:53.227827,2025-03-31 14:19:55.193878,1.966051
2017,ctgan,0,nearmiss,0.125,-1.0,COMPLETE,2025-03-31 14:19:55.217733,2025-03-31 14:19:57.259981,2.042248
2018,tvae,0,editednn,0.5,-1.0,COMPLETE,2025-03-31 14:19:57.273072,2025-03-31 14:19:59.334864,2.061792
2019,copulagan,0.25,condensednn,0,-1.0,COMPLETE,2025-03-31 14:19:59.357785,2025-03-31 14:20:15.046784,15.688999
2020,copulagan,0,onesidedselection,0.5,-1.0,COMPLETE,2025-03-31 14:20:15.069299,2025-03-31 14:20:29.851901,14.782602
2021,random,1,random,0.25,0.5862896164315348,COMPLETE,2025-03-31 14:20:29.874010,2025-03-31 14:25:31.030237,301.156227
2022,gaussiancopula,0,clustercentroid,0.0625,-1.0,COMPLETE,2025-03-31 14:25:31.047997,2025-03-31 14:25:32.769084,1.721087
2023,gaussiancopula,1,nearmiss,auto,-1.0,COMPLETE,2025-03-31 14:25:32.785323,2025-03-31 14:26:47.551376,74.766053
2024,tvae,1,nearmiss,0.5,-1.0,COMPLETE,2025-03-31 14:26:47.574018,2025-03-31 14:26:49.539439,1.965421
2025,tvae,0,clustercentroid,0.5,-1.0,COMPLETE,2025-03-31 14:26:49.552388,2025-03-31 14:26:51.539074,1.986686
2026,smote,0,condensednn,0.5,-1.0,COMPLETE,2025-03-31 14:26:51.560339,2025-03-31 14:26:52.236905,0.676566
2027,ctgan,auto,onesidedselection,0.125,-1.0,COMPLETE,2025-03-31 14:26:52.260404,2025-03-31 14:26:54.306047,2.045643
2028,random,0.25,onesidedselection,0.0625,-1.0,COMPLETE,2025-03-31 14:26:54.328112,2025-03-31 14:26:54.517013,0.188901
2029,tvae,0.5,clustercentroid,auto,-1.0,COMPLETE,2025-03-31 14:26:54.539497,2025-03-31 14:26:56.494754,1.955257
2030,adasyn,2,tomeklinks,0,-1.0,COMPLETE,2025-03-31 14:26:56.517581,2025-03-31 14:26:56.629141,0.11156
2031,copulagan,0.25,random,0.125,-1.0,COMPLETE,2025-03-31 14:26:56.651972,2025-03-31 14:27:11.551079,14.899107
2032,gaussiancopula,0.25,condensednn,0.125,-1.0,COMPLETE,2025-03-31 14:27:11.575648,2025-03-31 14:27:12.264781,0.689133
2033,ctgan,0.5,tomeklinks,0.5,-1.0,COMPLETE,2025-03-31 14:27:12.288048,2025-03-31 14:27:14.260683,1.972635
2034,fastml,1,random,0.125,-1.0,COMPLETE,2025-03-31 14:27:14.282982,2025-03-31 14:28:27.009603,72.726621
2035,smote,0.5,onesidedselection,auto,-1.0,COMPLETE,2025-03-31 14:28:27.032189,2025-03-31 14:28:27.143844,0.111655
2036,random,0.25,nearmiss,0.0625,-1.0,COMPLETE,2025-03-31 14:28:27.167124,2025-03-31 14:28:27.319342,0.152218
2037,fastml,0.5,condensednn,0.5,-1.0,COMPLETE,2025-03-31 14:28:27.342094,2025-03-31 14:28:52.419960,25.077866
2038,smote,2,instancehardness,0.5,-1.0,COMPLETE,2025-03-31 14:28:52.443900,2025-03-31 14:28:52.549089,0.105189
2039,adasyn,1,tomeklinks,auto,-1.0,COMPLETE,2025-03-31 14:28:52.571578,2025-03-31 14:28:52.684940,0.113362
2040,tvae,0,nearmiss,auto,-1.0,COMPLETE,2025-03-31 14:28:52.698063,2025-03-31 14:28:54.658319,1.960256
2041,gaussiancopula,0,editednn,auto,0.4908200734394125,COMPLETE,2025-03-31 14:28:54.680806,2025-03-31 14:33:45.616408,290.935602
2042,random,auto,nearmiss,auto,-1.0,COMPLETE,2025-03-31 14:33:45.630377,2025-03-31 14:33:46.175660,0.545283
2043,ctgan,1,random,0.25,-1.0,COMPLETE,2025-03-31 14:33:46.198035,2025-03-31 14:33:48.142850,1.944815
2044,copulagan,auto,editednn,0.125,-1.0,COMPLETE,2025-03-31 14:33:48.165652,2025-03-31 14:34:03.085203,14.919551
2045,tvae,0.5,random,auto,-1.0,COMPLETE,2025-03-31 14:34:03.107929,2025-03-31 14:34:05.145444,2.037515
2046,random,auto,clustercentroid,0.5,-1.0,COMPLETE,2025-03-31 14:34:05.158111,2025-03-31 14:34:06.340854,1.182743
2047,smote,2,editednn,0.5,-1.0,COMPLETE,2025-03-31 14:34:06.363673,2025-03-31 14:34:06.470462,0.106789
2048,gaussiancopula,0.5,nearmiss,0.125,-1.0,COMPLETE,2025-03-31 14:34:06.492804,2025-03-31 14:34:31.216878,24.724074
2049,smote,1,instancehardness,0.25,-1.0,COMPLETE,2025-03-31 14:34:31.240940,2025-03-31 14:34:31.349685,0.108745
2050,gaussiancopula,0,nearmiss,0.5,-1.0,COMPLETE,2025-03-31 14:34:31.372088,2025-03-31 14:34:31.544348,0.17226
2051,fastml,1,clustercentroid,0.125,-1.0,COMPLETE,2025-03-31 14:34:31.566437,2025-03-31 14:35:45.779949,74.213512
2052,copulagan,0.5,condensednn,0.25,-1.0,COMPLETE,2025-03-31 14:35:45.793975,2025-03-31 14:36:01.341740,15.547765
2053,random,0.5,instancehardness,auto,-1.0,COMPLETE,2025-03-31 14:36:01.354081,2025-03-31 14:36:02.946122,1.592041
2054,copulagan,0.25,condensednn,0.125,-1.0,COMPLETE,2025-03-31 14:36:02.975278,2025-03-31 14:36:18.494574,15.519296
2055,ctgan,auto,onesidedselection,auto,-1.0,COMPLETE,2025-03-31 14:36:18.517487,2025-03-31 14:36:20.474838,1.957351
2056,fastml,0.25,editednn,0.25,0.4908200734394125,COMPLETE,2025-03-31 14:36:20.498792,2025-03-31 14:41:13.499200,293.000408
2057,gaussiancopula,auto,condensednn,0.25,-1.0,COMPLETE,2025-03-31 14:41:13.512817,2025-03-31 14:42:32.232455,78.719638
2058,gaussiancopula,0,condensednn,auto,-1.0,COMPLETE,2025-03-31 14:42:32.255082,2025-03-31 14:42:32.890630,0.635548
2059,gaussiancopula,2,condensednn,0.5,-1.0,COMPLETE,2025-03-31 14:42:32.913085,2025-03-31 14:43:48.673927,75.760842
2060,ctgan,auto,random,auto,-1.0,COMPLETE,2025-03-31 14:43:48.696068,2025-03-31 14:43:50.839787,2.143719
2061,smote,0.25,tomeklinks,0.5,0.5846166040487628,COMPLETE,2025-03-31 14:43:50.863805,2025-03-31 14:48:51.879571,301.015766
2062,adasyn,2,random,0.5,-1.0,COMPLETE,2025-03-31 14:48:51.902295,2025-03-31 14:48:52.016273,0.113978
2063,smote,0.25,instancehardness,0.125,-1.0,COMPLETE,2025-03-31 14:48:52.038602,2025-03-31 14:48:53.189018,1.150416
2064,ctgan,2,condensednn,0.25,-1.0,COMPLETE,2025-03-31 14:48:53.203207,2025-03-31 14:48:55.224272,2.021065
2065,fastml,0.25,instancehardness,0,0.5609482745439811,COMPLETE,2025-03-31 14:48:55.237356,2025-03-31 14:53:56.157791,300.920435
2066,fastml,0.5,editednn,0.0625,0.5862187769164514,COMPLETE,2025-03-31 14:53:56.180377,2025-03-31 14:59:22.035608,325.855231
2067,gaussiancopula,1,random,auto,-1.0,COMPLETE,2025-03-31 14:59:22.048962,2025-03-31 15:00:39.488036,77.439074
2068,smote,0.25,onesidedselection,0.0625,-1.0,COMPLETE,2025-03-31 15:00:39.510511,2025-03-31 15:00:39.678518,0.168007
2069,random,2,editednn,auto,-1.0,COMPLETE,2025-03-31 15:00:39.701171,2025-03-31 15:00:40.275115,0.573944
2070,ctgan,0.5,clustercentroid,auto,-1.0,COMPLETE,2025-03-31 15:00:40.298693,2025-03-31 15:00:42.283677,1.984984
2071,random,auto,instancehardness,0.0625,-1.0,COMPLETE,2025-03-31 15:00:42.307183,2025-03-31 15:00:43.841598,1.534415
2072,adasyn,1,random,0.25,-1.0,COMPLETE,2025-03-31 15:00:43.855049,2025-03-31 15:00:44.047358,0.192309
2073,copulagan,2,instancehardness,auto,-1.0,COMPLETE,2025-03-31 15:00:44.070235,2025-03-31 15:00:58.767870,14.697635
2074,smote,0,editednn,0.5,0.4908200734394125,COMPLETE,2025-03-31 15:00:58.790773,2025-03-31 15:05:49.804420,291.013647
2075,copulagan,0,tomeklinks,auto,-1.0,COMPLETE,2025-03-31 15:05:49.818105,2025-03-31 15:06:05.281118,15.463013
2076,tvae,0,condensednn,0,-1.0,ERROR,,,0.0
2077,fastml,1,random,0.0625,-1.0,COMPLETE,2025-03-31 15:06:07.317684,2025-03-31 15:07:23.253474,75.93579
2078,random,0.25,nearmiss,0,0.5609482745439811,COMPLETE,2025-03-31 15:07:23.266481,2025-03-31 15:12:24.124333,300.857852
2079,fastml,0,tomeklinks,0.5,0.5846166040487628,COMPLETE,2025-03-31 15:12:24.147174,2025-03-31 15:17:25.183595,301.036421
2080,random,1,onesidedselection,0.125,-1.0,COMPLETE,2025-03-31 15:17:25.197041,2025-03-31 15:17:25.401430,0.204389
2081,fastml,0,nearmiss,0.0625,-1.0,COMPLETE,2025-03-31 15:17:25.423634,2025-03-31 15:17:25.588363,0.164729
2082,random,0,nearmiss,0.25,-1.0,COMPLETE,2025-03-31 15:17:25.611186,2025-03-31 15:17:25.719171,0.107985
2083,tvae,1,editednn,0.0625,-1.0,COMPLETE,2025-03-31 15:17:25.739397,2025-03-31 15:17:27.812764,2.073367
2084,gaussiancopula,2,condensednn,auto,-1.0,COMPLETE,2025-03-31 15:17:27.836731,2025-03-31 15:18:47.893647,80.056916
2085,adasyn,0.5,clustercentroid,0.5,-1.0,COMPLETE,2025-03-31 15:18:47.916516,2025-03-31 15:18:48.032105,0.115589
2086,ctgan,0.25,condensednn,0.125,-1.0,COMPLETE,2025-03-31 15:18:48.056471,2025-03-31 15:18:50.088677,2.032206
2087,random,0.5,clustercentroid,auto,-1.0,COMPLETE,2025-03-31 15:18:50.114329,2025-03-31 15:18:51.093058,0.978729
2088,copulagan,0.25,instancehardness,0.125,-1.0,COMPLETE,2025-03-31 15:18:51.106289,2025-03-31 15:19:06.858950,15.752661
2089,ctgan,0.5,random,auto,-1.0,COMPLETE,2025-03-31 15:19:06.882149,2025-03-31 15:19:08.864820,1.982671
2090,random,0,nearmiss,0.125,-1.0,COMPLETE,2025-03-31 15:19:08.889881,2025-03-31 15:19:09.007871,0.11799
2091,fastml,auto,condensednn,0.0625,-1.0,COMPLETE,2025-03-31 15:19:09.030989,2025-03-31 15:20:25.942349,76.91136
2092,ctgan,auto,instancehardness,0.125,-1.0,COMPLETE,2025-03-31 15:20:25.960438,2025-03-31 15:20:27.930979,1.970541
2093,ctgan,0,clustercentroid,auto,-1.0,COMPLETE,2025-03-31 15:20:27.953324,2025-03-31 15:20:29.926367,1.973043
2094,adasyn,1,instancehardness,0.125,-1.0,COMPLETE,2025-03-31 15:20:29.949358,2025-03-31 15:20:30.062450,0.113092
2095,gaussiancopula,0.5,instancehardness,0.5,-1.0,COMPLETE,2025-03-31 15:20:30.085810,2025-03-31 15:20:56.609393,26.523583
2096,ctgan,0.5,nearmiss,0.0625,-1.0,COMPLETE,2025-03-31 15:20:56.634491,2025-03-31 15:20:58.766173,2.131682
2097,copulagan,1,tomeklinks,0.125,-1.0,COMPLETE,2025-03-31 15:20:58.790251,2025-03-31 15:21:13.593063,14.802812
2098,ctgan,0.5,tomeklinks,0.125,-1.0,COMPLETE,2025-03-31 15:21:13.615894,2025-03-31 15:21:15.782926,2.167032
2099,adasyn,1,tomeklinks,0,-1.0,COMPLETE,2025-03-31 15:21:15.806605,2025-03-31 15:21:15.994461,0.187856
2100,smote,0.5,condensednn,0.25,-1.0,COMPLETE,2025-03-31 15:21:16.013786,2025-03-31 15:21:16.123295,0.109509
2101,smote,1,tomeklinks,0,-1.0,COMPLETE,2025-03-31 15:21:16.135869,2025-03-31 15:21:16.243931,0.108062
2102,smote,1,condensednn,auto,-1.0,COMPLETE,2025-03-31 15:21:16.266522,2025-03-31 15:21:16.373138,0.106616
2103,copulagan,0.25,clustercentroid,0,-1.0,COMPLETE,2025-03-31 15:21:16.397857,2025-03-31 15:21:32.175704,15.777847
2104,fastml,0.25,onesidedselection,0.125,-1.0,COMPLETE,2025-03-31 15:21:32.199291,2025-03-31 15:21:32.511766,0.312475
2105,adasyn,1,editednn,0,-1.0,COMPLETE,2025-03-31 15:21:32.526801,2025-03-31 15:21:32.642041,0.11524
2106,ctgan,0.5,instancehardness,auto,-1.0,COMPLETE,2025-03-31 15:21:32.664127,2025-03-31 15:21:34.675109,2.010982
2107,fastml,2,condensednn,auto,-1.0,COMPLETE,2025-03-31 15:21:34.698544,2025-03-31 15:22:49.360096,74.661552
2108,tvae,0,random,0.0625,-1.0,COMPLETE,2025-03-31 15:22:49.382659,2025-03-31 15:22:51.354877,1.972218
2109,fastml,1,editednn,0.5,-1.0,COMPLETE,2025-03-31 15:22:51.379858,2025-03-31 15:24:05.832826,74.452968
2110,fastml,0,condensednn,0,-1.0,ERROR,,,0.0
2111,copulagan,auto,random,0.0625,-1.0,COMPLETE,2025-03-31 15:29:06.799219,2025-03-31 15:29:21.887633,15.088414
2112,copulagan,auto,clustercentroid,0,-1.0,COMPLETE,2025-03-31 15:29:21.911182,2025-03-31 15:29:36.655048,14.743866
2113,fastml,0,clustercentroid,0.125,-1.0,COMPLETE,2025-03-31 15:29:36.677915,2025-03-31 15:29:38.055284,1.377369
2114,adasyn,auto,random,auto,-1.0,COMPLETE,2025-03-31 15:29:38.078618,2025-03-31 15:29:38.189798,0.11118
2115,adasyn,2,onesidedselection,0.0625,-1.0,COMPLETE,2025-03-31 15:29:38.212249,2025-03-31 15:29:38.323385,0.111136
2116,fastml,0,tomeklinks,0,-1.0,ERROR,,,0.0
2117,tvae,0,onesidedselection,0.5,-1.0,COMPLETE,2025-03-31 15:34:39.305267,2025-03-31 15:34:41.295955,1.990688
2118,fastml,0,nearmiss,0.125,-1.0,COMPLETE,2025-03-31 15:34:41.318540,2025-03-31 15:34:41.481376,0.162836
2119,tvae,2,editednn,0,-1.0,COMPLETE,2025-03-31 15:34:41.504414,2025-03-31 15:34:43.479175,1.974761
2120,smote,0,instancehardness,0.0625,-1.0,COMPLETE,2025-03-31 15:34:43.502690,2025-03-31 15:34:44.763134,1.260444
2121,copulagan,2,editednn,auto,-1.0,COMPLETE,2025-03-31 15:34:44.787384,2025-03-31 15:34:59.630339,14.842955
2122,smote,1,onesidedselection,0.125,-1.0,COMPLETE,2025-03-31 15:34:59.653777,2025-03-31 15:34:59.766921,0.113144
2123,gaussiancopula,1,nearmiss,0.0625,-1.0,COMPLETE,2025-03-31 15:34:59.789855,2025-03-31 15:36:17.973149,78.183294
2124,random,2,editednn,0.0625,0.5775258600439034,COMPLETE,2025-03-31 15:36:17.997364,2025-03-31 15:41:19.099091,301.101727
2125,copulagan,0.5,instancehardness,0.125,-1.0,COMPLETE,2025-03-31 15:41:19.112327,2025-03-31 15:41:34.780596,15.668269
2126,fastml,0,instancehardness,0.125,-1.0,COMPLETE,2025-03-31 15:41:34.793830,2025-03-31 15:41:35.972464,1.178634
2127,random,auto,onesidedselection,0.0625,-1.0,COMPLETE,2025-03-31 15:41:35.997765,2025-03-31 15:41:36.293599,0.295834
2128,fastml,0,nearmiss,0,-1.0,ERROR,,,0.0
2129,fastml,auto,tomeklinks,auto,0.6162139450851872,COMPLETE,2025-03-31 15:46:37.220730,2025-03-31 15:52:52.593047,375.372317
2130,random,0,clustercentroid,0,-1.0,ERROR,,,0.0
2131,adasyn,0.25,clustercentroid,0.25,-1.0,COMPLETE,2025-03-31 15:57:53.412948,2025-03-31 15:57:54.659252,1.246304
2132,smote,auto,clustercentroid,auto,-1.0,COMPLETE,2025-03-31 15:57:54.682267,2025-03-31 15:57:54.792799,0.110532
2133,smote,2,random,0.125,-1.0,COMPLETE,2025-03-31 15:57:54.815666,2025-03-31 15:57:54.922568,0.106902
2134,fastml,2,random,0.0625,0.5682724252491695,COMPLETE,2025-03-31 15:57:54.944613,2025-03-31 16:04:08.509965,373.565352
2135,adasyn,0.25,tomeklinks,0.125,0.6176398837256507,COMPLETE,2025-03-31 16:04:08.533776,2025-03-31 16:09:09.942144,301.408368
2136,gaussiancopula,0.25,nearmiss,0.5,-1.0,COMPLETE,2025-03-31 16:09:09.964689,2025-03-31 16:09:10.133223,0.168534
2137,fastml,1,random,auto,-1.0,COMPLETE,2025-03-31 16:09:10.155766,2025-03-31 16:10:25.678069,75.522303
2138,random,auto,editednn,0.125,0.5359589897474368,COMPLETE,2025-03-31 16:10:25.701277,2025-03-31 16:15:26.536104,300.834827
2139,fastml,0.25,nearmiss,auto,-1.0,COMPLETE,2025-03-31 16:15:26.558564,2025-03-31 16:15:26.724462,0.165898
2140,smote,0.25,condensednn,auto,-1.0,COMPLETE,2025-03-31 16:15:26.747034,2025-03-31 16:15:27.479450,0.732416
2141,fastml,auto,random,auto,-1.0,COMPLETE,2025-03-31 16:15:27.502078,2025-03-31 16:16:43.995705,76.493627
2142,adasyn,1,tomeklinks,0.5,-1.0,COMPLETE,2025-03-31 16:16:44.020969,2025-03-31 16:16:44.137505,0.116536
2143,tvae,0.25,editednn,auto,-1.0,COMPLETE,2025-03-31 16:16:44.152092,2025-03-31 16:16:46.212105,2.060013
2144,random,0.25,tomeklinks,0.0625,0.6094834130814825,COMPLETE,2025-03-31 16:16:46.235301,2025-03-31 16:21:47.261931,301.02663
2145,smote,auto,instancehardness,0.5,-1.0,COMPLETE,2025-03-31 16:21:47.284779,2025-03-31 16:21:47.391896,0.107117
2146,smote,2,nearmiss,0.5,-1.0,COMPLETE,2025-03-31 16:21:47.414815,2025-03-31 16:21:47.522028,0.107213
2147,copulagan,1,random,0.25,-1.0,COMPLETE,2025-03-31 16:21:47.544097,2025-03-31 16:22:02.278573,14.734476
2148,tvae,0.25,tomeklinks,auto,-1.0,COMPLETE,2025-03-31 16:22:02.301252,2025-03-31 16:22:04.285684,1.984432
2149,copulagan,0.5,random,0.5,-1.0,COMPLETE,2025-03-31 16:22:04.308787,2025-03-31 16:22:19.234874,14.926087
2150,adasyn,0.5,clustercentroid,0.25,-1.0,COMPLETE,2025-03-31 16:22:19.248804,2025-03-31 16:22:19.360672,0.111868
2151,tvae,auto,condensednn,0.25,-1.0,COMPLETE,2025-03-31 16:22:19.383149,2025-03-31 16:22:21.349367,1.966218
2152,smote,2,tomeklinks,0.0625,-1.0,COMPLETE,2025-03-31 16:22:21.362644,2025-03-31 16:22:21.473583,0.110939
2153,fastml,0,onesidedselection,0.125,-1.0,COMPLETE,2025-03-31 16:22:21.486770,2025-03-31 16:22:21.689818,0.203048
2154,gaussiancopula,auto,onesidedselection,0.5,-1.0,COMPLETE,2025-03-31 16:22:21.703096,2025-03-31 16:23:36.740405,75.037309
2155,copulagan,2,clustercentroid,0,-1.0,COMPLETE,2025-03-31 16:23:36.762971,2025-03-31 16:23:51.468545,14.705574
2156,gaussiancopula,0.25,nearmiss,0.125,-1.0,COMPLETE,2025-03-31 16:23:51.491789,2025-03-31 16:23:51.667741,0.175952
2157,copulagan,auto,tomeklinks,0,-1.0,COMPLETE,2025-03-31 16:23:51.681552,2025-03-31 16:24:06.363255,14.681703
2158,gaussiancopula,auto,onesidedselection,0,0.6177521469316116,COMPLETE,2025-03-31 16:24:06.387365,2025-03-31 16:30:25.352042,378.964677
2159,tvae,0,condensednn,0.0625,-1.0,COMPLETE,2025-03-31 16:30:25.366367,2025-03-31 16:30:27.325852,1.959485
2160,tvae,0.5,condensednn,0.25,-1.0,COMPLETE,2025-03-31 16:30:27.350836,2025-03-31 16:30:29.329991,1.979155
2161,fastml,0.5,instancehardness,auto,-1.0,COMPLETE,2025-03-31 16:30:29.343624,2025-03-31 16:30:55.503247,26.159623
2162,ctgan,2,condensednn,auto,-1.0,COMPLETE,2025-03-31 16:30:55.530167,2025-03-31 16:30:57.765256,2.235089
2163,tvae,auto,clustercentroid,0.5,-1.0,COMPLETE,2025-03-31 16:30:57.789208,2025-03-31 16:30:59.801640,2.012432
2164,random,1,editednn,auto,-1.0,COMPLETE,2025-03-31 16:30:59.825065,2025-03-31 16:31:00.559259,0.734194
2165,tvae,0.5,editednn,auto,-1.0,COMPLETE,2025-03-31 16:31:00.582147,2025-03-31 16:31:02.570612,1.988465
2166,smote,auto,editednn,0.25,-1.0,COMPLETE,2025-03-31 16:31:02.593376,2025-03-31 16:31:02.709678,0.116302
2167,adasyn,0.25,condensednn,0.5,-1.0,COMPLETE,2025-03-31 16:31:02.732803,2025-03-31 16:31:03.346770,0.613967
2168,smote,0.25,onesidedselection,0.125,-1.0,COMPLETE,2025-03-31 16:31:03.369296,2025-03-31 16:31:03.653740,0.284444
2169,adasyn,auto,nearmiss,0.5,-1.0,COMPLETE,2025-03-31 16:31:03.667610,2025-03-31 16:31:03.781480,0.11387
2170,copulagan,1,random,auto,-1.0,COMPLETE,2025-03-31 16:31:03.804178,2025-03-31 16:31:18.443268,14.63909
2171,random,2,tomeklinks,auto,0.5991812146803639,COMPLETE,2025-03-31 16:31:18.466927,2025-03-31 16:36:19.487633,301.020706
2172,fastml,auto,tomeklinks,0.25,0.616988460365609,COMPLETE,2025-03-31 16:36:19.510435,2025-03-31 16:42:34.264234,374.753799
2173,gaussiancopula,2,editednn,0.0625,-1.0,COMPLETE,2025-03-31 16:42:34.279256,2025-03-31 16:43:53.871214,79.591958
2174,ctgan,0.5,instancehardness,0.125,-1.0,COMPLETE,2025-03-31 16:43:53.894953,2025-03-31 16:43:55.902826,2.007873
2175,copulagan,auto,condensednn,0.125,-1.0,COMPLETE,2025-03-31 16:43:55.926375,2025-03-31 16:44:11.154950,15.228575
2176,fastml,0.25,random,0,0.5609482745439811,COMPLETE,2025-03-31 16:44:11.177324,2025-03-31 16:49:12.056235,300.878911
2177,tvae,0.25,instancehardness,0.5,-1.0,COMPLETE,2025-03-31 16:49:12.079574,2025-03-31 16:49:14.070280,1.990706
2178,ctgan,0.5,clustercentroid,0,-1.0,COMPLETE,2025-03-31 16:49:14.093134,2025-03-31 16:49:16.080024,1.98689
2179,gaussiancopula,2,instancehardness,auto,-1.0,COMPLETE,2025-03-31 16:49:16.102924,2025-03-31 16:50:34.496776,78.393852
2180,copulagan,1,random,0.125,-1.0,COMPLETE,2025-03-31 16:50:34.510907,2025-03-31 16:50:49.499123,14.988216
2181,adasyn,auto,editednn,0.25,-1.0,COMPLETE,2025-03-31 16:50:49.522195,2025-03-31 16:50:49.713341,0.191146
2182,fastml,0,nearmiss,0.5,-1.0,COMPLETE,2025-03-31 16:50:49.726855,2025-03-31 16:50:49.903434,0.176579
2183,tvae,1,random,0.25,-1.0,COMPLETE,2025-03-31 16:50:49.926164,2025-03-31 16:50:51.913009,1.986845
2184,copulagan,0.5,tomeklinks,0.5,-1.0,COMPLETE,2025-03-31 16:50:51.935778,2025-03-31 16:51:06.867253,14.931475
2185,tvae,0.25,random,0.25,-1.0,COMPLETE,2025-03-31 16:51:06.891224,2025-03-31 16:51:08.917298,2.026074
2186,tvae,2,clustercentroid,auto,-1.0,COMPLETE,2025-03-31 16:51:08.939544,2025-03-31 16:51:11.123504,2.18396
2187,fastml,0.25,editednn,auto,0.4908200734394125,COMPLETE,2025-03-31 16:51:11.146716,2025-03-31 16:56:02.006503,290.859787
2188,ctgan,0.5,onesidedselection,0,-1.0,COMPLETE,2025-03-31 16:56:02.021257,2025-03-31 16:56:04.037369,2.016112
2189,adasyn,0,clustercentroid,0.25,-1.0,COMPLETE,2025-03-31 16:56:04.051048,2025-03-31 16:56:05.312165,1.261117
2190,smote,2,condensednn,auto,-1.0,COMPLETE,2025-03-31 16:56:05.327490,2025-03-31 16:56:05.460286,0.132796
2191,fastml,auto,condensednn,0.25,-1.0,COMPLETE,2025-03-31 16:56:05.476999,2025-03-31 16:57:22.379672,76.902673
2192,tvae,2,tomeklinks,auto,-1.0,COMPLETE,2025-03-31 16:57:22.403048,2025-03-31 16:57:24.393952,1.990904
2193,ctgan,auto,clustercentroid,0,-1.0,COMPLETE,2025-03-31 16:57:24.417293,2025-03-31 16:57:26.403734,1.986441
2194,ctgan,auto,editednn,0.125,-1.0,COMPLETE,2025-03-31 16:57:26.426323,2025-03-31 16:57:28.446067,2.019744
2195,random,1,random,0,0.5712160363323154,COMPLETE,2025-03-31 16:57:28.468614,2025-03-31 17:02:29.368726,300.900112
2196,ctgan,0,clustercentroid,0.5,-1.0,COMPLETE,2025-03-31 17:02:29.392490,2025-03-31 17:02:31.384503,1.992013
2197,tvae,1,clustercentroid,0.5,-1.0,COMPLETE,2025-03-31 17:02:31.409056,2025-03-31 17:02:33.576336,2.16728
2198,gaussiancopula,2,onesidedselection,auto,-1.0,COMPLETE,2025-03-31 17:02:33.600350,2025-03-31 17:03:51.550113,77.949763
2199,tvae,2,random,0.125,-1.0,COMPLETE,2025-03-31 17:03:51.573393,2025-03-31 17:03:53.591152,2.017759
2200,random,2,tomeklinks,0.0625,0.5892810210717262,COMPLETE,2025-03-31 17:03:53.613527,2025-03-31 17:08:54.528133,300.914606
2201,gaussiancopula,2,tomeklinks,auto,0.615886687721313,COMPLETE,2025-03-31 17:08:54.550922,2025-03-31 17:15:14.005806,379.454884
2202,adasyn,0.25,onesidedselection,0.5,-1.0,COMPLETE,2025-03-31 17:15:14.019173,2025-03-31 17:15:14.196754,0.177581
2203,random,2,clustercentroid,auto,-1.0,COMPLETE,2025-03-31 17:15:14.219296,2025-03-31 17:15:15.204467,0.985171
2204,adasyn,0.5,random,0.0625,-1.0,COMPLETE,2025-03-31 17:15:15.227300,2025-03-31 17:15:15.342436,0.115136
2205,tvae,0.25,nearmiss,auto,-1.0,COMPLETE,2025-03-31 17:15:15.364794,2025-03-31 17:15:17.354929,1.990135
2206,ctgan,2,instancehardness,auto,-1.0,COMPLETE,2025-03-31 17:15:17.377629,2025-03-31 17:15:19.362495,1.984866
2207,copulagan,0.5,nearmiss,0.0625,-1.0,COMPLETE,2025-03-31 17:15:19.385879,2025-03-31 17:15:34.298754,14.912875
2208,smote,auto,random,0.0625,-1.0,COMPLETE,2025-03-31 17:15:34.321478,2025-03-31 17:15:34.432745,0.111267
2209,fastml,1,onesidedselection,0.0625,-1.0,COMPLETE,2025-03-31 17:15:34.455860,2025-03-31 17:16:50.352750,75.89689
2210,random,0.25,editednn,0,0.5609482745439811,COMPLETE,2025-03-31 17:16:50.367123,2025-03-31 17:21:51.247301,300.880178
2211,fastml,0.25,instancehardness,0.25,-1.0,COMPLETE,2025-03-31 17:21:51.270490,2025-03-31 17:21:52.887878,1.617388
2212,gaussiancopula,auto,onesidedselection,0.0625,-1.0,COMPLETE,2025-03-31 17:21:52.913230,2025-03-31 17:23:11.504328,78.591098
2213,smote,0.25,nearmiss,0.125,-1.0,COMPLETE,2025-03-31 17:23:11.529528,2025-03-31 17:23:11.680504,0.150976
2214,smote,1,onesidedselection,0.25,-1.0,COMPLETE,2025-03-31 17:23:11.703611,2025-03-31 17:23:11.813417,0.109806
2215,tvae,auto,clustercentroid,0.125,-1.0,COMPLETE,2025-03-31 17:23:11.835763,2025-03-31 17:23:13.809050,1.973287
2216,copulagan,0,nearmiss,0.0625,-1.0,COMPLETE,2025-03-31 17:23:13.832477,2025-03-31 17:23:29.372670,15.540193
2217,fastml,2,condensednn,0.125,-1.0,COMPLETE,2025-03-31 17:23:29.396752,2025-03-31 17:24:41.896795,72.500043
2218,ctgan,0,clustercentroid,0.125,-1.0,COMPLETE,2025-03-31 17:24:41.920028,2025-03-31 17:24:43.898731,1.978703
2219,adasyn,0.25,random,0.0625,0.6064576836584256,COMPLETE,2025-03-31 17:24:43.912106,2025-03-31 17:29:44.798649,300.886543
2220,random,0.25,editednn,auto,0.4908200734394125,COMPLETE,2025-03-31 17:29:44.822790,2025-03-31 17:34:36.234974,291.412184
2221,adasyn,2,nearmiss,0.125,-1.0,COMPLETE,2025-03-31 17:34:36.257763,2025-03-31 17:34:36.380660,0.122897
2222,smote,0,tomeklinks,0.5,0.5846166040487628,COMPLETE,2025-03-31 17:34:36.403984,2025-03-31 17:39:37.393641,300.989657
2223,gaussiancopula,0.25,tomeklinks,0.0625,0.6094834130814825,COMPLETE,2025-03-31 17:39:37.415657,2025-03-31 17:44:38.426910,301.011253
2224,smote,2,random,0.0625,-1.0,COMPLETE,2025-03-31 17:44:38.449654,2025-03-31 17:44:38.558782,0.109128
2225,copulagan,auto,nearmiss,0.5,-1.0,COMPLETE,2025-03-31 17:44:38.580740,2025-03-31 17:44:53.162369,14.581629
2226,smote,0.25,clustercentroid,0.25,-1.0,COMPLETE,2025-03-31 17:44:53.186986,2025-03-31 17:44:54.600710,1.413724
2227,gaussiancopula,0.25,instancehardness,0.0625,-1.0,COMPLETE,2025-03-31 17:44:54.624452,2025-03-31 17:44:56.214247,1.589795
2228,ctgan,auto,nearmiss,0.5,-1.0,COMPLETE,2025-03-31 17:44:56.238591,2025-03-31 17:44:58.339606,2.101015
2229,copulagan,0,instancehardness,0.5,-1.0,COMPLETE,2025-03-31 17:44:58.363700,2025-03-31 17:45:14.135422,15.771722
2230,ctgan,1,clustercentroid,0.5,-1.0,COMPLETE,2025-03-31 17:45:14.159437,2025-03-31 17:45:16.163551,2.004114
2231,random,1,condensednn,0.125,-1.0,COMPLETE,2025-03-31 17:45:16.187062,2025-03-31 17:45:16.885769,0.698707
2232,fastml,1,condensednn,0.5,-1.0,COMPLETE,2025-03-31 17:45:16.909017,2025-03-31 17:46:30.631981,73.722964
2233,adasyn,1,tomeklinks,0.0625,-1.0,COMPLETE,2025-03-31 17:46:30.654540,2025-03-31 17:46:30.772742,0.118202
2234,ctgan,0.5,editednn,0.5,-1.0,COMPLETE,2025-03-31 17:46:30.795529,2025-03-31 17:46:32.923757,2.128228
2235,gaussiancopula,0,editednn,0.125,0.5439276485788114,COMPLETE,2025-03-31 17:46:32.947927,2025-03-31 17:51:33.984218,301.036291
2236,tvae,auto,instancehardness,0.0625,-1.0,COMPLETE,2025-03-31 17:51:33.997429,2025-03-31 17:51:36.085536,2.088107
2237,ctgan,1,instancehardness,auto,-1.0,COMPLETE,2025-03-31 17:51:36.109136,2025-03-31 17:51:38.130792,2.021656
2238,copulagan,0.25,tomeklinks,0.5,-1.0,COMPLETE,2025-03-31 17:51:38.154315,2025-03-31 17:51:52.975357,14.821042
2239,smote,2,onesidedselection,0.0625,-1.0,COMPLETE,2025-03-31 17:51:52.989732,2025-03-31 17:51:53.104421,0.114689
2240,copulagan,0.5,tomeklinks,0,-1.0,COMPLETE,2025-03-31 17:51:53.127078,2025-03-31 17:52:07.956516,14.829438
2241,gaussiancopula,2,clustercentroid,0,0.6253414018271899,COMPLETE,2025-03-31 17:52:07.979644,2025-03-31 17:58:26.728092,378.748448
2242,ctgan,0.5,onesidedselection,0.5,-1.0,COMPLETE,2025-03-31 17:58:26.751335,2025-03-31 17:58:28.902977,2.151642
2243,tvae,0.25,instancehardness,0.25,-1.0,COMPLETE,2025-03-31 17:58:28.928050,2025-03-31 17:58:31.026845,2.098795
2244,copulagan,0.25,clustercentroid,auto,-1.0,COMPLETE,2025-03-31 17:58:31.049585,2025-03-31 17:58:46.565717,15.516132
2245,ctgan,auto,random,0,-1.0,COMPLETE,2025-03-31 17:58:46.589451,2025-03-31 17:58:48.661552,2.072101
2246,smote,0,onesidedselection,0.0625,-1.0,COMPLETE,2025-03-31 17:58:48.678180,2025-03-31 17:58:48.838991,0.160811
2247,tvae,auto,editednn,0,-1.0,COMPLETE,2025-03-31 17:58:48.862142,2025-03-31 17:58:50.989552,2.12741
2248,random,0.25,clustercentroid,0.5,-1.0,COMPLETE,2025-03-31 17:58:51.013422,2025-03-31 17:58:52.089005,1.075583
2249,copulagan,0,nearmiss,0.25,-1.0,COMPLETE,2025-03-31 17:58:52.111967,2025-03-31 17:59:07.611652,15.499685
2250,ctgan,2,random,auto,-1.0,COMPLETE,2025-03-31 17:59:07.624718,2025-03-31 17:59:09.695321,2.070603
2251,random,0,onesidedselection,0.125,-1.0,COMPLETE,2025-03-31 17:59:09.718314,2025-03-31 17:59:09.871988,0.153674
2252,fastml,2,instancehardness,auto,-1.0,COMPLETE,2025-03-31 17:59:09.894409,2025-03-31 18:00:26.785791,76.891382
2253,tvae,0.5,condensednn,auto,-1.0,COMPLETE,2025-03-31 18:00:26.800339,2025-03-31 18:00:28.873935,2.073596
2254,random,auto,instancehardness,0,0.6114929154640838,COMPLETE,2025-03-31 18:00:28.897799,2025-03-31 18:05:29.864245,300.966446
2255,ctgan,0,onesidedselection,0,-1.0,ERROR,,,0.0
2256,adasyn,0,editednn,0.0625,0.5543526686269268,COMPLETE,2025-03-31 18:05:32.050329,2025-03-31 18:10:33.118788,301.068459
2257,copulagan,auto,editednn,0.5,-1.0,COMPLETE,2025-03-31 18:10:33.132326,2025-03-31 18:10:48.069084,14.936758
2258,tvae,0,random,auto,-1.0,COMPLETE,2025-03-31 18:10:48.092931,2025-03-31 18:10:50.097553,2.004622
2259,random,2,onesidedselection,auto,-1.0,COMPLETE,2025-03-31 18:10:50.120508,2025-03-31 18:10:50.323498,0.20299
2260,gaussiancopula,1,tomeklinks,0.125,-1.0,COMPLETE,2025-03-31 18:10:50.346051,2025-03-31 18:12:06.810615,76.464564
2261,tvae,0.25,editednn,0,-1.0,COMPLETE,2025-03-31 18:12:06.834222,2025-03-31 18:12:08.855080,2.020858
2262,smote,0.25,condensednn,0.125,-1.0,COMPLETE,2025-03-31 18:12:08.868566,2025-03-31 18:12:09.520647,0.652081
2263,random,1,instancehardness,0.5,-1.0,COMPLETE,2025-03-31 18:12:09.543812,2025-03-31 18:12:10.910692,1.36688
2264,random,0.25,nearmiss,0.5,-1.0,COMPLETE,2025-03-31 18:12:10.936325,2025-03-31 18:12:11.106053,0.169728
2265,copulagan,2,nearmiss,0.125,-1.0,COMPLETE,2025-03-31 18:12:11.129475,2025-03-31 18:12:26.651647,15.522172
2266,random,0.5,tomeklinks,0.0625,0.6269806445322023,COMPLETE,2025-03-31 18:12:26.674996,2025-03-31 18:17:27.746557,301.071561
2267,adasyn,0.5,random,0,-1.0,COMPLETE,2025-03-31 18:17:27.760247,2025-03-31 18:17:27.878309,0.118062
2268,ctgan,1,tomeklinks,0,-1.0,COMPLETE,2025-03-31 18:17:27.900888,2025-03-31 18:17:29.887516,1.986628
2269,smote,0.25,condensednn,0,0.5609482745439811,COMPLETE,2025-03-31 18:17:29.912474,2025-03-31 18:22:30.829730,300.917256
2270,ctgan,0.25,nearmiss,0,-1.0,COMPLETE,2025-03-31 18:22:30.852984,2025-03-31 18:22:32.849207,1.996223
2271,smote,1,instancehardness,0.0625,-1.0,COMPLETE,2025-03-31 18:22:32.862300,2025-03-31 18:22:32.974069,0.111769
2272,random,auto,onesidedselection,auto,-1.0,COMPLETE,2025-03-31 18:22:32.996673,2025-03-31 18:22:33.216717,0.220044
2273,smote,1,onesidedselection,0.0625,-1.0,COMPLETE,2025-03-31 18:22:33.240113,2025-03-31 18:22:33.355712,0.115599
2274,copulagan,1,onesidedselection,0.5,-1.0,COMPLETE,2025-03-31 18:22:33.378017,2025-03-31 18:22:48.010855,14.632838
2275,fastml,0.25,clustercentroid,0,0.5609482745439811,COMPLETE,2025-03-31 18:22:48.024096,2025-03-31 18:27:48.916882,300.892786
2276,gaussiancopula,auto,nearmiss,0.25,0.6048644331342244,COMPLETE,2025-03-31 18:27:48.940644,2025-03-31 18:34:05.843513,376.902869
2277,ctgan,0.5,clustercentroid,0.125,-1.0,COMPLETE,2025-03-31 18:34:05.866500,2025-03-31 18:34:07.904199,2.037699
2278,smote,0,onesidedselection,auto,-1.0,COMPLETE,2025-03-31 18:34:07.927602,2025-03-31 18:34:08.084958,0.157356
2279,ctgan,2,instancehardness,0.125,-1.0,COMPLETE,2025-03-31 18:34:08.107608,2025-03-31 18:34:10.118042,2.010434
2280,ctgan,1,random,0.125,-1.0,COMPLETE,2025-03-31 18:34:10.132057,2025-03-31 18:34:12.154083,2.022026
2281,tvae,0,nearmiss,0.0625,-1.0,COMPLETE,2025-03-31 18:34:12.168369,2025-03-31 18:34:14.203230,2.034861
2282,smote,0.5,clustercentroid,0.0625,-1.0,COMPLETE,2025-03-31 18:34:14.219048,2025-03-31 18:34:14.344258,0.12521
2283,random,1,random,0.0625,0.6004385306532455,COMPLETE,2025-03-31 18:34:14.358675,2025-03-31 18:39:15.316280,300.957605
2284,adasyn,0.5,onesidedselection,0,-1.0,COMPLETE,2025-03-31 18:39:15.339374,2025-03-31 18:39:15.453787,0.114413
2285,random,1,random,0.5,0.6112296120739314,COMPLETE,2025-03-31 18:39:15.475949,2025-03-31 18:42:55.524322,220.048373
2286,adasyn,0,nearmiss,0.0625,-1.0,COMPLETE,2025-03-31 18:42:55.541393,2025-03-31 18:42:55.655771,0.114378
2287,tvae,1,clustercentroid,0.25,-1.0,COMPLETE,2025-03-31 18:42:55.678358,2025-03-31 18:42:57.725061,2.046703
2288,gaussiancopula,2,nearmiss,0.0625,0.5633285015020693,COMPLETE,2025-03-31 18:42:57.747862,2025-03-31 18:49:14.773494,377.025632
2289,gaussiancopula,1,nearmiss,0,0.5899929527836505,COMPLETE,2025-03-31 18:49:14.787474,2025-03-31 18:55:32.344976,377.557502
2290,fastml,auto,clustercentroid,0.125,-1.0,COMPLETE,2025-03-31 18:55:32.367527,2025-03-31 18:56:48.411555,76.044028
2291,gaussiancopula,2,random,auto,-1.0,COMPLETE,2025-03-31 18:56:48.434785,2025-03-31 18:58:03.663432,75.228647
2292,adasyn,auto,condensednn,0.25,-1.0,COMPLETE,2025-03-31 18:58:03.685814,2025-03-31 18:58:03.800236,0.114422
2293,fastml,0,instancehardness,0.5,-1.0,COMPLETE,2025-03-31 18:58:03.822086,2025-03-31 18:58:05.432210,1.610124
2294,adasyn,0.25,random,0.25,0.6070401399521722,COMPLETE,2025-03-31 18:58:05.460764,2025-03-31 19:03:06.865476,301.404712
2295,fastml,0,clustercentroid,auto,-1.0,COMPLETE,2025-03-31 19:03:06.878852,2025-03-31 19:03:07.912336,1.033484
2296,fastml,0.25,instancehardness,0.125,-1.0,COMPLETE,2025-03-31 19:03:07.935235,2025-03-31 19:03:09.105010,1.169775
2297,fastml,auto,editednn,0.5,0.5277397780817752,COMPLETE,2025-03-31 19:03:09.118792,2025-03-31 19:09:23.864916,374.746124
2298,gaussiancopula,0.25,editednn,0.0625,0.5586881880287423,COMPLETE,2025-03-31 19:09:23.878540,2025-03-31 19:14:24.907019,301.028479
2299,adasyn,0.5,instancehardness,0.5,-1.0,COMPLETE,2025-03-31 19:14:24.920440,2025-03-31 19:14:25.042435,0.121995
2300,fastml,2,condensednn,0.25,-1.0,COMPLETE,2025-03-31 19:14:25.065778,2025-03-31 19:15:39.794620,74.728842
2301,ctgan,1,random,0.0625,-1.0,COMPLETE,2025-03-31 19:15:39.818500,2025-03-31 19:15:41.841203,2.022703
2302,copulagan,0.5,random,0.125,-1.0,COMPLETE,2025-03-31 19:15:41.864222,2025-03-31 19:15:56.959090,15.094868
2303,fastml,2,tomeklinks,0.0625,0.5856258884080255,COMPLETE,2025-03-31 19:15:56.983595,2025-03-31 19:22:14.638244,377.654649
2304,random,1,instancehardness,0,0.5712160363323154,COMPLETE,2025-03-31 19:22:14.661528,2025-03-31 19:27:15.543446,300.881918
